"FONDO","CONCURSO","ANIO","CONTRATO","TITULO","FECHA_INICIO","FECHA_FIN","NOMBRE_SOLICITANTE","DISTRITO","PROVINCIA","DEPARTAMENTO","UBIGEO","MONTO_RNR","MONTO_FINANCIERO","MONTO_NO_FINANCIERO","MONEDA","FECHA_CORTE"
"FOMITEC - PCSD","FORTALECIMIENTO DE INCUBADORAS DE NEGOCIOS Y ENTIDADES AFINES - INCUBADORAS Y ACELERADORAS DE NEGOCIOS",2017,"660-INNOVATEPERU-IAN-2017","FORTALECIMIENTO DE LAS CAPACIDADES DE JAKU - EMPRENDE UNSA\, INCUBADORA DE EMPRESAS QUE IMPULSA EL DESARROLLO DE NEGOCIOS  INNOVADORES SOCIALMENTE RESPONSABLES Y AMBIENTALMENTE SOSTENIBLES DIRIGIDO A EMPRENDEDORES DE LA MACROREGION SUR DEL PAÍS.",20180906,20230805,"UNIVERSIDAD NACIONAL DE SAN AGUSTIN","AREQUIPA","AREQUIPA","AREQUIPA",040101,700000.0000,90378.5700,73621.4300,"SOLES",20250331
"FOMITEC - PCSD","FORTALECIMIENTO DE INCUBADORAS DE NEGOCIOS Y ENTIDADES AFINES - INCUBADORAS Y ACELERADORAS DE NEGOCIOS",2018,"003-INNOVATEPERU-IAN-2018","FORTALECEMIENTO DEL CENTRO DE EMPRENDIMIENTO E INNOVACIÓN DE LA UNIVERSIDAD NACIONAL DE TRUJILLO - INCUBAUNT",20180906,20220306,"UNIVERSIDAD NACIONAL DE TRUJILLO","TRUJILLO","TRUJILLO","LA LIBERTAD",130101,662655.4100,90117.9900,66960.0000,"SOLES",20250331
"FOMITEC - PCSD","CAPITAL SEMILLA PARA EMPRENDEDORES INNOVADORES - BIO",2018,"275-INNOVATEPERU-EINBIO-2018","COOLTIVO: SISTEMA INTEGRADO PARA CULTIVOS EN ZONAS URBANAS",20180926,20190926,"COOLTIVO PERU S.A.C.","SAN MIGUEL","LA MAR","AYACUCHO",050501,54999.9900,7857.1400,15714.3000,"SOLES",20250331
"FOMITEC - PCSD","CAPITAL SEMILLA PARA EMPRENDEDORES INNOVADORES - BIO",2018,"297-INNOVATEPERU-EINBIO-2018","WISKUR FLY: TECNOLOGÍA DE PRECISIÓN PARA CULTIVOS AGRÍCOLAS A TRAVÉS DE DRONES",20181011,20201211,"WISKUR CORP S.A.C.","SAN MARTIN DE PORRES","LIMA","LIMA",150135,54999.3000,8286.5000,15800.0000,"SOLES",20250331
"FOMITEC - PCSD","CAPITAL SEMILLA PARA EMPRENDEDORES INNOVADORES",2018,"396-INNOVATEPERU-EIN-2018","HELLO ZUM",20181206,20201206,"PROJECT ZUM SOCIEDAD ANONIMA CERRADA - PROJECT ZUM S.A.C.","SAN ISIDRO","LIMA","LIMA",150131,55000.0000,7857.0000,15714.0000,"SOLES",20250331
"FOMITEC - PCSD","CAPITAL SEMILLA PARA EMPRENDEDORES INNOVADORES",2018,"418-INNOVATEPERU-EIN-2018","WABU",20181120,20200519,"DAJAV SOLUTIONS S.A.C.","SANTIAGO DE SURCO","LIMA","LIMA",150140,55000.0000,7858.0000,15714.0000,"SOLES",20250331
"FINCYT III","MISIONES TECNOLÓGICAS",2019,"005-INNOVATEPERU-MT-2019-SI","MISIÓN TECNOLÓGICA A LA FERIA AMBIENTE DE ALEMANIA PARA GENERAR PROPUESTAS DE VALOR AL MERCADO INTERNACIONAL",20190206,20190706,"ASOCIACION DE EXPORTADORES","SAN BORJA","LIMA","LIMA",150130,10998.9700,3830.8900,2854.6900,"DOLARES",20250331
"FINCYT III","CONCURSO AYUDA A LA DEMANDA DE SERVICIOS TECNOLÓGICOS - MIPYME PRODUCTIVA - CATEGORÍA 1",2019,"031-INNOVATEPERU-ADT-2019-SI","BUENAS PRÁCTICAS DE MANUFACTURA Y OPTIMIZACIÓN DE LA CADENA DE FRIO  EN LA EMPESA COMIDAS RÁPIDAS SA PARA EL INCREMENTO DE SU COMPETITIVIDAD Y PRODUCTIVIDAD",20190903,20200703,"COMIDAS RAPIDAS S.A.","TACNA","TACNA","TACNA",230101,34800.0000,10000.0000,0.0000,"SOLES",20250331
"FINCYT III","CONCURSO AYUDA A LA DEMANDA DE SERVICIOS TECNOLÓGICOS - MIPYME PRODUCTIVA - CATEGORÍA 1",2019,"037-INNOVATEPERU-ADT-2019-SI","IMPLEMENTACIÓN DE SISTEMA INTEGRADO DE GESTIÓN PARA ESTANDARIZACIÓN Y OPTIMIZACIÓN DE PROCESOS. ",20190801,20200601,"MD LEATHER CORP S.A.C.","TRUJILLO","TRUJILLO","LA LIBERTAD",130101,34800.0000,10000.0000,0.0000,"SOLES",20250331
"FINCYT III","CONCURSO AYUDA A LA DEMANDA DE SERVICIOS TECNOLÓGICOS - MIPYME PRODUCTIVA - CATEGORÍA 1",2019,"039-INNOVATEPERU-ADT-2019-SI","TECNOLOGÍA DEL ADECUADO MANTENIMIENTO DEL ACEITE DE OLIVA SIN QUE VARÍEN SUS VALORES INICIALES",20190403,20200203,"ACAVILLE S.A.C.","MIRAFLORES","LIMA","LIMA",150122,34800.0000,10000.0000,0.0000,"SOLES",20250331
"FINCYT III","CONCURSO AYUDA A LA DEMANDA DE SERVICIOS TECNOLÓGICOS - MIPYME PRODUCTIVA - CATEGORÍA 1",2019,"040-INNOVATEPERU-ADT-2019-SI","IMPLEMENTACIÓN DE HERRAMIENTAS PARA MEJORAR LA PRODUCTIVIDAD DE LA EMPRESA ARTE & TEXTIL S.A.C.",20190903,20200703,"ARTE & TEXTIL SOCIEDAD ANONIMA CERRADA","AREQUIPA","AREQUIPA","AREQUIPA",040101,34800.0000,10000.0000,0.0000,"SOLES",20250331
"FINCYT III","CONCURSO AYUDA A LA DEMANDA DE SERVICIOS TECNOLÓGICOS - MIPYME PRODUCTIVA - CATEGORÍA 1",2019,"041-INNOVATEPERU-ADT-2019-SI","DIAGNÓSTICO E IMPLEMENTACIÓN DE SERVICIOS TÉCNICO PRODUCTIVOS PARA LA EMPRESA OPTIMA GRAFICA E.I.R.L.",20190903,20200703,"OPTIMA GRAFICA E.I.R.L.","YANAHUARA","AREQUIPA","AREQUIPA",040126,34800.0000,10000.0000,0.0000,"SOLES",20250331
"FOMITEC - PCSD","CAPITAL SEMILLA PARA EMPRENDEDORES INNOVADORES",2019,"243-INNOVATEPERU-EIN-2019","ABAXTO",20191004,20210304,"NAVARRO MUÑOZ EMILIO AUGUSTO","SANTIAGO DE SURCO","LIMA","LIMA",150140,35000.0000,5000.0000,10000.0000,"SOLES",20250331
"FINCYT III","PASANTIAS TECNOLÓGICAS",2019,"076-INNOVATEPERU-PT-2019-SI","PASANTÍA AL CENTRO TECNOLÓGICO TECNOVA DE ESPAÑA PARA LA TRANSFERENCIA DE CONOCIMIENTOS DE SISTEMAS DE AGRO INTELIGENCIA QUE UTILIZA SOFTWARE Y SMART AGRO PARA SU APLICACIÓN EN LA PRODUCCIÓN DE MANGOS KENT PARA EXPORTACIÓN.",20191020,20210620,"FRUITS FOR YOU SOCIEDAD ANONIMA CERRADA-FRUITS FOR YOU S.A.C.","PIURA","PIURA","PIURA",200101,13469.6300,3703.4000,3637.5000,"DOLARES",20250331
"FOMITEC - PCSD","CAPITAL SEMILLA PARA EMPRENDEDORES INNOVADORES",2019,"258-INNOVATEPERU-EIN-2019","BAASICO",20191021,20210821,"CIEZA AUBERT NAIARA ELENA","LIMA","LIMA","LIMA",150101,55000.0000,9000.0000,14600.0000,"SOLES",20250331
"FINCYT III","MISIONES TECNOLÓGICAS",2019,"078-INNOVATEPERU-MT-2019-SI","VISITA TÉCNICA A CENTROS TECNOLÓGICOS DE BARCELONA\, VALENCIA\, LERIDA\, NAVARRA Y PARTICIPACIÓN EN LA FERIAN INTERNACIONAL FRUITATTRACTION DE MADRID DONDE SE PROMUEVE LA COMERCIALIZACIÓN\, INNOVACIÓN\, DIVERSIDAD Y CONOCIMIENTO; DEL SECTOR AGROALIMENTARIO.",20191008,20210408,"INCASHU S.A.C.","SANTIAGO DE SURCO","LIMA","LIMA",150140,13439.7300,12882.9300,800.0000,"DOLARES",20250331
"FINCYT III","PASANTIAS TECNOLÓGICAS",2019,"096-INNOVATEPERU-PT-2019-SI","PASANTÍA TECNOLÓGICA A ETIOPÍA PARA ADOPCIÓN DE TÉCNICAS DE BENEFICIO COLECTIVO (COLLECTIVE WASHING STATION) PARA BLENDS Y MICROLOTES DE CAFÉS ESPECIALES.",20191111,20210711,"ORIGIN COFFEE LAB. S.A.C.","JAEN","JAEN","CAJAMARCA",060801,13600.0000,5669.7200,2591.7900,"DOLARES",20250331
"FOMITEC - PCSD","CAPITAL SEMILLA PARA EMPRENDEDORES INNOVADORES - BIO",2019,"418-INNOVATEPERU-EINBIO-2019","TECNOLEZ",20200108,20220707,"LEZAMA YAÑEZ JORGE","","","","",40000.0000,5716.0000,11427.0000,"SOLES",20250331
"FOMITEC - PCSD","CAPITAL SEMILLA PARA EMPRENDIMIENTOS DINAMICOS",2019,"421-INNOVATEPERU-EDI-2019","INZONE PERU SAC",20200114,20210614,"INZONE PERU S.A.C.","SAN ISIDRO","LIMA","LIMA",150131,150000.0000,42857.1400,21428.5700,"SOLES",20250331
"FOMITEC - PCSD","CAPITAL SEMILLA PARA EMPRENDEDORES INNOVADORES - BIO",2019,"432-INNOVATEPERU-EINBIO-2019","LINLI VERDE",20201001,20211001,"CABANA YUNGURI VICTOR ALFREDO","PUEBLO LIBRE","LIMA","LIMA",150121,55000.0000,7857.1440,15714.2900,"SOLES",20250331
"FOMITEC - PCSD","FOMENTO DE CAPITAL DE RIESGO - FASE OPERATIVA",2019,"440-INNOVATEPERU-FCRO-2019","CONVENIO DE ADJUDICACIÓN DE RECURSOS NO REEMBOLSABLES (RNR) QUE OTORGA EL PROGRAMA NACIONAL DE INNOVACIÓN PARA LA COMPETITIVIDAD Y PRODUCTIVIDAD PARA EL PROYECTO DE FONDO DE INVERSIÓN DE CAPITAL DE RIESGO. FASE OPERATIVA: ?SALKANTAY EXPONENTIAL FUND: PROPUESTA DE PARTICIPACIÓN EN EL CONCURSO DE FOMENTO DE CAPITAL DE RIESGO?",20200110,20240110,"SOCIEDAD GESTORA DE FONDOS DE INVERSION SALKANTAY CAPITAL PARTNERS S.A.","MIRAFLORES","LIMA","LIMA",150122,4866623.0200,0.0000,0.0000,"SOLES",20250331
"FOMITEC - PCSD","CAPITAL SEMILLA PARA EMPRENDEDORES INNOVADORES",2019,"445-INNOVATEPERU-EIN-2019","TU CONSULTA LABORAL",20200922,20210922,"TU CONSULTA LABORAL S.A.C.","JESUS MARIA","LIMA","LIMA",150113,55000.0000,38000.0000,15000.0000,"SOLES",20250331
"FINCYT III","PROYECTOS DE INNOVACIÓN EMPRESARIAL",2020,"020-INNOVATEPERU-PIEC1-2020","DESARROLLO DE UN PROTOCOLO DE CULTIVO DE ALEVINES DE TRUCHA ARCO IRIS\, EMPLEANDO TECNOLOGÍAS DE FOTOPERIODO ARTIFICIAL Y DOSIFICACIÓN AUTOMATIZADA DE ALIMENTO BALANCEADO\, EN EL CENTRO DE PRODUCCIÓN DE ALEVINOS DE NUTRIMENTOS JANA",20200609,20220609,"NUTRIMENTOS JANA S.A.C.","AYACUCHO","HUAMANGA","AYACUCHO",050101,143284.7800,23915.2200,21640.0000,"SOLES",20250331
"FINCYT III","PROYECTOS DE VALIDACIÓN DE LA INNOVACIÓN",2020,"115-INNOVATEPERU-PIEC2-2020","BIXAFEM: UN PRODUCTO CON ALTO CONTENIDO DE COMPUESTO FENÓLICOS PARA EL TRATAMIENTO DE LA VAGINITIS Y VAGINOSIS BACTERIANA ELABORADO A PARTIR DE UNA ESPECIE NATIVA DEL PERÚ: ACHIOTE (BIXA ORELLANA L.)",20200902,20220902,"HERSIL S.A. LABORATORIOS INDUSTRIALES FARMACEUTICOS","ATE","LIMA","LIMA",150103,282321.0900,119289.3100,142720.0000,"SOLES",20250331
"FINCYT III","PROYECTOS DE INNOVACIÓN EMPRESARIAL",2020,"201-INNOVATEPERU-PIEC1-2020","DESARROLLO DE UNA PLATAFORMA MÓVIL CON INTERFAZ WEB DE ANÁLISIS DE IMÁGENES 360° Y DATOS PARA LA GESTIÓN DE LA INFRAESTRUCTURA VIAL NACIONAL",20201119,20230118,"HOB CONSULTORES S.A.","SANTIAGO DE SURCO","LIMA","LIMA",150140,215960.0000,162000.0000,161982.0000,"SOLES",20250331
"FINCYT III","INCUBADORAS SOFTLANDING - Acompañamiento",2020,"268-INNOVATEPERU-INS-2020","AKIBA",20210301,20230501,"UNIVERSIDAD PERUANA DE CIENCIAS APLICADAS S.A.C.","SANTIAGO DE SURCO","LIMA","LIMA",150140,5000.0000,0.0000,0.0000,"DOLARES",20250331
"MIPYME Emprendedor","PROGRAMA DE APOYO A CLUSTERS",2020,"326-INNOVATEPERU-PAC-2020","CLÚSTER BANANO DEL PERÚ",20201125,20231125,"CLUSTER BANANO DEL PERU","PIURA","PIURA","PIURA",200101,1350000.0000,417636.3600,210085.8900,"SOLES",20250331
"FINCYT III","CONCURSO AYUDA A LA DEMANDA DE SERVICIOS TECNOLÓGICOS - MIPYME PRODUCTIVA - CATEGORÍA 2",2020,"352-INNOVATEPERU-ADTC2-2020","IMPLEMENTACIÓN Y CERTIFICACIÓN DEL SISTEMA DE GESTIÓN DE SEGURIDAD Y SALUD EN EL TRABAJO",20201111,20221129,"GESCAM PERU SAC","SAN ISIDRO","LIMA","LIMA",150131,55000.0000,0.0000,16666.6700,"SOLES",20250331
"FINCYT III","CONCURSO AYUDA A LA DEMANDA DE SERVICIOS TECNOLÓGICOS - MIPYME PRODUCTIVA - CATEGORÍA 2",2020,"392-INNOVATEPERU-ADTC2-2020","CERTIFICACIÓN DEL SISTEMA HACCP PARA LA LÍNEA DE ELABORACIÓN DE BEBIDAS NO ALCOHÓLICAS A BASE DE FRUTAS\, CEREALES Y OTROS VEGETALES",20201202,20230129,"ZELKOVA S.A.C.","LA VICTORIA","LIMA","LIMA",150115,52620.0000,0.0000,16540.0000,"SOLES",20250331
"FINCYT III","CONCURSO AYUDA A LA DEMANDA DE SERVICIOS TECNOLÓGICOS - MIPYME PRODUCTIVA - CATEGORÍA 2",2020,"444-INNOVATEPERU-ADTC2-2020","IMPLEMENTACIÓN Y CERTIFICACIÓN  DE LAS NORMAS INTERNACIONALES ISO 9001: 2015 SISTEMAS DE GESTIÓN DE LA CALIDAD E ISO 45001:2018 GESTIÓN DE LA SEGURIDAD Y SALUD EN EL TRABAJO EN LA EMPRESA INDUSTRIA GRÁFICA ALGRAF S.A.C.",20201125,20221124,"INDUSTRIA GRAFICA ALGRAF S.A.C","LIMA","LIMA","LIMA",150101,47150.0000,0.0000,14050.0000,"SOLES",20250331
"FINCYT III","MIPYME DIGITAL",2020,"529-INNOVATEPERU-MD-2020","DISEÑO E IMPLEMENTACIÓN DE LOS MÓDULOS DE GESTIÓN DE CONTENIDO Y DE ANÁLISIS DE DATOS\, EN LA PLATAFORMA TUDOC",20201215,20211214,"J Y R SALUD SAC","LIMA","LIMA","LIMA",150101,54560.0000,0.0000,16520.0000,"SOLES",20250331
"FINCYT III","PROYECTOS DE INNOVACIÓN EMPRESARIAL - INNOVAR PARA REACTIVAR",2020,"650-INNOVATEPERU-PIEC1R-2020","DESARROLLO DE UNA PLATAFORMA DE ENTRENAMIENTO VIRTUAL PARA EMPRENDEDORES LATINOAMERICANOS.",20210305,20220305,"TEAM ACADEMY PERU S.A.C.","SANTIAGO DE SURCO","LIMA","LIMA",150140,287900.8000,33305.6400,52100.0000,"SOLES",20250331
"MIPYME Emprendedor","PROGRAMA DE APOYO A CLUSTERS",2021,"001-INNOVATEPERU-PAC-2021","CONSOLIDACIÓN DEL CLÚSTER ENOTURÍSTICO DE ICA",20210214,20240214,"CLUSTER ENOTURISTICO DE ICA","ICA","ICA","ICA",110101,1350000.0000,451600.4800,188934.0000,"SOLES",20250331
"FINCYT III","CONCURSO AYUDA A LA DEMANDA DE SERVICIOS TECNOLÓGICOS - MIPYME PRODUCTIVA - CATEGORÍA 2",2021,"170-INNOVATEPERU-ADTC2-2021","IMPLEMENTACIÓN Y CERTIFICACIÓN DE LA NORMA BRC EN LA EMPRESA ORIGIN PARTNER S.A.C.",20210309,20221008,"ORIGIN  PARTNER  S.A.C.","LURIN","LIMA","LIMA",150119,55000.0000,0.0000,16666.6700,"SOLES",20250331
"FINCYT III","PROYECTOS DE INNOVACIÓN EMPRESARIAL",2021,"178-INNOVATEPERU-PIEC1-2021","ELABORACIÓN DE UNA BEBIDA FUNCIONAL CON ANTIOXIDANTE Y ENERGIZANTE A PARTIR DE LA PULPA DE CAFÉ (COFFEA ARABICA L.)",20210420,20230619,"CENTRAL DE ORGANIZACIONES PRODUCTORAS DE CAFE Y CACAO DEL PERU- CAFE PERU","LIMA","LIMA","LIMA",150101,218600.0000,33570.0000,25200.0000,"SOLES",20250331
"FINCYT III","CONCURSO AYUDA A LA DEMANDA DE SERVICIOS TECNOLÓGICOS - MIPYME PRODUCTIVA - CATEGORÍA 2",2021,"199-INNOVATEPERU-ADTC2-2021","IMPLEMENTACIÓN Y CERTIFICACIÓN DEL SISTEMA DE ANALISIS DE PELIGROS Y PUNTOS CRITICOS DE CONTROL -  HACCP PARA  EL ALMACENAMIENTO\, EXHIBICIÓN Y COMERCIALIZACIÓN DE PRODUCTOS DE PASTELERÍA DE LA EMPRESA LA CEREZA DEL PASTEL S.A.C.",20210623,20220922,"LA CEREZA DEL PASTEL SOCIEDAD ANONIMA CERRADA","CHICLAYO","CHICLAYO","LAMBAYEQUE",140101,55000.0000,0.0000,16666.6700,"SOLES",20250331
"FINCYT III","CONCURSO AYUDA A LA DEMANDA DE SERVICIOS TECNOLÓGICOS - MIPYME PRODUCTIVA - CATEGORÍA 2",2021,"203-INNOVATEPERU-ADTC2-2021","IMPLEMENTACIÓN DEL SISTEMA DE GESTIÓN DE CALIDAD BASADO EN LA NORMA ISO 9001:2015 PARA LA EMPRESA CORPORACIÓN ORIENTE S.A.",20210528,20211228,"CORPORACION ORIENTE S.A.","TARAPOTO","SAN MARTIN","SAN MARTIN",220901,54005.0000,0.0000,16335.0000,"SOLES",20250331
"FINCYT III","CONCURSO AYUDA A LA DEMANDA DE SERVICIOS TECNOLÓGICOS - MIPYME PRODUCTIVA - CATEGORÍA 2",2021,"231-INNOVATEPERU-ADTC2-2021","IMPLEMENTACIÓN Y CERTIFICACIÓN DE UN SISTEMA DE GESTIÓN DE SEGURIDAD Y SALUD EN EL TRABAJO EN BASE A LA NORMA ISO 45001:2018 PARA JHIRE SAC",20210309,20221108,"JHIRE CONSULTORES EJECUTORES Y SERVICIOS EN GENERAL SOCIEDAD ANONIMA CERRADA","CHAUPIMARCA","PASCO","PASCO",190101,55000.0000,0.0000,16666.6667,"SOLES",20250331
"FINCYT III","CONCURSO BECAS PARA CURSOS VIRTUALES EN EL EXTRANJERO",2021,"242-INNOVATEPERU-BCE-2021","BECA PARA \"MASTER EN INNOVACIÓN Y EMPRENDIMIENTO\" EN LA UNIVERSIDAD ADOLFO IBAÑEZ - CHILE (MODALIDAD VIRTUAL).",20210407,20221129,"SANCHEZ CHAMOCHUMBI LORENA MARCELA","MOCHE","TRUJILLO","LA LIBERTAD",130107,10150.0000,0.0000,4350.0000,"DOLARES",20250331
"FINCYT III","PROYECTOS DE INNOVACIÓN EMPRESARIAL",2021,"271-INNOVATEPERU-PIEC1-2021","DESARROLLO DE UNA PLATAFORMA DE COMERCIO ELECTRÓNICO DE CAFÉ ESPECIAL DEL NORTE DEL PERÚ\, QUE INCLUYA UN SISTEMA CONFIABLE DE TRAZABILIDAD DEL PRODUCTO DESDE LA IDENTIFICACIÓN DE SU ORIGEN\, SOPORTADO POR BLOCK CHAIN\, Y UN MÓDULO DE ANÁLISIS DE DATA COMERCIAL.",20210420,20230420,"AGRO NEGOCIOS MUNDO VERDE E.I.R.L.","JAEN","JAEN","CAJAMARCA",060801,293012.2200,39691.7800,40800.0000,"SOLES",20250331
"FINCYT III","CONCURSO AYUDA A LA DEMANDA DE SERVICIOS TECNOLÓGICOS - MIPYME PRODUCTIVA - CATEGORÍA 2",2021,"290-INNOVATEPERU-ADTC2-2021","IMPLEMENTACIÓN Y CERTIFICACIÓN DE LA NORMA ISO 9001: 2015 EN LA EMPRESA CERTIFICACIONES NACIONALES DE ALIMENTOS S.A.C.",20210413,20221012,"CERTIFICACIONES NACIONALES DE ALIMENTOS S.A.C.","HUANCAYO","HUANCAYO","JUNIN",120101,46000.0000,0.0000,14000.0000,"SOLES",20250331
"FINCYT III","PROYECTOS DE INNOVACIÓN EMPRESARIAL - INNOVAR PARA REACTIVAR",2021,"299-INNOVATEPERU-PIEC1R-2021","DESARROLLO DE UNA UNIDAD MOVIL MULTIFUNCIONAL\, SEMI-LAB\, PARA APOYAR AL SECTOR SALUD EN LA CONTENCION DE LA PANDEMIA DEL COVID- 19 EN LAS ETAPAS DE DIAGNOSTICO Y VACUNACION\, BASADO EN UN MINI TRACTO PARA USO URBANO CON PATENTE PERUANA DE TÍTULO N1186",20210421,20220720,"RMB SATECI SOCIEDAD ANONIMA CERRADA - RMB SATECI SAC","CHILCA","CAÑETE","LIMA",150505,298966.1200,35833.8800,88800.0000,"SOLES",20250331
"FINCYT III","CONCURSO AYUDA A LA DEMANDA DE SERVICIOS TECNOLÓGICOS - MIPYME PRODUCTIVA - CATEGORÍA 2",2021,"302-INNOVATEPERU-ADTC2-2021","IMPLEMENTACIÓN Y CERTIFICACIÓN DE LA NORMA ISO 9001:2015 EN LA EMPRESA DE TRANSPORTES ITAHUANIA SOCIEDAD ANÓNIMA CERRADA - TRANSITA S.A.C.",20210412,20220911,"EMPRESA DE TRANSPORTES ITAHUANIA SOCIEDAD ANONIMA CERRADA - TRANSITA S.A.C.","MOQUEGUA","MARISCAL NIETO","MOQUEGUA",180101,55000.0000,0.0000,16666.6667,"SOLES",20250331
"FINCYT III","CONCURSO NACIONAL PARA LA DIFUSIÓN DE CASOS DE LA INNOVACION - RECONOCIENDO LA INNOVACIÓN - INNOVAR PARA REACTIVAR",2021,"341-INNOVATEPERU-RIVR-2021","¡ARRIBA EL AGRO!",20211027,20220926,"TANQUE PRODUCCIONES S.A.C.","MIRAFLORES","LIMA","LIMA",150122,150108.4900,27019.5100,44800.0000,"SOLES",20250331
"MIPYME Emprendedor","PROGRAMA DE APOYO A CLUSTERS",2021,"007-PROINNOVATE-PAC-2021","FORTALECIMIENTO DEL CLUSTER AGROEXPORTADOR DE MANGO EN PIURA",20211004,20221004,"ASOCIACION PERUANA DE PRODUCTORES Y EXPORTADORES DE MANGO","PIURA","PIURA","PIURA",200101,628750.2900,85725.2700,55000.0000,"SOLES",20250331
"FINCYT III","CONCURSO FORTALECIMIENTO ESTRATÉGICO DE CENTROS DE EXTENSIÓN Y TRANSFERENCIA TECNOLÓGICA (CET) - SEGUNDA FASE",2021,"019-PROINNOVATE-CETF2-2021","FORTALECIMIENTO DE LA OFERTA DE SERVICIOS DE ASESORAMIENTO Y APOYO AL DESARROLLO TECNOLÓGICO Y DE INNOVACIÓN EN LA CADENA AGROINDUSTRIAL DE AREQUIPA\, POR EL CITE AGROINDUSTRIAL MAJES",20211221,20240829,"INSTITUTO TECNOLÓGICO DE LA PRODUCCIÓN","SAN ISIDRO","LIMA","LIMA",150131,3000000.0000,0.0000,668000.0000,"SOLES",20250331
"FINCYT III","CONCURSO FORTALECIMIENTO ESTRATÉGICO DE CENTROS DE EXTENSIÓN Y TRANSFERENCIA TECNOLÓGICA (CET) - SEGUNDA FASE",2021,"020-PROINNOVATE-CETF2-2021","IMPLEMENTACIÓN DEL PLAN ESTRATÉGICO DEL CITEAGROINDUSTRIAL CHAVIMOCHIC PARA EL FORTALECIMIENTO DE SERVICIOS QUE SE OFRECEN A LAS EMPRESAS AGROALIMENTARIA EN LA REGIÓN LA LIBERTAD",20211221,20240829,"INSTITUTO TECNOLÓGICO DE LA PRODUCCIÓN","SAN ISIDRO","LIMA","LIMA",150131,4500000.0000,0.0000,1162049.7600,"SOLES",20250331
"FINCYT III","CONCURSO BOOTCAMPS DE CÓDIGO - FASE II",2021,"025-PROINNOVATE-BCCF2-2021","BOOTCAMP DEVF - MASTER EN CODING",20210628,20221128,"ALISSON GARCIA PALACIOS","CHULUCANAS","MORROPON","PIURA",200401,3205.7100,0.0000,0.0000,"DOLARES",20250331
"FINCYT III","CONCURSO FORTALECIMIENTO ESTRATÉGICO DE CENTROS DE EXTENSIÓN Y TRANSFERENCIA TECNOLÓGICA (CET) - SEGUNDA FASE",2021,"036-PROINNOVATE-CETF2-2021","FORTALECIMIENTO DE LOS SERVICIOS DE INNOVACIÓN Y EXTENSIONISMO TECNOLÓGICO DEL CITEMADERA PARA MEJORAR LA COMPETITIVIDAD DE MANERA SOSTENIBLE EN LAS UNIDADES PRODUCTIVAS DEL SECTOR MADERA Y MUEBLE EN LAS REGIONES DE LIMA Y CAJAMARCA",20211221,20231121,"INSTITUTO TECNOLÓGICO DE LA PRODUCCIÓN","SAN ISIDRO","LIMA","LIMA",150131,1806480.0100,0.0000,428400.0000,"SOLES",20250331
"MIPYME Emprendedor","PROGRAMA DE APOYO A CLUSTERS",2021,"038-PROINNOVATE-PAC-2021","FORTALECIMIENTO DEL CLUSTER DE GRANOS ANDINOS: QUINUA EN EL CORREDOR ECONÓMICO APURIMAC - CUSCO",20211123,20221123,"CESAL","SAN ISIDRO","LIMA","LIMA",150131,650000.0000,0.0000,41429.0000,"SOLES",20250331
"FINCYT III","CONCURSO BOOTCAMPS DE CÓDIGO - FASE II",2021,"059-PROINNOVATE-BCCF2-2021","BOOTCAMP DEVF - PROFESSIONAL EN CODING",20211018,20230218,"JUAN SIGIFREDO MORALES RUIZ","","","","",2382.7600,0.0000,0.0000,"DOLARES",20250331
"FINCYT III","CONCURSO FORTALECIMIENTO ESTRATÉGICO DE CENTROS DE EXTENSIÓN Y TRANSFERENCIA TECNOLÓGICA (CET) - SEGUNDA FASE",2021,"158-PROINNOVATE-CETF2-2021","FORTALECIMIENTO DEL CITEPRODUCTIVO EN LAS CADENAS DE ACUICULTURA\, MADERA Y AGROINDUSTRIA DE LA REGIÓN MADRE DE DIOS.",20211221,20231121,"INSTITUTO TECNOLÓGICO DE LA PRODUCCIÓN","SAN ISIDRO","LIMA","LIMA",150131,4800000.0000,0.0000,1214050.0000,"SOLES",20250331
"FINCYT III","CONCURSO BOOTCAMPS DE CÓDIGO - FASE II",2021,"198-PROINNOVATE-BCCF2-2021","BOOTCAMP DEVF - PROFESSIONAL EN CODING",20211018,20220918,"RODRIGO JEAN PIERO CARRERA ROJAS","","","","",2382.7600,0.0000,0.0000,"DOLARES",20250331
"MIPYME Emprendedor","PROGRAMA EMERGENCIA EMPRESARIAL - MIPYMES DE CALIDAD",2021,"206-PROINNOVATE-EEMC-2021","IMPLEMENTACIÓN Y CERTIFICACIÓN DE LA NORMA DE CALIDAD ISO 9001:2015 PARA LA EMPRESA GRUPO DESARROLLO Y COMUNICACION S.A.C.",20211126,20221126,"GRUPO DESARROLLO Y COMUNICACION S.A.C.","CIUDAD NUEVA","TACNA","TACNA",230104,35000.0000,4466.6700,7200.0000,"SOLES",20250331
"MIPYME Emprendedor","PROGRAMA EMERGENCIA EMPRESARIAL - MIPYMES DE CALIDAD",2021,"213-PROINNOVATE-EEMC-2021","IMPLEMENTACIÓN Y CERTIFICACIÓN DE UN SISTEMA DE GESTIÓN DE SEGURIDAD Y SALUD EN EL TRABAJO (ISO 45001:2018). EN LA EMPRESA SUMA GESTIÓN EMPRESARIAL S.A.C",20211126,20221126,"SUMA GESTIÓN EMPRESARIAL S.A.C.","JESUS MARIA","LIMA","LIMA",150113,35000.0000,7066.6700,4600.0000,"SOLES",20250331
"MIPYME Emprendedor","PROGRAMA EMERGENCIA EMPRESARIAL - MIPYMES DE CALIDAD",2021,"216-PROINNOVATE-EEMC-2021","IMPLEMENTACIÓN Y CERTIFICACIÓN DE UN SISTEMA INTEGRADO DE GESTIÓN (SIG) EN BASE A ISO 9001:2015 E ISO 45001:2018 EN LA EMPRESA  ENGINEERING AND INNOVATION S.A.C.",20211129,20221129,"ENGINEERING AND INNOVATION SOCIEDAD ANONIMA CERRADA","SANTA ANA","LA CONVENCION","CUSCO",080901,35000.0000,10340.6000,8489.4000,"SOLES",20250331
"MIPYME Emprendedor","PROGRAMA EMERGENCIA EMPRESARIAL - MIPYMES DE CALIDAD",2021,"218-PROINNOVATE-EEMC-2021","IMPLEMENTACIÓN Y CERTIFICACIÓN DEL SISTEMA DE GESTIÓN DE CALIDAD BASADO EN LA NORMA ISO 9001:2015 EN LA EMPRESA MANAGE YOUR PROCESS S.A.C.",20211124,20221124,"MANAGE YOUR PROCESS S.A.C.","SAN JUAN DE LURIGANCHO","LIMA","LIMA",150132,26250.0000,3350.0000,5400.0000,"SOLES",20250331
"MIPYME Emprendedor","PROGRAMA EMERGENCIA EMPRESARIAL - MIPYMES DE CALIDAD",2021,"231-PROINNOVATE-EEMC-2021","IMPLEMENTACIÓN Y CERTIFICACIÓN DEL SISTEMA DE GESTIÓN DE CALIDAD ISO 9001:2015 EN LA EMPRESA BECATEL PERU S.A.C.\, PARA LA MEJORA DE SUS PROCESOS Y LA PRODUCTIVIDAD DE LA EMPRESA.",20211125,20221125,"BECATEL PERU S.A.C.","TRUJILLO","TRUJILLO","LA LIBERTAD",130101,35000.0000,7066.6700,5060.0000,"SOLES",20250331
"MIPYME Emprendedor","PROGRAMA EMERGENCIA EMPRESARIAL - MIPYMES DE CALIDAD",2021,"233-PROINNOVATE-EEMC-2021","IMPLEMENTACIÓN Y CERTIFICACIÓN DE LA NORMA ISO 9001:2015 EN LA EMPRESA FIDEMA MOVIT S.A.C.",20211124,20221124,"FIDEMA MOVIT S.A.C.","CHALLHUAHUACHO","COTABAMBAS","APURIMAC",030506,35000.0000,7066.6700,7200.0000,"SOLES",20250331
"MIPYME Emprendedor","PROGRAMA EMERGENCIA EMPRESARIAL - MIPYMES DE CALIDAD",2021,"237-PROINNOVATE-EEMC-2021","OBTENCIÓN DE LA CERTIFICACIÓN ISO 45001:2018 SISTEMA DE GESTIÓN DE  SEGURIDAD Y SALUD EN EL TRABAJO EN LA EMPRESA JEVIL SAC",20211129,20221229,"EMPRESA JEVIL S.A.C.","EL TAMBO","HUANCAYO","JUNIN",120114,34915.2400,7051.4200,7600.0000,"SOLES",20250331
"FINCYT III","CONCURSO BOOTCAMPS DE CÓDIGO - FASE II",2021,"241-PROINNOVATE-BCCF2-2021","BOOTCAMP CODING DOJO - DESARROLLO DE SOFTWARE FULL STACK",20220103,20221103,"ADRIANA ISABEL HUAMANI CHUQUIRIMAY","","","","",7950.0000,0.0000,0.0000,"DOLARES",20250331
"FINCYT III","CONCURSO BOOTCAMPS DE CÓDIGO - FASE II",2021,"246-PROINNOVATE-BCCF2-2021","BOOTCAMP CODING DOJO - DESARROLLO DE SOFTWARE FULL STACK",20220103,20221003,"KEVIN LITMAN FLOREZ TOLENTINO","TRUJILLO","TRUJILLO","LA LIBERTAD",130101,7950.0000,0.0000,0.0000,"DOLARES",20250331
"FINCYT III","CONCURSO BOOTCAMPS DE CÓDIGO - FASE II",2021,"259-PROINNOVATE-BCCF2-2021","BOOTCAMP CODING DOJO - DESARROLLO DE SOFTWARE FULL STACK",20220103,20221003,"NATALY VIRGINIA GARCÍA OLIVA","","","","",7950.0000,0.0000,0.0000,"DOLARES",20250331
"MIPYME Emprendedor","PROGRAMA EMERGENCIA EMPRESARIAL - MIPYMES DE CALIDAD",2021,"281-PROINNOVATE-EEMC-2021","OBTENCIÓN DE LA CERTIFICACIÓN ISO 9001:2015 SISTEMA DE GESTIÓN DE LA CALIDAD EN LA EMPRESA  AGUIRRE GUTIERREZ E.I.R.L.",20211125,20221125,"AGUIRRE GUTIERREZ E.I.R.L.","EL TAMBO","HUANCAYO","JUNIN",120114,34915.2400,7051.4200,7600.0000,"SOLES",20250331
"MIPYME Emprendedor","PROGRAMA EMERGENCIA EMPRESARIAL - MIPYMES DE CALIDAD",2021,"286-PROINNOVATE-EEMC-2021","IMPLEMENTACIÓN Y CERTIFICACIÓN DEL SISTEMA DE GESTIÓN DE CALIDAD (SGC) EN BASE A LA NORMA ISO 9001:2015 EN LA EMPRESA \"EDP ESTUDIOS S.A.C.\"",20211123,20221223,"EDP ESTUDIOS S.A.C.","LINCE","LIMA","LIMA",150116,35000.0000,7066.0700,7770.6000,"SOLES",20250331
"MIPYME Emprendedor","PROGRAMA EMERGENCIA EMPRESARIAL - MIPYMES DIGITALES",2021,"305-PROINNOVATE-EEMD-2021","TRANSFORMACIÓN DIGITAL DE LA EMPRESA MULTISERVICIOS RAMM E.I.R.L.",20211125,20220925,"MULTISERVICIOS RAMM E.I.R.L.","SAN JUAN DE LURIGANCHO","LIMA","LIMA",150132,35000.0000,7066.6700,4600.0000,"SOLES",20250331
"MIPYME Emprendedor","PROGRAMA EMERGENCIA EMPRESARIAL - MIPYMES DIGITALES",2021,"307-PROINNOVATE-EEMD-2021","\"IMPLEMENTACIÓN DE HERRAMIENTAS DIGITALES PARA LA GESTIÓN DE ALMACENES Y ESTRATEGIAS DE MARKETING MULTICANAL QUE CONSOLIDEN LA REACTIVACIÓN ECONÓMICA Y EXPANSIÓN DEL MERCADO DE \"CURTIEMBRE PACHECO S.R.L.\"",20211125,20221124,"CURTIEMBRE PACHECO S R LTDA","CERRO COLORADO","AREQUIPA","AREQUIPA",040104,33750.0000,6650.0000,4600.0000,"SOLES",20250331
"MIPYME Emprendedor","PROGRAMA EMERGENCIA EMPRESARIAL - MIPYMES DE CALIDAD",2021,"313-PROINNOVATE-EEMC-2021","IMPLEMENTACIÓN Y CERTIFICACIÓN DEL SISTEMA DE GESTIÓN DE CALIDAD BASADO EN LA NORMA ISO 9001:2015 EN LA EMPRESA TELEMATIX PERU S.A.C.",20211202,20221202,"TELEMATIX PERU S.A.C.","BARRANCO","LIMA","LIMA",150104,33750.0000,4050.0000,7200.0000,"SOLES",20250331
"MIPYME Emprendedor","PROGRAMA EMERGENCIA EMPRESARIAL - MIPYMES DE CALIDAD",2021,"315-PROINNOVATE-EEMC-2021","IMPLEMENTACIÓN Y CERTIFICACIÓN DE UN SISTEMA DE GESTIÓN DE CALIDAD ISO 9001:2015 EN LA EMPRESA CONSTRUCTORA CCN DISEÑO Y ARQUITECTURA S.A.C.",20211122,20221222,"CONSTRUCTORA CCN DISEÑO Y ARQUITECTURA S.A.C. - CONSTRUCTORA CCN","SAN BORJA","LIMA","LIMA",150130,35000.0000,4466.6700,7200.0000,"SOLES",20250331
"MIPYME Emprendedor","PROGRAMA EMERGENCIA EMPRESARIAL - MIPYMES DIGITALES",2021,"335-PROINNOVATE-EEMD-2021","DIGITALIZACIÓN DE LAS ACTIVIDADES COMERCIALES DE LA EMPRESA ASOCIE E.I.R.L.",20211123,20220923,"ASOCIE E.I.R.L.","LA VICTORIA","CHICLAYO","LAMBAYEQUE",140106,33750.0000,4050.0000,7200.0000,"SOLES",20250331
"MIPYME Emprendedor","PROGRAMA EMERGENCIA EMPRESARIAL - MIPYMES DIGITALES",2021,"339-PROINNOVATE-EEMD-2021","IMPLEMENTACIÓN DE SOLUCIONES DIGITALES PARA LOS PROCESOS DE COMERCIALIZACIÓN Y GESTIÓN HOTELERA EN LA EMPRESA SERRA NOVA INVERSIONES\, CAJAMARCA - PERÚ",20211218,20221018,"SERRA NOVA INVERSIONES E.I.R.L.","LOS BAÑOS DEL INCA","CAJAMARCA","CAJAMARCA",060108,34875.0000,4425.0000,7200.0000,"SOLES",20250331
"MIPYME Emprendedor","PROGRAMA EMERGENCIA EMPRESARIAL - MIPYMES DE CALIDAD",2021,"369-PROINNOVATE-EEMC-2021","IMPLEMENTACIÓN DEL SISTEMA DE GESTIÓN DE LA CALIDAD BAJO LA NORMA ISO 9001:2015",20211126,20221126,"INVERSIONES METALING K & R S.A.C. - INVEMETAL K & R S.A.C.","COMAS","CONCEPCION","JUNIN",120206,33975.0000,6725.0000,4600.0000,"SOLES",20250331
"MIPYME Emprendedor","PROGRAMA EMERGENCIA EMPRESARIAL - MIPYMES DE CALIDAD",2021,"387-PROINNOVATE-EEMC-2021","IMPLEMENTACIÓN Y CERTIFICACIÓN DEL SISTEMA DE GESTIÓN DE SEGURIDAD Y SALUD EN EL TRABAJO SEGÚN LA NORMA ISO 45001:2018 EN TRANSERVICE LOGISTIC S.A.C.",20220118,20221118,"TRANSERVICE LOGISTIC S.A.C.","SAN ISIDRO","HUAYTARA","HUANCAVELICA",090612,33750.0000,4050.0000,7200.0000,"SOLES",20250331
"MIPYME Emprendedor","PROGRAMA EMERGENCIA EMPRESARIAL - MIPYMES DE CALIDAD",2021,"401-PROINNOVATE-EEMC-2021","\"IMPLEMENTACIÓN Y CERTIFICACIÓN DE LA NORMA DE CALIDAD ISO 9001:2015 PARA LA EMPRESA SOCIEDAD DE COMUNEROS CONTRATISTAS GENERALES MANCHAYLLA SOCIEDAD ANONIMA\"",20211125,20221125,"SOCIEDAD DE COMUNEROS CONTRATISTAS GENERALES MANCHAYLLA SOCIEDAD ANONIMA","ASCENSION","HUANCAVELICA","HUANCAVELICA",090118,35000.0000,4466.6700,7200.0000,"SOLES",20250331
"MIPYME Emprendedor","PROGRAMA EMERGENCIA EMPRESARIAL - MIPYMES DE CALIDAD",2021,"418-PROINNOVATE-EEMC-2021","IMPLEMENTACIÓN DEL SISTEMA DE GESTIÓN DE LA CALIDAD BAJO LA NORMA ISO 9001:2015 EN LA EMPRESA ENERTEC PERU SAC.",20211206,20221206,"ENERGIAS TECNOLOGICAS DEL PERU S.A.C. - ENERTEC PERU SAC","CALLAO","PROV. CONST. DEL CALLAO","CALLAO",070101,33750.0000,6650.0000,4600.0000,"SOLES",20250331
"MIPYME Emprendedor","PROGRAMA EMERGENCIA EMPRESARIAL - MIPYMES DIGITALES",2021,"423-PROINNOVATE-EEMD-2021","IMPLEMENTACIÓN DE MARKETING DIGITAL PARA LA EMPRESA ANTEVENI PERU S.A.C.",20211123,20220923,"ANTEVENI PERU S.A.C.","MIRAFLORES","AREQUIPA","AREQUIPA",040110,35000.0000,7066.6700,4600.0000,"SOLES",20250331
"MIPYME Emprendedor","PROGRAMA EMERGENCIA EMPRESARIAL - MIPYMES DIGITALES",2021,"441-PROINNOVATE-EEMD-2021","MEJORA DE LA EFICIENCIA\, INTEGRACIÓN Y SEGUIMIENTO DE LOS PROCESOS DE COMPRAS\, INVENTARIO Y VENTAS A TRAVÉS DE LA IMPLEMENTACIÓN DE UNA PLATAFORMA INTEGRADA DE GESTIÓN DE PROCESOS EN LA EMPRESA INSUMOS Y ACCESORIOS DE OFICINA S.A.C.",20211125,20220925,"INSUMOS Y ACCESORIOS DE OFICINA S.A.C.","SURQUILLO","LIMA","LIMA",150141,35000.0000,4466.6700,7200.0000,"SOLES",20250331
"MIPYME Emprendedor","PROGRAMA EMERGENCIA EMPRESARIAL - MYPES REACTIVADAS - ALTERNATIVA 1",2021,"445-PROINNOVATE-EER1-2021","INCREMENTO DE LA PRODUCTIVIDAD EN LA MANUFACTURA DE CALZADO CON SISTEMA DE CONSTRUCCIÓN SOFT-LASTING MEDIANTE LA FABRICACIÓN DE UN EQUIPO DE CONFORMADO DE CORTE - APARADO",20211202,20221202,"VASQUEZ RAMIREZ JOSE ALFREDO","CALLAO","PROV. CONST. DEL CALLAO","CALLAO",070101,32781.0000,6927.0000,4000.0000,"SOLES",20250331
"MIPYME Emprendedor","PROGRAMA EMERGENCIA EMPRESARIAL - MIPYMES DIGITALES",2021,"457-PROINNOVATE-EEMD-2021","RELANZAMIENTO DE LOS INSTRUMENTOS DIGITALES COMERCIALES DE LA EMPRESA ALIANZA METALURGICA S.A. COMO MEDIO DE INCREMENTAR EL VALOR PERCIBIDO DE SUS PRODUCTOS FRENTE AL CONSUMIDOR FINAL Y AFIANZAR LA RELACIÓN COMERCIAL CON LOS INTERMEDIARIOS",20211126,20220926,"ALIANZA METALURGICA S.A.","SAN JUAN DE LURIGANCHO","LIMA","LIMA",150132,35000.0000,7066.6700,24600.0000,"SOLES",20250331
"MIPYME Emprendedor","PROGRAMA EMERGENCIA EMPRESARIAL - MIPYMES DIGITALES",2021,"463-PROINNOVATE-EEMD-2021","IMPLEMENTACIÓN DE UNA PLATAFORMA DIGITAL PARA EL SERVICIO DE CONTROL Y AUDITORIAS A EMPRESAS CONTRATISTAS QUE BRINDA \"PARCONSIL CONSULTORES S.A.C.\"",20211126,20220926,"PARCONSIL CONSULTORES S.A.C.","SAN BORJA","LIMA","LIMA",150130,34999.9900,4466.6700,7200.0000,"SOLES",20250331
"MIPYME Emprendedor","PROGRAMA EMERGENCIA EMPRESARIAL - MIPYMES DE CALIDAD",2021,"469-PROINNOVATE-EEMC-2021","IMPLEMENTACIÓN Y CERTIFICACIÓN DEL SISTEMA DE GESTIÓN DE CALIDAD BASADO EN LA NORMA ISO 9001:2015 PARA LA EMPRESA  \"BARTECH S.A.C.\"",20211130,20221230,"BARTECH S.A.C.","RIMAC","LIMA","LIMA",150128,33750.0000,4050.0000,7200.0000,"SOLES",20250331
"MIPYME Emprendedor","PROGRAMA EMERGENCIA EMPRESARIAL - MIPYMES DIGITALES",2021,"477-PROINNOVATE-EEMD-2021","TRANSFORMACIÓN DIGITAL DE LA EMPRESA VILLA BAMBOO",20211125,20221024,"INVESTMENTS VILLA BAMBOO S.A.C.","CHANCHAMAYO","CHANCHAMAYO","JUNIN",120301,26250.0000,3350.0000,5400.0000,"SOLES",20250331
"MIPYME Emprendedor","PROGRAMA EMERGENCIA EMPRESARIAL - MIPYMES DIGITALES",2021,"489-PROINNOVATE-EEMD-2021","INTEGRACIÓN TRANSVERSAL DE LOS PROCESOS DE VENTA\, GESTIÓN ADMINISTRATIVA Y GESTIÓN DE EDIFICIOS PARA LA EMPRESA INMOBILIARIA RUBA SAC A TRAVÉS DEL DESARROLLO DE NUEVOS MÓDULOS PERSONALIZADOS A INTEGRARSE A SU ERP",20211129,20220929,"INMOBILIARIA RUBA S.A.C","SURQUILLO","LIMA","LIMA",150141,35000.0000,4466.6700,7200.0000,"SOLES",20250331
"MIPYME Emprendedor","PROGRAMA EMERGENCIA EMPRESARIAL - MIPYMES DIGITALES",2021,"490-PROINNOVATE-EEMD-2021","OPTIMIZACIÓN E INTEGRACIÓN TRANSVERSAL DE LOS PROCESOS DE VENTA\, IMPLEMENTACIÓN\, PRUEBAS Y MANTENIMIENTO PARA LA EMPRESA NUVO S.A.C. A TRAVÉS DEL DESARROLLO DE NUEVOS MÓDULOS PERSONALIZADOS A INTEGRARSE A SU ERP",20211129,20220929,"NUVO S.A.C.","SURQUILLO","LIMA","LIMA",150141,35000.0000,4466.6700,7200.0000,"SOLES",20250331
"MIPYME Emprendedor","PROGRAMA EMERGENCIA EMPRESARIAL - MIPYMES DE CALIDAD",2021,"502-PROINNOVATE-EEMC-2021","IMPLEMENTACIÓN Y CERTIFICACIÓN DEL SISTEMA DE GESTIÓN DE SEGURIDAD Y SALUD EN EL TRABAJO (ISO 45001:2018) EN LA EMPRESA ICOM SERVICIOS GEOTECNICOS SAC.",20211130,20221130,"ICOM SERVICIOS GEOTECNICOS S.A.C.","SAN MIGUEL","LA MAR","AYACUCHO",050501,35000.0000,4466.6700,7200.0000,"SOLES",20250331
"MIPYME Emprendedor","PROGRAMA EMERGENCIA EMPRESARIAL - MIPYMES DIGITALES",2021,"512-PROINNOVATE-EEMD-2021","INCORPORACIÓN DE TECNOLOGÍAS DIGITALES EN EL PROCESO DEL SERVICIO DE LAVANDERÍA Y TINTORERÍA PARA MEJORAR LA PRODUCTIVIDAD Y COMPETITIVIDAD DE LA EMPRESA VICKYS SERVICIOS GENERALES S.A.C.",20211128,20220928,"VICKYS SERVICIOS GENERALES S.A.C","AREQUIPA","AREQUIPA","AREQUIPA",040101,35000.0000,7300.0000,4400.0000,"SOLES",20250331
"MIPYME Emprendedor","PROGRAMA EMERGENCIA EMPRESARIAL - MIPYMES DIGITALES",2021,"524-PROINNOVATE-EEMD-2021","DISEÑO E IMPLEMENTACIÓN DEL PLAN DE MARKETING Y DIGITALIZACIÓN DE LOS PROCESOS DE VENTAS Y ALMACÉN UTILIZANDO METODOLOGÍA SIX SIGMA\, SCRUM Y KANBAN PARA MEJORAR LA COMERCIALIZACIÓN DE LA MIEL DE ABEJA Y DERIVADOS PRODUCIDOS EN AREQUIPA HACIA OTRAS REGIONES",20211130,20220930,"WAYRURONGO WASI E.I.R.L","CERRO COLORADO","AREQUIPA","AREQUIPA",040104,27000.0000,3600.0000,5400.0000,"SOLES",20250331
"MIPYME Emprendedor","PROGRAMA EMERGENCIA EMPRESARIAL - MIPYMES DIGITALES",2021,"526-PROINNOVATE-EEMD-2021","DISEÑO E IMPLEMENTACIÓN DE TECNOLOGÍAS DE LA INFORMACIÓN Y DE MARKETING DIGITAL PARA INCREMENTAR LA COMPETITIVIDAD Y PRODUCTIVIDAD EN LA EMPRESA CORPORACION CAYARACC S.A.C.",20211128,20220928,"CORPORACION CAYARACC S.A.C.","VILLA EL SALVADOR","LIMA","LIMA",150142,28350.0000,4050.0000,5400.0000,"SOLES",20250331
"FINCYT III","CONCURSO AYUDA A LA DEMANDA DE SERVICIOS TECNOLÓGICOS - MIPYME PRODUCTIVA - CATEGORÍA 1",2022,"061-PROINNOVATE-ADTC1-2022","DETERMINACIÓN DE TECNOLOGÍAS APLICABLES AL CONTROL\, PRODUCCIÓN Y PLANEACIÓN EN LA EMPRESA FERRETERIA DEL NORTE E.R.L.",20220328,20221028,"FERRETERIAS DEL NORTE E.I.R.L","CERRO COLORADO","AREQUIPA","AREQUIPA",040104,55000.0000,0.0000,16666.6700,"SOLES",20250331
"FIDECOM","PIMEN",2022,"004-PROINNOVATE-PIMEN-2022-SI","IMPLEMENTACIÓN DE UN PROTOTIPO SEMIAUTOMATIZADO PARA LA ELABORACIÓN DE MANJAR BLANCO UTILIZANDO AGITADORES ORBITALES Y SISTEMA DE ABATIDOR CON NUCLEALIZACION FORZADA PARA MEJORAR SUS ATRIBUTOS DE CALIDAD EN LA INDUSTRIAL DEL ALFAJOR GIGANTE LAMBAYECANO. ",20220425,20240225,"DULCERIA MANJAR REAL E.I.R.L.","LAMBAYEQUE","LAMBAYEQUE","LAMBAYEQUE",140301,145314.0000,56976.0000,88400.0000,"SOLES",20250331
"MIPYME Emprendedor","PROGRAMA DE APOYO A LA INTERNACIONALIZACIÓN MODALIDAD IV - IMPLANTACIÓN COMERCIAL",2022,"083-PROINNOVATE-PAIM4-2022","IMPLANTACION COMERCIAL DE ESQUISA EN ECUADOR",20220519,20240518,"ESENCIAS QUIMICAS S A C","LIMA","LIMA","LIMA",150101,293500.0000,131300.0000,0.0000,"SOLES",20250331
"MIPYME Emprendedor","PROGRAMA DE APOYO A LA INTERNACIONALIZACIÓN MODALIDAD I - EMPRENDEDOR EXPORTADOR",2022,"085-PROINNOVATE-PAIM1-2022","EXPORTACIÓN DE CAFÉ ESPECIAL ORGÁNICO AL MERCADO DE ALEMANIA DE LA CAC SHANKIVIRONI",20220523,20240129,"COOPERATIVA AGRARIA CAFETALERA SHANKIVIRONI","PICHANAQUI","CHANCHAMAYO","JUNIN",120303,70000.0000,7777.7700,0.0000,"SOLES",20250331
"MIPYME Emprendedor","PROGRAMA DE APOYO A LA INTERNACIONALIZACIÓN MODALIDAD III - CONSOLIDACIÓN DE LA ACTIVIDAD EXPORTADORA",2022,"086-PROINNOVATE-PAIM3-2022","APERTURA Y CONSOLIDACIÓN DEL MERCADO CANADIENSE PARA LA EXPORTACIÓN DE HARINA PROTEICA DE SACHA INCHIK ORGÁNICO.",20220426,20240113,"SHANANTINA S.A.C.","LAMAS","LAMAS","SAN MARTIN",220501,138000.0000,36000.0000,0.0000,"SOLES",20250331
"MIPYME Emprendedor","PROGRAMA DE APOYO A LA INTERNACIONALIZACIÓN MODALIDAD III - CONSOLIDACIÓN DE LA ACTIVIDAD EXPORTADORA",2022,"087-PROINNOVATE-PAIM3-2022","CAFÉ CERTIFICADO PARA EL MERCADO JAPONÉS",20220506,20241019,"PROAS S.A","CHICLAYO","CHICLAYO","LAMBAYEQUE",140101,150000.0000,37500.0000,0.0000,"SOLES",20250331
"MIPYME Emprendedor","PROGRAMA DE APOYO A LA INTERNACIONALIZACIÓN MODALIDAD I - EMPRENDEDOR EXPORTADOR",2022,"092-PROINNOVATE-PAIM1-2022","EXPORTAR ACEITES ORGÁNICOS RETAIL AL MERCADO COLOMBIANO",20220518,20240321,"NATURAL BRANDS FOOD S.A.C.","ATE","LIMA","LIMA",150103,70000.0000,7900.0000,0.0000,"SOLES",20250331
"MIPYME Emprendedor","PROGRAMA DE APOYO A LA INTERNACIONALIZACIÓN MODALIDAD III - CONSOLIDACIÓN DE LA ACTIVIDAD EXPORTADORA",2022,"093-PROINNOVATE-PAIM3-2022","EXPORTACIÓN DE ACEITE DE SACHA INCHI AL MERCADO DE TAIWÁN",20220504,20240526,"FLO TRADING S.A.C.","SAN ISIDRO","LIMA","LIMA",150131,150000.0000,37500.0000,0.0000,"SOLES",20250331
"MIPYME Emprendedor","PROGRAMA DE APOYO A LA INTERNACIONALIZACIÓN MODALIDAD I - EMPRENDEDOR EXPORTADOR",2022,"094-PROINNOVATE-PAIM1-2022","EXPORTACIÓN DE PATÉ DE ACEITUNA CON QUINUA NEGRA EN ACEITE DE OLIVA AL MERCADO AUSTRIACO.",20220509,20230809,"ALMAZARA FUNDO VERDE S.A.C.","JAQUI","CARAVELI","AREQUIPA",040310,60408.0000,6712.0000,0.0000,"SOLES",20250331
"MIPYME Emprendedor","PROGRAMA DE APOYO A LA INTERNACIONALIZACIÓN MODALIDAD IV - IMPLANTACIÓN COMERCIAL",2022,"097-PROINNOVATE-PAIM4-2022","CAMINO A LA EXPANSIÓN E IMPLANTANCIÓN EN MÉXICO",20230713,20250923,"CENTRO TOXICOLOGICO S.A.C.","SAN ISIDRO","HUAYTARA","HUANCAVELICA",090612,293900.0000,134528.5700,0.0000,"SOLES",20250331
"MIPYME Emprendedor","PROGRAMA DE APOYO A LA INTERNACIONALIZACIÓN MODALIDAD IV - IMPLANTACIÓN COMERCIAL",2022,"099-PROINNOVATE-PAIM4-2022","MACA\, CONQUISTANDO EL MERCADO AMERICANO",20220509,20240131,"CPX PERU S.A.C.","SURQUILLO","LIMA","LIMA",150141,294500.0000,134071.0000,0.0000,"SOLES",20250331
"MIPYME Emprendedor","PROGRAMA DE APOYO A LA INTERNACIONALIZACIÓN MODALIDAD IV - IMPLANTACIÓN COMERCIAL",2022,"103-PROINNOVATE-PAIM4-2022","EXPORTACION DE EMPAQUES DE PAPEL\, CARTON Y FLEXIBLES PARA LA INDUSTRIA ALIMENTARIA DE BOLIVIA",20220504,20240818,"CONTOMETROS ESPECIALES SOCIEDAD ANONIMA CERRADA-COESSAC","LOS OLIVOS","LIMA","LIMA",150117,279790.0000,119910.0000,0.0000,"SOLES",20250331
"MIPYME Emprendedor","PROGRAMA DE APOYO A LA INTERNACIONALIZACIÓN MODALIDAD IV - IMPLANTACIÓN COMERCIAL",2022,"104-PROINNOVATE-PAIM4-2022","CONSOLIDAR NUESTRA POSICIÓN EXPORTADORA DE SUTURAS QUIRÚRGICAS EN REPUBLICA DOMINICANA",20220502,20250311,"UNILENE S.A.C.","BREÑA","LIMA","LIMA",150105,299357.0000,128500.0000,0.0000,"SOLES",20250331
"MIPYME Emprendedor","PROGRAMA DE APOYO A LA INTERNACIONALIZACIÓN MODALIDAD I - EMPRENDEDOR EXPORTADOR",2022,"105-PROINNOVATE-PAIM1-2022","COMERCIALIZAR EL SERVICIO DE AUDITORÍA A LAS PEQUEÑAS Y MEDIANAS EMPRESAS DEL SECTOR DE CONSTRUCCIÓN EN EL PAÍS DE ECUADOR.",20220509,20240610,"IQC PERU S.A.C.","SAN ISIDRO","HUAYTARA","HUANCAVELICA",090612,53460.0000,5940.0000,0.0000,"SOLES",20250331
"MIPYME Emprendedor","PROGRAMA DE APOYO A LA INTERNACIONALIZACIÓN MODALIDAD II - POTENCIAMIENTO DE LAS EXPORTACIONES",2022,"107-PROINNOVATE-PAIM2-2022","EXPORTACIÓN DE ACEITE DE OLIVA MONTEFIORI AL MERCADO BRASILERO",20220512,20240610,"AGROINDUSTRIAS DEL SUR S.A.","TACNA","TACNA","TACNA",230101,81000.0000,9000.0000,0.0000,"SOLES",20250331
"MIPYME Emprendedor","PROGRAMA DE APOYO A LA INTERNACIONALIZACIÓN MODALIDAD III - CONSOLIDACIÓN DE LA ACTIVIDAD EXPORTADORA",2022,"108-PROINNOVATE-PAIM3-2022","FORTALECIMIENTO DE LAS EXPORTACIONES DE CAFÉS NATURALES CERTIFICADOS FTO HACIA EL MERCADO AUSTRALIANO.",20220509,20250325,"FAICAL COFFEE S.A.C.","SAN IGNACIO","SAN IGNACIO","CAJAMARCA",060901,145000.0000,37000.0000,0.0000,"SOLES",20250331
"MIPYME Emprendedor","PROGRAMA DE APOYO A LA INTERNACIONALIZACIÓN MODALIDAD IV - IMPLANTACIÓN COMERCIAL",2022,"109-PROINNOVATE-PAIM4-2022","IMPLANTACIÓN COMERCIAL DE PLAN B EN MÉXICO",20220509,20240110,"PLAN B S.A.C.","MIRAFLORES","LIMA","LIMA",150122,274050.0000,117450.0000,0.0000,"SOLES",20250331
"MIPYME Emprendedor","PROGRAMA DE APOYO A LA INTERNACIONALIZACIÓN MODALIDAD I - EMPRENDEDOR EXPORTADOR",2022,"110-PROINNOVATE-PAIM1-2022","CHOCOLATE PARA DIABÉTICOS ORGÁNICO CON 55% DE CACAO Y SIN AZÚCAR PARA EL MERCADO DE ESTADOS UNIDOS",20220525,20240303,"CHOCOLATES GURE S.A.C.","CALLAO","PROV. CONST. DEL CALLAO","CALLAO",070101,69426.0000,7714.0000,0.0000,"SOLES",20250331
"MIPYME Emprendedor","PROGRAMA DE APOYO A LA INTERNACIONALIZACIÓN MODALIDAD I - EMPRENDEDOR EXPORTADOR",2022,"112-PROINNOVATE-PAIM1-2022","ALFOMBRAS DE TEJIDO PLANO DE LANA DE OVEJA Y FIBRA ALPACA PARA LA EXPORTACIÓN AL MERCADO DE CANADÁ.",20220523,20240629,"ALUMINIOS CONTEMPORANEOS S.A.C. - ALUCON S.A.C.","SURQUILLO","LIMA","LIMA",150141,60195.0000,7045.0000,0.0000,"SOLES",20250331
"MIPYME Emprendedor","PROGRAMA DE APOYO A LA INTERNACIONALIZACIÓN MODALIDAD IV - IMPLANTACIÓN COMERCIAL",2022,"123-PROINNOVATE-PAIM4-2022","INDUSTRIAS ALIMENTICIAS CUSCO S.A. ATESTIGUA INTENSIFICACIÓN DE EXPORTACIONES DE GALLETAS DE QUINUA EN ESTADOS UNIDOS.",20220504,20241225,"INDUSTRIAS ALIMENTICIAS CUSCO S.A.","SAN LUIS","LIMA","LIMA",150134,299950.0000,128550.0000,0.0000,"SOLES",20250331
"FIDECOM","PIMEN",2022,"013-FIDECOM-PROINNOVATE-PIMEN-2022-SI","AUTOMATIZACIÓN EN LA PRODUCCIÓN DE COMPOST PREMIUM\, MEDIANTE LA INOCULACIÓN DE MICROORGANISMOS BENÉFICOS\, CON EL USO DE RESIDUOS AGROINDUSTRIALES EN LA PROVINCIA DE CAÑETE - LIMA",20220704,20231204,"ABONOS ORGANICOS A & M PERU E.I.R.L.","ICA","ICA","ICA",110101,149999.9900,23121.6300,6900.0000,"SOLES",20250331
"MIPYME Emprendedor","PROGRAMA DE APOYO A LA INTERNACIONALIZACIÓN MODALIDAD III - CONSOLIDACIÓN DE LA ACTIVIDAD EXPORTADORA",2022,"134-PROINNOVATE-PAIM3-2022","POSICIONAMIENTO DE CAFÉ EN GRANO VERDE PARA UN NICHO DE MERCADO DE ALTA ESPECIALIDAD  EN EL MERCADO DE ALEMANIA",20230331,20250422,"FINCA CHURUPAMPA PERU S.A.C.","CHIRINOS","SAN IGNACIO","CAJAMARCA",060902,141312.0000,35328.0000,0.0000,"SOLES",20250331
"MIPYME Emprendedor","PROGRAMA DE APOYO A LA INTERNACIONALIZACIÓN MODALIDAD IV - IMPLANTACIÓN COMERCIAL",2022,"139-PROINNOVATE-PAIM4-2022","PERUVIAN QUINOA FROM THE ANDES TO USA/ QUINUA PERUANA DE LOS ANDES PARA USA",20230125,20251208,"AGRONEGOCIOS WIRACCOCHA DEL PERÚ S.A.C.","SAN JUAN BAUTISTA","HUAMANGA","AYACUCHO",050110,299924.0000,128757.5000,0.0000,"SOLES",20250331
"MIPYME Emprendedor","PROGRAMA DE APOYO A LA INTERNACIONALIZACIÓN MODALIDAD III - CONSOLIDACIÓN DE LA ACTIVIDAD EXPORTADORA",2022,"140-PROINNOVATE-PAIM3-2022","DESARROLLO DE EXPORTACIONES DE ACEITE DE OLIVA EXTRA VIRGEN DE ALTA GAMA A LOS ESTADOS UNIDOS",20220614,20250604,"AGROINDUSTRIAS GONZALEZ S.A.C.","TACNA","TACNA","TACNA",230101,150000.0000,37500.0000,0.0000,"SOLES",20250331
"FINCYT III","CONCURSO FORTALECIMIENTO ESTRATÉGICO DE CENTROS DE EXTENSIÓN Y TRANSFERENCIA TECNOLÓGICA (CET) - SEGUNDA FASE",2022,"144-PROINNOVATE-CETF2-2022","FORTALECIMIENTO DEL CENTRO DE EXTENSIONISMO TECNOLÓGICO CET LMB-UNALM  DE APOYO A LA INNOVACIÓN AGROINDUSTRIAL Y ALIMENTARIA MEDIANTE PLATAFORMAS BIOTECNOLÓGICAS",20220706,20240829,"UNIVERSIDAD NACIONAL AGRARIA LA MOLINA","LA MOLINA","LIMA","LIMA",150114,4800000.0000,0.0000,3200000.0000,"SOLES",20250331
"FINCYT III","CONCURSO FORTALECIMIENTO ESTRATÉGICO DE CENTROS DE EXTENSIÓN Y TRANSFERENCIA TECNOLÓGICA (CET) - SEGUNDA FASE",2022,"148-PROINNOVATE-CETF2-2022","FORTALECIMIENTO DE LOS SERVICIOS DE ASESORAMIENTO Y APOYO AL DESARROLLO TECNOLÓGICO E INNOVACIÓN EN LOS SECTORES EMPRESARIALES DE AGRICULTURA - AGROINDUSTRIA - ACUICULTURA Y FORESTAL MADERA DEL INSTITUTO REGIONAL DE DESARROLLO SELVA UNALM EN SATIPO - JUNIN",20220706,20240829,"UNIVERSIDAD NACIONAL AGRARIA LA MOLINA","LA MOLINA","LIMA","LIMA",150114,4314632.8800,0.0000,1346555.9600,"SOLES",20250331
"MIPYME Emprendedor","PROGRAMA EMERGENCIA EMPRESARIAL - MERCADOS MODERNOS",2022,"149-PROINNOVATE-EEMM-2022","MEJORAMIENTO DEL SISTEMA DE CONSERVACIÓN DE PRODUCTOS CÁRNICOS EN LOS PUESTOS DEL MERCADO SANTA ROSA DE JAUJA MINIMIZANDO MERMAS Y COSTOS DE COMERCIALIZACIÓN",20220530,20230729,"QUISPE CAMARENA FELICISIMO MAGNO","JAUJA","JAUJA","JUNIN",120401,80000.0000,7467.0000,19200.0000,"SOLES",20250331
"FINCYT III","CONCURSO FORTALECIMIENTO ESTRATÉGICO DE CENTROS DE EXTENSIÓN Y TRANSFERENCIA TECNOLÓGICA (CET) - SEGUNDA FASE",2022,"151-PROINNOVATE-CETF2-2022","FORTALECIMIENTO Y AMPLIACIÓN DE LOS SERVICIOS DE EXTENSIONISMO TECNOLÓGICO Y DE INNOVACIÓN DEL CITEAGROINDUSTRIAL ICA PARA MEJORAR LA COMPETITIVIDAD DE LAS UNIDADES PRODUCTIVAS DE LA CADENA DE VALOR AGROINDUSTRIAL DE LA REGIÓN ICA\, AYACUCHO\, JUNÍN Y HUANCAVELICA",20220706,20241214,"INSTITUTO TECNOLÓGICO DE LA PRODUCCIÓN","SAN ISIDRO","LIMA","LIMA",150131,4800000.0000,0.0000,3200000.0000,"SOLES",20250331
"MIPYME Emprendedor","PROGRAMA DE APOYO A LA INTERNACIONALIZACIÓN MODALIDAD I - EMPRENDEDOR EXPORTADOR",2022,"152-PROINNOVATE-PAIM1-2022","EXPORTACIÓN DE QUINUA ORGÁNICA EN PRESENTACIONES RETAIL DE HARINA\, HOJUELA Y GRANOS DE LA MARCA NUTRITHY AL MERCADO DE ESPAÑA.",20220701,20240515,"ASPAGRO COMPANY S.A.C.","CHIARA","HUAMANGA","AYACUCHO",050105,70000.0000,7779.0000,0.0000,"SOLES",20250331
"FINCYT III","CONCURSO FORTALECIMIENTO ESTRATÉGICO DE CENTROS DE EXTENSIÓN Y TRANSFERENCIA TECNOLÓGICA (CET) - SEGUNDA FASE",2022,"153-PROINNOVATE-CETF2-2022","FORTALECIMIENTO ESTRATÉGICO DE CENTROS DE EXTENSIÓN. SEGUNDA FASE\, DEL SECTOR/SUBSECTOR \"TEXTIL CONFECCIONES\".",20220706,20240929,"INSTITUTO TECNOLÓGICO DE LA PRODUCCIÓN","SAN ISIDRO","LIMA","LIMA",150131,4800000.0000,0.0000,955100.0000,"SOLES",20250331
"FINCYT III","CONCURSO FORTALECIMIENTO ESTRATÉGICO DE CENTROS DE EXTENSIÓN Y TRANSFERENCIA TECNOLÓGICA (CET) - SEGUNDA FASE",2022,"154-PROINNOVATE-CETF2-2022","FORTALECIMIENTO DE LOS SERVICIOS TECNOLÓGICOS DEL CITE AGROINDUSTRIAL HUALLAGA - UT AMBO PARA EL MEJORAMIENTO DE LOS NIVELES DE PRODUCTIVIDAD\, COMPETITIVIDAD E INNOVACIÓN EN EL SECTOR AGROINDUSTRIAL DE LA REGIÓN DE HUÁNUCO",20220706,20241214,"INSTITUTO TECNOLÓGICO DE LA PRODUCCIÓN","SAN ISIDRO","LIMA","LIMA",150131,4468335.1100,0.0000,1324923.0000,"SOLES",20250331
"MIPYME Emprendedor","PROGRAMA DE APOYO A LA INTERNACIONALIZACIÓN MODALIDAD II - POTENCIAMIENTO DE LAS EXPORTACIONES",2022,"155-PROINNOVATE-PAIM2-2022","TEJIENDO Y BORDANDO LA INTERNACIONALIZACIÓN DE LLAPANMAKI SAC AL MERCADO DE CANADÁ",20220615,20240706,"GALERIA ARTE TALLER LLAPANMAKI S.A.C.","AYACUCHO","HUAMANGA","AYACUCHO",050101,90000.0000,10000.0000,0.0000,"SOLES",20250331
"MIPYME Emprendedor","PROGRAMA DE APOYO A LA INTERNACIONALIZACIÓN MODALIDAD III - CONSOLIDACIÓN DE LA ACTIVIDAD EXPORTADORA",2022,"159-PROINNOVATE-PAIM3-2022","INGRESO DEL GRANO DE CACAO FINO AROMA DE LA C.A.C. ALTO URUBAMBA AL MERCADO FRANCÉS.",20220621,20240603,"COOPERATIVA AGRARIA CAFETALERA ALTO URUBAMBA LTDA N° 239","SANTA ANA","LA CONVENCION","CUSCO",080901,140500.0000,41000.0000,0.0000,"SOLES",20250331
"MIPYME Emprendedor","PROGRAMA DE APOYO A LA INTERNACIONALIZACIÓN MODALIDAD IV - IMPLANTACIÓN COMERCIAL",2022,"175-PROINNOVATE-PAIM4-2022","IMPLANTACION COMERCIAL DE LA MARCA COMESA CON EL SUMINISTRO DE REPUESTOS PARA EQUIPOS DE PROCESAMIENTO DE MINERALES",20220704,20251002,"CONSORCIO METALURGICO S A","LIMA","LIMA","LIMA",150101,294399.5400,126171.4600,0.0000,"SOLES",20250331
"MIPYME Emprendedor","PROGRAMA EMERGENCIA EMPRESARIAL - MYPES REACTIVADAS - ALTERNATIVA 1",2022,"178-PROINNOVATE-EER1-2022","DESARROLLO DE ESTRATEGIAS DE MARKETING DIGITAL Y GESTIÓN DE CLIENTES CRM PARA LA RECUPERACIÓN Y CAPTACIÓN DE CLIENTES\, Y SU SEGUIMIENTO PRE/POST COMPRA DE SERVICIOS Y PRODUCTOS DE MECÁNICA EN LA EMPRESA VIPER AUTOMOTORA S.A.C.",20220621,20230621,"VIPER AUTOMOTORA S.A.C.","VILLA EL SALVADOR","LIMA","LIMA",150142,35000.0000,4466.6700,7200.0000,"SOLES",20250331
"MIPYME Emprendedor","PROGRAMA EMERGENCIA EMPRESARIAL - MYPES REACTIVADAS - ALTERNATIVA 1",2022,"179-PROINNOVATE-EER1-2022","FORTALECIMIENTO DEL SISTEMA DE GESTIÓN COMERCIAL Y VENTA DE SERVICIOS DE SEGURIDAD\, MEDIANTE LA GESTIÓN DE CANALES Y ESTRATEGIAS DE MARKETING DIGITAL\, Y SEGUIMIENTO PERSONALIZADO DE CLIENTES MEDIANTE UN CRM PARA LA EMPRESA CONTROL & SECURITY TECHNOLOGIES.",20220621,20230621,"CONTROL & SECURITY TECHNOLOGIES S.A.C","SANTIAGO DE SURCO","LIMA","LIMA",150140,35000.0000,4466.6700,7200.0000,"SOLES",20250331
"FINCYT III","CONCURSO FORTALECIMIENTO ESTRATÉGICO DE CENTROS DE EXTENSIÓN Y TRANSFERENCIA TECNOLÓGICA (CET) - SEGUNDA FASE",2022,"180-PROINNOVATE-CETF2-2022","FORTALECIMIENTO ESTRATÉGICO EN EXTENSIONISMO TECNOLÓGICO E INNOVACIÓN DEL CET PARA LA CADENA DE VALOR DEL CUERO\, CALZADO E INDUSTRIAS CONEXAS DE LA REGIÓN NORTE DEL PERÚ",20221027,20241214,"INSTITUTO TECNOLÓGICO DE LA PRODUCCIÓN","SAN ISIDRO","LIMA","LIMA",150131,4800000.0000,0.0000,1477375.0000,"SOLES",20250331
"MIPYME Emprendedor","FORTALECIMIENTO DE INCUBADORAS DE NEGOCIOS Y ENTIDADES AFINES - REDES DE INVERSIONISTAS ÁNGELES",2022,"182-PROINNOVATE-RIA-2022","FORTALECIMIENTO DE LA RED DE INVERSIONISTAS ANGELES AVP",20220708,20250708,"ANGEL VENTURES PERU SOCIEDAD ANONIMA CERRADA - ANGEL VENTURES PERU S.A.C.","SAN ISIDRO","HUAYTARA","HUANCAVELICA",090612,642554.2400,210769.7600,72000.0000,"SOLES",20250331
"MIPYME Emprendedor","FORTALECIMIENTO DE INCUBADORAS DE NEGOCIOS Y ENTIDADES AFINES - REDES DE INVERSIONISTAS ÁNGELES",2022,"185-PROINNOVATE-RIA-2022","THE BOARD 2.0: FORTALECIMIENTO DE LA RED DE INVERSIONISTAS ÁNGELES",20220726,20250726,"THE BOARD SOCIEDAD GESTORA S.A.C.","MIRAFLORES","LIMA","LIMA",150122,642900.0000,0.0000,71407.7300,"SOLES",20250331
"MIPYME Emprendedor","PROGRAMA EMERGENCIA EMPRESARIAL - MYPES REACTIVADAS - ALTERNATIVA 1",2022,"188-PROINNOVATE-EER1-2022","DESARROLLO DE UN PROTOTIPO PARA EL MEJORAMIENTO DEL PROCESO DE SECADO DE CASTAÑA EN CÁSCARA PARA EXPORTACIÓN EN LA EMPRESA \"AMAZON NUTS S.A.C.\"",20220704,20231003,"AMAZON NUTS S.A.C.","TAMBOPATA","TAMBOPATA","MADRE DE DIOS",170101,35000.0000,4466.6700,7200.0000,"SOLES",20250331
"MIPYME Emprendedor","PROGRAMA DE APOYO A CLUSTERS",2022,"189-PROINNOVATE-PAC-2022","INICIATIVA DE APOYO AL CLÚSTER DE LÁCTEOS EN CAJAMARCA",20220804,20250204,"CLÚSTER DE DERIVADOS LÁCTEOS DE CAJAMARCA","CAJAMARCA","CAJAMARCA","CAJAMARCA",060101,998190.8100,405524.7700,59100.0000,"SOLES",20250331
"FINCYT III","CONCURSO FORTALECIMIENTO ESTRATÉGICO DE CENTROS DE EXTENSIÓN Y TRANSFERENCIA TECNOLÓGICA (CET) - SEGUNDA FASE",2022,"192-PROINNOVATE-CETF2-2022","FORTALECIMIENTO ESTRATEGICO DEL CET CITE PRODUCTIVO MAYNAS PARA LAS CADENAS  AGROINDUSTRIAL Y ACUICOLA PESQUERO\, EN LA REGION LORETO",20221027,20241214,"INSTITUTO TECNOLÓGICO DE LA PRODUCCIÓN","SAN ISIDRO","LIMA","LIMA",150131,3485250.0000,0.0000,862500.0000,"SOLES",20250331
"MIPYME Emprendedor","PROGRAMA DE APOYO A LA INTERNACIONALIZACIÓN MODALIDAD I - EMPRENDEDOR EXPORTADOR",2022,"206-PROINNOVATE-PAIM1-2022","INTERNACIONALIZAR EL COMERCIO DE LOS SERVICIOS DE INGENIERÍA EN SISTEMAS DE CONTROL DE PROCESO\, CON DESTINO A LA INDUSTRIA PESQUERA DE CHILE",20220812,20250804,"IDEA LAB S.A.C.","SANTIAGO DE SURCO","LIMA","LIMA",150140,69802.9900,7897.0100,0.0000,"SOLES",20250331
"MIPYME Emprendedor","EMPRENDIMIENTOS DINAMICOS",2022,"241-PROINNOVATE-EDI-2022","SMART DOCTOR\, PERMITE A LAS EMPRESAS BRINDAR SERVICIOS DE SALUD Y BIENESTAR ACCESIBLES Y DE ALTA CALIDAD A SUS EMPLEADOS Y SUS FAMILIAS\, A TRAVÉS DE TELECONSULTAS.",20220819,20230819,"INNOVATION AND HEALTH TECHNOLOGIES S.A.C.","MAGDALENA DEL MAR","LIMA","LIMA",150120,150000.0000,21200.0000,4308571.0000,"SOLES",20250331
"MIPYME Emprendedor","EMPRENDEDORES INNOVADORES",2022,"243-PROINNOVATE-EIN-2022","AGRITRÓNICA: AUTOMATIZACIÓN DE RIEGO Y FERTILIZACIÓN.",20220819,20230519,"ZAPATA ZUÑIGA MANUEL ALBERTO","CHICLAYO","CHICLAYO","LAMBAYEQUE",140101,55000.0000,5400.0000,18172.0000,"SOLES",20250331
"MIPYME Emprendedor","FORTALECIMIENTO DE ENTIDADES DE SOPORTE AL EMPRENDIMIENTO - INCUBADORAS Y ACELERADORAS DE NEGOCIOS",2022,"248-PROINNOVATE-IAN-2022","INNOVAUL: CENTRO DE EMPRENDIMIENTO DE LA UNIVERSIDAD DE LIMA",20221006,20251006,"UNIVERSIDAD DE LIMA","SANTIAGO DE SURCO","LIMA","LIMA",150140,640227.6300,219424.3700,90000.0000,"SOLES",20250331
"MIPYME Emprendedor","EMPRENDIMIENTOS DINAMICOS",2022,"253-PROINNOVATE-EDI-2022","LEGAL VENTURES: PROVEEDOR ALTERNATIVO DE SERVICIOS LEGALES QUE CONECTA ABOGADOS ON-DEMAND CON STARTUPS Y EMPRESAS",20220919,20230919,"LEGAL VENTURES","SAN ISIDRO","LIMA","LIMA",150131,150000.0000,30357.1400,33928.5700,"SOLES",20250331
"MIPYME Emprendedor","EMPRENDIMIENTOS DINAMICOS",2022,"265-PROINNOVATE-EDI-2022","TAMI SALESBOT INMOBILIARIO",20220919,20230919,"COPROYECTA S.A.C.","SAN BORJA","LIMA","LIMA",150130,150000.0000,14286.0000,50000.0000,"SOLES",20250331
"MIPYME Emprendedor","EMPRENDEDORES INNOVADORES",2022,"284-PROINNOVATE-EIN-2022","ILLARIY THREADS4DREAMS:  HILOS Y PRENDAS ARTESANALES DE BABY ALPACA DE COLORES NATURALES",20220907,20230806,"ILLA BIODIVERSIDAD Y DESARROLLO S.A.C.","BARRANCO","LIMA","LIMA",150104,55000.0000,1530.0000,22042.0000,"SOLES",20250331
"MIPYME Emprendedor","EMPRENDEDORES INNOVADORES",2022,"285-PROINNOVATE-EIN-2022","UNICORN ACADEMY LATAM: PROGRAMA ONLINE DE CAPACITACIÓN EN INGLÉS PARA PROFESIONALES TECH",20220902,20230901,"ZAPATA PFLUCKER CARLOS AUGUSTO","MIRAFLORES","LIMA","LIMA",150122,55000.0000,11571.4300,12000.0000,"SOLES",20250331
"MIPYME Emprendedor","EMPRENDEDORES INNOVADORES",2022,"290-PROINNOVATE-EIN-2022","QUIRU\, SOLUCIÓN SAAS QUE PERMITE A LOS ODONTÓLOGOS SIN ASISTENTE REDUCIR EL TIEMPO DE REGISTRO DOCUMENTARIO.",20220914,20230614,"GARCÍA AYACHI RAMÓN","BREÑA","LIMA","LIMA",150105,55000.0000,2864.7000,25500.0000,"SOLES",20250331
"MIPYME Emprendedor","EMPRENDEDORES INNOVADORES",2022,"291-PROINNOVATE-EIN-2022","BANKEA\, MARKETPLACE DE PRODUCTOS FINANCIEROS QUE PERMITE A LOS USUARIOS CONOCER\, COMPARAR Y CONTRATAR INMEDIATAMENTE LAS OFERTAS QUE LAS ENTIDADES FINANCIERAS TIENEN YA PREAPROBADAS PARA ELLOS",20221010,20230710,"CO-BANKING S.A.C.","MIRAFLORES","LIMA","LIMA",150122,55000.0000,13572.0000,10000.0000,"SOLES",20250331
"MIPYME Emprendedor","EMPRENDEDORES INNOVADORES",2022,"293-PROINNOVATE-EIN-2022","CYBER EYE\, EQUIPO DE VISIÓN ARTIFICIAL PARA EL CONTROL DE INVENTARIOS AUTOMATIZADO EN TIEMPO REAL",20220919,20230619,"TECH INNOVATION S.A.C.","LA VICTORIA","LIMA","LIMA",150115,55000.0000,7103.7000,16467.7300,"SOLES",20250331
"MIPYME Emprendedor","EMPRENDIMIENTOS DINAMICOS",2022,"295-PROINNOVATE-EDI-2022","CLICKER\,  PLATAFORMA SAAS QUE AYUDA A LAS EMPRESAS DEL SECTOR AUTOMOTRIZ A INTEGRAR\, CONSOLIDAR Y PROCESAR DIVERSAS FUENTES DE LEADS CON EL OBJETIVO DE MEJORAR EL PERFORMANCE DE SUS CANALES DIGITALES Y SUS VENTAS",20220920,20240319,"STARTECH VENTURES S.A.C.","MAGDALENA DEL MAR","LIMA","LIMA",150120,150000.0000,27000.0000,37285.7143,"SOLES",20250331
"MIPYME Emprendedor","FORTALECIMIENTO DE ENTIDADES DE SOPORTE AL EMPRENDIMIENTO - INCUBADORAS Y ACELERADORAS DE NEGOCIOS",2022,"297-PROINNOVATE-IAN-2022","SCALE\, INCUBADORA DE EMPRENDIMIENTOS DE IMPACTO",20220916,20250916,"SOSTENIBILIDAD & CAPACITACIONES EN LIDERAZGO EMPRESARIAL","LIMA","LIMA","LIMA",150101,642754.8700,0.0000,0.0000,"SOLES",20250331
"MIPYME Emprendedor","PROGRAMA EMERGENCIA EMPRESARIAL - MYPES REACTIVADAS - ALTERNATIVA 2",2022,"321-PROINNOVATE-EER2-2022","FORTALECIMIENTO ARTICULADO DE NUESTROS PROCESOS OPERATIVOS E INTERNACIONALIZACIÓN DEL CALZADO TRUJILLANO PARA LA REACTIVACIÓN",20221014,20231014,"CONSORCIO RCA PERÚ","SAN ISIDRO","LIMA","LIMA",150131,96750.0000,10650.0000,21600.0000,"SOLES",20250331
"MIPYME Emprendedor","EMPRENDEDORES INNOVADORES",2022,"333-PROINNOVATE-EIN-2022","FLATPACK: MUEBLES QUE BUSCAN LA SIMPLICIDAD EN EL DISEÑO Y ARMADO.",20221110,20230810,"CHAVEZ DIEZ\, JIMENA","MIRAFLORES","LIMA","LIMA",150122,55000.0000,6000.0000,17575.0000,"SOLES",20250331
"MIPYME Emprendedor","PROGRAMA EMERGENCIA EMPRESARIAL - MYPES REACTIVADAS - ALTERNATIVA 1",2022,"348-PROINNOVATE-EER1-2022","FORTALECIMIENTO DE LOS PROCESOS DE LA EMPRESA EXPORTADORA JOMATEX SRL PARA ALCANZAR LA REACTIVACIÓN ECONÓMICA",20221010,20240108,"JOMATEX S.R.L.","JULIACA","SAN ROMAN","PUNO",211101,35000.0000,7066.6700,4600.0000,"SOLES",20250331
"MIPYME Emprendedor","FORTALECIMIENTO DE ENTIDADES DE SOPORTE AL EMPRENDIMIENTO - INCUBADORAS Y ACELERADORAS DE NEGOCIOS",2022,"353-PROINNOVATE-IAN-2022","IMPLEMENTACIÓN DEL MODELO VENTURE STUDIO EN LA INCUBADORA DE EMPRESAS INNICIA",20221114,20251114,"UNIVERSIDAD CATOLICA DE SANTA MARIA","AREQUIPA","AREQUIPA","AREQUIPA",040101,628105.3600,81657.7300,77400.0000,"SOLES",20250331
"FINCYT III","PROYECTOS DE VALIDACIÓN DE LA INNOVACIÓN",2022,"363-PROINNOVATE-PIEC2-2022","VALIDACIÓN (TÉCNICA-COMERCIAL) Y EMPAQUETAMIENTO DE SET DE CONVERSIÓN DE SILLA DE RUEDAS MANUAL A SILLA DE RUEDAS ELÉCTRICA.",20221111,20231011,"V & M MAQUINARIAS S.A.C.","SAN LUIS","LIMA","LIMA",150134,351833.9400,58079.0500,126200.0000,"SOLES",20250331
"MIPYME Emprendedor","PROGRAMA EMERGENCIA EMPRESARIAL - MYPES REACTIVADAS - ALTERNATIVA 1",2022,"367-PROINNOVATE-EER1-2022","RECUPERACIÓN DE MERCADOS Y CLIENTES PARA LA EMPRESA MALABARES USANDO PLATAFORMAS ONLINE Y OFFLINE",20221125,20231125,"ZAPATA INNOCENZI JAVIER IGNACIO","SANTIAGO DE SURCO","LIMA","LIMA",150140,35000.0000,7066.6700,4600.0000,"SOLES",20250331
"FINCYT III","Startup Perú PLUG - Atracción de Emprendedores extranjeros",2022,"393-PROINNOVATE-INS-2022","FIRMAVIRTUAL: NOTARÍA ONLINE CON FIRMA ELECTRÓNICA",20221109,20231009,"SIGNIT S.A.C.","MIRAFLORES","LIMA","LIMA",150122,38000.0000,16722.0000,6000.0000,"DOLARES",20250331
"MIPYME Emprendedor","PROGRAMA DE APOYO A LA INTERNACIONALIZACIÓN MODALIDAD I - EMPRENDEDOR EXPORTADOR",2022,"410-PROINNOVATE-PAIM1-2022","GEL PARA ECOGRAFÍA Y ELECTROCARDIOGRAMA PARA EL MERCADO DE PANAMÁ",20221114,20250311,"TRANSFORMACIONES QUIMICAS DEL PERU S.A.C","RIMAC","LIMA","LIMA",150128,69903.0000,7767.0000,0.0000,"SOLES",20250331
"MIPYME Emprendedor","PROGRAMA DE APOYO A LA INTERNACIONALIZACIÓN MODALIDAD III - CONSOLIDACIÓN DE LA ACTIVIDAD EXPORTADORA",2022,"411-PROINNOVATE-PAIM3-2022","COCTAIL DE PISCO JA READY TO DRINK CONQUISTANDO AL MERCADO ESTADOUNIDENSE",20230102,20241030,"BODEGAS PERU SOCIEDAD ANONIMA CERRADA-BODEGAS PERU S.A.C.","SAN BARTOLO","LIMA","LIMA",150129,150000.0000,37500.0000,0.0000,"SOLES",20250331
"MIPYME Emprendedor","PROGRAMA DE APOYO A LA INTERNACIONALIZACIÓN MODALIDAD III - CONSOLIDACIÓN DE LA ACTIVIDAD EXPORTADORA",2022,"415-PROINNOVATE-PAIM3-2022","INTERNACIONALIZACIÓN DE SERVICIOS DE CONSULTORÍA DE ANALÍTICA DE DATOS DE LA EMPRESA PRAYAGA SOLUTIONS SAC AL MERCADO DE ESTADOS UNIDOS",20230112,20250224,"PRAYAGA SOLUTIONS S.A.C","MIRAFLORES","LIMA","LIMA",150122,150000.0000,37500.0000,0.0000,"SOLES",20250331
"MIPYME Emprendedor","PROGRAMA EMERGENCIA EMPRESARIAL - MYPES REACTIVADAS - ALTERNATIVA 1",2022,"423-PROINNOVATE-EER1-2022","IMPLEMENTACIÓN DE HERRAMIENTAS DIGITALES EN LOS PROCESOS OPERATIVOS DE LA EMPRESA \"GRIFO RISO COMPANY S.A.C.\" PARA SU REACTIVACIÓN COMERCIAL.",20221202,20231202,"GRIFO RISO COMPANY S.A.C.","JUANJUI","MARISCAL CACERES","SAN MARTIN",220601,23750.0000,9250.0000,2000.0000,"SOLES",20250331
"MIPYME Emprendedor","PROGRAMA EMERGENCIA EMPRESARIAL - MYPES REACTIVADAS - ALTERNATIVA 1",2022,"439-PROINNOVATE-EER1-2022","IMPLEMENTACIÓN DE UNA ESTRATEGIA INTEGRAL DE MARKETING DIGITAL PARA EL FORTALECIMIENTO DE LAS CAPACIDADES COMERCIALES DE LA EMPRESA \"KENTE SAT S.R.L.\"",20221122,20231122,"KENTE SAT INVERSIONES SOCIEDAD COMERCIAL DE RESPONSABILIDAD LIMITADA - KENTE SAT S.R.L.","WANCHAQ","CUSCO","CUSCO",080108,35000.0000,4467.0000,7200.0000,"SOLES",20250331
"MIPYME Emprendedor","PROGRAMA EMERGENCIA EMPRESARIAL - MYPES REACTIVADAS - ALTERNATIVA 1",2022,"440-PROINNOVATE-EER1-2022","OPTIMIZACIÓN DE LOS PROCESOS COMERCIALES\, LOGÍSTICOS Y ADMINISTRATIVOS PARA LA MEJORA DEL SOFTWARE ILLAPA SMART COMO ESTRATEGIA DE APOYO PARA LA REACTIVACIÓN ECONÓMICA DE LA \"EMPRESA DE TRANSPORTES TURISTICOS ILLAPA S.R.L.\"",20221122,20231122,"EMP.DE TRANSP.TURISTICOS ILLAPA S.R.L.","WANCHAQ","CUSCO","CUSCO",080108,35000.0000,4467.0000,7200.0000,"SOLES",20250331
"MIPYME Emprendedor","PROGRAMA DE APOYO A LA INTERNACIONALIZACIÓN MODALIDAD III - CONSOLIDACIÓN DE LA ACTIVIDAD EXPORTADORA",2022,"449-PROINNOVATE-PAIM3-2022","CONSOLIDACIÓN DE LAS EXPORTACIONES DE JUGUETES HECHOS DE ALPACA DE LA EMPRESA ARPARIC AL MERCADO DE REINO UNIDO",20230104,20240717,"CORPORACIÓN ARPARIC E.I.R.L.","EL TAMBO","HUANCAYO","JUNIN",120114,150000.0000,37500.0000,0.0000,"SOLES",20250331
"MIPYME Emprendedor","PROGRAMA DE APOYO A LA INTERNACIONALIZACIÓN MODALIDAD III - CONSOLIDACIÓN DE LA ACTIVIDAD EXPORTADORA",2022,"450-PROINNOVATE-PAIM3-2022","FORTALECIMIENTO Y CONSOLIDACIÓN DE NUEVOS ALIADOS ESTRATÉGICOS EN ARABIA SAUDITA\, PARA EL DESPEGUE INTERNACIONAL\, INCREMENTO DEL POSICIONAMIENTO Y VOLUMEN DE EXPORTACIÓN DE LA MARCA AYNI.",20230206,20250515,"AYNI DESIGN LAB S.A.C","MIRAFLORES","LIMA","LIMA",150122,150000.0000,37500.0000,0.0000,"SOLES",20250331
"MIPYME Emprendedor","PROGRAMA DE APOYO A LA INTERNACIONALIZACIÓN MODALIDAD III - CONSOLIDACIÓN DE LA ACTIVIDAD EXPORTADORA",2022,"451-PROINNOVATE-PAIM3-2022","EXPORTACIÓN DE CACAO EN GRANO GRADO I CON CERTIFICADO ORGÁNICO FAIR TRADE PARA EL MERCADO ITALIANO",20230919,20251206,"COOPERATIVA AGRARIA INDUSTRIAL ASPROC - NBT LTDA","TOCACHE","TOCACHE","SAN MARTIN",221001,150000.0000,37500.0000,0.0000,"SOLES",20250331
"MIPYME Emprendedor","PROGRAMA DE APOYO A LA INTERNACIONALIZACIÓN MODALIDAD III - CONSOLIDACIÓN DE LA ACTIVIDAD EXPORTADORA",2022,"462-PROINNOVATE-PAIM3-2022","FORTALECER E INCREMENTAR LA OFERTA EXPORTABLE DE LA MARCA AGUACLARA EN SUDAFRICA\, MEDIANTE EL DISEÑO E IMPLEMENTACIÓN DE UN PLAN DE INTERNACIONALIZACIÓN",20230116,20240925,"APPLAUZI S A","SURQUILLO","LIMA","LIMA",150141,150000.0000,37500.0000,0.0000,"SOLES",20250331
"MIPYME Emprendedor","PROGRAMA DE APOYO A LA INTERNACIONALIZACIÓN MODALIDAD I - EMPRENDEDOR EXPORTADOR",2022,"463-PROINNOVATE-PAIM1-2022","INTERNACIONALIZACIÓN DE HAMBURGUESAS PLANT BASED DE SABORES VARIADOS AL MERCADO CHILENO",20221128,20240526,"POSTDATA S.A.C.","CHORRILLOS","LIMA","LIMA",150108,69995.0000,7803.0000,0.0000,"SOLES",20250331
"MIPYME Emprendedor","PROGRAMA DE APOYO A LA INTERNACIONALIZACIÓN MODALIDAD II - POTENCIAMIENTO DE LAS EXPORTACIONES",2022,"475-PROINNOVATE-PAIM2-2022","PROCESO DE INTERNACIONALIZACION Y POTENCIAMIENTO  DE NUESTRAS EXPORTACIONES DE CHIFLES SALADOS AMAZONICOS PARA EL MERCADO DE ESTADOS UNIDOS DE NORTEAMERICA.",20221206,20240704,"AGROINDUSTRIAS E INVERSIONES DARVIGIEL E.I.R.L.","TARAPOTO","SAN MARTIN","SAN MARTIN",220901,89998.2000,9999.8000,0.0000,"SOLES",20250331
"MIPYME Emprendedor","PROGRAMA DE APOYO A LA INTERNACIONALIZACIÓN MODALIDAD III - CONSOLIDACIÓN DE LA ACTIVIDAD EXPORTADORA",2022,"478-PROINNOVATE-PAIM3-2022","CONSOLIDACION COMERCIAL DEL CAFE GOURMET EN EL MERCADO JAPONES",20230303,20250918,"COOPERATIVA AGRARIA DE CAFICULTORES ALTO CAJAMARCA","JAEN","JAEN","CAJAMARCA",060801,150000.0000,37500.0000,0.0000,"SOLES",20250331
"MIPYME Emprendedor","PROGRAMA DE APOYO A LA INTERNACIONALIZACIÓN MODALIDAD III - CONSOLIDACIÓN DE LA ACTIVIDAD EXPORTADORA",2022,"479-PROINNOVATE-PAIM3-2022","PIEDRA ANDINA EN EL MERCADO FRANCES: DIVERSIFICACION DE NUESTRA CARTERA",20221229,20240817,"ESTUDIO FLYER PERU SOCIEDAD ANONIMA CERRADA - E FLYER PERU S.A.C.","PACASMAYO","PACASMAYO","LA LIBERTAD",130704,150000.0000,37500.0000,0.0000,"SOLES",20250331
"FINCYT III","PROYECTOS DE INNOVACIÓN EMPRESARIAL",2022,"480-PROINNOVATE-PIEC1-2022","CREACIÓN DE UN SISTEMA REPLICABLE DE ÓPTIMA PRODUCCIÓN PARA LA REDUCCIÓN DE TIEMPOS DE COCINA EN LA CEVICHERÍA PUERTO 92 (AREQUIPA).",20221212,20231112,"GRUPO CRECIMIENTO S.A.C.","JOSE LUIS BUSTAMANTE Y RIVERO","AREQUIPA","AREQUIPA",040129,76911.4100,35005.1900,41955.6400,"SOLES",20250331
"MIPYME Emprendedor","PROGRAMA DE APOYO A LA INTERNACIONALIZACIÓN MODALIDAD I - EMPRENDEDOR EXPORTADOR",2022,"483-PROINNOVATE-PAIM1-2022","COMAPE EN BUSCA DE SU INTERNACIONALIZACIÓN CON GRANALLAS Y MARMOLINAS EN EL MERCADO CHILENO",20221222,20250320,"CONCRETOS Y MARMOLES PERALTA CONSTRUCTORA EMPRESA INDIVIDUAL DE RESPONSABILIDAD LIMITADA","EL TAMBO","HUANCAYO","JUNIN",120114,70000.0000,7777.7700,0.0000,"SOLES",20250331
"MIPYME Emprendedor","PROGRAMA DE APOYO A LA INTERNACIONALIZACIÓN MODALIDAD III - CONSOLIDACIÓN DE LA ACTIVIDAD EXPORTADORA",2022,"491-PROINNOVATE-PAIM3-2022","CONSOLIDACIÓN DE LAS EXPORTACIONES DE LA COOPERATIVA ALLIMA CACAO\, BUSCANDO ABASTECER DE CACAO EN GRANO FERMENTADO SECO Y SELECCIONADO AL MERCADO SUIZO",20230227,20240527,"COOPERATIVA AGRARIA ALLIMA CACAO LTDA.","CHAZUTA","SAN MARTIN","SAN MARTIN",220904,150000.0000,37500.0000,0.0000,"SOLES",20250331
"MIPYME Emprendedor","FORTALECIMIENTO DE ENTIDADES DE SOPORTE AL EMPRENDIMIENTO - INCUBADORAS Y ACELERADORAS DE NEGOCIOS",2022,"493-PROINNOVATE-IAN-2022","CAJAMARCA INCUBA - FORTALECIMIENTO DE LA CÁMARA DE COMERCIO Y PRODUCCIÓN DE CAJAMARCA COMO INCUBADORA DE NEGOCIOS",20221201,20251201,"CAMARA DE COMERCIO Y PRODUCCION DE CAJAMARCA","CAJAMARCA","CAJAMARCA","CAJAMARCA",060101,642000.0000,221025.9200,4900.0000,"SOLES",20250331
"MIPYME Emprendedor","PROGRAMA DE APOYO A LA INTERNACIONALIZACIÓN MODALIDAD III - CONSOLIDACIÓN DE LA ACTIVIDAD EXPORTADORA",2022,"495-PROINNOVATE-PAIM3-2022","CONSOLIDACIÓN DE LA ACTIVIDAD EXPORTADORA DE LA EMPRESA HAMILLTON FARM PERU S.A.C. EN CANADÁ DE JENGIBRE FRESCO PREMIUM CON SELLO DE PRODUCCIÓN ORGÁNICA",20221205,20251204,"HAMILLTON FARM PERU S.A.C.","PERENE","CHANCHAMAYO","JUNIN",120302,149886.0000,37516.9200,0.0000,"SOLES",20250331
"MIPYME Emprendedor","PROGRAMA DE APOYO A LA INTERNACIONALIZACIÓN MODALIDAD III - CONSOLIDACIÓN DE LA ACTIVIDAD EXPORTADORA",2022,"496-PROINNOVATE-PAIM3-2022","INTERNACIONALIZANDO LA CASTAÑA AMAZÓNICA AL MERCADO DEL REINO UNIDO - MANUTATA",20230116,20240914,"MANUTATA SOCIEDAD ANONIMA CERRADA","LAS PIEDRAS","TAMBOPATA","MADRE DE DIOS",170103,150000.0000,38500.0000,0.0000,"SOLES",20250331
"FINCYT III","Startup Perú PLUG - Atracción de Emprendedores extranjeros",2022,"497-PROINNOVATE-INS-2022","CÁRBULA: PLATAFORMA PARA VENDER AUTOS USADOS",20221125,20230825,"CARBULA PERU S.A.C.","SANTIAGO DE SURCO","LIMA","LIMA",150140,37980.0000,12295.0000,4010.0000,"DOLARES",20250331
"MIPYME Emprendedor","PROGRAMA DE APOYO A LA INTERNACIONALIZACIÓN MODALIDAD III - CONSOLIDACIÓN DE LA ACTIVIDAD EXPORTADORA",2022,"498-PROINNOVATE-PAIM3-2022","CONSOLIDACIÓN DE LAS EXPORTACIONES DE PIJAMAS DE LA MARCA INBLOOM EN EL MERCADO FRANCÉS",20221221,20240727,"CATALOGO S.A.C","CHORRILLOS","LIMA","LIMA",150108,150000.0000,37500.0000,0.0000,"SOLES",20250331
"MIPYME Emprendedor","PROGRAMA DE APOYO A LA INTERNACIONALIZACIÓN MODALIDAD III - CONSOLIDACIÓN DE LA ACTIVIDAD EXPORTADORA",2022,"499-PROINNOVATE-PAIM3-2022","CONSOLIDACIÓN DE LA EXPORTACIÓN AL MERCADO COREANO CON JENGIBRE CONGELADO",20230120,20241010,"AGROQUISKAY S.A.C.","ISLAY","ISLAY","AREQUIPA",040704,150000.0000,37500.0000,0.0000,"SOLES",20250331
"MIPYME Emprendedor","PROGRAMA DE APOYO A LA INTERNACIONALIZACIÓN MODALIDAD III - CONSOLIDACIÓN DE LA ACTIVIDAD EXPORTADORA",2022,"500-PROINNOVATE-PAIM3-2022","CONSOLIDACIÓN EXPORTADORA DE CAFÉS ESPECIALES Y CERTIFICADOS EN GRANO VERDE DE LA ASOCIACIÓN ASPROCAFÉ DE LA REGIÓN DE CAJAMARCA AL MERCADO DE COREA DEL SUR",20230203,20250428,"ASOCIACION DE PRODUCTORES CAFETALEROS EL SANTUARIO","JAEN","JAEN","CAJAMARCA",060801,150000.0000,38000.0000,0.0000,"SOLES",20250331
"MIPYME Emprendedor","PROGRAMA DE APOYO A LA INTERNACIONALIZACIÓN MODALIDAD III - CONSOLIDACIÓN DE LA ACTIVIDAD EXPORTADORA",2022,"502-PROINNOVATE-PAIM3-2022","EXPORTACIÓN DE CAFÉ EN GRANO ORO VERDE DE TARAPOTO DE PUNTAJE ENTRE 81 Y 85 HACIA EL MERCADO DE AUSTRALIA.",20221221,20241211,"COOPERATIVA AGRARIA MONTE AZUL - MONTE AZUL COOP","TARAPOTO","SAN MARTIN","SAN MARTIN",220901,150000.0000,37500.0000,0.0000,"SOLES",20250331
"MIPYME Emprendedor","PROGRAMA DE APOYO A LA INTERNACIONALIZACIÓN MODALIDAD III - CONSOLIDACIÓN DE LA ACTIVIDAD EXPORTADORA",2022,"505-PROINNOVATE-PAIM3-2022","CONSOLIDACION DE LA EXPORTACION DE CAFÉ GRANO VERDE (COFFEA ARABICA) DIFERENCIADO\, DE LA ASOCIACION ALPES ANDINOS\, PARA EL MERCADO DE COREA DEL SUR",20230126,20250319,"ASOCIACION DE PRODUCTORES CAFETALEROS ALPES ANDINOS","JAEN","JAEN","CAJAMARCA",060801,150000.0000,37500.0000,0.0000,"SOLES",20250331
"MIPYME Emprendedor","PROGRAMA DE APOYO A LA INTERNACIONALIZACIÓN MODALIDAD II - POTENCIAMIENTO DE LAS EXPORTACIONES",2022,"506-PROINNOVATE-PAIM2-2022","POTENCIAMIENTO DE LA EXPORTACIÓN DE BABY BANANA ORGÁNICO FRESCO AL MERCADO DE ESTADOS UNIDOS POR LA EMPRESA PATT FRESH SAC - SEDE REGIÓN HUÁNUCO",20230110,20240904,"PATT FRESH S.A.C.","SAN LUIS","LIMA","LIMA",150134,89818.9900,16169.4100,0.0000,"SOLES",20250331
"MIPYME Emprendedor","PROGRAMA DE APOYO A LA INTERNACIONALIZACIÓN MODALIDAD III - CONSOLIDACIÓN DE LA ACTIVIDAD EXPORTADORA",2022,"507-PROINNOVATE-PAIM3-2022","CONSOLIDACION DEL JENGIBRE ORGANICO FRESCO MARCA AÑAWI PARA PAISES BAJOS",20221219,20241213,"ANAWI EXPORT S.A.C.","LA MOLINA","LIMA","LIMA",150114,150000.0000,37500.0000,0.0000,"SOLES",20250331
"MIPYME Emprendedor","PROGRAMA DE APOYO A LA INTERNACIONALIZACIÓN MODALIDAD III - CONSOLIDACIÓN DE LA ACTIVIDAD EXPORTADORA",2022,"509-PROINNOVATE-PAIM3-2022","EXPORTAR LA LÍNEA DE ROPA INFANTIL DE LA MARCA NUNA COTTON AL MERCADO DE BRASIL",20230202,20240502,"NUNA COTTON E.I.R.L.","PUENTE PIEDRA","LIMA","LIMA",150125,150000.0000,37500.0000,0.0000,"SOLES",20250331
"MIPYME Emprendedor","PROGRAMA DE APOYO A LA INTERNACIONALIZACIÓN MODALIDAD III - CONSOLIDACIÓN DE LA ACTIVIDAD EXPORTADORA",2022,"513-PROINNOVATE-PAIM3-2022","EXPORTACIÓN DE CAFÉ GRANO VERDE ESPECIAL AL MERCADO AUSTRALIANO",20230201,20240501,"ASOCIACION DE PRODUCTORES CAFETALEROS ALTO SAN IGNACIO","SAN IGNACIO","SAN IGNACIO","CAJAMARCA",060901,150000.0000,37500.0000,0.0000,"SOLES",20250331
"MIPYME Emprendedor","PROGRAMA DE APOYO A LA INTERNACIONALIZACIÓN MODALIDAD I - EMPRENDEDOR EXPORTADOR",2022,"515-PROINNOVATE-PAIM1-2022","DESPEGUE COMERCIAL DE LA EMPRESA BOH GROUP S.A.C. CON CALZADO PARA CABALLEROS AL MERCADO CHILENO BAJO ESTÁNDARES DE DISEÑO\, CALIDAD Y CONFORT.",20230915,20241215,"BOH GROUP S.A.C.","EL PORVENIR","TRUJILLO","LA LIBERTAD",130102,69238.4000,8500.0000,0.0000,"SOLES",20250331
"MIPYME Emprendedor","PROGRAMA DE APOYO A LA INTERNACIONALIZACIÓN MODALIDAD II - POTENCIAMIENTO DE LAS EXPORTACIONES",2022,"517-PROINNOVATE-PAIM2-2022","INTERNACIONALIZACIÓN DEL CAFÉ ORO DE LA COOPERATIVA AGRARIA CAFETALERA PERÚ ANDINO A ESTADOS UNIDOS",20221222,20240802,"COOPERATIVA AGRARIA CAFETALERA PERÚ ANDINO","JAEN","JAEN","CAJAMARCA",060801,89999.9000,10000.1000,0.0000,"SOLES",20250331
"MIPYME Emprendedor","PROGRAMA DE APOYO A LA INTERNACIONALIZACIÓN MODALIDAD II - POTENCIAMIENTO DE LAS EXPORTACIONES",2022,"518-PROINNOVATE-PAIM2-2022","PLAN DE INTERNACIONALIZACIÓN DE POLVO DEL TARWI EN DIFERENTES PRESENTACIONES PARA EL MERCADO ESTADOUNIDENSE",20230201,20241023,"TARWICORP SAC","SAN MIGUEL","LIMA","LIMA",150136,90000.0000,10804.5300,0.0000,"SOLES",20250331
"MIPYME Emprendedor","PROGRAMA DE APOYO A LA INTERNACIONALIZACIÓN MODALIDAD II - POTENCIAMIENTO DE LAS EXPORTACIONES",2022,"519-PROINNOVATE-PAIM2-2022","INCREMENTO DE LA OFERTA EXPORTABLE DE CAFÉS ESPECIALES CON CERTIFICACIÓN ORGÁNICA DE LA ASOCIACIÓN DE PRODUCTORES AGROPECUARIOS CAFÉ SOLIDARIO HACIA EL MERCADO DE ESTADOS UNIDOS",20230408,20240708,"ASOCIACION DE PRODUCTORES AGROPECUARIOS CAFE SOLIDARIO","JAEN","JAEN","CAJAMARCA",060801,89910.0000,9990.0000,0.0000,"SOLES",20250331
"MIPYME Emprendedor","PROGRAMA DE APOYO A LA INTERNACIONALIZACIÓN MODALIDAD I - EMPRENDEDOR EXPORTADOR",2022,"521-PROINNOVATE-PAIM1-2022","EXPORTACIÓN DE SOFTWARE PARA SISTEMAS INTEGRADOS DE GESTIÓN PARA EMPRESAS PYMES EN EL MERCADO ECUATORIANO.",20221223,20260310,"IM & RA CORE BUSINESS S.A.C.","SAN BORJA","LIMA","LIMA",150130,69966.0000,7774.0000,0.0000,"SOLES",20250331
"MIPYME Emprendedor","PROGRAMA DE APOYO A LA INTERNACIONALIZACIÓN MODALIDAD III - CONSOLIDACIÓN DE LA ACTIVIDAD EXPORTADORA",2022,"523-PROINNOVATE-PAIM3-2022","IMPLEMENTACIÓN DE ESTRATEGIAS DE INTERNACIONALIZACIÓN EN LA CADENA DE CACAOS FINOS Y DE AROMA SOSTENIBLES AL MERCADO DE ESTADOS UNIDOS",20230216,20250211,"INVERSIONES CAMPO VERDE SAC","LA MOLINA","LIMA","LIMA",150114,150000.0000,37500.0000,0.0000,"SOLES",20250331
"MIPYME Emprendedor","PROGRAMA DE APOYO A LA INTERNACIONALIZACIÓN MODALIDAD III - CONSOLIDACIÓN DE LA ACTIVIDAD EXPORTADORA",2022,"540-PROINNOVATE-PAIM3-2022","CONSOLIDACIÓN DE LAS EXPORTACIONES DE CAFÉ ORGÁNICO PRODUCIDO POR LA COOPERATIVA AGRARIA LA PROSPERIDAD DE CHIRINOS EN EL MERCADO DE JAPÓN.",20231212,20250312,"COOPERATIVA AGRARIA CAFETALERA \"LA PROSPERIDAD\" DE CHIRINOS","CHIRINOS","SAN IGNACIO","CAJAMARCA",060902,150000.0000,40500.0000,0.0000,"SOLES",20250331
"FINCYT III","Startup Perú PLUG - Atracción de Emprendedores extranjeros",2022,"542-PROINNOVATE-INS-2022","MECUBRO\,  INSURTECH  PARA DEMOCRATIZAR EL ACCESO AL SEGURO PARA PERSONAS.",20230106,20230906,"MECUBRO S.A.C.","LIMA","LIMA","LIMA",150101,38000.0000,11400.0000,5000.0000,"DOLARES",20250331
"MIPYME Emprendedor","PROGRAMA DE APOYO A LA INTERNACIONALIZACIÓN MODALIDAD III - CONSOLIDACIÓN DE LA ACTIVIDAD EXPORTADORA",2022,"565-PROINNOVATE-PAIM3-2022","EXPORTACIÓN DEL SERVICIO DE CONSULTORÍA Y DISEÑO DE BRANDING AL MERCADO ESPAÑOL",20230308,20250111,"INFINITO CONSULTORES DE IMAGEN Y ESTRATEGIA SAC","MIRAFLORES","LIMA","LIMA",150122,150000.0000,37500.0000,0.0000,"SOLES",20250331
"BID 4","CONCURSO FORTALECIMIENTO ESTRATÉGICO DE CENTROS DE EXTENSIÓN Y TRANSFERENCIA TECNOLÓGICA (CET) - SEGUNDA FASE",2022,"569-PROINNOVATE-CETF2-2022","IMPLEMENTACIÓN DEL PLAN ESTRATÉGICO DEL CITE PESQUERO AMAZÓNICO PUCALLPA CON NUEVOS SERVICIOS PARA EL SECTOR PESCA Y ACUICULTURA DE LA REGIÓN UCAYALI",20230110,20250510,"INSTITUTO TECNOLÓGICO DE LA PRODUCCIÓN","SAN ISIDRO","LIMA","LIMA",150131,1165912.5000,0.0000,381100.0000,"SOLES",20250331
"BID 4","CONCURSO FORTALECIMIENTO ESTRATÉGICO DE CENTROS DE EXTENSIÓN Y TRANSFERENCIA TECNOLÓGICA (CET) - SEGUNDA FASE",2022,"570-PROINNOVATE-CETF2-2022","FORTALECIMIENTO ESTRATÉGICO DEL CITEACUÍCOLA PESQUERO AHUASHIYACU DE LA REGIÓN SAN MARTÍN",20230210,20250910,"INSTITUTO TECNOLÓGICO DE LA PRODUCCIÓN","SAN ISIDRO","LIMA","LIMA",150131,4800000.0000,0.0000,1534000.0000,"SOLES",20250331
"BID 4","CONCURSO FORTALECIMIENTO ESTRATÉGICO DE CENTROS DE EXTENSIÓN Y TRANSFERENCIA TECNOLÓGICA (CET) - SEGUNDA FASE",2022,"571-PROINNOVATE-CETF2-2022","\"FORTALECER EL CENTRO DE EXTENSIONISMO TECNOLÓGICO DE CUERO\, CALZADO E INDUSTRIAS CONEXAS DE AREQUIPA Y  LA REGIÓN SUR DEL PERÚ PARA ARTICULAR LA OFERTA DE SERVICIOS CON LA DEMANDA DEL SECTOR\"",20230123,20250523,"INSTITUTO TECNOLÓGICO DE LA PRODUCCIÓN","SAN ISIDRO","LIMA","LIMA",150131,1690815.0000,0.0000,508921.6700,"SOLES",20250331
"MIPYME Emprendedor","PROGRAMA DE APOYO A LA INTERNACIONALIZACIÓN MODALIDAD I - EMPRENDEDOR EXPORTADOR",2023,"001-PROINNOVATE-PAIM1-2023","EXPORTACIÓN DIRECTA DE BANANO ORGÁNICO DE CAFOM CYDEX HACIA EL MERCADO DE ALEMANIA",20230517,20250405,"COOPERATIVA AGRARIA DE FRUTAS ORGANICAS MALLARES CYDEX","MARCAVELICA","SULLANA","PIURA",200605,70000.0000,7777.3400,0.0000,"SOLES",20250331
"FINCYT III","PROYECTOS DE VALIDACIÓN DE LA INNOVACIÓN: SEGURIDAD ALIMENTARIA",2023,"012-PROINNOVATE-PIEC2SA-2023","VALIDACIÓN TÉCNICO-COMERCIAL DE LÍNEA DE PIADINAS PLANT-BASED CON SUPERFOODS APTAS PARA PERSONAS CON LAS PRINCIPALES INTOLERANCIAS ALIMENTICIAS (LECHE Y GLUTEN)\, DESARROLLADA Y PRODUCIDA EN PERÚ\, PARA COMERCIALIZAR CON LA MARCA LIFT SMART EATS.",20230206,20230806,"LIFT LIMA SOCIEDAD ANONIMA CERRADA - LIFT S.A.C.","SAN ISIDRO","LIMA","LIMA",150131,450000.0000,47111.0500,95696.0000,"SOLES",20250331
"FINCYT III","Startup Perú PLUG - Atracción de Emprendedores extranjeros",2023,"019-PROINNOVATE-INS-2023","NOW APP: TRANSFORMANDO USUARIOS RRSS EN VENDEDORES",20230303,20231003,"WIN 2 WIN S.A.C.","MIRAFLORES","LIMA","LIMA",150122,33100.0000,14380.0000,0.0000,"DOLARES",20250331
"MIPYME Emprendedor","PROGRAMA DE APOYO A CLUSTERS",2023,"041-PROINNOVATE-PAC-2023","FASE II - FORTALECIMIENTO DE LA ASOCIACION CLUSTER DE QUINUA EN APURIMAC",20230516,20250516,"CLUSTER DE QUINUA Y PRODUCTOS ANDINOS DEL PERU","TAMBURCO","ABANCAY","APURIMAC",030109,1349459.9950,478023.0900,96840.0000,"SOLES",20250331
"BID 4","PROGRAMA DE INNOVACIÓN MODERNIZACIÓN TECNOLÓGICA Y EMPRENDIMIENTO - MIPYMES DE CALIDAD",2023,"071-PROINNOVATE-IMTEMC-2023","IMPLEMENTACIÓN Y CERTIFICACIÓN DE UN SISTEMA  PREVENTIVO PARA GARANTIZAR LA INOCUIDAD ALIMENTARIA BASADA EN LA NORMA HACCP EN LA EMPRESA ENVASAL SUR PERU S.A.C.",20230526,20240626,"ENVASAL SUR PERU S.A.C.","YURA","AREQUIPA","AREQUIPA",040128,45000.0000,10285.7100,6857.1400,"SOLES",20250331
"BID 4","PROGRAMA DE INNOVACIÓN MODERNIZACIÓN TECNOLÓGICA Y EMPRENDIMIENTO - MIPYMES DE CALIDAD",2023,"079-PROINNOVATE-IMTEMC-2023","IMPLEMENTACIÓN Y CERTIFICACIÓN DE LA VALIDACIÓN TÉCNICA DEL PLAN HACCP PARA LA EMPRESA PALETAS FACTORY ARTESANAL S.A.C PARA EL CUMPLIMIENTO DE REQUISITOS DE CLIENTES DEL MERCADO INTERNACIONAL",20230605,20240705,"PALETAS FACTORY ARTESANAL S.A.C","SAN LUIS","LIMA","LIMA",150134,45000.0000,10286.0000,6857.0000,"SOLES",20250331
"BID 4","PROGRAMA DE INNOVACIÓN MODERNIZACIÓN TECNOLÓGICA Y EMPRENDIMIENTO - MIPYMES DE CALIDAD",2023,"098-PROINNOVATE-IMTEMC-2023","IMPLEMENTACIÓN Y CERTIFICACIÓN DEL SISTEMA DE GESTIÓN DE SEGURIDAD Y SALUD EN EL TRABAJO ISO 45001:2018 EN LA EMPRESA INDUSTRIAS ANGULO BURGOS S.A.C.",20230428,20240528,"INDUSTRIAS ANGULO BURGOS S.A.C. - INDUSTRIAS ANBURGOS S.A.C.","SANTIAGO DE SURCO","LIMA","LIMA",150140,44549.8700,10280.7200,6853.8100,"SOLES",20250331
"BID 4","PROGRAMA DE INNOVACIÓN MODERNIZACIÓN TECNOLÓGICA Y EMPRENDIMIENTO - MIPYMES DE CALIDAD",2023,"106-PROINNOVATE-IMTEMC-2023","IMPLEMENTACIÓN Y CERTIFICACIÓN DEL SISTEMA HACCP EN LA LÍNEA DE PROCESAMIENTO\, ENVASADO Y DISTRIBUCIÓN DEL ALFAJOR GIGANTE LAMBAYECANO DE TRES SABORES DE LA EMPRESA \"INDUSTRIA MOCHICA S.A.C.\"",20230509,20240609,"INDUSTRIA MOCHICA S.A.C","LAMBAYEQUE","LAMBAYEQUE","LAMBAYEQUE",140301,45000.0000,10285.7100,6857.1400,"SOLES",20250331
"BID 4","PROGRAMA DE INNOVACIÓN MODERNIZACIÓN TECNOLÓGICA Y EMPRENDIMIENTO - MIPYMES DE CALIDAD",2023,"128-PROINNOVATE-IMTEMC-2023","IMPLEMENTACIÓN Y CERTIFICACIÓN DEL SISTEMA DE ANÁLISIS DE PELIGROS Y PUNTOS CRÍTICOS DE CONTROL - HACCP PARA EL PROCESAMIENTO DE AGUA DE MESA SIN GAS DE LA EMPRESA CORBAX SAC",20230601,20240701,"CORBAX S.A.C.","CHICLAYO","CHICLAYO","LAMBAYEQUE",140101,45000.0000,10285.7100,6857.1400,"SOLES",20250331
"BID 4","PROGRAMA DE INNOVACIÓN MODERNIZACIÓN TECNOLÓGICA Y EMPRENDIMIENTO - MIPYMES DE CALIDAD",2023,"134-PROINNOVATE-IMTEMC-2023","DIAGNÓSTICO\, IMPLEMENTACIÓN Y CERTIFICACIÓN DEL SISTEMA DE GESTIÓN DE LA CALIDAD (ISO 9001:2015) EN LA EMPRESA R&S TEXTIL S.A.C. CON LA FINALIDAD DE OPTIMIZAR SUS PROCESOS Y RECURSOS EN LAS ACTIVIDADES DE FABRICACIÓN DE PRODUCTOS QUÍMICOS",20230609,20240709,"R & S TEXTIL S.A.C.","SAN JUAN DE LURIGANCHO","LIMA","LIMA",150132,34000.0000,7560.0000,5040.0000,"SOLES",20250331
"BID 4","PROGRAMA DE INNOVACIÓN MODERNIZACIÓN TECNOLÓGICA Y EMPRENDIMIENTO - MIPYMES DE CALIDAD",2023,"140-PROINNOVATE-IMTEMC-2023","IMPLEMENTACIÓN Y CERTIFICACIÓN DEL SISTEMA DE GESTIÓN DE SEGURIDAD Y SALUD EN EL TRABAJO ISO 45001:2018 EN LA EMPRESA SYSPRO SOLUCIONES INTEGRALES S.A.C.",20230609,20240709,"SYSPRO SOLUCIONES INTEGRALES S.A.C.","ATE","LIMA","LIMA",150103,44952.0000,10278.0000,6852.0000,"SOLES",20250331
"BID 4","PROGRAMA DE INNOVACIÓN MODERNIZACIÓN TECNOLÓGICA Y EMPRENDIMIENTO - MIPYMES DIGITALES",2023,"147-PROINNOVATE-IMTEMD-2023","POSICIONAMIENTO DIGITAL DE LA MARCA ENSUEÑOS A TRAVÉS DEL MEJORAMIENTO DEL ECOMMERCE DE LA MARCA (EN RENDIMIENTO\, UX Y UI) Y DE LA IMPLEMENTACIÓN DE UNA ESTRATEGIA INTEGRAL DE MARKETING DIGITAL (SEO\, PUBLICIDAD EN REDES SOCIALES\, GENERACIÓN DE CONTENIDO)",20230508,20240408,"H.L ENSUEÑOS EMPRESA INDIVIDUAL DE RESPONSABILIDAD LIMITADA","LA VICTORIA","LIMA","LIMA",150115,45000.0000,10286.0000,6857.0000,"SOLES",20250331
"BID 4","PROGRAMA DE INNOVACIÓN MODERNIZACIÓN TECNOLÓGICA Y EMPRENDIMIENTO - MIPYMES DE CALIDAD",2023,"176-PROINNOVATE-IMTEMC-2023","MEJORA DE PROCESOS A TRAVÉS DE LA IMPLEMENTACIÓN Y CERTIFICACIÓN DE LA NORMA ISO 9001:2015 PARA INCREMENTAR LOS SERVICIOS DE EXPORTACIÓN DE LA EMPRESA MAHARLIKA SHIP CHANDLER S.A.C.",20230727,20240727,"MAHARLIKA SHIP CHANDLER S.A.C.","CALLAO","PROV. CONST. DEL CALLAO","CALLAO",070101,44900.0000,10260.0000,6840.0000,"SOLES",20250331
"BID 4","PROYECTOS DE VALIDACIÓN DE LA INNOVACIÓN",2023,"186-PROINNOVATE-PIEC2-2023","VALIDACIÓN TÉCNICO COMERCIAL DE AVANZADO PURIFICADOR DE DIESEL POR MEDIOS FÍSICOS Y QUÍMICOS SEGÚN PATENTE 002219-2019/DIN PARA SU COMERCIALIZACIÓN EN MERCADO DE VEHÍCULOS COMERCIALES CON MOTORIZACIÓN DIESEL.",20230509,20241109,"GREENTECH INNOVATIONS S.A.C.","SANTIAGO DE SURCO","LIMA","LIMA",150140,298100.0000,51583.1700,133700.0000,"SOLES",20250331
"BID 4","PROGRAMA DE INNOVACIÓN MODERNIZACIÓN TECNOLÓGICA Y EMPRENDIMIENTO - MIPYMES DE CALIDAD",2023,"187-PROINNOVATE-IMTEMC-2023","IMPLEMENTACIÓN Y CERTIFICACIÓN DEL SISTEMA HACCP EN LA LÍNEA DE PROCESAMIENTO\, ENVASADO Y DISTRIBUCION DEL AGUA DE MESA SIN GAS ?BARI? DE LA EMPRESA PROCESOS Y DISTRIBUCIONES E.I.R.L.",20230530,20240630,"PROCESOS Y DISTRIBUCIONES E.I.R.L.","CHICLAYO","CHICLAYO","LAMBAYEQUE",140101,45000.0000,10285.7100,6857.1400,"SOLES",20250331
"BID 4","PROGRAMA DE INNOVACIÓN MODERNIZACIÓN TECNOLÓGICA Y EMPRENDIMIENTO - MIPYMES DE CALIDAD",2023,"188-PROINNOVATE-IMTEMC-2023","IMPLEMENTACIÓN Y CERTIFICACIÓN DE LA NORMA HACCP PARA LA LÍNEA DE BOCADITOS FRITOS EN LA EMPRESA \"PROCESADORA SAN JUAN E.I.R.L.\"",20230622,20240722,"PROCESADORA SAN JUAN E.I.R.L.","SAN JUAN DE LURIGANCHO","LIMA","LIMA",150132,45000.0000,10285.7200,6857.1400,"SOLES",20250331
"BID 4","PROYECTOS DE VALIDACIÓN DE LA INNOVACIÓN",2023,"202-PROINNOVATE-PIEC2-2023","VALIDACIÓN TÉCNICA Y COMERCIAL DE COJINES ELABORADOS CON FIELTRO NUNO ARTESANAL DESARROLLADOS CON PROCESOS SOSTENIBLES ORIENTADOS AL MERCADO EXTERIOR.",20230509,20250109,"NEGOCIOS N & V S.A.C.","SAN BORJA","LIMA","LIMA",150130,390577.7500,67968.2500,178701.3500,"SOLES",20250331
"BID 4","PROGRAMA DE INNOVACIÓN MODERNIZACIÓN TECNOLÓGICA Y EMPRENDIMIENTO - MIPYMES DE CALIDAD",2023,"222-PROINNOVATE-IMTEMC-2023","IMPLEMENTACIÓN Y CERTIFICACIÓN DEL SISTEMA DE GESTIÓN DE CALIDAD Y DE SEGURIDAD DE LA INFORMACIÓN\, SEGÚN LAS NORMAS ISO 9001:2015 E ISO 27001:2013 EN LA EMPRESA \"SISTEMAS Y SOLUCIONES EMPRESARIALES S.A.C.\"",20230530,20240630,"SISTEMAS Y SOLUCIONES EMPRESARIALES S.A.C.","LIMA","LIMA","LIMA",150101,45000.0000,10286.0000,6857.0000,"SOLES",20250331
"BID 4","PROGRAMA DE INNOVACIÓN MODERNIZACIÓN TECNOLÓGICA Y EMPRENDIMIENTO - MIPYMES DE CALIDAD",2023,"223-PROINNOVATE-IMTEMC-2023","IMPLEMENTACIÓN Y CERTIFICACIÓN DE LA NORMA ISO 14001:2015\, PARA MEJORAR EL SISTEMA DE GESTIÓN AMBIENTAL EN LAS ACTIVIDADES DE LA EMPRESA \"CONSORCIO LOJAS S.A.C.\".",20230522,20240622,"CONSORCIO LOJAS SOCIEDAD ANONIMA CERRADA - CONSORCIO LOJAS S.A.C.","LOS OLIVOS","LIMA","LIMA",150117,44990.0000,10295.0000,6857.0000,"SOLES",20250331
"BID 4","PROGRAMA DE INNOVACIÓN MODERNIZACIÓN TECNOLÓGICA Y EMPRENDIMIENTO - MIPYMES DE CALIDAD",2023,"224-PROINNOVATE-IMTEMC-2023","IMPLEMENTACIÓN Y CERTIFICACIÓN DE LA NORMAS ISO37001:2016 E ISO45001:2018\, EN LA EMPRESA \"INVERSIONES EN ENERGÍAS RENOVABLES HIDROELECTROMECANICAS E.I.R.L.\"\, PARA LA MEJORA DEL SISTEMA DE GESTIÓN ANTISOBORNO Y DE SEGURIDAD Y SALUD EN EL TRABAJO.",20230622,20240722,"INVERSIONES EN ENERGIAS RENOVABLES HIDROELECTROMECANICAS E.I.R.L.","SAN MIGUEL","LIMA","LIMA",150136,45000.0000,10285.7200,6857.1400,"SOLES",20250331
"BID 4","PROGRAMA DE INNOVACIÓN MODERNIZACIÓN TECNOLÓGICA Y EMPRENDIMIENTO - MIPYMES DE CALIDAD",2023,"228-PROINNOVATE-IMTEMC-2023","IMPLEMENTACIÓN Y CERTIFICACIÓN DEL SISTEMA INTEGRADO DE GESTIÓN  BASADO EN LAS NORMAS ISO 9001:2015 E ISO 45001:2018 EN LA EMPRESA ELECTROBIEDERMAN E.I.R.L.",20230814,20240814,"ELECTROBIEDERMAN E.I.R.L.","ICA","ICA","ICA",110101,45000.0000,10285.7100,6857.1400,"SOLES",20250331
"BID 4","PROGRAMA DE INNOVACIÓN MODERNIZACIÓN TECNOLÓGICA Y EMPRENDIMIENTO - MIPYMES DIGITALES",2023,"238-PROINNOVATE-IMTEMD-2023","IMPLEMENTACION DE ESTRATEGIAS DE MARKETING DIGITAL PARA ATRACCIÓN DE NUEVOS CLIENTES Y RECUPERACIÓN DE LAS VENTAS",20230526,20240426,"VITINAS S.A","SAN BORJA","LIMA","LIMA",150130,45000.0000,10720.4900,6857.1400,"SOLES",20250331
"BID 4","PROYECTOS DE VALIDACIÓN DE LA INNOVACIÓN",2023,"239-PROINNOVATE-PIEC2-2023","VALIDACIÓN TÉCNICA\, COMERCIAL Y EMPAQUETAMIENTO DE UNA MÁQUINA CNC FABRICADA POR LA EMPRESA MAKCROMF QUE CORTA Y HABILITA TUBOS Y PERFILES POLIFÓRMICOS METÁLICOS REQUERIDOS EN EL DISEÑO DE CONSTRUCCIÓN ARQUITECTÓNICO\, METALMECÁNICA E INDUSTRIA 4.0",20230420,20241020,"MAKCROMF S.A.C.","EL TAMBO","HUANCAYO","JUNIN",120114,273372.8900,84627.1100,81000.0000,"SOLES",20250331
"BID 4","PROYECTOS DE VALIDACIÓN DE LA INNOVACIÓN",2023,"243-PROINNOVATE-PIEC2-2023","VALIDACIÓN DE ATRIBUTOS TECNOLÓGICOS Y COMERCIALES DE SILICONAS DE ALTA PERFORMANCE CON ADITIVOS ANTIFLAMA PARA EL SECTOR DE ESPUMAS DE POLIURETANO ELABORADO POR LA EMPRESA USB LATINO S.A.C.",20230524,20250424,"USB LATINO S.A.C.","SANTIAGO DE SURCO","LIMA","LIMA",150140,399507.2900,68662.3100,96390.0000,"SOLES",20250331
"BID 4","PROGRAMA DE INNOVACIÓN MODERNIZACIÓN TECNOLÓGICA Y EMPRENDIMIENTO - MIPYMES DE CALIDAD",2023,"245-PROINNOVATE-IMTEMC-2023","IMPLEMENTACIÓN Y CERTIFICACIÓN DEL SISTEMA DE GESTIÓN DE LA CALIDAD SEGÚN ISO 9001:2015 EN LA EMPRESA X DIEZ INGENIEROS S.A.C.",20230526,20240626,"X DIEZ INGENIEROS SOCIEDAD ANONIMA CERRADA","LA VICTORIA","LIMA","LIMA",150115,44900.0000,10582.0000,6560.0000,"SOLES",20250331
"FINCYT III","MISIONES TECNOLÓGICAS",2023,"248-PROINNOVATE-MT-2023","MISIÓN TECNOLÓGICA A LOS ESTADOS UNIDOS DE AMÉRICA: PROSPECCIÓN  COMERCIAL Y ADAPTACIÓN TECNOLÓGICA PARA INNOVAR Y DESARROLLAR PERFILES EN CAFÉS DE ALTA SOFISTICACIÓN.",20230419,20230819,"COOPERATIVA DE PRODUCCION ESPECIAL DE LA SELVA CENTRAL DEL PERU  - COOPERU","CHANCHAMAYO","CHANCHAMAYO","JUNIN",120301,29089.2600,0.0000,0.0000,"DOLARES",20250331
"BID 4","PROGRAMA DE INNOVACIÓN MODERNIZACIÓN TECNOLÓGICA Y EMPRENDIMIENTO - MIPYMES DIGITALES",2023,"253-PROINNOVATE-IMTEMD-2023","IMPLEMENTACIÓN DE UNA ESTRATEGIA DE MARKETING DIGITAL PARA MEJORAR Y DESARROLLAR EL POTENCIAL DE VENTAS DE LOS CANALES DIGITALES DE EASY OPTICAS SAC",20230616,20240316,"EASY OPTICAS S.A.C.","MIRAFLORES","LIMA","LIMA",150122,45000.0000,10720.4900,6857.1400,"SOLES",20250331
"BID 4","PROGRAMA DE INNOVACIÓN MODERNIZACIÓN TECNOLÓGICA Y EMPRENDIMIENTO - MIPYMES DE CALIDAD",2023,"254-PROINNOVATE-IMTEMC-2023","IMPLEMENTACION Y CERTIFICACION DEL SISTEMA DE GESTION DE CALIDAD BASADO EN LA NORMA ISO 9001:2015 EN LA EMPRESA BRAIN SERVICE S.A.C",20230526,20240626,"BRAIN SERVICE SOCIEDAD ANONIMA CERRADA","EL TAMBO","HUANCAYO","JUNIN",120114,36900.0000,9460.0000,5640.0000,"SOLES",20250331
"BID 4","PROYECTOS DE VALIDACIÓN DE LA INNOVACIÓN",2023,"265-PROINNOVATE-PIEC2-2023","VALIDACIÓN Y EMPAQUETAMIENTO DEL SERVICIO DE COTIZACIONES ROBOTIZADAS PARA EL SECTOR CONSTRUCCIÓN EN PERU Y COLOMBIA.",20230524,20241024,"ENDUSTRIA S.A.C.","SANTIAGO DE SURCO","LIMA","LIMA",150140,389372.2100,72206.9900,131875.0000,"SOLES",20250331
"BID 4","PROGRAMA DE INNOVACIÓN MODERNIZACIÓN TECNOLÓGICA Y EMPRENDIMIENTO - MIPYMES DE CALIDAD",2023,"267-PROINNOVATE-IMTEMC-2023","IMPLEMENTACION Y CERTIFICACION DEL SISTEMA DE GESTION DE CALIDAD BASADO EN LA NORMA ISO 9001:2015.",20230613,20240713,"COMPAÑIA DE REPUESTOS Y SERVICIOS GENERALES TRACKLAYER S.R.L.","EL TAMBO","HUANCAYO","JUNIN",120114,32000.0000,8200.0000,4800.0000,"SOLES",20250331
"BID 4","PROGRAMA DE INNOVACIÓN MODERNIZACIÓN TECNOLÓGICA Y EMPRENDIMIENTO - MIPYMES DE CALIDAD",2023,"295-PROINNOVATE-IMTEMC-2023","IMPLEMENTACIÓN Y CERTIFICACIÓN DEL SISTEMA DE GESTIÓN DE LA CALIDAD DE KC MULTIDESTINOS S.A.C. SEGÚN LA NORMA ISO 9001:2015",20230526,20240526,"KC MULTIDESTINOS S.A.C.","COMAS","LIMA","LIMA",150110,44900.0000,10260.0000,6840.0000,"SOLES",20250331
"BID 4","PROGRAMA DE INNOVACIÓN MODERNIZACIÓN TECNOLÓGICA Y EMPRENDIMIENTO - MIPYMES DIGITALES",2023,"297-PROINNOVATE-IMTEMD-2023","DIGITALIZACIÓN Y OPTIMIZACIÓN DE LAS ACTIVIDADES COMERCIALES DE LA EMPRESA MEDCORP",20230526,20240426,"CLINICA OCUPACIONAL MEDCORP S.A.C.","LINCE","LIMA","LIMA",150116,45000.0000,10285.8000,6857.1000,"SOLES",20250331
"BID 4","PROGRAMA DE INNOVACIÓN MODERNIZACIÓN TECNOLÓGICA Y EMPRENDIMIENTO - MIPYMES DE CALIDAD",2023,"298-PROINNOVATE-IMTEMC-2023","IMPLEMENTACIÓN Y CERTIFICACIÓN DEL SISTEMA INTEGRADO DE GESTIÓN ISO 9001:2015 E ISO 45001:2018 EN LA EMPRESA SERVICIOS GENERALES JANNET Y DANIEL SAC - S.G.J & D S.A.C.",20230622,20240722,"SERVICIOS GENERALES JANNET Y DANIEL S.A.C. - S.G.J. & D S.A.C.","LURIGANCHO","LIMA","LIMA",150118,44725.7800,10215.2000,6810.1300,"SOLES",20250331
"BID 4","PROGRAMA DE INNOVACIÓN MODERNIZACIÓN TECNOLÓGICA Y EMPRENDIMIENTO - MIPYMES DE CALIDAD",2023,"301-PROINNOVATE-IMTEMC-2023","IMPLEMENTACIÓN Y CERTIFICACIÓN DE UN SISTEMA DE GESTIÓN DE CALIDAD EN EL GRUPO SISCOG BAJO LA NORMA ISO 9001:2015 PARA UNA MAYOR COMPETITIVIDAD EN EL MERCADO NACIONAL.",20230622,20240722,"GRUPO SISCOG S.A.C.","PUENTE PIEDRA","LIMA","LIMA",150125,45000.0000,10285.7100,6857.1400,"SOLES",20250331
"BID 4","PROGRAMA DE INNOVACIÓN MODERNIZACIÓN TECNOLÓGICA Y EMPRENDIMIENTO - MIPYMES DE CALIDAD",2023,"309-PROINNOVATE-IMTEMC-2023","DIAGNÓSTICO\, IMPLEMENTACIÓN Y CERTIFICACIÓN DE LA NORMA ISO 45001: 2018 EN LA EMPRESA CARGO Y SERVICIOS RENPA E.I.R.L.\, PARA ESTABLECER UNA CULTURA DE PREVENCIÓN DE ACCIDENTES E INCIDENTES LABORALES",20230526,20240626,"CARGO Y SERVICIOS RENPA E.I.R.L.","LA VICTORIA","LIMA","LIMA",150115,38900.0000,9900.0000,6000.0000,"SOLES",20250331
"BID 4","PROGRAMA DE INNOVACIÓN MODERNIZACIÓN TECNOLÓGICA Y EMPRENDIMIENTO - MIPYMES DE CALIDAD",2023,"310-PROINNOVATE-IMTEMC-2023","CERTIFICACIÓN DE LA NORMA ISO 9001:2015 SISTEMAS DE GESTIÓN DE CALIDAD EN 3G IT CONSULTING S.A.C.",20230526,20240626,"3G IT CONSULTING S.A.C.","MAGDALENA DEL MAR","LIMA","LIMA",150120,44900.0000,10260.0000,6840.0000,"SOLES",20250331
"BID 4","PROGRAMA DE INNOVACIÓN MODERNIZACIÓN TECNOLÓGICA Y EMPRENDIMIENTO - MIPYMES DE CALIDAD",2023,"320-PROINNOVATE-IMTEMC-2023","MEJORA DE CALIDAD Y GESTIÓN POR PROCESOS EN BASE A LA IMPLEMENTACIÓN Y LOGRO DE CERTIFICACIÓN DE LA NORMA ISO 9001:2015 DENTRO DE LA EMPRESA COSECO JM SAC",20230613,20240713,"CONSTRUCTORA SERVICIOS Y CONSULTORA JM S.A.C.","NUEVO CHIMBOTE","SANTA","ANCASH",021809,45000.0000,10285.7200,6857.1400,"SOLES",20250331
"BID 4","PROGRAMA DE INNOVACIÓN MODERNIZACIÓN TECNOLÓGICA Y EMPRENDIMIENTO - MIPYMES DE CALIDAD",2023,"340-PROINNOVATE-IMTEMC-2023","IMPLEMENTACIÓN Y CERTIFICACIÓN DE LA NORMA ISO 9001:2015\, PARA LA MEJORA DE LA CALIDAD EN LA GESTIÓN DE LOS PROCESOS DE LA EMPRESA \"COTERA CARGO S.A.C.\"",20230623,20240723,"COTERA CARGO S.A.C.","SANTA ANITA","LIMA","LIMA",150137,45000.0000,14400.0000,25600.0000,"SOLES",20250331
"BID 4","PROGRAMA DE INNOVACIÓN MODERNIZACIÓN TECNOLÓGICA Y EMPRENDIMIENTO - MIPYMES DIGITALES",2023,"355-PROINNOVATE-IMTEMD-2023","IMPLEMENTACIÓN DE UN CRM Y UN SISTEMA DE COBRANZA AUTOMATIZADO PARA INCREMENTAR LA PRODUCTIVIDAD COMERCIAL DE LA EMPRESA INTICAP S.R.L.",20230601,20240501,"INTICAP SOCIEDAD ANONIMA CERRADA","CHICLAYO","CHICLAYO","LAMBAYEQUE",140101,45000.0000,10286.0000,6857.0000,"SOLES",20250331
"BID 4","PROGRAMA DE INNOVACIÓN MODERNIZACIÓN TECNOLÓGICA Y EMPRENDIMIENTO - MIPYMES DE CALIDAD",2023,"357-PROINNOVATE-IMTEMC-2023","CERTIFICACIÓN DE LA NORMA ISO 9001:2015 PARA LA OPTIMIZACIÓN DE LOS PROCESOS DE LA EMPRESA NOVILU SERVICIOS GENERALES EIRL DE LA REGIÓN MOQUEGUA.",20230623,20240723,"NOVILU SERVICIOS GENERALES E.I.R.L.","MOQUEGUA","MARISCAL NIETO","MOQUEGUA",180101,45000.0000,10285.7100,6857.1400,"SOLES",20250331
"BID 4","PROGRAMA DE INNOVACIÓN MODERNIZACIÓN TECNOLÓGICA Y EMPRENDIMIENTO - MIPYMES DE CALIDAD",2023,"358-PROINNOVATE-IMTEMC-2023","IMPLEMENTACIÓN Y CERTIFICACIÓN DE UN SISTEMA DE GESTIÓN DE LA CALIDAD ISO 9001:2015",20230526,20240426,"TECSEL S.R.L.","ATE","LIMA","LIMA",150103,43730.0000,9990.0000,6660.0000,"SOLES",20250331
"BID 4","PROGRAMA DE INNOVACIÓN MODERNIZACIÓN TECNOLÓGICA Y EMPRENDIMIENTO - MIPYMES DIGITALES",2023,"373-PROINNOVATE-IMTEMD-2023","DESARROLLO E IMPLEMENTACIÓN DE UNA PLATAFORMA DIGITAL PARA UNIFICAR LA GESTIÓN DE ALMACÉN DE LAS DIFERENTES TIENDAS COMERCIALES PARA LA EMPRESA LAMINADOS Y PERFILES FLORES SAC.",20230619,20240519,"LAMINADOS Y PERFILES  FLORES SOCIEDAD ANONIMA CERRADA","CHEPEN","CHEPEN","LA LIBERTAD",130401,45000.0000,10285.7100,6857.1400,"SOLES",20250331
"BID 4","PROGRAMA DE INNOVACIÓN MODERNIZACIÓN TECNOLÓGICA Y EMPRENDIMIENTO - MIPYMES DE CALIDAD",2023,"382-PROINNOVATE-IMTEMC-2023","DISEÑO\, IMPLEMENTACIÓN Y CERTIFICACIÓN DE UN SISTEMA DE GESTIÓN DE CALIDAD BAJO LOS ESTÁNDARES DE LA NORMA INTERNACIONAL ISO 9001:2015 EN LA EMPRESA VIRGENCITA DE CHAPI VENTAS Y MAS E.I.R.L. PARA LOGRAR MAYOR EFECTIVIDAD\, COMPETITIVIDAD Y RENTABILIDAD",20230829,20240929,"VIRGENCITA DE CHAPI VENTAS Y MAS E.I.R.L.","CAYMA","AREQUIPA","AREQUIPA",040103,45000.0000,10285.7100,6857.1400,"SOLES",20250331
"BID 4","PROGRAMA DE INNOVACIÓN MODERNIZACIÓN TECNOLÓGICA Y EMPRENDIMIENTO - MIPYMES DIGITALES",2023,"391-PROINNOVATE-IMTEMD-2023","DIAGNÓSTICO E IMPLEMENTACIÓN DE SERVICIOS DIGITALES QUE OPTIMICEN LA GESTIÓN ADMINISTRATIVA Y FORTALEZCAN EL CANAL COMERCIAL DE BBG DIGITAL CONSULTING S.A.C.",20230525,20240525,"BBG DIGITAL CONSULTING S.A.C.","PUEBLO LIBRE","LIMA","LIMA",150121,44900.0000,10260.0000,6840.0000,"SOLES",20250331
"BID 4","PROYECTOS DE VALIDACIÓN DE LA INNOVACIÓN",2023,"392-PROINNOVATE-PIEC2-2023","VALIDACIÓN TÉCNICA\, COMERCIAL Y EMPAQUETAMIENTO DE WEEARE\, PLATAFORMA INNOVADORA DE BENEFICIOS/REGALOS CORPORATIVOS QUE PERMITE GESTIONAR Y COMUNICAR DE MANERA SEGMENTADA DESCUENTOS\, PROMOCIONES Y REGALOS CON CLIENTES Y/O COLABORADORES.",20230601,20241201,"TRADING TECH LAB SOCIEDAD ANONIMA CERRADA - TRADING TECH LAB S.A.C.","MIRAFLORES","LIMA","LIMA",150122,500000.0000,83335.0000,175800.0000,"SOLES",20250331
"BID 4","PROGRAMA DE INNOVACIÓN MODERNIZACIÓN TECNOLÓGICA Y EMPRENDIMIENTO - MIPYMES DE CALIDAD",2023,"396-PROINNOVATE-IMTEMC-2023","IMPLEMENTACIÓN Y CERTIFICACIÓN DE LA NORMA ISO 9001 PARA LA EMPRESA KOSKO PERU S.A.C. COMO PARTE DE LA PLANIFICACIÓN DE NUESTRO CRECIMIENTO.",20230803,20240903,"KOSKO PERU SOCIEDAD ANONIMA CERRADA - KOSKO PERU S.A.C.","CAYMA","AREQUIPA","AREQUIPA",040103,44995.0000,10290.0000,6857.0000,"SOLES",20250331
"BID 4","PROGRAMA DE INNOVACIÓN MODERNIZACIÓN TECNOLÓGICA Y EMPRENDIMIENTO - MIPYMES DE CALIDAD",2023,"398-PROINNOVATE-IMTEMC-2023","PROYECTO DE IMPLEMENTACIÓN Y CERTIFICACIÓN DE UN SISTEMA DE GESTIÓN DE CALIDAD BASADO EN LA NORMA ISO 9001:2015 EN LA EMPRESA INVESTMENT GROUP S.A.C.",20230612,20240712,"INVESTMENT GROUP S.A.C.","SAN ISIDRO","LIMA","LIMA",150131,45000.0000,10285.7100,6857.1400,"SOLES",20250331
"BID 4","PROGRAMA DE INNOVACIÓN MODERNIZACIÓN TECNOLÓGICA Y EMPRENDIMIENTO - MIPYMES DIGITALES",2023,"399-PROINNOVATE-IMTEMD-2023","INTEGRACIÓN DE LOS PROCESOS DE GESTIÓN DE VENTAS\, COMPRAS\, GESTIÓN DE INVENTARIOS\, GESTIÓN DE FINANZAS Y CONTABILIDAD\, BAJO EL ENFOQUE DE UN SISTEMA DE GESTIÓN ERP (PLANIFICACIÓN DE LOS RECURSOS EMPRESARIALES) DE MAPISA TUNING CENTER S.A.C.",20230714,20240614,"MAPISA TUNING CENTER SOCIEDAD ANONIMA CERRADA","SURQUILLO","LIMA","LIMA",150141,45000.0000,10285.7100,6857.1400,"SOLES",20250331
"BID 4","PROYECTOS DE VALIDACIÓN DE LA INNOVACIÓN",2023,"406-PROINNOVATE-PIEC2-2023","PAGOSYA - EL EMARKETPLACE FINANCIERO PARA MYPES/PYMES DONDE FINANCIAN SUS FACTURAS CON DIFERENTES ENTIDADES FINANCIERAS",20230605,20241205,"BIZLINKS S.A.C.","MIRAFLORES","LIMA","LIMA",150122,190186.4500,40853.5500,86200.0000,"SOLES",20250331
"BID 4","PROYECTOS DE VALIDACIÓN DE LA INNOVACIÓN",2023,"419-PROINNOVATE-PIEC2-2023","VALIDACIÓN TÉCNICA-COMERCIAL DE UAYKI\, SISTEMA PORTÁTIL INNOVADOR DE BAJO COSTO PARA ACORTAR LA BRECHA DIGITAL DE COMUNIDADES SIN ACCESO A INTERNET.",20230606,20241206,"UAYKI TECHNOLOGIES S.A.C","SANTIAGO DE SURCO","LIMA","LIMA",150140,400000.0000,66675.2200,187399.5000,"SOLES",20250331
"BID 4","PROGRAMA DE INNOVACIÓN MODERNIZACIÓN TECNOLÓGICA Y EMPRENDIMIENTO - MIPYMES DE CALIDAD",2023,"424-PROINNOVATE-IMTEMC-2023","IMPLEMENTACIÓN Y CERTIFICACIÓN DE UN SISTEMA DE GESTIÓN DE LA CALIDAD BAJO LOS ESTÁNDARES DE LA NORMA INTERNACIONAL ISO 9001:2015 EN LA EMPRESA CEO DON BOSCO GNE CONGREGACIÓN SALESIANA PARA LA OPTIMIZACIÓN DE PROCESOS OPERATIVOS",20230418,20240418,"CEO DON BOSCO GNE CONGREGACION SALESIANA","AREQUIPA","AREQUIPA","AREQUIPA",040101,44900.0000,10260.0000,6840.0000,"SOLES",20250331
"BID 4","PROYECTOS DE VALIDACIÓN DE LA INNOVACIÓN",2023,"425-PROINNOVATE-PIEC2-2023","VALIDACIÓN DE LA INNOVACIÓN DE UN SISTEMA DE FABRICACIÓN DE GELPACKS ?KHUTU? QUE PERMITA REDUCIR DERRAMES POR FRICCIÓN\, DURANTE EL TRANSPORTE DE PRODUCTOS BIOLÓGICOS EN CADENAS DE FRÍO A NIVEL NACIONAL DESARROLLADO POR INTEGRACION LDCH SOCIEDAD ANONIMA CERRADA",20230529,20241129,"INTEGRACION LDCH SOCIEDAD ANONIMA CERRADA - ILDCH S.A.C.","AREQUIPA","AREQUIPA","AREQUIPA",040101,459185.5200,81847.8100,201000.0000,"SOLES",20250331
"BID 4","PROGRAMA DE INNOVACIÓN MODERNIZACIÓN TECNOLÓGICA Y EMPRENDIMIENTO - MIPYMES DE CALIDAD",2023,"426-PROINNOVATE-IMTEMC-2023","IMPLEMENTACIÓN Y CERTIFICACIÓN DE UN SISTEMA DE GESTIÓN DE CALIDAD BASADO EN LA NORMA ISO 9001:2015 EN LOS PROCESOS DE COMERCIALIZACIÓN\, OPERATIVA Y VENTA DE LA EMPRESA KJG SERVICIOS GENERALES E.I.R.L",20230714,20240814,"KJG SERVICIOS GENERALES E.I.R.L.","ALTO SELVA ALEGRE","AREQUIPA","AREQUIPA",040102,44999.0000,10286.0000,6857.0000,"SOLES",20250331
"BID 4","PROGRAMA DE INNOVACIÓN MODERNIZACIÓN TECNOLÓGICA Y EMPRENDIMIENTO - MIPYMES DE CALIDAD",2023,"432-PROINNOVATE-IMTEMC-2023","IMPLEMENTACIÓN Y CERTIFICACIÓN DE LA NORMA ISO 9001:2015 EN LA EMPRESA RHGO24 S.A.C.",20230711,20240811,"RHGO24 S.A.C.","SAN ISIDRO","LIMA","LIMA",150131,45000.0000,10285.7200,6857.1400,"SOLES",20250331
"BID 4","EMPRENDIMIENTOS DINAMICOS",2023,"435-PROINNOVATE-EDI-2023","AINHOA BIO: DESARROLLO DE LÍNEA DE COSMÉTICA NATURAL LOWCOST CON PANTALLA SOLAR EXTRAÍDA DE RESIDUOS AGRÍCOLAS DE LA BIODIVERSIDAD PERUANA APLICANDO LA BIOTECNOLOGÍA PARA COMBATIR EL CÁNCER DE PIEL.",20230607,20240607,"AINHOA BIO PERU S.A.C.","ATE","LIMA","LIMA",150103,150000.0000,24843.8200,42857.1400,"SOLES",20250331
"BID 4","PROGRAMA DE INNOVACIÓN MODERNIZACIÓN TECNOLÓGICA Y EMPRENDIMIENTO - MIPYMES DIGITALES",2023,"436-PROINNOVATE-IMTEMD-2023","IMPLEMENTACIÓN DE UN MÓDULO DE GESTIÓN DE RECURSOS HUMANOS INTEGRADO A LA ERP DE LA EMPRESA CERAMICAS SAN MARTIN S.A.C. PARA EL MEJOR DESEMPEÑO DEL CAPITAL HUMANO.",20230714,20240614,"CERAMICAS SAN MARTIN S.A.C.","TARAPOTO","SAN MARTIN","SAN MARTIN",220901,44000.0000,10028.5700,6685.7100,"SOLES",20250331
"BID 4","PROGRAMA DE INNOVACIÓN MODERNIZACIÓN TECNOLÓGICA Y EMPRENDIMIENTO - MIPYMES DIGITALES",2023,"438-PROINNOVATE-IMTEMD-2023","IMPULSO DEL CRECIMIENTO DE ACAPA ANDINA AGROMIN S.A.C. MEDIANTE E-COMMERCE Y ESTRATEGIAS DE MARKETING DIGITAL",20230530,20240530,"ACAPA ANDINA AGROMIN S.A.C.","MIRAFLORES","LIMA","LIMA",150122,45000.0000,10285.7100,6857.1400,"SOLES",20250331
"BID 4","PROGRAMA DE INNOVACIÓN MODERNIZACIÓN TECNOLÓGICA Y EMPRENDIMIENTO - MIPYMES DE CALIDAD",2023,"444-PROINNOVATE-IMTEMC-2023","IMPLEMENTACIÓN Y CERTIFICACIÓN DEL SISTEMA HACCP Y SUS PROGRAMAS PRERREQUISITOS EN LA LÍNEA DE PRODUCCIÓN DE BEBIDAS ALCOHÓLICAS GASIFICADAS DE LA EMPRESA SERVICIOS EXAL S.A.C.",20230803,20240903,"SERVICIOS EXAL S.A.C.","LURIN","LIMA","LIMA",150119,45000.0000,10285.7200,6857.1300,"SOLES",20250331
"BID 4","PROYECTOS DE VALIDACIÓN DE LA INNOVACIÓN",2023,"447-PROINNOVATE-PIEC2-2023","VALIDACIÓN TÉCNICA COMERCIAL DE LATITUD: PLATAFORMA DIGITAL DE GESTIÓN INTEGRAL DE SERVICIOS INMOBILIARIOS QUE CONECTA A VENDEDORES CON CONSTRUCTORAS Y PROMOTORAS EN EL PERÚ.",20230613,20241213,"WASIIKI INVERSIONES S.A.C.","MIRAFLORES","LIMA","LIMA",150122,284701.7000,48559.3200,105500.0000,"SOLES",20250331
"BID 4","PROYECTOS DE VALIDACIÓN DE LA INNOVACIÓN",2023,"451-PROINNOVATE-PIEC2-2023","VALIDACIÓN TÉCNICA Y COMERCIAL DEL FIBER MED: MEDULÓMETRO INTELIGENTE PARA LA EVALUACIÓN DE LA CALIDAD DE FIBRAS DE DIVERSAS ESPECIES ANIMALES DESTINADAS A LA INDUSTRIA TEXTIL",20230619,20250318,"NATURAL FIBER'S TECH SOCIEDAD ANONIMA CERRADA","LA MOLINA","LIMA","LIMA",150114,339479.3300,71637.0000,63100.0000,"SOLES",20250331
"BID 4","PROGRAMA DE INNOVACIÓN MODERNIZACIÓN TECNOLÓGICA Y EMPRENDIMIENTO - MIPYMES DE CALIDAD",2023,"453-PROINNOVATE-IMTEMC-2023","IMPLEMENTACIÓN Y CERTIFICACIÓN DE LA NORMA ISO 9001:2015 EN LA EMPRESA COFUSA SERVICE S.R.L",20230404,20240504,"COFUSA SERVICE S.R.L.","MIRAFLORES","LIMA","LIMA",150122,45000.0000,10285.7200,6857.1400,"SOLES",20250331
"BID 4","PROGRAMA DE INNOVACIÓN MODERNIZACIÓN TECNOLÓGICA Y EMPRENDIMIENTO - MIPYMES DIGITALES",2023,"455-PROINNOVATE-IMTEMD-2023","IMPLEMENTACIÓN DE UNA PLATAFORMA DE VENTAS ONLINE PARA FOMENTAR EL COMERCIO ELECTRÓNICO Y MEJORAR LA OFERTA DE CENTRAL DE MEDICAMENTOS QF S.A.C.",20230717,20240617,"CENTRAL DE MEDICAMENTOS Q.F. S.A.C.","ANDAHUAYLAS","ANDAHUAYLAS","APURIMAC",030201,45000.0000,10285.7100,6857.1400,"SOLES",20250331
"BID 4","EMPRENDIMIENTOS DINAMICOS",2023,"456-PROINNOVATE-EDI-2023","KASHIN PAY\, MEDIO DE PAGOS DIGITAL PARA MICROEMPRESARIOS",20230619,20241218,"TRUSTEK S.A.C.","PUNTA HERMOSA","LIMA","LIMA",150126,149966.1000,26993.9000,40500.0000,"SOLES",20250331
"BID 4","PROGRAMA DE INNOVACIÓN MODERNIZACIÓN TECNOLÓGICA Y EMPRENDIMIENTO - MIPYMES DIGITALES",2023,"457-PROINNOVATE-IMTEMD-2023","OPTIMIZACIÓN Y DIGITALIZACIÓN DE LOS PROCESOS OPERATIVOS EN LA EMPRESA QOMIR S.A.C.",20230803,20240902,"QOMIR S.A.C.","SANTIAGO DE SURCO","LIMA","LIMA",150140,45000.0000,10720.4900,6857.1400,"SOLES",20250331
"BID 4","EMPRENDIMIENTOS DINAMICOS",2023,"458-PROINNOVATE-EDI-2023","YANNI\, EMPRESA SOCIAL QUE PRODUCE ALPARGATAS SOSTENIBLES DE LA MANO DE ADULTOS MAYORES",20230714,20240714,"YANNI S.A.C.","SAN BORJA","LIMA","LIMA",150130,150000.0000,21428.5700,42857.1400,"SOLES",20250331
"BID 4","EMPRENDIMIENTOS DINAMICOS",2023,"462-PROINNOVATE-EDI-2023","PITUCA CHIPS PERÚ: EL PRIMER SNACK NATURAL A BASE DEL TUBÉRCULO \"PITUCA\" EN EL MERCADO SUDAMERICANO.",20230601,20240601,"LAVALLE COMPANY S.A.C.","PUEBLO LIBRE","LIMA","LIMA",150121,150000.0000,39499.9800,25500.0000,"SOLES",20250331
"BID 4","EMPRENDIMIENTOS DINAMICOS",2023,"463-PROINNOVATE-EDI-2023","LEGALY: E-COMMERCE DE SERVICIOS LEGALES PARA PYMES QUE OPERA CONECTANDO EMPRENDEDORES CON ABOGADOS DE DISTINTAS ESPECIALIDADES PARA CUMPLIR LOS SERVICIOS.",20230622,20241221,"LEGALTECH FACTORY S.A.C.","SURQUILLO","LIMA","LIMA",150141,146384.7600,23879.2400,42400.0000,"SOLES",20250331
"BID 4","PROGRAMA DE INNOVACIÓN MODERNIZACIÓN TECNOLÓGICA Y EMPRENDIMIENTO - MIPYMES DIGITALES",2023,"466-PROINNOVATE-IMTEMD-2023","IMPLEMENTAR UN SISTEMA DE GESTIÓN ERP PARA LAS ÁREAS DE LOGÍSTICA\, CALIDAD\, PRODUCCIÓN Y ADMINISTRACIÓN DE LA EMPRESA MANTARI GROUP SAC CON LA FINALIDAD DE MEJORAR LA GESTIÓN DE LA INFORMACIÓN.",20230714,20240713,"MANTARI GROUP S.A.C.","HUANCAYO","HUANCAYO","JUNIN",120101,36500.0000,8100.0000,5400.0000,"SOLES",20250331
"BID 4","EMPRENDIMIENTOS DINAMICOS",2023,"474-PROINNOVATE-EDI-2023","SIMPPLEX\, PLATAFORMA DE SOLUCIONES MOBILIARIAS QUE ECONOMIZAN ESPACIOS",20230622,20240622,"SIMPPLEX DESIGN S.A.C.","SAN ISIDRO","LIMA","LIMA",150131,150000.0000,21428.5000,42857.0000,"SOLES",20250331
"BID 4","PROYECTOS DE VALIDACIÓN DE LA INNOVACIÓN",2023,"475-PROINNOVATE-PIEC2-2023","VALIDACIÓN Y EMPAQUETAMIENTO DE UN KIT ELECTRÓNICO PARA TRANSFORMAR EQUIPOS DE MINERÍA SUBTERRÁNEA DIÉSEL EN ELÉCTRICOS A BATERÍA CON LA FINALIDAD DE SOLUCIONAR LA CONTAMINACIÓN Y ALTOS COSTOS DE VENTILACIÓN EN MINAS DE AREQUIPA\, LA LIBERTAD Y LIMA",20230622,20241222,"BATTERY ELECTRIC VEHICLE DEL PERU S.A.C.","MIRAFLORES","LIMA","LIMA",150122,399461.4000,128523.6000,283400.0000,"SOLES",20250331
"BID 4","PROGRAMA DE INNOVACIÓN MODERNIZACIÓN TECNOLÓGICA Y EMPRENDIMIENTO - MIPYMES DE CALIDAD",2023,"476-PROINNOVATE-IMTEMC-2023","IMPLEMENTACIÓN Y CERTIFICACIÓN DEL SISTEMA HACCP PARA EL PROCESAMIENTO DE PRODUCTOS DE PASTELERÍA DE LA EMPRESA DULZURA DE HOGAR SAC",20230727,20240827,"DULZURA DE HOGAR SOCIEDAD ANONIMA CERRADA","LA VICTORIA","CHICLAYO","LAMBAYEQUE",140106,45000.0000,10285.7100,6857.1400,"SOLES",20250331
"BID 4","EMPRENDIMIENTOS DINAMICOS",2023,"478-PROINNOVATE-EDI-2023","CIRKULA: PLATAFORMA QUE LE PERMITE A RESTAURANTES Y TIENDAS REDUCIR SU DESPERDICIO DE ALIMENTOS Y VALORIZAR SUS EXCEDENTES.",20230606,20241205,"MAAGAL S.A.C.","LINCE","LIMA","LIMA",150116,149725.4200,79754.5800,30000.0000,"SOLES",20250331
"BID 4","EMPRENDIMIENTOS DINAMICOS",2023,"479-PROINNOVATE-EDI-2023","PERUVIAN VEEF\, CREAMOS CARNES Y EMBUTIDOS 100% VEGETAL\, PROMOVIENDO UNA ALIMENTACIÓN SOSTENIBLE\, ACCESIBLE\, ÉTICA Y DELICIOSA.",20230703,20240703,"CRUELTY FREE PERÚ S.A.C.","COMAS","LIMA","LIMA",150110,149896.6200,21848.3800,42570.0000,"SOLES",20250331
"BID 4","EMPRENDIMIENTOS DINAMICOS",2023,"480-PROINNOVATE-EDI-2023","OIL CONTROL\, ABSORBENTE ORGÁNICO DE HIDROCARBUROS",20230620,20240620,"MINERQUIM PERU S.A.C.","CHORRILLOS","LIMA","LIMA",150108,138833.2200,23417.9800,40000.0000,"SOLES",20250331
"BID 4","EMPRENDIMIENTOS DINAMICOS",2023,"481-PROINNOVATE-EDI-2023","NEGOSY: SOFTWARE DE GESTIÓN EN LA NUBE PARA PYME PERSONALIZABLE.",20230620,20240620,"NEGOSY S.A.C.","TARAPOTO","SAN MARTIN","SAN MARTIN",220901,150000.0000,21564.4100,42840.0000,"SOLES",20250331
"BID 4","PROYECTOS DE VALIDACIÓN DE LA INNOVACIÓN",2023,"483-PROINNOVATE-PIEC2-2023","VALIDACIÓN Y EMPAQUETAMIENTO TÉCNICO Y COMERCIAL DE LA PLATAFORMA AGROS\, DE TRANSFORMACIÓN DIGITAL RESPALDADA EN BLOCKCHAIN PARA ORGANIZACIONES QUE TRABAJAN DIRECTAMENTE CON AGRICULTORES FAMILIARES DE SAN MARTÍN Y AREQUIPA.",20231014,20250414,"SINERGIA CENTRO DE INNOVACION Y NEGOCIOS S.A.C.","PIURA","PIURA","PIURA",200101,416127.1200,124972.8800,291200.0000,"SOLES",20250331
"BID 4","EMPRENDIMIENTOS DINAMICOS",2023,"485-PROINNOVATE-EDI-2023","MONNET\, SOLUCIÓN DE PAGOS REGIONAL\, ENFOCADA EN RECAUDO Y DISPERSIÓN\, EN ESTE PROYECTO NOS QUEREMOS ENFOCAR EN LA MEJORA DEL PRODUCTO DE RECAUDO",20230703,20240703,"MONNET PAGOS EN LINEA S.A.C.","SAN ISIDRO","LIMA","LIMA",150131,105000.0000,45000.0000,0.0000,"SOLES",20250331
"BID 4","PROYECTOS DE VALIDACIÓN DE LA INNOVACIÓN",2023,"486-PROINNOVATE-PIEC2-2023","VALIDACIÓN TÉCNICA Y COMERCIAL DE UN SERVICIO SEMI-AUTOMATIZADO Y ECOAMIGABLE DE TEÑIDO EN DEGRADÉ Y HAND-DYED DE PIEZAS DE FIBRA DE ALPACA EN LA EMPRESA ANDES YARN S.A.C. DE LA REGIÓN AREQUIPA",20230711,20250111,"ANDES YARN S.A.C.","SOCABAYA","AREQUIPA","AREQUIPA",040122,487220.3700,82137.8300,166665.0000,"SOLES",20250331
"BID 4","PROYECTOS DE VALIDACIÓN DE LA INNOVACIÓN",2023,"487-PROINNOVATE-PIEC2-2023","VALIDACIÓN DEL CENTRO INTEGRAL FAMILIAR DE EQUINOTERAPIA Y TERAPIAS COMPLEMENTARIAS DIRIGIDO A NIÑOS CON HABILIDADES DIFERENTES",20230727,20250727,"LOGICCAS EMPRESA INDIVIDUAL DE RESPONSABILIDAD LIMITADA - LOGICCAS E.I.R.L.","PACHACAMAC","LIMA","LIMA",150123,399997.6600,67355.9400,100800.0000,"SOLES",20250331
"BID 4","PROYECTOS DE VALIDACIÓN DE LA INNOVACIÓN",2023,"488-PROINNOVATE-PIEC2-2023","VALIDACIÓN TÉCNICA\, COMERCIAL Y EMPAQUETAMIENTO DEL KIT NANOBIO-HBSAG ELISA QUE UTILIZA NANOCUERPOS RECOMBINANTES DE ALPACA PARA EL DIAGNÓSTICO DE LA HEPATITIS B.",20230704,20250503,"BIONOMA EMPRESA INDIVIDUAL DE RESPONSABILIDAD LIMITADA - BIONOMA E.I.R.L.","BREÑA","LIMA","LIMA",150105,366865.2500,118134.7500,248764.0000,"SOLES",20250331
"BID 4","PROGRAMA DE INNOVACIÓN MODERNIZACIÓN TECNOLÓGICA Y EMPRENDIMIENTO - MIPYMES DE CALIDAD",2023,"489-PROINNOVATE-IMTEMC-2023","CERTIFICACIÓN DEL SISTEMA DE GESTIÓN DE LA CALIDAD ISO 9001:2015 PARA CONSTRUCTORA MACIZA CON LA FINALIDAD DE LOGRAR SATISFACCIÓN EN LOS CLIENTES",20230907,20241007,"CONSTRUCTORA MACIZA E.I.R.L.","ZARUMILLA","ZARUMILLA","TUMBES",240301,44700.0000,10260.0000,6840.0000,"SOLES",20250331
"BID 4","EMPRENDIMIENTOS DINAMICOS",2023,"490-PROINNOVATE-EDI-2023","CAMPO GRANDE PERU\, MERCADO MAYORISTA ONLINE DE ALIMENTOS B2B EN EL PERÚ",20230703,20240703,"CAMPO GRANDE PERU EMPRESA INDIVIDUAL DE RESPONSABILIDAD LIMITADA - CAMPO GRANDE PERU E.I.R.L","LA VICTORIA","LIMA","LIMA",150115,150000.0000,25200.0000,41000.0000,"SOLES",20250331
"BID 4","PROYECTOS DE VALIDACIÓN DE LA INNOVACIÓN",2023,"494-PROINNOVATE-PIEC2-2023","VALIDACIÓN TÉCNICA Y COMERCIAL DE EMBARCACIÓN DE PESCA ARTESANAL MULTIPROPÓSITO DE FIBRA DE VIDRIO IMPLEMENTADA CON UN SISTEMA DE FRÍO A BORDO BASADO EN ENERGÍA HÍBRIDA (SOLAR-MECÁNICA)\, PARA ACTIVIDADES DEDICADAS A LA PESCA DE POTA Y PERICO",20230714,20250114,"SUSTAINABLE FISHERY TRADE SOWING THE FUTURE S.A.C.","MIRAFLORES","LIMA","LIMA",150122,400000.0000,66666.6700,126000.0000,"SOLES",20250331
"BID 4","EMPRENDIMIENTOS INNOVADORES",2023,"502-PROINNOVATE-EIN-2023","TERABIKE: APP DE MOTOTAXIS DE LA AMAZONÍA EN LATAM CON NEUTRALIZACIÓN DE EMISIONES DE CARBONO",20230711,20240411,"TERA TECHNOLOGIES S.A.C.","CALLERIA","CORONEL PORTILLO","UCAYALI",250101,67000.0000,9571.4300,19142.8500,"SOLES",20250331
"BID 4","PROGRAMA DE INNOVACIÓN MODERNIZACIÓN TECNOLÓGICA Y EMPRENDIMIENTO - MIPYMES DIGITALES",2023,"504-PROINNOVATE-IMTEMD-2023","TRANSFORMACIÓN DIGITAL DE NUESTROS PROCESOS OPERATIVOS Y COMERCIALES CON POSICIONAMIENTO DE MARCA CARUSSO.",20230727,20240627,"GRUPO CARUSSO S.A.C.","EL PORVENIR","TRUJILLO","LA LIBERTAD",130102,44999.4000,10285.5600,6857.0400,"SOLES",20250331
"BID 4","EMPRENDIMIENTOS INNOVADORES",2023,"513-PROINNOVATE-EIN-2023","EXPONENTIA: ASISTENTE VIRTUAL PARA MANEJO DE REDES SOCIALES CON INTELIGENCIA ARTIFICIAL.",20230714,20240314,"EXPONENTIA TECH S.A.C.","CAYMA","AREQUIPA","AREQUIPA",040103,67000.0000,20820.0000,14400.0000,"SOLES",20250331
"BID 4","EMPRENDIMIENTOS INNOVADORES",2023,"514-PROINNOVATE-EIN-2023","GOVIERNA: PLATAFORMA ELEARNING DE ECONOMÍA\, FINANZAS Y GESTIÓN PÚBLICA.",20230705,20240405,"ANASTACIO CLEMENTE YULIÑO CLEVER","AREQUIPA","AREQUIPA","AREQUIPA",040101,67000.0000,10840.0000,19156.0000,"SOLES",20250331
"BID 4","PROYECTOS DE INNOVACIÓN EMPRESARIAL",2023,"518-PROINNOVATE-PIEC1-2023","IMPLEMENTACIÓN Y VALIDACIÓN DEL PROCESO ECOLÓGICO DE RECUPERACIÓN DE ORO APLICANDO LA PATENTE US5927508 EN MINERÍA ARTESANAL Y DE PEQUEÑA ESCALA DE LA REGIÓN DE MADRE DE DIOS",20230706,20250106,"ASOCIACION PERUANA CANADIENSE AYUDA QUE VALE ORO","CHACLACAYO","LIMA","LIMA",150107,155060.4000,40937.6000,115100.0000,"SOLES",20250331
"BID 4","EMPRENDIMIENTOS INNOVADORES",2023,"526-PROINNOVATE-EIN-2023","SPACESCHOOL: PLATAFORMA DE EDUCACIÓN ONLINE ENFOCADAS EN LAS CIENCIAS ESPACIALES.",20230721,20240820,"CCOAQUIRA ENRIQUEZ HARRY ELVIS","MIRAFLORES","AREQUIPA","AREQUIPA",040110,67000.0000,10000.0000,18980.0000,"SOLES",20250331
"BID 4","PROYECTOS DE INNOVACIÓN EMPRESARIAL",2023,"527-PROINNOVATE-PIEC1-2023","DESARROLLO DE UNA PLATAFORMA WEB/APP QUE PERMITA CONTROLAR LOS PARÁMETROS DE DESEMPEÑO DEL SECTORISTA MICROFINANCIERO\, PRODUCTO DE LA INTERACCIÓN VÍA WHATSAPP CON SUS CLIENTES Y ASÍ INCREMENTAR EN\, AL MENOS\, 20% EL ÍNDICE DE VENTAS Y EL ÍNDICE DE FIDELIZACIÓN.",20230721,20241121,"DIGITAL CONSULTING S.A.C.","SAN ISIDRO","LIMA","LIMA",150131,273491.5300,48508.4700,56500.3200,"SOLES",20250331
"BID 4","PROYECTOS PARA LA ACREDITACIÓN DE ORGANISMOS DE EVALUACIÓN DE LA CONFORMIDAD - OEC",2023,"536-PROINNOVATE-OEC-2023","ACREDITACIÓN DE LA EMPRESA \"MONCADA INSPEC E.I.R.L.\" COMO OEC PARA LA VERIFICACIÓN Y VALIDACIÓN DE DECLARACIONES DE GASES DE EFECTO INVERNADERO (GEI) DE LAS ACTIVIDADES INDUSTRIALES Y DE SERVICIOS.",20230823,20250423,"MONCADA INSPEC E.I.R.L.","TRUJILLO","TRUJILLO","LA LIBERTAD",130101,163746.1000,54683.9000,0.0000,"SOLES",20250331
"BID 4","PROYECTOS PARA LA ACREDITACIÓN DE ORGANISMOS DE EVALUACIÓN DE LA CONFORMIDAD - OEC",2023,"537-PROINNOVATE-OEC-2023","ACREDITACIÓN DE LA EMPRESA \"AIVEPET INSPECCIONES PERU S.A.C.\" COMO ORGANISMO DE EVALUACIÓN DE LA CONFORMIDAD PARA LA CERTIFICACIÓN DE PRODUCTOS ORGÁNICOS.",20230814,20250614,"AIVEPET INSPECCIONES PERU S.A.C","SAN ISIDRO","LIMA","LIMA",150131,59864.3200,33140.6800,0.0000,"SOLES",20250331
"BID 4","PROYECTOS DE INNOVACIÓN EMPRESARIAL",2023,"538-PROINNOVATE-PIEC1-2023","IMPLEMENTACIÓN Y VALIDACIÓN DE UN PROCESO DE TERMOCOMPRESIÓN PARA LA FABRICACIÓN SIMULTANEA DE TABLEROS DE 1.22 X 2.44 METROS A PARTIR DE RESIDUOS DE APARATOS ELÉCTRICOS Y ELECTRÓNICOS",20230803,20250803,"GREENDEAL S.A","CALLAO","PROV. CONST. DEL CALLAO","CALLAO",070101,180000.0000,16800.0000,23520.0000,"SOLES",20250331
"BID 4","PROYECTOS PARA LA ACREDITACIÓN DE ORGANISMOS DE EVALUACIÓN DE LA CONFORMIDAD - OEC",2023,"539-PROINNOVATE-OEC-2023","IMPLEMENTACION Y ACREDITACION POR INACAL PARA OBTENER LA  NORMA TECNICA PERUANA - NTP-ISO/IEC 17020: 2012 EN LA EMPRESA PROMEGEN E.I.R.L.",20230803,20250603,"PROYECTOS METALMECANICOS GENERALES E.I.R.L. - PROMEGEN E.I.R.L.","CALLAO","PROV. CONST. DEL CALLAO","CALLAO",070101,184992.3000,42630.7000,21560.0000,"SOLES",20250331
"BID 4","PROYECTOS DE INNOVACIÓN EMPRESARIAL",2023,"540-PROINNOVATE-PIEC1-2023","DESARROLLO DEL PILOTO DE UN SISTEMA DE GESTIÓN DE STAKEHOLDERS BASADO EN LA INFORMACIÓN MEDIÁTICA Y ABIERTA",20230803,20250203,"NOTICIAS PERU S.A.C.","SAN ISIDRO","LIMA","LIMA",150131,161112.3100,44326.2100,117084.1400,"SOLES",20250331
"BID 4","EMPRENDIMIENTOS INNOVADORES",2023,"544-PROINNOVATE-EIN-2023","AIO SENSORS\, SERVICIO DE PREDICCIÓN AUTOMÁTICA DE FALLAS EN ACTIVOS INDUSTRIALES UTILIZA DISPOSITIVOS IOT Y ALGORITMOS  DE INTELIGENCIA ARTIFICIAL",20230823,20240822,"AIOORIA SENSORS S.A.C.","SAN ISIDRO","LIMA","LIMA",150131,67000.0000,9900.0000,18820.0000,"SOLES",20250331
"BID 4","PROYECTOS DE INNOVACIÓN EMPRESARIAL",2023,"545-PROINNOVATE-PIEC1-2023","DESARROLLO A ESCALA PILOTO DE UN NUEVO PIENSO PARA GALLINAS PONEDORAS\, ENRIQUECIDO CON OMEGA 3 Y PROTEÍNAS OBTENIDAS DE LA REVALORIZACIÓN DE LA BORRA DE ACEITE DE PESCADO SUPLEMENTADA CON EXTRACTOS DE MICROALGAS CONTINENTALES Y MARINAS.",20230810,20250210,"MARINE FISH TRADING E.I.R.L.","NUEVO CHIMBOTE","SANTA","ANCASH",021809,360000.0000,39926.9700,40800.0000,"SOLES",20250331
"BID 4","PROYECTOS DE INNOVACIÓN EMPRESARIAL",2023,"546-PROINNOVATE-PIEC1-2023","IMPLEMENTACIÓN DE UN SISTEMA DE CULTIVO QUE COMBINA FOTOPERIODO Y ACUAPONÍA (SISTEMA NFT) ACCIONADO POR ENERGÍA FOTOVOLTAICA (PANELES SOLARES) PARA MEJORAR EL RENDIMIENTO PRODUCTIVO DE LA TRUCHA ARCO IRIS EN EL CENTRO PISCÍCOLA DE AGRONEGOCIOS INKASISA S.A.C.",20230823,20250423,"AGRONEGOCIOS INKASISA S.A.C.","HUANCARAYLLA","VICTOR FAJARDO","AYACUCHO",051009,180000.0000,48493.0000,131600.0000,"SOLES",20250331
"BID 4","PROYECTOS PARA LA ACREDITACIÓN DE ORGANISMOS DE EVALUACIÓN DE LA CONFORMIDAD - OEC",2023,"547-PROINNOVATE-OEC-2023","IMPLEMENTACION Y ACREDITACIÓN DEL SISTEMA DE GESTIÓN DE LA CALIDAD ISO/IEC 17020 PARA EL ALCANCE DE CILINDROS PARA GAS - NTP-ISO 18119:2019",20230817,20250617,"CERTIFICACIONES NACIONALES DE ALIMENTOS S.A.C.","HUANCAYO","HUANCAYO","JUNIN",120101,159632.2000,37567.8000,19800.0000,"SOLES",20250331
"BID 4","EMPRENDIMIENTOS INNOVADORES",2023,"548-PROINNOVATE-EIN-2023","QUANTUM MINING: PLATAFORMA DE MONITOREO AUTOMATIZADO Y EN TIEMPO REAL DE LOS PARÁMETROS CRÍTICOS EN NEUMÁTICOS GIGANTES DE CAMIONES MINEROS.",20230725,20240125,"ALVAREZ SOLIS ANGEL MANUEL","AREQUIPA","AREQUIPA","AREQUIPA",040101,67000.0000,9580.0000,19142.8500,"SOLES",20250331
"BID 4","EMPRENDIMIENTOS INNOVADORES",2023,"552-PROINNOVATE-EIN-2023","DEITAX SOLUTIONS\, TECNOLOGÍA RETROFIT PARA LA OPTIMIZACIÓN DE LOS SISTEMAS DE OPERACIÓN A TRAVÉS DE TELEMETRÍA DE EQUIPOS Y AMBIENTES SUBTERRÁNEOS EN TIEMPO REAL",20230810,20240510,"DEITAX SOLUTIONS S.A.C","CHICLAYO","CHICLAYO","LAMBAYEQUE",140101,63000.0000,11600.0000,15461.0000,"SOLES",20250331
"BID 4","PROYECTOS DE INNOVACIÓN EMPRESARIAL",2023,"553-PROINNOVATE-PIEC1-2023","INTI FOLD\, PRIMER MÓDULO PLEGABLE MULTIPROPÓSITO DESARROLLADO EN LATINOAMÉRICA.",20230925,20250525,"GKM TECHNOLOGY S.A.C.","LOS OLIVOS","LIMA","LIMA",150117,212422.3700,64177.6300,148250.0000,"SOLES",20250331
"BID 4","EMPRENDIMIENTOS INNOVADORES",2023,"554-PROINNOVATE-EIN-2023","SKILLMAPPER\, CAPACITACIÓN DE EMPRESAS FLEXIBLE APOYADA POR IA",20230823,20241023,"CALDERON GALDOS MARIO FRANCISCO","SANTIAGO DE SURCO","LIMA","LIMA",150140,67000.0000,9700.0000,19140.0000,"SOLES",20250331
"BID 4","EMPRENDIMIENTOS INNOVADORES",2023,"555-PROINNOVATE-EIN-2023","COBOX\, PLATAFORMA DE COTIZACIÓN Y GESTIÓN LOGÍSTICA",20230828,20240528,"2JS OPERACIONES S.A.C.","SAN LUIS","LIMA","LIMA",150134,67000.0000,11000.0000,18000.0000,"SOLES",20250331
"BID 4","EMPRENDIMIENTOS DINAMICOS",2023,"556-PROINNOVATE-EDI-2023","BALDECASH: INCLUSIÓN FINANCIERA PARA ESTUDIANTES DE EDUCACIÓN SUPERIOR",20230810,20240810,"BALDE K S.A.C.","MIRAFLORES","LIMA","LIMA",150122,150000.0000,22000.0000,42720.0000,"SOLES",20250331
"BID 4","EMPRENDIMIENTOS INNOVADORES",2023,"558-PROINNOVATE-EIN-2023","MULLUBIO: COSMÉTICA REGENERATIVA QUE PROMUEVE LA CONSERVACIÓN DE LOS BOSQUES AMAZÓNICOS EN UNA LÍNEA DE COSMÉTICA SÓLIDA ZERO WASTE.",20230803,20240503,"JERONIMO MAXIMO ATACHAO QUISPE","EL AGUSTINO","LIMA","LIMA",150111,67000.0000,9927.1100,19000.0000,"SOLES",20250331
"BID 4","PROYECTOS DE INNOVACIÓN EMPRESARIAL",2023,"561-PROINNOVATE-PIEC1-2023","PRODUCCIÓN DE SECRETOMA TERAPÉUTICO A PARTIR DEL CULTIVO A ESCALA DE CÉLULAS MADRE MESENQUIMALES PARA APLICACIONES CLÍNICAS DERMATOLÓGICAS REALIZADO POR V & C BIOTEC S.A.C.",20230803,20250803,"V & C BIOTEC SOCIEDAD ANONIMA CERRADA - V & C BIOTEC S.A.C.","SANTIAGO DE SURCO","LIMA","LIMA",150140,353057.0700,58870.2900,69000.0000,"SOLES",20250331
"BID 4","PROYECTOS DE INNOVACIÓN EMPRESARIAL",2023,"562-PROINNOVATE-PIEC1-2023","DESARROLLO DE UN FOTOPROTECTOR SOLAR CON ACTIVIDAD REGENERATIVA DEL ACEITE DE METOHUAYO PROVENIENTE DE LA COMUNIDAD DE BELÉN\, OXAPAMPA\, PASCO Y PRODUCIDO BAJO UN ENFOQUE SOSTENIBLE",20230803,20250603,"TERRA LIA CO.SA.C.","INDEPENDENCIA","LIMA","LIMA",150112,180000.0000,17943.6100,28451.0400,"SOLES",20250331
"BID 4","EMPRENDIMIENTOS INNOVADORES",2023,"565-PROINNOVATE-EIN-2023","TRU MARKET: PRIMER MARKETPLACE PERUANO B2B PARA EL SECTOR AGROEXPORTADOR QUE PROMUEVE EL COMERCIO JUSTO CON TRAZABILIDAD BLOCKCHAIN.",20230907,20240607,"TRU MARKET BLOCKCHAIN S.A.C.","LIMA","LIMA","LIMA",150101,67000.0000,9572.0000,19143.0000,"SOLES",20250331
"BID 4","EMPRENDIMIENTOS INNOVADORES",2023,"566-PROINNOVATE-EIN-2023","AUTODEAL 360: SAAS DE GESTIÓN Y COMPRAS DE REPUESTOS PARA VEHÍCULOS ENTRE TALLERES Y VENDEDORES",20230803,20240709,"TALLERDIGITAL.PE S.A.C.","BARRANCO","LIMA","LIMA",150104,67000.0000,9600.0000,19140.0000,"SOLES",20250331
"BID 4","EMPRENDIMIENTOS INNOVADORES",2023,"567-PROINNOVATE-EIN-2023","RED NEURONAL ARTIFICIAL DE COGNICIÓN EDUCATIVA - RENACE: PLATAFORMA DE INTELIGENCIA ARTIFICIAL EDUCATIVA QUE IDENTIFICA Y RECOPILA INFORMACIÓN PARA DISEÑAR Y CREAR CLASES PERSONALIZADAS.",20230803,20240503,"VILLANUEVA RIVERA ALEX","LIMA","LIMA","LIMA",150101,67000.0000,10150.0900,19142.8600,"SOLES",20250331
"BID 4","PROYECTOS DE INNOVACIÓN EMPRESARIAL",2023,"569-PROINNOVATE-PIEC1-2023","DESARROLLO DE UNA PLATAFORMA DIGITAL DE GOBERNANZA EFICIENTE E INTEGRAL DE LAS OPERACIONES Y \"STAKEHOLDERS\" EN LA \"FINTECH\" FENIX FACTORING\, BAJO UNA ORGANIZACIÓN AUTÓNOMA Y DESCENTRALIZADA-DAO\, BASADA EN \"SMART CONTRACTS\"\, \"BLOCKCHAIN\" Y GENERACIÓN DE TOKENS.",20230823,20250723,"FENIX FACTORING S.A.C.","MAGDALENA DEL MAR","LIMA","LIMA",150120,360000.0000,33600.0000,80400.0000,"SOLES",20250331
"BID 4","EMPRENDIMIENTOS INNOVADORES",2023,"570-PROINNOVATE-EIN-2023","KUSTOMIT: TIENDA ONLINE QUE PERMITE A LOS ARTISTAS GRÁFICOS DEMOCRATIZAR EL ACCESO Y CONSUMO DE SU ARTE A TRAVÉS DE PRODUCTOS PRÁCTICOS Y ÚTILES.",20230803,20240303,"CUSTOM SOLUTIONS E.I.R.L.","SAN ISIDRO","LIMA","LIMA",150131,55072.5000,12760.0000,11700.0000,"SOLES",20250331
"BID 4","PROYECTOS DE INNOVACIÓN EMPRESARIAL",2023,"574-PROINNOVATE-PIEC1-2023","DESARROLLO DE UN SAZONADOR AMAZÓNICO PROVENIENTE DE LAS VÍSCERAS DE PAICHE (GARUM DE PAICHE) COMO POTENCIADOR DE SABOR ALIMENTICIO PARA EL CANAL HORECA Y CON ENFOQUE DE ECONOMÍA CIRCULAR EN EL RESTAURANTE LA PATARASHCA EN LA REGIÓN SAN MARTÍN.",20230828,20250528,"SIAMBA S.A.C/LA PATARASHCA","TARAPOTO","SAN MARTIN","SAN MARTIN",220901,360000.0000,70000.0000,65208.0000,"SOLES",20250331
"BID 4","PROYECTOS DE INNOVACIÓN EMPRESARIAL",2023,"576-PROINNOVATE-PIEC1-2023","DESARROLLO DE UNA PLATAFORMA WEB Y MÓVIL PARA LOS ACTORES DEL SECTOR DE TRANSPORTE DE CARGA (CLIENTE MEDIANO/GRANDE\, TRANSPORTISTA-CONSOLIDADOR Y PEQUEÑO\, CONDUCTOR\, INVERSIONISTA)\, QUE FACILITE AL PEQUEÑO TRANSPORTISTA ACCEDER A SERVICIOS ESTABLES Y FORMALES.",20230803,20240803,"TRANSPORTES REY DEL NORTE S.A.C.","VICTOR LARCO HERRERA","TRUJILLO","LA LIBERTAD",130111,179999.0100,46800.9900,133200.0000,"SOLES",20250331
"BID 4","EMPRENDIMIENTOS INNOVADORES",2023,"579-PROINNOVATE-EIN-2023","SUNKUU ENERGY: BRINDAMOS SERVICIOS DE GESTIÓN EFICIENTE DE OPERACIONES EN ENERGÍA\, ELECTRICIDAD Y CLIMATIZACIÓN",20230823,20240523,"SUNKUU ENERGY S.A.C.","CHACHAPOYAS","CHACHAPOYAS","AMAZONAS",010101,67000.0000,13400.0000,18900.0000,"SOLES",20250331
"BID 4","PROYECTOS PARA LA ACREDITACIÓN DE ORGANISMOS DE EVALUACIÓN DE LA CONFORMIDAD - OEC",2023,"584-PROINNOVATE-OEC-2023","ACREDITACIÓN DE LA EMPRESA TEST & CONTROL SAC COMO LABORATORIO DE CALIBRACIÓN PARA ANALIZADORES DE OXÍGENO MEDICINAL EN PERÚ.",20230823,20250123,"TEST & CONTROL S.A.C.","PUEBLO LIBRE","LIMA","LIMA",150121,65971.7600,26282.2400,6800.0000,"SOLES",20250331
"BID 4","PROYECTOS PARA LA ACREDITACIÓN DE ORGANISMOS DE EVALUACIÓN DE LA CONFORMIDAD - OEC",2023,"585-PROINNOVATE-OEC-2023","ACREDITACIÓN EN LA NORMA ISO 17021-1: 2015 COMO VENTAJA COMPETITIVA DE LA EMPRESA VERUM CERTIFICACIONES S.A.C.  EN LA REGIÓN AREQUIPA",20231004,20251004,"VERUM CERTIFICACIONES S.A.C. - VERUM CERT S.A.C.","JOSE LUIS BUSTAMANTE Y RIVERO","AREQUIPA","AREQUIPA",040129,185000.0000,39000.0000,22666.6700,"SOLES",20250331
"BID 4","PROYECTOS DE INNOVACIÓN EMPRESARIAL",2023,"589-PROINNOVATE-PIEC1-2023","DESARROLLO DE UN MÓDULO PHOTOBOOT BASADO EN REALIDAD AUMENTADA QUE PERMITA MEJORAR LA EXPERIENCIA EN EL PROCESO DE PROMOCIÓN Y VENTA DE PRENDAS DE ALPACA",20230907,20250307,"CORPORACION NATIVA E.I.R.L.","AREQUIPA","AREQUIPA","AREQUIPA",040101,169450.8500,18749.1500,18840.0000,"SOLES",20250331
"BID 4","PROYECTOS DE INNOVACIÓN EMPRESARIAL",2023,"595-PROINNOVATE-PIEC1-2023","DESARROLLO DE UNA TECNOLOGÍA AUTOMATIZADA DE FERMENTACIÓN ESCALONADA CON INOCULACIÓN DE MICRORGANISMOS ESPECIALIZADOS GRAS\, CONTROL Y MANEJO DE TENSIONES O2/CO2\, PARA LA OBTENCIÓN DE CAFÉS DE ESPECIALIDAD EN LA CORPORACIÓN CAFETALERA MONREAL SAC\, VILLA RICA.",20230829,20250429,"CORPORACION CAFETALERA MONREAL SOCIEDAD ANONIMA CERRADA","VILLA RICA","OXAPAMPA","PASCO",190307,179496.6300,19601.3700,17600.0000,"SOLES",20250331
"BID 4","PROYECTOS DE VALIDACIÓN DE LA INNOVACIÓN",2023,"605-PROINNOVATE-PIEC2-2023","VALIDACIÓN TÉCNICA Y COMERCIAL DE UN MOLINO INNOVADOR PARA OBTENER\, A PARTIR DE LODOS DE DESECHO\, HARINA DE PESCADO ESTANDAR EN PLANTAS DE PROCESAMIENTO DE ANCHOVETA",20230907,20250307,"ECROMSA INDUSTRIAL S.A.C.","SAN MIGUEL","LIMA","LIMA",150136,500000.0000,150000.0000,350000.0000,"SOLES",20250331
"FINCYT III","MISIONES TECNOLÓGICAS",2023,"612-PROINNOVATE-MT-2023","MISIÓN TECNOLÓGICA PARA EL FORTALECIMIENTO DE LAS CAPACIDADES TECNOLÓGICAS Y DE INNOVACIÓN EN LA ELABORACIÓN DE PRODUCTOS CON ALTO VALOR AGREGADO A BASE DE LA CARNE DEL CUY CON ÉNFASIS EN LA INOCUIDAD Y TRAZABILIDAD DE LA DEMANDA PARA MEJORAR LA COMPETITIVIDAD DE LA CADENA DE PRODUCCIÓN DEL CUY EN LA REGIÓN SAN MARTÍN.",20231211,20240311,"ASOCIACION DE MUJERES AGROPECUARIAS LA GRANJA DEL CUY-AMAGCU.","NUEVA CAJAMARCA","RIOJA","SAN MARTIN",220804,28200.0000,0.0000,0.0000,"DOLARES",20250331
"BID 4","PROYECTOS DE INNOVACIÓN EMPRESARIAL",2023,"623-PROINNOVATE-PIEC1-2023","IMPLEMENTACIÓN Y VALIDACIÓN DE UN SISTEMA DE LIBERACIÓN PARAMÉTRICA PARA EL PROCESO DE PRODUCCIÓN DE BATA QUIRÚRGICA ESTÉRIL DESCARTABLE QUE CUMPLA CON BPM\, BPA\, ISO13485 Y FDA",20230829,20250629,"BIOSAFE INDUSTRIES S.A.C.","ATE","LIMA","LIMA",150103,358454.0700,33615.6300,49770.0000,"SOLES",20250331
"BID 4","PROYECTOS DE VALIDACIÓN DE LA INNOVACIÓN",2023,"626-PROINNOVATE-PIEC2-2023","EMPAQUETAMIENTO Y VALIDACION DE DISPOSITIVO NANOTECNOLÓGICO PARA LA GENERACIÓN DE ELECTRICIDAD BIOLÓGICA EN LOS TECHOS\, PAREDES Y PANELES DESARROLLADO POR EQUIPMENT & SYSTEMS FOR ADVANCED TECHNOLOGY S.A.C.",20230908,20241108,"EQUIPMENT & SYSTEMS FOR ADVANCED TECHNOLOGY S.A.C.","SURQUILLO","LIMA","LIMA",150141,306983.0400,91516.9600,122400.0000,"SOLES",20250331
"BID 4","PROYECTOS DE VALIDACIÓN DE LA INNOVACIÓN",2023,"627-PROINNOVATE-PIEC2-2023","LOOP LIMPIEZA: DESARROLLO DE UNA NUEVA VERSIÓN (MÁS ROBUSTA\, MULTI-CIUDAD Y MULTI-PAÍS) DE LOOP\, LA APP PERUANA PARA CONTRATAR SERVICIOS DE LIMPIEZA PARA CASAS Y OFICINAS\, QUE EMPODERA A MUJERES A TRAVÉS DE CONECTARLAS CON OPORTUNIDADES DE TRABAJO DIGNO",20230925,20250925,"NANAS & AMAS S.A.C.","MIRAFLORES","LIMA","LIMA",150122,199272.8800,67677.1200,134550.0000,"SOLES",20250331
"BID 4","PROYECTOS DE VALIDACIÓN DE LA INNOVACIÓN",2023,"628-PROINNOVATE-PIEC2-2023","VALIDACIÓN TÉCNICA\, COMERCIAL Y EMPAQUETAMIENTO DE NUEVO MODELO DE DRON MULTIRROTOR DESMONTABLE DE ALTO RENDIMIENTO PARA SU COMERCIALIZACIÓN EN LOS MERCADOS DE MINERÍA E INDUSTRIA PESADA DE LATAM",20230901,20250301,"ROBOTIC AIR SYSTEMS S.A.C.","SAN ISIDRO","LIMA","LIMA",150131,415194.9100,71285.0900,189150.0000,"SOLES",20250331
"BID 4","PROGRAMA DE INNOVACIÓN MODERNIZACIÓN TECNOLÓGICA Y EMPRENDIMIENTO - MIPYMES DIGITALES",2023,"630-PROINNOVATE-IMTEMD-2023","IMPLEMENTACIÓN DE TECNOLOGÍAS DIGITALES PARA AUTOMATIZAR LOS PROCESOS EMPRESARIALES DE LA EMPRESA FIBERRED S.A.C.",20231016,20240916,"FIBERRED SOCIEDAD ANONIMA CERRADA","LA JOYA","AREQUIPA","AREQUIPA",040108,45000.0000,10285.7100,6857.1400,"SOLES",20250331
"MIPYME Emprendedor","PROGRAMA DE APOYO A LA INTERNACIONALIZACIÓN MODALIDAD II - POTENCIAMIENTO DE LAS EXPORTACIONES",2023,"635-PROINNOVATE-PAIM2-2023","MAQUINARIAS JR CONQUISTANDO EL MERCADO CHILENO",20231108,20250208,"MAQUINARIAS PARA CAFE & CACAO J.R. S.A.C.","VILLA RICA","OXAPAMPA","PASCO",190307,90000.0000,10000.1100,0.0000,"SOLES",20250331
"MIPYME Emprendedor","PROGRAMA DE APOYO A LA INTERNACIONALIZACIÓN MODALIDAD II - POTENCIAMIENTO DE LAS EXPORTACIONES",2023,"637-PROINNOVATE-PAIM2-2023","INTERNACIONALIZACIÓN DEL PRIMER VODKA DE PAPAS NATIVAS 14 INKAS AL MERCADO DE ESTADOS UNIDOS",20240105,20250405,"DESTILERIA ESPIRITU ANDINO S.A.C.","MIRAFLORES","LIMA","LIMA",150122,89829.0000,9981.0000,0.0000,"SOLES",20250331
"BID 4","PROYECTOS DE VALIDACIÓN DE LA INNOVACIÓN",2023,"640-PROINNOVATE-PIEC2-2023","VALIDACIÓN TÉCNICA Y COMERCIAL DE ORGANNICAL\, PRIMERA PLATAFORMA QUE BRINDA EL SERVICIO DE TELEMEDICINA ESPECIALIZADA EN CANNABIS MEDICINAL EN LATAM",20231012,20250412,"ORGANICAL VENTURES S.A.C.","LIMA","LIMA","LIMA",150101,400000.0000,66670.0000,192000.0000,"SOLES",20250331
"BID 4","PROGRAMA DE INNOVACIÓN MODERNIZACIÓN TECNOLÓGICA Y EMPRENDIMIENTO - MIPYMES DIGITALES",2023,"642-PROINNOVATE-IMTEMD-2023","IMPLEMENTACIÓN DE  HERRAMIENTAS Y SISTEMAS TECNOLÓGICOS PARA EL COMERCIO DIGITAL Y GESTIÓN DE CLIENTES EN LA EMPRESA A & A SOLUCIONES INDUSTRIALES S.A.C.",20231004,20240904,"A & A SOLUCIONES INDUSTRIALES S.A.C.","LA YARADA LOS PALOS","TACNA","TACNA",230111,45000.0000,10285.7100,6857.1400,"SOLES",20250331
"BID 4","PROGRAMA DE INNOVACIÓN MODERNIZACIÓN TECNOLÓGICA Y EMPRENDIMIENTO - MIPYMES DIGITALES",2023,"643-PROINNOVATE-IMTEMD-2023","DISEÑO E IMPLEMENTACIÓN DE UN MÓDULO DE GESTIÓN LOGÍSTICA DE ABASTECIMIENTO DE LA COOPERATIVA CAES PIURA",20231211,20241111,"COOPERATIVA AGRARIA ECOLOGICA Y SOLIDARIA PIURA","PIURA","PIURA","PIURA",200101,45000.0000,10286.0000,6857.0000,"SOLES",20250331
"BID 4","PROGRAMA DE INNOVACIÓN MODERNIZACIÓN TECNOLÓGICA Y EMPRENDIMIENTO - MIPYMES DIGITALES",2023,"648-PROINNOVATE-IMTEMD-2023","DESARROLLO E IMPLEMENTACIÓN DE UN CATÁLOGO Y PASARELA DE PAGOS SEGURA Y EFICIENTE PARA HABILITAR LAS VENTAS EN LÍNEA DE LA EMPRESA PROCESOS EN GESTIÓN\, INGENIERIA E INNOVACIÓN YAMOKA S.A.C.",20231006,20240906,"PROCESOS EN GESTIÓN\, INGENIERIA E INNOVACIÓN YAMOKA S.A.C.","CALLAO","PROV. CONST. DEL CALLAO","CALLAO",070101,45000.0000,10285.7100,6857.1400,"SOLES",20250331
"BID 4","PROYECTOS DE VALIDACIÓN DE LA INNOVACIÓN",2023,"651-PROINNOVATE-PIEC2-2023","VALIDACIÓN (TÉCNICA Y COMERCIAL) Y EMPAQUETAMIENTO DE LA MICRO CENTRAL HIDROELÉCTRICA DE CIRCUITO CERRADO ?ENERGETIK HEART?\, BASADA EN UN \"RÍO PORTÁTIL\"\, INSTALABLE EN EL \"PATIO TRASERO\" DE LAS EMPRESAS DEL SECTOR INDUSTRIAL.",20231013,20250712,"STILAR ENERGY S.R.L.","CHACLACAYO","LIMA","LIMA",150107,303098.3000,94901.7000,209100.0000,"SOLES",20250331
"MIPYME Emprendedor","PROGRAMA DE APOYO A LA INTERNACIONALIZACIÓN MODALIDAD II - POTENCIAMIENTO DE LAS EXPORTACIONES",2023,"654-PROINNOVATE-PAIM2-2023","INTERNACIONALIZACIÓN DE LA SAL DE MARAS ROSADA CULTIVADA EN LAS SALINERAS DE MARAS DEL VALLE SAGRADO DE LOS INKAS (CUSCO) AL MERCADO ALEMÁN",20240104,20250404,"EXPOANDINA NEGOCIOS SOCIEDAD ANONIMA CERRADA - EXPOANDINA NEGOCIOS S.A.C.","LA MOLINA","LIMA","LIMA",150114,86182.0000,16240.0000,0.0000,"SOLES",20250331
"MIPYME Emprendedor","PROGRAMA DE APOYO A LA INTERNACIONALIZACIÓN MODALIDAD II - POTENCIAMIENTO DE LAS EXPORTACIONES",2023,"655-PROINNOVATE-PAIM2-2023","EXPORTACIÓN DE SOFTWARE PARA ENTRENAMIENTO Y CAPACITACIÓN DE EMPRESAS DEL SECTOR MINERO EN CHILE",20240106,20250406,"CERTUS S.A.C.","CERRO COLORADO","AREQUIPA","AREQUIPA",040104,89920.0000,10080.0000,0.0000,"SOLES",20250331
"BID 4","PROYECTOS DE INNOVACIÓN EMPRESARIAL",2023,"656-PROINNOVATE-PIEC1-2023","DESARROLLO DE UN PROTOTIPO AUTOMATIZADO DE BIORREACTOR UASB PARA PRODUCIR BIOGÁS Y BIOFERTILIZANTE A PARTIR DE LODOS DE LEVADURA\, PROVENIENTE DE LA INDUSTRIA CERVECERA DE MOTUPE - REGIÓN LAMBAYEQUE.",20231004,20250704,"MAESTRIA EN SERVICIOS DILIGENTES SAC","CHICLAYO","CHICLAYO","LAMBAYEQUE",140101,284750.0000,75140.2600,211000.0000,"SOLES",20250331
"MIPYME Emprendedor","PROGRAMA DE APOYO A LA INTERNACIONALIZACIÓN MODALIDAD I - EMPRENDEDOR EXPORTADOR",2023,"661-PROINNOVATE-PAIM1-2023","EXPORTACIÓN DE CAFÉ VERDE CON CERTIFICADO COMERCIO JUSTO AL MERCADO DE ESTADOS UNIDOS DE NORTEAMÉRICA DE LA  ORGANIZACIÓN CAPEC LOS CHANKAS",20231130,20250228,"COOPERATIVA AGRARIA DE PRODUCTORES ECOLOGICOS LOS CHANKAS VALLE DEL RIO PERENE","PICHANAQUI","CHANCHAMAYO","JUNIN",120303,70000.0000,7777.7700,0.0000,"SOLES",20250331
"MIPYME Emprendedor","PROGRAMA DE APOYO A LA INTERNACIONALIZACIÓN MODALIDAD II - POTENCIAMIENTO DE LAS EXPORTACIONES",2023,"662-PROINNOVATE-PAIM2-2023","POTENCIAMIENTO DE LAS EXPORTACIONES DE CAFÉ DE ORIGEN (HUAYACHO) HACIA EL MERCADO DE ALEMANIA",20240327,20250627,"COOPERATIVA AGRARIA CAFETALERA ALTA MONTAÑA","HUAMBO","RODRIGUEZ DE MENDOZA","AMAZONAS",010604,90000.0000,10000.9000,0.0000,"SOLES",20250331
"BID 4","PROGRAMA DE INNOVACIÓN MODERNIZACIÓN TECNOLÓGICA Y EMPRENDIMIENTO - MIPYMES DIGITALES",2023,"663-PROINNOVATE-IMTEMD-2023","IMPLEMENTACIÓN DE UN SISTEMA DE GESTIÓN INTEGRAL PARA EL ESTUDIO DE ABOGADOS PÉREZ VASQUEZ Y ASOCIADOS\, ASÍ COMO DE UNA PÁGINA WEB\, BLOG\, NEWSLETTER Y UNA ESTRATEGIA DE CONTENT MARKETING.",20231004,20240904,"PEREZ VASQUEZ & ASOCIADOS SOCIEDAD CIVIL DE RESPONSABILIDAD LIMITADA","MIRAFLORES","LIMA","LIMA",150122,45000.0000,10285.7100,6857.1400,"SOLES",20250331
"BID 4","PROGRAMA DE INNOVACIÓN MODERNIZACIÓN TECNOLÓGICA Y EMPRENDIMIENTO - MIPYMES DIGITALES",2023,"664-PROINNOVATE-IMTEMD-2023","IMPULSO DE TAILOR SAC. GRACIAS A LA APLICACIÓN DE ESTRATEGIAS DE MARKETING DIGITAL\, ASÍ COMO LA DIGITALIZACIÓN DE LA GESTIÓN DE PROYECTOS DE CONSULTORÍA.",20231004,20240904,"TAILOR SAC","SANTIAGO DE SURCO","LIMA","LIMA",150140,45000.0000,10285.7100,6857.1400,"SOLES",20250331
"MIPYME Emprendedor","PROGRAMA DE APOYO A LA INTERNACIONALIZACIÓN MODALIDAD II - POTENCIAMIENTO DE LAS EXPORTACIONES",2023,"666-PROINNOVATE-PAIM2-2023","POTENCIAMIENTO DE LA SAL DE MARAS EN EL MERCADO ESPAÑOL",20231110,20251028,"INVERSIONES TDM S.A.C.","LURIGANCHO","LIMA","LIMA",150118,89999.9000,10000.1000,0.0000,"SOLES",20250331
"MIPYME Emprendedor","PROGRAMA DE APOYO A LA INTERNACIONALIZACIÓN MODALIDAD II - POTENCIAMIENTO DE LAS EXPORTACIONES",2023,"667-PROINNOVATE-PAIM2-2023","INTERNACIONALIZACIÓN DE LOS SELLOS DE NEOSEAL PARA AISLAMIENTO HERMÉTICO DE CETCCON AL MERCADO CHILENO",20231108,20250208,"COMERCIALIZADORA DE ESPUMAS TECNICAS Y MATERIALES COMPLEMENTARIOS CONSTRUCTIVOS S.A.C.- CETCCON SAC","SAN JUAN DE MIRAFLORES","LIMA","LIMA",150133,89999.9900,10000.0100,0.0000,"SOLES",20250331
"MIPYME Emprendedor","PROGRAMA DE APOYO A LA INTERNACIONALIZACIÓN MODALIDAD II - POTENCIAMIENTO DE LAS EXPORTACIONES",2023,"670-PROINNOVATE-PAIM2-2023","KOLIBRIART EN RUTA DEL POTENCIAMIENTO DE SUS EXPORTACIONES DE PRENDAS DE ALPACA Y ALGODÓN AL MERCADO AMERICANO",20231227,20250327,"KOLIBRI ART SAC","LA MOLINA","LIMA","LIMA",150114,90000.0000,10000.1100,0.0000,"SOLES",20250331
"BID 4","PROYECTOS DE VALIDACIÓN DE LA INNOVACIÓN",2023,"672-PROINNOVATE-PIEC2-2023","SCORE: SOFTWARE OMNICANAL DE CONTACT CENTER (SAAS)\, POTENCIADO CON TECNOLOGÍAS DE INTELIGENCIA ARTIFICIAL Y GPT-4 PARA INCREMENTAR EN 30% LA EFICIENCIA DE LAS OPERACIONES DE COBRANZAS\, TELEMARKETING\, TELEVENTAS Y ATC EN EMPRESAS DE LATAM",20231005,20250105,"SECURITEC PERU S.A.C.","JESUS MARIA","LIMA","LIMA",150113,499966.1100,91733.8900,189000.0000,"SOLES",20250331
"BID 4","PROYECTOS DE INNOVACIÓN EMPRESARIAL",2023,"673-PROINNOVATE-PIEC1-2023","DESARROLLO DEL SISTEMA ACONDICIONADO Y EMPAQUETADO DE BLISTERS EN PVC Y PAPEL GRADO MÉDICO DE CLIPS DE TITANIO PARA USO EN PROCEDIMIENTOS QUIRÚRGICOS EN HOSPITALES Y CLÍNICAS  DESARROLLADO POR CIRUGIA SOCIEDAD ANONIMA CERRADA - CIRUGIA S.A.C.",20230918,20241218,"CIRUGIA SOCIEDAD ANONIMA CERRADA - CIRUGIA S.A.C.","LIMA","LIMA","LIMA",150101,358286.4600,33713.5400,48320.0000,"SOLES",20250331
"BID 4","PROGRAMA DE INNOVACIÓN MODERNIZACIÓN TECNOLÓGICA Y EMPRENDIMIENTO - MIPYMES DIGITALES",2023,"674-PROINNOVATE-IMTEMD-2023","ADAPTACIÓN DE HERRAMIENTAS E-COMMERCE PARA PROMOVER LA INTRODUCCIÓN DE ARTESANÍA TOP CON CERTIFICACIONES NEST\, EN EL MERCADO NACIONAL",20231020,20240920,"WWW.PERUDECOR.COM S.A.C.","LIMA","LIMA","LIMA",150101,44357.4000,10300.0000,6800.0000,"SOLES",20250331
"MIPYME Emprendedor","PROGRAMA DE APOYO A LA INTERNACIONALIZACIÓN MODALIDAD II - POTENCIAMIENTO DE LAS EXPORTACIONES",2023,"678-PROINNOVATE-PAIM2-2023","EXPORTACION DE JENGIBRE AL MERCADO ALEMÁN",20231024,20250716,"INKA MIKHUNA PERU EXPORT E.I.R.L.","BARRANCO","LIMA","LIMA",150104,89925.6000,13700.0000,0.0000,"SOLES",20250331
"MIPYME Emprendedor","PROGRAMA DE APOYO A LA INTERNACIONALIZACIÓN MODALIDAD I - EMPRENDEDOR EXPORTADOR",2023,"679-PROINNOVATE-PAIM1-2023","PROGRAMA DE INTERNACIONALIZACIÓN DE SERVICIOS VIGILANCIA TECNOLÓGICA AL MERCADO DE EL SALVADOR",20231227,20250327,"MERTZ PERU S.A.C","SAN ISIDRO","LIMA","LIMA",150131,70000.0000,7777.7700,0.0000,"SOLES",20250331
"BID 4","PROGRAMA DE INNOVACIÓN MODERNIZACIÓN TECNOLÓGICA Y EMPRENDIMIENTO - MIPYMES DIGITALES",2023,"682-PROINNOVATE-IMTEMD-2023","DESARROLLO DE SOFTWARE DE GESTIÓN DE PROCESOS INTERNOS  Y ADAPTACIÓN DE PLATAFORMA E-COMMERCE PARA INCREMENTAR VENTAS B2C-B2B DE \"FLORENCIA Y FORTUNATA\"\, EMPRESA COMERCIALIZADORA DE CAFE DE ESPECIALIDAD PRODUCIDO POR MUJERES CAFICULTORAS.",20231004,20240904,"GRUPO MIRALTA S.A.C.","MAGDALENA DEL MAR","LIMA","LIMA",150120,44900.0000,10260.0000,6840.0000,"SOLES",20250331
"MIPYME Emprendedor","PROGRAMA DE APOYO A LA INTERNACIONALIZACIÓN MODALIDAD II - POTENCIAMIENTO DE LAS EXPORTACIONES",2023,"684-PROINNOVATE-PAIM2-2023","INTERNACIONALIZACIÓN DE LA QUINUA Y MENESTRAS AL SECTOR FOOD SERVICE EN USA A TRAVÉS DE APLICACIONES DE VENTA ON LINE",20240131,20250430,"AC PERU INTERNACIONAL SAC","MIRAFLORES","LIMA","LIMA",150122,89999.0000,19985.0000,0.0000,"SOLES",20250331
"BID 4","PROGRAMA DE INNOVACIÓN MODERNIZACIÓN TECNOLÓGICA Y EMPRENDIMIENTO - MIPYMES DIGITALES",2023,"687-PROINNOVATE-IMTEMD-2023","IMPLEMENTACIÓN DE UNA PLATAFORMA DIGITAL DE GESTIÓN POR PROCESOS Y DE SEGUIMIENTO DE ENCOMIENDAS MODELO AD HOC CON ENFOQUE EN LA SEGURIDAD DE LA INFORMACIÓN\, PARA LA MEJORA DE LA EFICIENCIA DE LA EMP.DE TRANSP.DE CARGA Y PASAJEROS CAMPANILLA EXPRESS S.A.C",20231027,20240927,"EMP.DE TRANSP.DE CARGA Y PASAJEROS CAMPANILLA EXPRESS S.A.C","JUANJUI","MARISCAL CACERES","SAN MARTIN",220601,44550.0000,10170.0000,6780.0000,"SOLES",20250331
"BID 4","PROGRAMA DE INNOVACIÓN MODERNIZACIÓN TECNOLÓGICA Y EMPRENDIMIENTO - MIPYMES DIGITALES",2023,"690-PROINNOVATE-IMTEMD-2023","MEJORA DEL UX DEL WEBSITE Y DESARROLLO DE UN E-COMMERCE INTEGRADO A NUESTRO ERP QUE PERMITA LA INTEROPERABILIDAD DE LAS VENTAS\, PAGOS E INVENTARIOS PARA AUMENTAR LA PRODUCTIVIDAD EMPRESARIAL DE ASIA SUR IMPORTACIONES EIRL",20231114,20241014,"ASIA SUR IMPORTACIONES E.I.R.L.","LIMA","LIMA","LIMA",150101,45000.0000,10286.0000,6857.0000,"SOLES",20250331
"BID 4","PROGRAMA DE INNOVACIÓN MODERNIZACIÓN TECNOLÓGICA Y EMPRENDIMIENTO - MIPYMES DIGITALES",2023,"692-PROINNOVATE-IMTEMD-2023","DESARROLLO DE LA PLATAFORMA ILEARN PARA LA MARCA ?DIGITAL BREAK? EN SUS SERVICIOS DE CAPACITACIÓN EN MARKETING DIGITAL CON PASARELA DE PAGOS Y ALCANZAR A TRANSFORMAR LA EDUCACIÓN PROFESIONAL",20231213,20241113,"IDIGITAL CONSULTING S.A.C.","LIMA","LIMA","LIMA",150101,45000.0000,10286.0000,6857.0000,"SOLES",20250331
"BID 4","PROYECTOS DE INNOVACIÓN EMPRESARIAL",2023,"693-PROINNOVATE-PIEC1-2023","MEJORA Y VALIDACIÓN DE UN SISTEMA DE PRODUCCIÓN DE CULTIVO DE ANTURIO (ANTHURIUM ANDREANUM) VARIEDAD TROPICAL PARA INCREMENTAR LA PRODUCTIVIDAD Y LA CALIDAD DE FLOR DE CORTE EN CONDICIONES DE VIVERO EN RUPA-RUPA\, PROVINCIA DE LEONCIO PRADO\, REGIÓN HUÁNUCO",20231004,20250604,"TROPICAL SOCIEDAD ANONIMA CERRADA","RUPA-RUPA","LEONCIO PRADO","HUANUCO",100601,179999.5600,52583.6400,42750.0000,"SOLES",20250331
"BID 4","PROGRAMA DE INNOVACIÓN MODERNIZACIÓN TECNOLÓGICA Y EMPRENDIMIENTO - MIPYMES DIGITALES",2023,"694-PROINNOVATE-IMTEMD-2023","IMPLEMENTACIÓN DE  SOFTWARE DE GESTIÓN OPERATIVA (COMPRAS\, TRANSPORTE Y VENTAS) PARA SATISFACER DEMANDA DE CLIENTES Y DESARROLLO DE ESTRATEGIA DE COMERCIO ELECTRÓNICO DE AGROINVERSIONES Y SERVICIOS ALIANZA\, COMERCIALIZADORA MAYORISTA DE ALIMENTOS PERECIBLES.",20231004,20240904,"AGROINVERSIONES Y SERVICIOS ALIANZA SOCIEDAD ANONIMA CERRADA","SANTA ANITA","LIMA","LIMA",150137,44900.0000,10260.0000,6840.0000,"SOLES",20250331
"BID 4","PROGRAMA DE INNOVACIÓN MODERNIZACIÓN TECNOLÓGICA Y EMPRENDIMIENTO - MIPYMES DIGITALES",2023,"695-PROINNOVATE-IMTEMD-2023","APLICACIÓN DE BRANDING Y MARKETING DIGITAL PARA EL POSICIONAMIENTO DE LA MARCA AVANTAGE EN EL MERCADO NACIONAL DE SERVICIOS CORPORATIVOS",20231114,20241014,"AVANTAGE S.A. DE BENEFICIO DE INTERÉS COLECTIVO","LINCE","LIMA","LIMA",150116,45000.0000,10285.7100,6857.1400,"SOLES",20250331
"BID 4","PROGRAMA DE INNOVACIÓN MODERNIZACIÓN TECNOLÓGICA Y EMPRENDIMIENTO - MIPYMES DIGITALES",2023,"696-PROINNOVATE-IMTEMD-2023","DIGITALIZACIÓN  EN LOS PROCESOS DE GESTIÓN OFTALMOLÓGICA PARA MEJORAR LA CALIDAD DEL SERVICIO DE ATENCIÓN DE LA CLÍNICA OFTALMOLOGOS ASOCIADOS VER S.A.C.",20231016,20240916,"'OFTALMOLOGOS ASOCIADOS VER S.A.C.'","CASTILLA","PIURA","PIURA",200104,45000.0000,10286.0000,6857.0000,"SOLES",20250331
"MIPYME Emprendedor","PROGRAMA DE APOYO A LA INTERNACIONALIZACIÓN MODALIDAD II - POTENCIAMIENTO DE LAS EXPORTACIONES",2023,"698-PROINNOVATE-PAIM2-2023","INTERNACIONALIZANDO LOS SERVICIOS DE MARKETING DIGITAL DE ALAVISTA GESTIÓN ALMERCADOESPAÑOL",20231105,20250205,"ALAVISTA GESTION S.A.C.","MIRAFLORES","LIMA","LIMA",150122,89999.9900,10000.0100,0.0000,"SOLES",20250331
"BID 4","PROGRAMA DE INNOVACIÓN MODERNIZACIÓN TECNOLÓGICA Y EMPRENDIMIENTO - MIPYMES DIGITALES",2023,"700-PROINNOVATE-IMTEMD-2023","POSICIONAMIENTO ESTRATÉGICO DE LA MARCA IGNIFUTEX MEDIANTE LA CREACIÓN DE UNA PLATAFORMA DE CURSOS ESPECIALIZADOS\, MARKETING DIGITAL\, Y MEJORA DE PROCESOS COMERCIALES MEDIANTE UN CRM PARA APERTURAR UN NUEVO SERVICIO A NIVEL NACIONAL Y ENTRAR EN NUEVOS MERCADOS",20240305,20250404,"TEXTILES Y COMPONENTES IGNIFUGOS S.A.C.","LIMA","LIMA","LIMA",150101,45000.0000,10286.0000,6857.0000,"SOLES",20250331
"MIPYME Emprendedor","PROGRAMA DE APOYO A LA INTERNACIONALIZACIÓN MODALIDAD I - EMPRENDEDOR EXPORTADOR",2023,"701-PROINNOVATE-PAIM1-2023","CONQUISTANDO EL MERCADO DE LOS EMIRATOS ARABES UNIDOS CON FRIJOL CASTILLA PERUANO",20231017,20250117,"AMAUTA´S BUSINESS E.I.R.L.","BARRANCA","BARRANCA","LIMA",150201,70000.0000,7777.8000,0.0000,"SOLES",20250331
"MIPYME Emprendedor","PROGRAMA DE APOYO A LA INTERNACIONALIZACIÓN MODALIDAD II - POTENCIAMIENTO DE LAS EXPORTACIONES",2023,"702-PROINNOVATE-PAIM2-2023","PLAN DE EXPORTACIÓN DE SEMILLAS DE ALMIZCLE AL MERCADO FRANCÉS",20240109,20250409,"EMPRESA INDUSTRIAL ORO VERDE SOCIEDAD ANONIMA CERRADA","LAMAS","LAMAS","SAN MARTIN",220501,78516.0000,8724.0000,0.0000,"SOLES",20250331
"BID 4","PROYECTOS DE VALIDACIÓN DE LA INNOVACIÓN",2023,"703-PROINNOVATE-PIEC2-2023","VALIDACIÓN TÉCNICA Y COMERCIAL DEL SISTEMA PULMOCHIP COMO HERRAMIENTA DE PREVENCIÓN EN SALUD OCUPACIONAL PARA EL MONITOREO EN LÍNEA DEL USO CORRECTO DE RESPIRADORES MINEROS",20231005,20250405,"DRAEGER  PERU   S.A.C.","SAN BORJA","LIMA","LIMA",150130,169269.1500,84050.8500,52800.0000,"SOLES",20250331
"BID 4","PROYECTOS DE VALIDACIÓN DE LA INNOVACIÓN",2023,"704-PROINNOVATE-PIEC2-2023","VALIDACIÓN Y EMPAQUETAMIENTO DE LA BIOCONVERSIÓN DE RESIDUOS SÓLIDOS Y LÍQUIDOS DE LA INDUSTRIA EXTRACTORA DE ACEITE CRUDO DE PALMA (TECNOLOGÍA STARI YAQUA) CON LA FINALIDAD DE OBTENER AGUA LIMPIA\, ABONO Y PROTEÍNAS\, EN EL DISTRITO DE TOCACHE - SAN MARTÍN",20231010,20250610,"ECOPRODUCTS S.R.L.","MANANTAY","CORONEL PORTILLO","UCAYALI",250107,385039.7600,118925.2400,268200.0000,"SOLES",20250331
"BID 4","PROGRAMA DE INNOVACIÓN MODERNIZACIÓN TECNOLÓGICA Y EMPRENDIMIENTO - MIPYMES DIGITALES",2023,"705-PROINNOVATE-IMTEMD-2023","MEJORA DE LA EFICIENCIA OPERATIVA Y EXPERIENCIA DEL CLIENTE DE LA EMPRESA SANCHEZ & ASOC. MEDIANTE LA IMPLEMENTACIÓN DE UN SISTEMA DE GESTIÓN ADMINISTRATIVA-CONTABLE\, PLATAFORMA DE SOPORTE PARA CLIENTES\, Y MARKETING DIGITAL PARA AMPLIAR LA CARTERA DE CLIENTES",20240111,20250210,"SANCHEZ DE LA PUENTE & ASOCIADOS SOCIEDAD CIVIL DE RESPONSABILIDAD LIMITADA","MIRAFLORES","LIMA","LIMA",150122,45000.0000,10286.0000,6857.0000,"SOLES",20250331
"MIPYME Emprendedor","PROGRAMA DE APOYO A LA INTERNACIONALIZACIÓN MODALIDAD II - POTENCIAMIENTO DE LAS EXPORTACIONES",2023,"706-PROINNOVATE-PAIM2-2023","INTERNACIONALIZACIÓN DE TOBOGANES Y ACCESORIOS PARA PARQUES TEMÁTICOS PARA EL MERCADO CHILENO",20231201,20250301,"FIBROTECNIA S.A.C.","SURQUILLO","LIMA","LIMA",150141,89948.0000,14400.0000,0.0000,"SOLES",20250331
"BID 4","PROGRAMA DE INNOVACIÓN MODERNIZACIÓN TECNOLÓGICA Y EMPRENDIMIENTO - MIPYMES DIGITALES",2023,"716-PROINNOVATE-IMTEMD-2023","IMPLEMENTACIÓN DE UN SISTEMA MODULAR DE GESTIÓN DIGITAL PARA LA INTEGRACIÓN Y OPTIMIZACIÓN DE PROCESOS DE VENTA\, LOGÍSTICOS Y OPERATIVOS PARA EL SECTOR DE MUEBLES.",20231114,20241213,"METRO CUADRADO ESTUDIO S.A.C.","SAN BORJA","LIMA","LIMA",150130,45000.0000,10285.7100,6857.1400,"SOLES",20250331
"MIPYME Emprendedor","PROGRAMA DE APOYO A LA INTERNACIONALIZACIÓN MODALIDAD II - POTENCIAMIENTO DE LAS EXPORTACIONES",2023,"717-PROINNOVATE-PAIM2-2023","INTERNACIONALIZANDO LOS SERVICIOS DISEÑO\, DESARROLLO\, MODELAMIENTO E IMPLEMENTACIÓN DE PIEZAS METALMECÁNICAS Y EXPORTACIÓN DE CIMBRAS DE LA EMPRESA EMER AL MERCADO BOLIVIANO",20240106,20250406,"EMER S.A.C","SAN JUAN DE LURIGANCHO","LIMA","LIMA",150132,89998.9900,10001.0100,0.0000,"SOLES",20250331
"MIPYME Emprendedor","PROGRAMA DE APOYO A LA INTERNACIONALIZACIÓN MODALIDAD I - EMPRENDEDOR EXPORTADOR",2023,"718-PROINNOVATE-PAIM1-2023","PLAN DE INTERNACIONALIZACIÓN Y POSICIONAMIENTO DE \"COMBAT BOOTS\" PARA DAMA DE LA MARCA NONOS EN EL MERCADO DE CHILE.",20231123,20250223,"FRANCO CALZADOS S.A.C.","TRUJILLO","TRUJILLO","LA LIBERTAD",130101,69844.8000,8500.0000,0.0000,"SOLES",20250331
"MIPYME Emprendedor","PROGRAMA DE APOYO A LA INTERNACIONALIZACIÓN MODALIDAD II - POTENCIAMIENTO DE LAS EXPORTACIONES",2023,"719-PROINNOVATE-PAIM2-2023","PROCESO DE INTERNACIONALIZACIÓN Y POTENCIAMIENTO DE LA EXPORTACIÓN DE SACHA INCHI TOSTADO AL MERCADO DE COREA DEL SUR",20231115,20250215,"KUMARA FOOD INTERNATIONAL SOCIEDAD ANONIMA CERRADA - KUMARA FOOD INTERNATIONAL  SAC","CHORRILLOS","LIMA","LIMA",150108,90000.0000,10000.0000,0.0000,"SOLES",20250331
"BID 4","PROGRAMA DE INNOVACIÓN MODERNIZACIÓN TECNOLÓGICA Y EMPRENDIMIENTO - MIPYMES DIGITALES",2023,"721-PROINNOVATE-IMTEMD-2023","IMPLEMENTACIÓN DE UN SISTEMA ESPECIALIZADO PARA LA GESTIÓN DE AGENCIAS DE VIAJE ARTICULADO A UNA ESTRATEGIA DE MARKETING DIGITAL PARA EL INCREMENTO DE LA COMPETITIVIDAD DE LA EMPRESA SUNSHINE TRAVEL PERU EIRL.",20231006,20240906,"SUNSHINE TRAVEL PERU EMPRESA INDIVIDUAL DE RESPONSABILIDAD LIMITADA","CUSCO","CUSCO","CUSCO",080101,45000.0000,10285.7100,6857.1400,"SOLES",20250331
"BID 4","PROGRAMA DE INNOVACIÓN MODERNIZACIÓN TECNOLÓGICA Y EMPRENDIMIENTO - MIPYMES DIGITALES",2023,"722-PROINNOVATE-IMTEMD-2023","IMPLEMENTACIÓN DE UN E-COMMERCE INTEGRADO A UN SISTEMA DE GESTIÓN EMPRESARIAL (ERP) QUE PERMITA DIGITALIZAR LA GESTIÓN DE LAS VENTAS\, INVENTARIOS\, COMPRAS Y PLANIFICACIÓN DE PRODUCCIÓN\, PARA UN MEJOR CONTROL FINANCIERO DE LA EMPRESA DE ROPA PARA MUJER ?LARA?.",20231122,20241022,"BAMCIS SOLUTIONS EMPRESA INDIVIDUAL DE RESPONSABILIDAD LIMITADA","SAN BORJA","LIMA","LIMA",150130,45000.0000,10285.7100,6857.1400,"SOLES",20250331
"BID 4","PROGRAMA DE INNOVACIÓN MODERNIZACIÓN TECNOLÓGICA Y EMPRENDIMIENTO - MIPYMES DIGITALES",2023,"724-PROINNOVATE-IMTEMD-2023","IMPLEMENTACIÓN DE UN SISTEMA DE GESTIÓN EMPRESARIAL (ERP) EN LA EMPRESA ?ACEROS ESPECIALES Y REPRESENTACIONES EIRL? PARA INCREMENTAR LA EFICIENCIA DE LOS PROCESOS DE GESTIÓN DE CLIENTES\, VENTAS\, FACTURACIÓN\, COMPRAS\, INVENTARIOS Y ALMACENES.",20231127,20241027,"ACEROS ESPECIALES Y REPRESENTACIONES E.I.R.L.","PIURA","PIURA","PIURA",200101,45000.0000,10285.7100,6857.1400,"SOLES",20250331
"MIPYME Emprendedor","PROGRAMA DE APOYO A LA INTERNACIONALIZACIÓN MODALIDAD II - POTENCIAMIENTO DE LAS EXPORTACIONES",2023,"726-PROINNOVATE-PAIM2-2023","POTENCIAMIENTO DE LAS EXPORTACIONES DE CAFÉ VERDE DE ALTA CALIDAD DE LA ASOCIACIÓN DE PRODUCTORES CERRO BLANCO HACIA EL MERCADO DE LOS ESTADOS UNIDOS.",20231101,20250616,"ASOCIACIÓN DE PRODUCTORES CERRO BLANCO","JEPELACIO","MOYOBAMBA","SAN MARTIN",220104,89910.0000,9990.0000,0.0000,"SOLES",20250331
"BID 4","PROGRAMA DE INNOVACIÓN MODERNIZACIÓN TECNOLÓGICA Y EMPRENDIMIENTO - MIPYMES DIGITALES",2023,"731-PROINNOVATE-IMTEMD-2023","CAMPAÑA DE LANZAMIENTO NACIONAL DE SNACKS SALUDABLES DELITIERRA A TRAVES DE MEDIOS DIGITALES",20231107,20241007,"JORWEISS SOCIEDAD ANONIMA CERRADA - JORWEISS S.A.C.","LURIN","LIMA","LIMA",150119,45000.0000,10720.4900,6857.1400,"SOLES",20250331
"BID 4","PROGRAMA DE INNOVACIÓN MODERNIZACIÓN TECNOLÓGICA Y EMPRENDIMIENTO - MIPYMES DIGITALES",2023,"733-PROINNOVATE-IMTEMD-2023","OPTIMIZACIÓN EL PROCESO COMERCIAL/OPERATIVO DE LA VETERINARIA IMPLEMENTANDO SOLUCIONES DIGITALES QUE PERMITAN LOGRA UN INCREMENTO EN LAS VENTAS.",20231213,20241113,"VETERINARIA VILLARAN E.I.R.L.","SURQUILLO","LIMA","LIMA",150141,45000.0000,10720.4900,6857.1400,"SOLES",20250331
"BID 4","PROGRAMA DE INNOVACIÓN MODERNIZACIÓN TECNOLÓGICA Y EMPRENDIMIENTO - MIPYMES DIGITALES",2023,"738-PROINNOVATE-IMTEMD-2023","ACTUALIZACIÓN DEL ERP (MÓDULOS DE CRM\, VENTAS\, REFACCIONES)\, E INTEGRACIÓN DEL MÓDULO DE CONTABILIDAD PARA MEJORAR LA PRODUCTIVIDAD DEL ÁREA CONTABLE Y OPERATIVA\, Y DESARROLLO DE ESTRATEGIA DE MARKETING DIGITAL PARA POTENCIAR EL CANAL COMERCIAL",20240319,20250219,"FDC CORPORATION E.I.R.L.","ATE","LIMA","LIMA",150103,45000.0000,10286.0000,6857.0000,"SOLES",20250331
"BID 4","PROGRAMA DE INNOVACIÓN MODERNIZACIÓN TECNOLÓGICA Y EMPRENDIMIENTO - MIPYMES DIGITALES",2023,"743-PROINNOVATE-IMTEMD-2023","DESARROLLO E IMPLEMENTACIÓN DE UNA PLATAFORMA VIRTUAL PARA EL DESARROLLO DE SERVICIOS PSICOLÓGICOS ONLINE EN KONSULT GROUP PERÚ SAC",20240111,20241211,"KONSULT GROUP PERU S.A.C.","SAN ISIDRO","LIMA","LIMA",150131,45000.0000,10285.7100,6857.1400,"SOLES",20250331
"BID 4","PROGRAMA DE INNOVACIÓN MODERNIZACIÓN TECNOLÓGICA Y EMPRENDIMIENTO - MIPYMES DIGITALES",2023,"745-PROINNOVATE-IMTEMD-2023","IMPLEMENTAR HERRAMIENTAS DIGITALES DE MARKETING Y SOFTWARE CON MÓDULO DE CONTRATACIÓN DEL PERSONAL Y ATENCIÓN PERSONALIZADA AL CLIENTE EN NUESTRO SITIO WEB.",20231114,20241014,"SERPAEM SOCIEDAD ANONIMA CERRADA - SERPAEM S.A.C.","SANTIAGO DE SURCO","LIMA","LIMA",150140,45000.0000,10400.0000,6752.0000,"SOLES",20250331
"BID 4","PROGRAMA DE INNOVACIÓN MODERNIZACIÓN TECNOLÓGICA Y EMPRENDIMIENTO - MIPYMES DIGITALES",2023,"747-PROINNOVATE-IMTEMD-2023","MEJORAR LA EXPERIENCIA DEL CICLISTA A TRAVÉS DE UN MÓDULO DE GESTIÓN DE TALLERES AUTOMATIZADO\, AMIGABLE Y RENTABLE.",20231107,20241007,"CIUDAD BICI SAC","MAGDALENA DEL MAR","LIMA","LIMA",150120,33000.0000,7200.0000,4800.0000,"SOLES",20250331
"BID 4","PROGRAMA DE INNOVACIÓN MODERNIZACIÓN TECNOLÓGICA Y EMPRENDIMIENTO - MIPYMES DIGITALES",2023,"750-PROINNOVATE-IMTEMD-2023","DIGITALIZACIÓN DE LOS PROCESOS DE COMERCIALIZACIÓN EN LA EMPRESA \"PINEDA CONTRATISTAS GENERALES S.A.C.\"",20231024,20240924,"PINEDA LI CONTRATISTAS GENERALES S.A.C.","CERRO COLORADO","AREQUIPA","AREQUIPA",040104,45000.0000,10285.7100,6857.1400,"SOLES",20250331
"MIPYME Emprendedor","PROGRAMA DE APOYO A LA INTERNACIONALIZACIÓN MODALIDAD II - POTENCIAMIENTO DE LAS EXPORTACIONES",2023,"751-PROINNOVATE-PAIM2-2023","INTERNACIONALIZANDO CAFÉ DE ESPECIALIDAD CON SELLOS ORGÁNICOS Y DE COMERCIO JUSTO DE CAJAMARCA A LAS TAZAS DEL MERCADO DE ESTADOS UNIDOS.",20231107,20250317,"ASOCIACION DE AGRICULTORES BOSQUES DE NEBLINA","JAEN","JAEN","CAJAMARCA",060801,89999.9800,10000.0100,0.0000,"SOLES",20250331
"BID 4","PROYECTOS DE VALIDACIÓN DE LA INNOVACIÓN",2023,"753-PROINNOVATE-PIEC2-2023","VALIDACIÓN\, ESCALAMIENTO Y EMPAQUETAMIENTO DEL CAVBIO CORIZA MOLECULAR DETECTION KIT DE BTS CONSULTORES S.A.C.",20231013,20251013,"BTS CONSULTORES S.A.C.","LIMA","LIMA","LIMA",150101,500000.0000,83333.3300,190860.0000,"SOLES",20250331
"BID 4","PROYECTOS DE VALIDACIÓN DE LA INNOVACIÓN",2023,"754-PROINNOVATE-PIEC2-2023","VALIDACIÓN Y EMPAQUETAMIENTO DEL SISTEMA DE MONITOREO Y DETECCIÓN DE DEFICIENCIAS NUTRICIONALES N-P-K E HÍDRICA EN EL CULTIVO DE PALTA VARIEDAD HASS\, BASADO EN SENSORES EN EL CAMPO DE CULTIVO E IMÁGENES CAPTURADAS POR DRONES\, CON AGRICULTURA 4.0 EN LA LIBERTAD",20231004,20250404,"LABOTEC PERU S.A.C.","SAN MARTIN DE PORRES","LIMA","LIMA",150135,400000.0000,68120.0000,162300.0000,"SOLES",20250331
"BID 4","PROGRAMA DE INNOVACIÓN MODERNIZACIÓN TECNOLÓGICA Y EMPRENDIMIENTO - MIPYMES DIGITALES",2023,"757-PROINNOVATE-IMTEMD-2023","IMPLEMENTACIÓN DE CRM Y ERP DE CICLO COMPLETO PARA LA INTEGRACIÓN Y OPTIMIZACIÓN DE LOS PROCESOS COMERCIALES\, LOGÍSTICOS Y FINANCIEROS\, PARA MEJORAR LA PRODUCTIVIDAD Y SOSTENIBILIDAD DE UVA SANTA SAC",20231103,20241003,"UVA SANTA SAC","PUEBLO LIBRE","LIMA","LIMA",150121,45000.0000,10286.0000,6857.0000,"SOLES",20250331
"BID 4","PROGRAMA DE INNOVACIÓN MODERNIZACIÓN TECNOLÓGICA Y EMPRENDIMIENTO - MIPYMES DIGITALES",2023,"758-PROINNOVATE-IMTEMD-2023","DIGITALIZACIÓN DE LOS PROCESOS LOGISTICO\, ADMINISTRATIVO Y COMERCIAL DE LA EMPRESA MULTICOSAS PARA REDUCIR COSTOS E INCREMENTAR LAS VENTAS GENERANDO UN NUEVO CANAL COMERCIAL.",20231107,20241007,"MULTICOSAS S.R.L.","EL TAMBO","HUANCAYO","JUNIN",120114,45000.0000,10286.0000,6857.0000,"SOLES",20250331
"BID 4","PROGRAMA DE INNOVACIÓN MODERNIZACIÓN TECNOLÓGICA Y EMPRENDIMIENTO - MIPYMES DIGITALES",2023,"761-PROINNOVATE-IMTEMD-2023","DIGITALIZACIÓN DEL COMERCIO EN LÍNEA Y GESTIÓN DE PUBLICIDAD PERSONALIZADA",20231122,20241022,"BIFROST COMPANY E.I.R.L.","EL PORVENIR","TRUJILLO","LA LIBERTAD",130102,44999.4000,10285.5600,6857.0400,"SOLES",20250331
"BID 4","PROYECTOS DE INNOVACIÓN EMPRESARIAL",2023,"764-PROINNOVATE-PIEC1-2023","AUTOMATIZACIÓN DEL PROCESO DE ELABORACIÓN DE PRODUCTOS DE VALOR AGREGADO (PELADOS) DE LANGOSTINOS EN TUMBES.",20231114,20251114,"ENGROUP HOLDING S.A.C.","MIRAFLORES","LIMA","LIMA",150122,315360.0700,223200.0300,124999.9300,"SOLES",20250331
"BID 4","PROYECTOS DE INNOVACIÓN EMPRESARIAL",2023,"765-PROINNOVATE-PIEC1-2023","DESARROLLO DE UN SISTEMA DE MEJORAMIENTO GENÉTICO DE ABEJAS REINA PARA COLONIAS ORIENTADAS AL SERVICIO DE POLINIZACIÓN\, EN PANGOA - SATIPO",20231229,20250629,"ASOCIACION DE APICULTORES SELVA CENTRAL - PANGOA","PANGOA","SATIPO","JUNIN",120606,179979.7400,18400.2600,16216.8000,"SOLES",20250331
"BID 4","PROGRAMA DE INNOVACIÓN MODERNIZACIÓN TECNOLÓGICA Y EMPRENDIMIENTO - MIPYMES DIGITALES",2023,"773-PROINNOVATE-IMTEMD-2023","IMPLEMENTACIÓN DE HERRAMIENTAS DIGITALES BASADAS EN METODOLOGÍAS ÁGILES\, PARA EL AUMENTO DE LA PRODUCTIVIDAD DE LOS PROCESOS COMERCIALES\, GESTIÓN DE CLIENTES Y GESTIÓN  DE PROYECTOS",20231012,20240912,"AGUILAR MORENO S.A.C.","MIRAFLORES","LIMA","LIMA",150122,45000.0000,10285.7200,6857.1400,"SOLES",20250331
"BID 4","PROGRAMA DE INNOVACIÓN MODERNIZACIÓN TECNOLÓGICA Y EMPRENDIMIENTO - MIPYMES DIGITALES",2023,"777-PROINNOVATE-IMTEMD-2023","IMPLEMENTACIÓN DE UN SISTEMA A MEDIDA\, PARA LA GESTIÓN ADMINISTRATIVA\, COMERCIAL Y DE RRHH DE LA AGENCIA DE VIAJES \"ANDEAN GOLD T&S\".",20231107,20241206,"ANDEAN GOLD TRAVEL AND SERVICES SOCIEDAD COMERCIAL DE RESPONSABILIDAD LIMITADA","MIRAFLORES","LIMA","LIMA",150122,45000.0000,10285.7100,6857.1400,"SOLES",20250331
"MIPYME Emprendedor","PROGRAMA DE APOYO A LA INTERNACIONALIZACIÓN MODALIDAD II - POTENCIAMIENTO DE LAS EXPORTACIONES",2023,"779-PROINNOVATE-PAIM2-2023","CRAFTS ANDINOS CONQUISTANDO EL MERCADO DE JOYERÍA ESTADO UNIDENSE",20231130,20250228,"CRAFTS ANDINOS SOCIEDAD ANONIMA CERRADA - CRAFTS ANDINOS S.A.C.","SURQUILLO","LIMA","LIMA",150141,89999.9800,10000.0100,0.0000,"SOLES",20250331
"BID 4","PROGRAMA DE INNOVACIÓN MODERNIZACIÓN TECNOLÓGICA Y EMPRENDIMIENTO - MIPYMES DIGITALES",2023,"780-PROINNOVATE-IMTEMD-2023","OPTIMIZACIÓN DE LOS PROCESOS INTERNOS Y CONTROLAR LA GESTIÓN OPERATIVA A TRAVÉS DE LA IMPLEMENTACIÓN Y ADECUACIÓN DE UN SOFTWARE ERP QUE CUENTE CON 4 MÓDULOS Y COMPLEMENTARLO CON UN DASHBOARD DE CONTROL EN LA NUBE.",20231114,20241014,"CORPORACION FERREMAN S.A.C.","CALLERIA","CORONEL PORTILLO","UCAYALI",250101,45000.0000,10286.0000,6857.0000,"SOLES",20250331
"BID 4","PROGRAMA DE INNOVACIÓN MODERNIZACIÓN TECNOLÓGICA Y EMPRENDIMIENTO - MIPYMES DIGITALES",2023,"782-PROINNOVATE-IMTEMD-2023","TRANSFORMACION DIGITAL - PARA LA PROMOCION DE CROMOS POLO Y MAS EN LA COMUNICACION DIGITAL - ECOMMERCE",20231114,20241213,"CROMO POLOS Y MAS EMPRESA INDIVIDUAL DE RESPONSABILIDAD LIMITADA - CROMO POLOS Y MAS E.I.R.L.","SAN BORJA","LIMA","LIMA",150130,45000.0000,10720.4900,6857.1400,"SOLES",20250331
"BID 4","PROGRAMA DE INNOVACIÓN MODERNIZACIÓN TECNOLÓGICA Y EMPRENDIMIENTO - MIPYMES DIGITALES",2023,"785-PROINNOVATE-IMTEMD-2023","IMPLEMENTACIÓN DE SISTEMA INTEGRAL (ERP-CRM)\, PARA AUMENTAR LA PRODUCTIVIDAD DE LOS PROCESOS COMERCIALES\, GESTIÓN DE PROYECTOS Y ADMINISTRATIVOS",20231016,20240916,"SOCIEDAD TECNOLOGICA DEL PERU S.A.C.","LA VICTORIA","LIMA","LIMA",150115,45000.0000,10285.7200,6857.1400,"SOLES",20250331
"BID 4","PROGRAMA DE INNOVACIÓN MODERNIZACIÓN TECNOLÓGICA Y EMPRENDIMIENTO - MIPYMES DIGITALES",2023,"788-PROINNOVATE-IMTEMD-2023","FORTALECIMIENTO DIGITAL DE NOVOZELA SAC. CON LA IMPLEMENTACIÓN DE SISTEMA DE GESTIÓN PRODUCTIVA\, PLATAFORMA DE VENTAS Y MARKETING DIGITAL",20231211,20241111,"NOVOZELA S.A.C.","SURQUILLO","LIMA","LIMA",150141,45000.0000,10285.7100,6857.1400,"SOLES",20250331
"BID 4","PROGRAMA DE INNOVACIÓN MODERNIZACIÓN TECNOLÓGICA Y EMPRENDIMIENTO - MIPYMES DIGITALES",2023,"790-PROINNOVATE-IMTEMD-2023","DIAGNÓSTICO E IMPLEMENTACIÓN DE ESTRATEGIAS DIGITALES PARA LA OPTIMIZACIÓN DE PROCESOS Y MEJORA DE LA PRODUCTIVIDAD DE LA EMPRESA GONDOLA TOURS",20231114,20241014,"GONDOLA TOURS S.A.C.","AREQUIPA","AREQUIPA","AREQUIPA",040101,44999.4000,10285.5600,6857.0400,"SOLES",20250331
"BID 4","PROGRAMA DE INNOVACIÓN MODERNIZACIÓN TECNOLÓGICA Y EMPRENDIMIENTO - MIPYMES DIGITALES",2023,"796-PROINNOVATE-IMTEMD-2023","IMPLEMENTACIÓN DE SISTEMA ERP PARA LA MEJORA E INTEGRACIÓN DE LOS PROCESOS ADMINISTRATIVOS\, OPERATIVOS\, CONTABLES Y FINANCIEROS",20231013,20240913,"AMERICAN TELECOM COMPANY S.A.C.","LA VICTORIA","LIMA","LIMA",150115,45000.0000,10285.7200,6857.1400,"SOLES",20250331
"BID 4","PROGRAMA DE INNOVACIÓN MODERNIZACIÓN TECNOLÓGICA Y EMPRENDIMIENTO - MIPYMES DIGITALES",2023,"799-PROINNOVATE-IMTEMD-2023","INNOVACIÓN TECNOLÓGICA Y TRANSFORMACIÓN DIGITAL: MEJORANDO PROCESOS EN LA PRODUCCIÓN Y RESULTADOS EN LA COMERCIALIZACIÓN DE UNIFORMES CORPORATIVOS A TRAVÉS DEL COMERCIO ELECTRÓNICO E IMPLEMENTACIÓN DE ESTRATEGIAS DE MARKETING DIGITAL EN LA EMPRESA ALLIN",20231103,20241203,"CREACIONES ALLIN S.A.C","LOS OLIVOS","LIMA","LIMA",150117,45000.0000,10285.7100,6857.1400,"SOLES",20250331
"BID 4","PROGRAMA DE INNOVACIÓN MODERNIZACIÓN TECNOLÓGICA Y EMPRENDIMIENTO - MIPYMES DIGITALES",2023,"802-PROINNOVATE-IMTEMD-2023","MEJORA Y AUTOMATIZACIÓN DE LOS PROCESOS COMERCIALES\, ADMINISTRATIVOS Y DE GESTIÓN DE SERVICIOS JOHANA BURGOS\, A TRAVÉS DE LA IMPLEMENTACIÓN DE UN SISTEMA DE GESTIÓN ADMINISTRATIVA-CONTABLE INTEGRADO CON UN CRM PARA AMPLIAR Y POSICIONAR LAS LÍNEAS DEL NEGOCIO.",20240319,20250418,"SERVICIOS JOHANA BURGOS E.I.R.L.","SAN CLEMENTE","PISCO","ICA",110507,45000.0000,10286.0000,6857.0000,"SOLES",20250331
"BID 4","PROGRAMA DE INNOVACIÓN MODERNIZACIÓN TECNOLÓGICA Y EMPRENDIMIENTO - MIPYMES DIGITALES",2023,"808-PROINNOVATE-IMTEMD-2023","IMPLEMENTACIÓN DE LA PLATAFORMA E-LEARNING B2B DE IM CONSULTORES CON CURSOS ACCIONABLES SOBRE SEGURIDAD Y SALUD EN EL TRABAJO\, CALIDAD Y MEDIOAMBIENTE PARA MEJORAR LA PRODUCTIVIDAD EN LOS SERVICIOS QUE OFRECE LA EMPRESA Y AUMENTAR LAS OPORTUNIDADES DE NEGOCIO.",20231122,20241221,"INTEGRAL MANAGEMENT HSEQ S.A.C.","LIMA","LIMA","LIMA",150101,45000.0000,10285.7100,6857.1400,"SOLES",20250331
"BID 4","PROYECTOS DE VALIDACIÓN DE LA INNOVACIÓN",2023,"809-PROINNOVATE-PIEC2-2023","VALIDACIÓN TÉCNICO-COMERCIAL DE ALPAFILL (TECNOLOGÍA A PARTIR DE FIBRAS DE ALPACA Y POLIÉSTER Y/O ACRÍLICO RECICLADO CON UN ALTO ÍNDICE DE AISLAMIENTO TÉRMICO) EN LA CATEGORÍA DE CASACAS HOSEG\, CON LA FINALIDAD DE SU INTRODUCCIÓN AL MERCADO DE LOS EEUU",20230928,20250527,"14-DIEZ S.A.C","BARRANCO","LIMA","LIMA",150104,500000.0000,85292.0100,240100.0000,"SOLES",20250331
"BID 4","CONCURSO DE PROYECTOS COLABORATIVOS DE INNOVACIÓN ABIERTA MODALIDAD A",2023,"810-PROINNOVATE-IAMA-2023","DESARROLLO DE UN PROYECTO DE INNOVACIÓN ABIERTA BASADA EN LA IMPLEMENTACIÓN DE UN SMART FACTORY SOSTENIBLE EN PROCESOS DE PREPARACIÓN\, TINTORERÍA Y ACABADO DE TELA PLANA EN LA EMPRESA CREDITEX",20231107,20260507,"CREDITEX S.A.A.","ATE","LIMA","LIMA",150103,1998767.8000,855902.2000,1010999.6800,"SOLES",20250331
"MIPYME Emprendedor","PROGRAMA DE APOYO A LA INTERNACIONALIZACIÓN MODALIDAD I - EMPRENDEDOR EXPORTADOR",2023,"811-PROINNOVATE-PAIM1-2023","EXPORTACIÓN DE CAFÉ EN GRANO VERDE CON CERTIFICACIÓN ORGÁNICA DE LA EMPRESA FINCA CHORRO BLANCO AL MERCADO DE ALEMANIA",20231116,20250429,"FINCA CHORRO BLANCO S.R.L.","JAEN","JAEN","CAJAMARCA",060801,70000.0000,7779.0000,0.0000,"SOLES",20250331
"BID 4","PROGRAMA DE INNOVACIÓN MODERNIZACIÓN TECNOLÓGICA Y EMPRENDIMIENTO - MIPYMES DIGITALES",2023,"815-PROINNOVATE-IMTEMD-2023","INTEGRACIÓN DE E-COMMERCE Y DESPLIEGUE DE LA ESTRATEGIA DE MARKETING DE CONTENIDOS PARA INCREMENTAR LA RENTABILIDAD DE MAJOL",20231213,20250112,"BUSINESS - MAJOL SAC","SAN JUAN DE LURIGANCHO","LIMA","LIMA",150132,45000.0000,10285.7100,6857.1400,"SOLES",20250331
"BID 4","PROGRAMA DE INNOVACIÓN MODERNIZACIÓN TECNOLÓGICA Y EMPRENDIMIENTO - MIPYMES DIGITALES",2023,"821-PROINNOVATE-IMTEMD-2023","IMPLEMENTACIÓN DE UN CRM QUE PERMITA LA OMNICANALIDAD EN \"GI CORONADO CONTACT CENTER S.A.C.\"\, PARA OPTIMIZAR EL RELACIONAMIENTO Y GESTIÓN DE CLIENTES\, EL INCREMENTO DE LA EFICIENCIA OPERATIVA Y EL MONITOREO DE LOS PRINCIPALES INDICADORES DE GESTIÓN.",20231117,20241017,"GI CORONADO CONTACT CENTER SOCIEDAD ANONIMA CERRADA - GI CORONADO CONTACT CENTER S.A.C.","LINCE","LIMA","LIMA",150116,45000.0000,10286.0000,6857.0000,"SOLES",20250331
"BID 4","PROGRAMA DE INNOVACIÓN MODERNIZACIÓN TECNOLÓGICA Y EMPRENDIMIENTO - MIPYMES DIGITALES",2023,"824-PROINNOVATE-IMTEMD-2023","OPTIMIZACIÓN Y AUTOMATIZACIÓN DEL PROCESO COMERCIAL A TRAVÉS DE LA IMPLEMENTACIÓN DE UNA PLATAFORMA QUE INTEGRE UN CRM\, CHAT GPT Y UN ERP\, CON LA FINALIDAD DE INCREMENTAR LAS VENTAS Y AUMENTAR LA PRODUCTIVIDAD DEL NEGOCIO.",20231020,20240920,"MODO ORGANICO S.A.C.","SURQUILLO","LIMA","LIMA",150141,45000.0000,10286.0000,6857.0000,"SOLES",20250331
"BID 4","CONCURSO DE PROYECTOS COLABORATIVOS DE INNOVACIÓN ABIERTA MODALIDAD A",2023,"826-PROINNOVATE-IAMA-2023","PROGRAMA DE INNOVACIÓN ABIERTA \"INCIMMET MINING LATAM\" PARA IMPULSAR UNA MINERÍA MÁS SOSTENIBLE Y DIGITAL",20231106,20260606,"INCIMMET S.A.","SANTIAGO DE SURCO","LIMA","LIMA",150140,2000000.0000,873740.0000,1028000.0000,"SOLES",20250331
"MIPYME Emprendedor","PROGRAMA DE APOYO A LA INTERNACIONALIZACIÓN MODALIDAD II - POTENCIAMIENTO DE LAS EXPORTACIONES",2023,"827-PROINNOVATE-PAIM2-2023","TUMI ROBOTICS ? SERVICIOS DE INSPECCIÓN\, DIGITALIZACIÓN Y DIAGNOSTICO DE INFRAESTRUCTURA DE CAPITAL INTENSIVO EN MINERÍA\, ENERGÍA E HIDROCARBUROS PARA LA INDUSTRIA MEXICANA",20231116,20251010,"4HELIX LABS S.A.C.","SAN ISIDRO","LIMA","LIMA",150131,90000.0000,10200.0000,0.0000,"SOLES",20250331
"BID 4","EMPRENDIMIENTOS INNOVADORES",2023,"828-PROINNOVATE-EIN-2023","DATAPATH: ESCUELA ONLINE QUE POTENCIA Y ACELERA EL TALENTO EN DATA\, ANALYTICS & CLOUD.",20240305,20241205,"DISRUPTIVE TRAINING S.R.L.","SAN JUAN DE LURIGANCHO","LIMA","LIMA",150132,67000.0000,10831.4500,19143.0600,"SOLES",20250331
"BID 4","PROGRAMA DE INNOVACIÓN MODERNIZACIÓN TECNOLÓGICA Y EMPRENDIMIENTO - MIPYMES DIGITALES",2023,"829-PROINNOVATE-IMTEMD-2023","FORTALECIMIENTO DE LA PRESENCIA DIGITAL DE LA EMPRESA A TRAVÉS LA IMPLEMENTACIÓN DE UNA ESTRATEGIA DE COMUNICACIÓN Y MARKETING DIGITAL\, DESARROLLO DE UN SITIO WEB CORPORATIVO Y LA ADOPCIÓN DE UN SOFTWARE CRM.",20231117,20241216,"REDISEÑANDO PERÚ S.A.C.","BARRANCO","LIMA","LIMA",150104,45000.0000,10286.0000,6857.0000,"SOLES",20250331
"BID 4","PROGRAMA DE INNOVACIÓN MODERNIZACIÓN TECNOLÓGICA Y EMPRENDIMIENTO - MIPYMES DIGITALES",2023,"830-PROINNOVATE-IMTEMD-2023","INCREMENTAR LA EFICIENCIA DE LAS OPERACIONES Y OPTIMIZAR EL SERVICIO AL ESTUDIANTE QUE BRINDA LA EMPRESA \"LÍDER INSTITUTO DE LIDERAZGO Y DESARROLLO DEL PERÚ S.A.C.\"",20231114,20241213,"LIDER INSTITUTO DE LIDERAZGO Y DESARROLLO DEL PERU S.A.C.","HUANCAYO","HUANCAYO","JUNIN",120101,45000.0000,10286.0000,6857.0000,"SOLES",20250331
"BID 4","PROGRAMA DE INNOVACIÓN MODERNIZACIÓN TECNOLÓGICA Y EMPRENDIMIENTO - MIPYMES DIGITALES",2023,"831-PROINNOVATE-IMTEMD-2023","IMPLEMENTACIÓN DE TECNOLOGÍAS DIGITALES PARA OPTIMIZAR PROCESOS EN FAST PROVIDER PERU S.A.C.",20231020,20240920,"FAST PROVIDER PERU S.A.C.","SAN JUAN DE MIRAFLORES","LIMA","LIMA",150133,45000.0000,10286.0000,6857.0000,"SOLES",20250331
"BID 4","PROGRAMA DE INNOVACIÓN MODERNIZACIÓN TECNOLÓGICA Y EMPRENDIMIENTO - MIPYMES DIGITALES",2023,"833-PROINNOVATE-IMTEMD-2023","SISTEMATIZACIÓN E INTERCOMUNICACIÓN EN TIEMPO REAL DE LAS ÁREAS DE PRODUCCIÓN-LOGÍSTICA Y ALMACÉN MEDIANTE LA DIGITALIZACIÓN HACIA LA ATENCIÓN DE PEDIDOS Y TOMA DE DECISIONES PARA INCREMENTAR LA PRODUCTIVIDAD.",20231117,20241116,"R. DOY INDUSTRIAL S.A.C.","LA VICTORIA","LIMA","LIMA",150115,44722.0000,10260.0000,6840.0000,"SOLES",20250331
"BID 4","CONCURSO DE PROYECTOS COLABORATIVOS DE INNOVACIÓN ABIERTA MODALIDAD A",2023,"835-PROINNOVATE-IAMA-2023","SITECH 3.0 SOLUCIONES COLABORATIVAS PARA LOS GRANDES DESAFÍOS DE LA INDUSTRIA MINERA",20231103,20260603,"VIXORA SOCIEDAD ANONIMA - VIXORA S.A.","SANTIAGO DE SURCO","LIMA","LIMA",150140,1982731.2900,865974.0700,927260.0000,"SOLES",20250331
"BID 4","PROGRAMA DE INNOVACIÓN MODERNIZACIÓN TECNOLÓGICA Y EMPRENDIMIENTO - MIPYMES DIGITALES",2023,"836-PROINNOVATE-IMTEMD-2023","HERRAMIENTA DE DIAGNÓSTICO Y ANÁLISIS ESG PARA LA GESTIÓN DE LA SOSTENIBILIDAD",20231229,20241129,"AC SOSTENIBILIDAD S.A.C.","SANTIAGO DE SURCO","LIMA","LIMA",150140,45000.0000,10285.7100,6857.1400,"SOLES",20250331
"BID 4","PROGRAMA DE INNOVACIÓN MODERNIZACIÓN TECNOLÓGICA Y EMPRENDIMIENTO - MIPYMES DIGITALES",2023,"844-PROINNOVATE-IMTEMD-2023","ADECUACIÓN E IMPLEMENTACIÓN DE LA PRIMERA PLATAFORMA DE E-COMMERCE DE SUPERFOODS PARA NUESTRA MARCA ?FINKA KIVINAKI?\, PARA LA PROVINCIA DE CHANCHAMAYO\, REGIÓN DE JUNÍN.",20231107,20241007,"PERUVIAN C&C SOCIEDAD ANONIMA CERRADA - PERUVIAN C&C S.A.C.","PICHANAQUI","CHANCHAMAYO","JUNIN",120303,45000.0000,12171.4200,7114.2900,"SOLES",20250331
"BID 4","PROGRAMA DE INNOVACIÓN MODERNIZACIÓN TECNOLÓGICA Y EMPRENDIMIENTO - MIPYMES DIGITALES",2023,"846-PROINNOVATE-IMTEMD-2023","OPTIMIZACIÓN EN LA GESTIÓN DE PROCESOS Y COMUNICACIÓN INTERNA DE LA EMPRESA SHOOTERS CREADORES DE CONTENIDO S.A.C. A TRAVÉS DE TECNOLOGÍAS DIGITALES AMOLDADAS A LAS NECESIDADES DEL MERCADO ACTUAL",20231107,20241007,"SHOOTERS CREADORES DE CONTENIDO S.A.C.","AREQUIPA","AREQUIPA","AREQUIPA",040101,45000.0000,10285.7100,6857.1400,"SOLES",20250331
"BID 4","PROGRAMA DE INNOVACIÓN MODERNIZACIÓN TECNOLÓGICA Y EMPRENDIMIENTO - MIPYMES DIGITALES",2023,"852-PROINNOVATE-IMTEMD-2023","POSICIONAR LA MARCA IRON CAPITAL Y OPTIMIZAR LOS PROCESOS DE LA EMPRESA A TRAVÉS DE LA IMPLEMENTACIÓN DE UNA ESTRATEGIA DE MARKETING DIGITAL\, GENERACIÓN DE CONTENIDO\, AUTOMATIZACIÓN DEL PROCESO DE PAGO E IMPLEMENTACIÓN DE UN CRM.",20231107,20241007,"IRON CAPITAL S.A.C.","MIRAFLORES","LIMA","LIMA",150122,45000.0000,10286.0000,6857.0000,"SOLES",20250331
"BID 4","PROGRAMA DE INNOVACIÓN MODERNIZACIÓN TECNOLÓGICA Y EMPRENDIMIENTO - MIPYMES DIGITALES",2023,"853-PROINNOVATE-IMTEMD-2023","DIGITALIZACIÓN DE LOS PROCESOS DE GESTIÓN DE HISTORIAS CLÍNICAS Y GESTIÓN DE CLIENTES DE LA EMPRESA \"PERÚ DENT S.A.C.\".",20231107,20241206,"PERU DENT S.A.C.","SAN JUAN DE LURIGANCHO","LIMA","LIMA",150132,45000.0000,10286.0000,6857.0000,"SOLES",20250331
"BID 4","PROGRAMA DE INNOVACIÓN MODERNIZACIÓN TECNOLÓGICA Y EMPRENDIMIENTO - MIPYMES DIGITALES",2023,"855-PROINNOVATE-IMTEMD-2023","IMPLEMENTACIÓN DE UN SISTEMA DE ADMINISTRACIÓN DE TRANSPORTE DE CARGA PESADA EN LA EMPRESA \"INVERSIONES Y SERVICIOS HERMOZA LUZ S.R.L.\".",20231107,20241007,"INVERSIONES Y SERVICIOS HERMOZA LUZ S.R.L.","EL AGUSTINO","LIMA","LIMA",150111,45000.0000,10285.7100,6857.1400,"SOLES",20250331
"BID 4","PROGRAMA DE INNOVACIÓN MODERNIZACIÓN TECNOLÓGICA Y EMPRENDIMIENTO - MIPYMES DIGITALES",2023,"856-PROINNOVATE-IMTEMD-2023","MEJORA DE LA PRODUCTIVIDAD\, LA EFICIENCIA Y POSICIONAMIENTO DE LA MARCA \"DICONTA\" A TRAVÉS DEL DESARROLLO DE UN PLAN DE COMUNICACIÓN Y MARKETING DIGITAL\, ASÍ COMO DE LA IMPLEMENTACIÓN DE UN SOFTWARE CONTABLE Y JURÍDICO.",20231114,20241213,"DICONTA CONTADORES & ABOGADOS SOCIEDAD ANONIMA CERRADA","RUPA-RUPA","LEONCIO PRADO","HUANUCO",100601,45000.0000,10286.0000,6857.0000,"SOLES",20250331
"BID 4","PROGRAMA DE INNOVACIÓN MODERNIZACIÓN TECNOLÓGICA Y EMPRENDIMIENTO - MIPYMES DIGITALES",2023,"857-PROINNOVATE-IMTEMD-2023","DESARROLLO DE UNA PLATAFORMA DE COMERCIO ELECTRÓNICO COMPLETA QUE PERMITA LA VENTA DE PRODUCTOS DE CAFÉ DE ESPECIALIDAD EN LÍNEA EN LA EMPRESA \"JEYZAR S.A.C.\".",20231107,20241007,"JEYZAR S.A.C.","EL TAMBO","HUANCAYO","JUNIN",120114,45000.0000,10285.7100,6857.1400,"SOLES",20250331
"BID 4","PROGRAMA DE INNOVACIÓN MODERNIZACIÓN TECNOLÓGICA Y EMPRENDIMIENTO - MIPYMES DIGITALES",2023,"859-PROINNOVATE-IMTEMD-2023","OPTIMIZACIÓN DIGITAL: AUTOMATIZACIÓN DE SERVIDORES PARA POTENCIAR EL MARKETING DIGITAL EN BIEGROUPS.A.C.",20231107,20241007,"BUSINESSES INNOVATION & EVOLUTION GROUP S.A.C. - BIE GROUP S.A.C.","MIRAFLORES","LIMA","LIMA",150122,45000.0000,10285.7200,6857.1400,"SOLES",20250331
"BID 4","PROGRAMA DE INNOVACIÓN MODERNIZACIÓN TECNOLÓGICA Y EMPRENDIMIENTO - MIPYMES DIGITALES",2023,"861-PROINNOVATE-IMTEMD-2023","IMPLEMENTACIÓN Y DESPLIEGUE DE UNA CAMPAÑA DE MARKETING DIGITAL PARA LA CAPTACIÓN Y FIDELIZACIÓN DE NUEVOS CLIENTES\, BUSCANDO EL INCREMENTO DE VENTAS Y DE CUOTA DE MERCADO.",20231213,20241113,"YUDAI SERVICIOS GENERALES S.A.C.","LIMA","LIMA","LIMA",150101,45000.0000,10286.0000,6857.0000,"SOLES",20250331
"BID 4","EMPRENDIMIENTOS INNOVADORES",2023,"862-PROINNOVATE-EIN-2023","COMUHACK: ANÁLISIS DE DATOS PARA MEJORAMIENTO EMPRESARIAL",20231120,20240820,"MARCILLA FLORES JOSEPH BRYAN","ATE","LIMA","LIMA",150103,67000.0000,9571.6900,19142.8600,"SOLES",20250331
"BID 4","CONCURSO DE PROYECTOS COLABORATIVOS DE INNOVACIÓN ABIERTA MODALIDAD A",2023,"863-PROINNOVATE-IAMA-2023","INNOVACIÓN ABIERTA PARA EL DESARROLLO\, VALIDACIÓN Y ADOPCIÓN DE SOLUCIONES TECNOLÓGICAS DIGITALES PARA LA GESTIÓN DE SALUD PERSONALIZADA Y DE PRECISIÓN\, PROMOVIENDO Y CONSOLIDANDO LA SALUD PREVENTIVA EN UN ENTORNO DE SERVICIOS DE SALUD 4.0 DE PULSO SALUD",20231103,20260703,"PULSO CORPORACIÓN MÉDICA S.A.C.","SAN BORJA","LIMA","LIMA",150130,1999167.8000,869432.2000,956000.0000,"SOLES",20250331
"MIPYME Emprendedor","PROGRAMA DE APOYO A LA INTERNACIONALIZACIÓN MODALIDAD II - POTENCIAMIENTO DE LAS EXPORTACIONES",2023,"865-PROINNOVATE-PAIM2-2023","POTENCIAMIENTO DE LAS EXPORTACIONES DE LA ASOCIACIÓN DE PRODUCTORES CHIRINOS COFFEE PERÚ A TRAVÉS DE LA OFERTA DE CAFÉ EN GRANO VERDE AL MERCADO DE BÉLGICA",20231118,20250218,"ASOCIACION DE PRODUCTORES CHIRINOS COFFEE PERU","JAEN","JAEN","CAJAMARCA",060801,89430.0000,9970.0000,0.0000,"SOLES",20250331
"BID 4","PROGRAMA DE INNOVACIÓN MODERNIZACIÓN TECNOLÓGICA Y EMPRENDIMIENTO - MIPYMES DIGITALES",2023,"869-PROINNOVATE-IMTEMD-2023","IMPLEMENTACIÓN DE ESTRATEGIAS DE MARKETING DIGITAL Y COMERCIAL PARA MEJORAR LA ATRACCIÓN Y FIDELIZACIÓN DE LOS CLIENTES EN LA EMPRESA LA ITALIANA.",20231122,20241221,"SERVICIOS GASTRONOMICOS LA ITALIANA SOCIEDAD COMERCIAL DE RESPONSABILIDAD LIMITADA","AREQUIPA","AREQUIPA","AREQUIPA",040101,45000.0000,10285.7100,6857.1400,"SOLES",20250331
"BID 4","PROGRAMA DE INNOVACIÓN MODERNIZACIÓN TECNOLÓGICA Y EMPRENDIMIENTO - MIPYMES DIGITALES",2023,"872-PROINNOVATE-IMTEMD-2023","DIGITALIZACIÓN INTEGRAL Y MEJORA DE LA PRODUCTIVIDAD EN LA MIPYME ESMET SERVICIOS GENERALES S.A.C.",20231213,20241113,"ESMET SERVICIOS GENERALES S.A.C.","EL AGUSTINO","LIMA","LIMA",150111,45000.0000,10286.0000,6857.0000,"SOLES",20250331
"BID 4","EMPRENDIMIENTOS INNOVADORES",2023,"873-PROINNOVATE-EIN-2023","SCIFORD: MONITOREO REMOTO DE LA BIOMASA PARA EL SECTOR ACUÍCOLA UTILIZANDO IA",20231120,20241119,"SCIENCE FOR DEVELOPMENT S.A.C.","LURIGANCHO","LIMA","LIMA",150118,67000.0000,11906.2400,16830.0000,"SOLES",20250331
"BID 4","PROYECTOS DE VALIDACIÓN DE LA INNOVACIÓN",2023,"874-PROINNOVATE-PIEC2-2023","VALIDACIÓN TÉCNICA COMERCIAL Y EMPAQUETAMIENTO DEL PROTOTIPO FINAL DE GENIO\, PRIMER CARGADOR PARA AUTOS ELÉCTRICOS AUTOSOSTENIBLE\, PARA SU LANZAMIENTO AL MERCADO INTERNACIONAL",20231103,20250503,"INTELLIGENIO SOCIEDAD ANONIMA CERRADA","BREÑA","LIMA","LIMA",150105,342608.4700,65841.5300,156300.0000,"SOLES",20250331
"BID 4","PROYECTOS DE VALIDACIÓN DE LA INNOVACIÓN",2023,"875-PROINNOVATE-PIEC2-2023","ESCALAMIENTO TECNICO COMERCIAL DE VEHICULO DE SUPERFICIE NO TRIPULADO (USV) PARA INSPECCION - DIGITALIZACION - DIAGNOSTICO MEDIOAMBIENTAL DE RECURSOS HIDRICOS",20231122,20250522,"FRANCISCO CUELLAR CORDOVA E.I.R.L.","SAN BORJA","LIMA","LIMA",150130,399999.8200,67163.9800,126000.0000,"SOLES",20250331
"BID 4","PROGRAMA DE INNOVACIÓN MODERNIZACIÓN TECNOLÓGICA Y EMPRENDIMIENTO - MIPYMES DIGITALES",2023,"878-PROINNOVATE-IMTEMD-2023","DESARROLLO E IMPLEMENTACIÓN DE SOFTWARE PARA LLEVAR EL CONTROL DE LAS HORAS EFECTIVAS DE LOS TRABAJADORES PARA OPTIMIZAR LA PRODUCTIVIDAD Y CALCULAR LA COMPENSACIÓN ADECUADA DE LA EMPRESA SOQUIMSA",20231127,20241226,"SOCIEDAD QUIMICA S.A.","TRUJILLO","TRUJILLO","LA LIBERTAD",130101,45000.0000,10285.7100,6857.1400,"SOLES",20250331
"BID 4","PROGRAMA DE INNOVACIÓN MODERNIZACIÓN TECNOLÓGICA Y EMPRENDIMIENTO - MIPYMES DE CALIDAD",2023,"879-PROINNOVATE-IMTEMC-2023","IMPLEMENTACIÓN Y CERTIFICACIÓN DEL SISTEMA DE GESTIÓN DE CALIDAD BASADO EN LA NORMA ISO 9001:2015 PARA LA EMPRESA SEPROTEC A&R S.A.C.",20231122,20241222,"SEPROTEC A & R SOCIEDAD ANONIMA CERRADA - SEPROTEC A & R S.A.C.","LURIGANCHO","LIMA","LIMA",150118,45000.0000,10285.7100,6857.1400,"SOLES",20250331
"BID 4","PROYECTOS DE VALIDACIÓN DE LA INNOVACIÓN",2023,"881-PROINNOVATE-PIEC2-2023","VALIDACIÓN TÉCNICA Y COMERCIAL DE FRACTALUP ALL-IN-ONE: PLATAFORMA NO-CODE PARA CREAR COMUNIDADES EN LÍNEA\, GENERANDO LEALTAD Y RETENCIÓN DE USUARIOS.",20231107,20250806,"CIPLI RESEARCH CENTER SOCIEDAD ANONIMA CERRADA","TRUJILLO","TRUJILLO","LA LIBERTAD",130101,400000.0000,86719.5000,148948.8000,"SOLES",20250331
"BID 4","PROGRAMA DE INNOVACIÓN MODERNIZACIÓN TECNOLÓGICA Y EMPRENDIMIENTO - MIPYMES DE CALIDAD",2023,"882-PROINNOVATE-IMTEMC-2023","IMPLEMENTACIÓN DE SISTEMA DE GESTIÓN DE SEGURIDAD Y SALUD OCUPACIONAL ISO 45001:2018 EN LA EMPRESA CORPORACIÓN FIREMANS SAC",20231122,20241222,"CORPORACION FIREMAN S S.A.C","SAN JUAN DE LURIGANCHO","LIMA","LIMA",150132,45000.0000,10285.7200,6857.1400,"SOLES",20250331
"MIPYME Emprendedor","PROGRAMA DE APOYO A LA INTERNACIONALIZACIÓN MODALIDAD I - EMPRENDEDOR EXPORTADOR",2023,"883-PROINNOVATE-PAIM1-2023","INTERNACIONALIZANDO LOS JUGOS DE NARANJA CONGELADO ORGÁNICO PERUANO AL MERCADO DE LOS ESTADOS UNIDOS",20231103,20250203,"ASOCIACION DE PRODUCTORES AGRARIOS ALTO KIVINAKI  - APRAK","PERENE","CHANCHAMAYO","JUNIN",120302,70000.0000,7777.7700,0.0000,"SOLES",20250331
"MIPYME Emprendedor","PROGRAMA DE APOYO A LA INTERNACIONALIZACIÓN MODALIDAD II - POTENCIAMIENTO DE LAS EXPORTACIONES",2023,"884-PROINNOVATE-PAIM2-2023","FORTALECIMIENTO DE LAS EXPORTACIONES DE CAFÉ DE ORIGEN DE LA ASOCIACIÓN DE PRODUCTORES CAFETALEROS ANDINOS SIERRA VERDE AL MERCADO DE BÉLGICA",20231117,20251021,"\"ASOCIACION DE PRODUCTORES CAFETALEROS ANDINOS SIERRA VERDE\"","JAEN","JAEN","CAJAMARCA",060801,89910.0000,9990.0000,0.0000,"SOLES",20250331
"MIPYME Emprendedor","PROGRAMA DE APOYO A LA INTERNACIONALIZACIÓN MODALIDAD II - POTENCIAMIENTO DE LAS EXPORTACIONES",2023,"887-PROINNOVATE-PAIM2-2023","INTERNACIONALIZANDO LOS GRANOS DE CAFÉ DE ESPECIALIDAD CON CERTIFICACIÓN ORGÁNICA PERFIL DE TAZA SUPERIOR A 81 PUNTOS DE CAJAMARCA AL MERCADO DE COREA DEL SUR.",20231104,20250204,"INTEGRA COFFEE S.A.C.","JAEN","JAEN","CAJAMARCA",060801,89999.9800,10000.0100,0.0000,"SOLES",20250331
"BID 4","PROGRAMA DE INNOVACIÓN MODERNIZACIÓN TECNOLÓGICA Y EMPRENDIMIENTO - MIPYMES DIGITALES",2023,"892-PROINNOVATE-IMTEMD-2023","IMPLEMENTACIÓN DE SOFTWARE DE GESTIÓN DE LABORATORIOS PARA OPTIMIZAR LA TRAZABILIDAD\, LA GESTIÓN FINANCIERA Y EL MANEJO DE INFORMACIÓN EN LOS PROCESOS DE LA EMPRESA SERGEO EIRL DE LA REGIÓN MOQUEGUA",20231122,20241221,"SERGEO E.I.R.L.","MOQUEGUA","MARISCAL NIETO","MOQUEGUA",180101,45000.0000,10285.7100,6857.1400,"SOLES",20250331
"BID 4","PROGRAMA DE INNOVACIÓN MODERNIZACIÓN TECNOLÓGICA Y EMPRENDIMIENTO - MIPYMES DE CALIDAD",2023,"895-PROINNOVATE-IMTEMC-2023","IMPLEMENTACIÓN Y CERTIFICACIÓN DE UN SISTEMA DE GESTIÓN DE BASADO EN LA NORMA ISO 9001:2015 EN LA EMPRESA SALUS PREVENTIVA\, CON LA FINALIDAD DE INGRESAR A NUEVOS MERCADOS Y MEJORAR LOS PROCESOS INTERNOS",20231211,20250111,"SALUS PREVENTIVA S.A.C.","ATE","LIMA","LIMA",150103,44999.0000,10286.0000,6857.0000,"SOLES",20250331
"BID 4","PROYECTOS DE INNOVACIÓN EMPRESARIAL",2023,"897-PROINNOVATE-PIEC1-2023","OPTIMIZACIÓN DEL PROCESO DE MUESTREO POBLACIONAL DE CONCHA DE ABANICO (ARGOPECTN PURPURATUS) MEDIANTE EL DESARROLLO DE UN MECANISMO EMBEBIDO\, USO DE VISIÓN POR COMPUTADOR Y TECNICAS DE DEEP LEARNING; EN LA BAHIA DE SECHURA - PIURA",20231102,20250502,"MASTER PROVIDER SOCIEDAD ANONIMA CERRADA - MAPR S.A.C.","SAN SEBASTIAN","CUSCO","CUSCO",080105,180000.0000,16800.0000,28200.0000,"SOLES",20250331
"BID 4","PROGRAMA DE INNOVACIÓN MODERNIZACIÓN TECNOLÓGICA Y EMPRENDIMIENTO - MIPYMES DIGITALES",2023,"898-PROINNOVATE-IMTEMD-2023","DIGITALIZACIÓN DE LA GESTIÓN ADMINISTRATIVA DE LA EMPRESA DERIVADOS DEL CARBON EIRL",20240111,20250311,"DERIVADOS DEL CARBON E.I.R.L.","SAN MARTIN DE PORRES","LIMA","LIMA",150135,44786.9400,10230.9300,6820.6200,"SOLES",20250331
"BID 4","PROGRAMA DE INNOVACIÓN MODERNIZACIÓN TECNOLÓGICA Y EMPRENDIMIENTO - MIPYMES DE CALIDAD",2023,"899-PROINNOVATE-IMTEMC-2023","IMPLEMENTACIÓN Y CERTIFICACIÓN DE UN SISTEMA DE GESTIÓN DE LA CALIDAD ISO 9001:2015 EN LA EMPRESA THE WORLD PERU EXPLORER S.R.L. PARA INCREMENTAR LA SATISFACCIÓN DEL CLIENTE Y MEJORAR LA TRAZABILIDAD DE LOS SERVICIOS TURÍSTICOS.",20240319,20250419,"THE WORLD PERU EXPLORER S.R.L.","MIRAFLORES","AREQUIPA","AREQUIPA",040110,44997.0000,10286.0000,6856.0000,"SOLES",20250331
"BID 4","PROYECTOS DE VALIDACIÓN DE LA INNOVACIÓN",2023,"901-PROINNOVATE-PIEC2-2023","VALIDACIÓN TÉCNICO-COMERCIAL DE LA FECUNDACIÓN DE ABEJAS REINAS MAMA OCLLO POR UN NÚCLEO GENÉTICO ELITE DE ZÁNGANOS CON FINES DE   DESAFRICANIZACIÓN PARA LA POLINIZACIÓN DEL CULTIVO DE PALTO Y ARÁNDANO DE EXPORTACIÓN.",20231117,20250517,"BEE PRODUCTS S.A.C.","YANAHUARA","AREQUIPA","AREQUIPA",040126,399437.8500,69458.8200,154100.0000,"SOLES",20250331
"BID 4","PROGRAMA DE INNOVACIÓN MODERNIZACIÓN TECNOLÓGICA Y EMPRENDIMIENTO - MIPYMES DE CALIDAD",2023,"904-PROINNOVATE-IMTEMC-2023","IMPLEMENTACIÓN DE PLAN HACCP EN LA LÍNEA DE PRODUCCIÓN FORTICAO CHOCOLATE\, PARA UNA MAYOR COMPETITIVIDAD EN EL MERCADO NACIONAL E INTERNACIONAL EN LA EMPRESA WAALA INDUSTRIAS NUTRICIONAL Y COSMETICA S.A.C.",20231213,20250313,"WAALA INDUSTRIAS NUTRICIONAL Y COSMETICA S.A.C","LIMA","LIMA","LIMA",150101,45000.0000,10286.0000,6857.0000,"SOLES",20250331
"BID 4","PROGRAMA DE INNOVACIÓN MODERNIZACIÓN TECNOLÓGICA Y EMPRENDIMIENTO - MIPYMES DE CALIDAD",2023,"905-PROINNOVATE-IMTEMC-2023","IMPLEMENTACIÓN Y CERTIFICACIÓN DEL SISTEMA INTEGRADO DE GESTIÓN DE CALIDAD SEGÚN LAS NORMAS ISO 9001:2015 E ISO 37001:2016 EN LOS SERVICIOS DE MONITOREOS AMBIENTALES\, ELABORACIÓN DE INSTRUMENTOS DE GESTION AMBIENTAL Y EJECUCIÓN DE PROYECTOS AMBIENTALES",20240319,20250419,"CEORZA S.A.C.","CAJAMARCA","CAJAMARCA","CAJAMARCA",060101,45000.0000,10286.0000,6857.0000,"SOLES",20250331
"BID 4","PROGRAMA DE INNOVACIÓN MODERNIZACIÓN TECNOLÓGICA Y EMPRENDIMIENTO - MIPYMES DE CALIDAD",2023,"906-PROINNOVATE-IMTEMC-2023","IMPLEMENTACIÓN Y CERTIFICACIÓN DEL SISTEMA DE GESTIÓN DE LA CALIDAD ISO 9001:2015 EN LA EMPRESA MAQUINARIAS Y CALDERAS SOLEMAN S.C.R.L. PARA AUMENTAR LA SATISFACCIÓN DE LOS CLIENTES\, MEJORAR LA TRAZABILIDAD Y EL CONTROL DE LOS PROCESOS INTERNOS",20231127,20241227,"MAQUINARIAS Y CALDERAS SOLEMAN SOCIEDAD COMERCIAL DE RESPONSABILIDAD LIMITADA","SAYLLA","CUSCO","CUSCO",080107,44999.0000,10286.0000,6857.0000,"SOLES",20250331
"BID 4","CONCURSO DE PROYECTOS COLABORATIVOS DE INNOVACIÓN ABIERTA MODALIDAD A",2023,"907-PROINNOVATE-IAMA-2023","DESARROLLO DE UN PROGRAMA DE INNOVACIÓN ABIERTA QUE PERMITA LA OPTIMIZACIÓN DE LOS PROCESOS PRODUCTIVOS Y COMERCIALES DE TOPY TOP S A EN LA INDUSTRIA TEXTIL.",20231123,20260723,"TOPY TOP S A","SAN JUAN DE LURIGANCHO","LIMA","LIMA",150132,2000000.0000,867759.1900,1004999.6000,"SOLES",20250331
"BID 4","PROGRAMA DE INNOVACIÓN MODERNIZACIÓN TECNOLÓGICA Y EMPRENDIMIENTO - MIPYMES DE CALIDAD",2023,"908-PROINNOVATE-IMTEMC-2023","IMPLEMENTACIÓN Y CERTIFICACIÓN DEL SISTEMA DE GESTIÓN DE CALIDAD BASADO EN LA NORMA ISO 9001:2015 LA EMPRESA PERU ADVENTURES TRAVEL AGENCY SOCIEDAD DE RESPONSABILIDAD LIMITADA",20231127,20241227,"PERU ADVENTURES TRAVEL AGENCY SOCIEDAD DE RESPONSABILIDAD LIMITADA","CUSCO","CUSCO","CUSCO",080101,45000.0000,10285.7100,6857.1400,"SOLES",20250331
"BID 4","PROGRAMA DE INNOVACIÓN MODERNIZACIÓN TECNOLÓGICA Y EMPRENDIMIENTO - MIPYMES DE CALIDAD",2023,"909-PROINNOVATE-IMTEMC-2023","IMPLEMENTACIÓN Y CERTIFICACIÓN DEL SISTEMA HACCP EN LAS LÍNEAS DE ELABORACIÓN DE YOGURT Y SIROPES DE FRUTAS EN LA EMPRESA NUTRIFOODS PERÚ S.AC.",20231220,20250120,"NUTRIFOODS PERU S.A.C","LA VICTORIA","LIMA","LIMA",150115,45000.0000,10285.8000,6857.1000,"SOLES",20250331
"BID 4","PROGRAMA DE INNOVACIÓN MODERNIZACIÓN TECNOLÓGICA Y EMPRENDIMIENTO - MIPYMES DE CALIDAD",2023,"910-PROINNOVATE-IMTEMC-2023","IMPLEMENTACIÓN Y CERTIFICACIÓN DE UN  SISTEMA DE GESTIÓN DE LA CALIDAD BASADO EN LA NORMA ISO 9001:2015 PARA LA EMPRESA SIGMA OPERACIONES EMPRESARIALES S.A.C.",20231229,20241229,"SIGMA OPERACIONES EMPRESARIALES S.A.C.","MAGDALENA DEL MAR","LIMA","LIMA",150120,45000.0000,10285.7100,6857.1400,"SOLES",20250331
"BID 4","PROGRAMA DE INNOVACIÓN MODERNIZACIÓN TECNOLÓGICA Y EMPRENDIMIENTO - MIPYMES DE CALIDAD",2023,"911-PROINNOVATE-IMTEMC-2023","IMPLEMENTACIÓN Y CERTIFICACIÓN DEL SISTEMA DE GESTION DE CALIDAD BASADO EN LA NORMA ISO 9001:2015 EN LA EMPRESA TEAM PERUVIAN CARGO S.A.C.",20231122,20241222,"TEAM PERUVIAN CARGO SOCIEDAD ANONIMA CERRADA - TEPECA SAC","SAN MIGUEL","LIMA","LIMA",150136,45000.0000,10285.7100,6857.1400,"SOLES",20250331
"BID 4","PROGRAMA DE INNOVACIÓN MODERNIZACIÓN TECNOLÓGICA Y EMPRENDIMIENTO - MIPYMES DIGITALES",2023,"914-PROINNOVATE-IMTEMD-2023","SMARTSTOCK: TRANSFORMACIÓN DIGITAL PARA LA GESTIÓN DE INVENTARIOS Y MERCANCÍAS DE LA OLLA DE JUANITA",20231229,20241029,"REST CAMPESTRE LA OLLA DE JUANITA EIRL","SUBTANJALLA","ICA","ICA",110112,45000.0000,10285.7200,6857.1400,"SOLES",20250331
"BID 4","PROGRAMA DE INNOVACIÓN MODERNIZACIÓN TECNOLÓGICA Y EMPRENDIMIENTO - MIPYMES DE CALIDAD",2023,"919-PROINNOVATE-IMTEMC-2023","OBTENCIÓN DE LA CERTIFICACIÓN ISO 9001 PARA LA EMPRESA SERVICIOS Y CONSTRUCCIONES REAL NORTE SRL",20240111,20250211,"SERVICIOS Y CONSTRUCCIONES REAL NORTE S.R.L.","AREQUIPA","AREQUIPA","AREQUIPA",040101,45000.0000,10285.7200,6857.1400,"SOLES",20250331
"BID 4","PROYECTOS DE VALIDACIÓN DE LA INNOVACIÓN",2023,"920-PROINNOVATE-PIEC2-2023","VALIDACIÓN TÉCNICA\, COMERCIAL Y EMPAQUETAMIENTO DE SISTEMA DE MONITOREO EN TIEMPO REAL DE LA CALIDAD DEL AGUA POTABLE PARA ZONAS RURALES\, QUE PERMITA DOSIFICAR EL CLORO\, Y CONTROLAR EL NIVEL DE AGUA EN EL RESERVORIO\, ADEMÁS DE CONFIGURACIÓN REMOTA DE EQUIPOS",20231120,20250520,"WAPOSAT S.A.C.","COMAS","LIMA","LIMA",150110,240000.0000,40000.0000,80000.0000,"SOLES",20250331
"BID 4","PROGRAMA DE INNOVACIÓN MODERNIZACIÓN TECNOLÓGICA Y EMPRENDIMIENTO - MIPYMES DE CALIDAD",2023,"921-PROINNOVATE-IMTEMC-2023","CERTIFICACIÓN DEL SISTEMA DE GESTIÓN DE CALIDAD DE YSA INGENIEROS BAJO ESTANDARES INTERNACIONALES",20240326,20250326,"Y.S.A. INGENIEROS S.A.C.","SAN MARTIN DE PORRES","LIMA","LIMA",150135,45000.0000,10285.7100,6857.1400,"SOLES",20250331
"BID 4","PROYECTOS DE VALIDACIÓN DE LA INNOVACIÓN",2023,"922-PROINNOVATE-PIEC2-2023","VALIDACIÓN TÉCNICA-COMERCIAL\, Y EMPAQUETAMIENTO DE LA PLATAFORMA DE SOFTWARE \"SOLVE\"\, QUE CONTRIBUIRÁ A LA AUTOMATIZACIÓN\, DIGITALIZACIÓN\, CENTRALIZACIÓN Y ESTANDARIZACIÓN DE PROCESOS DE MIPYMES DE ACUERDO CON LAS NORMATIVAS Y CERTIFICACIONES INTERNACIONALES.",20231122,20250322,"MADA INFORMATICA S.A.C BIC","SANTIAGO DE SURCO","LIMA","LIMA",150140,500000.0000,83340.0000,229104.0000,"SOLES",20250331
"BID 4","PROGRAMA DE INNOVACIÓN MODERNIZACIÓN TECNOLÓGICA Y EMPRENDIMIENTO - MIPYMES DE CALIDAD",2023,"924-PROINNOVATE-IMTEMC-2023","DESARROLLO DE ACTIVIDADES PARA LA IMPLEMENTACIÓN DE LA NORMA ISO 9001 A LA EMPRESA GESTION PREDIAL INTEGRAL E.I.R.L. PARA MEJORAR LOS PROCESOS Y MANEJAR ESTÁNDARES",20240319,20250419,"GESTION PREDIAL INTEGRAL E.I.R.L.","LINCE","LIMA","LIMA",150116,44999.0000,10286.0000,6857.0000,"SOLES",20250331
"BID 4","PROGRAMA DE INNOVACIÓN MODERNIZACIÓN TECNOLÓGICA Y EMPRENDIMIENTO - MIPYMES DE CALIDAD",2023,"925-PROINNOVATE-IMTEMC-2023","IMPLEMENTACIÓN Y CERTIFICACIÓN DE UN SISTEMA DE GESTIÓN DE CALIDAD ISO 9001 PARA LA EMPRESA J. FRAN DISTRIBUCIONES E.I.R.L.",20231220,20250120,"J. FRAN DISTRIBUCIONES E.I.R.L.","AREQUIPA","AREQUIPA","AREQUIPA",040101,45000.0000,10285.7200,6857.1400,"SOLES",20250331
"MIPYME Emprendedor","PROGRAMA DE APOYO A LA INTERNACIONALIZACIÓN MODALIDAD II - POTENCIAMIENTO DE LAS EXPORTACIONES",2023,"926-PROINNOVATE-PAIM2-2023","EXPORTACIÓN DE CHOCOLATES Q'UMA A ITALIA",20231128,20250228,"INVERSIONES QUMARA PERU S.A.C.","SURQUILLO","LIMA","LIMA",150141,89999.9900,10000.1100,0.0000,"SOLES",20250331
"BID 4","PROGRAMA DE INNOVACIÓN MODERNIZACIÓN TECNOLÓGICA Y EMPRENDIMIENTO - MIPYMES DE CALIDAD",2023,"927-PROINNOVATE-IMTEMC-2023","CERTIFICACION DE LA TRINORMA A SERVICENTRO HUALLANCA SRL PARA INCREMENTAR LA PRODUCTIVIDAD",20231220,20250120,"SERVICENTRO HUALLANCA S.R.L.","COMAS","LIMA","LIMA",150110,44459.8000,11661.9100,6765.0000,"SOLES",20250331
"BID 4","PROGRAMA DE INNOVACIÓN MODERNIZACIÓN TECNOLÓGICA Y EMPRENDIMIENTO - MIPYMES DE CALIDAD",2023,"928-PROINNOVATE-IMTEMC-2023","IMPLEMENTACIÓN Y CERTIFICACIÓN DEL SISTEMA DE GESTIÓN DE LA CALIDAD ISO 9001:2015 EN LA EMPRESA TRANSPORTES CHACLA S.A.C. PARA INCREMENTAR LA SATISFACCIÓN DEL CLIENTE Y ESTANDARIZAR LOS PROCESOS INTERNOS DE LA ORGANIZACIÓN",20240111,20250111,"TRANSPORTES CHACLA S.A.C.","CHACLACAYO","LIMA","LIMA",150107,44997.0000,10286.0000,6856.0000,"SOLES",20250331
"BID 4","PROGRAMA DE INNOVACIÓN MODERNIZACIÓN TECNOLÓGICA Y EMPRENDIMIENTO - MIPYMES DE CALIDAD",2023,"929-PROINNOVATE-IMTEMC-2023","IMPLEMENTACIÓN Y CERTIFICACIÓN DEL SISTEMA  DE GESTIÓN DE CALIDAD BASADO EN LA NORMA ISO 9001:2015 LA EMPRESA GRUPO DE INVERSIONES ELECTRO OBRAS S.R.L.",20240319,20250319,"GRUPO DE INVERSIONES ELECTRO OBRAS S.R.L.","TUMBES","TUMBES","TUMBES",240101,45000.0000,10285.7100,6857.1400,"SOLES",20250331
"BID 4","PROGRAMA DE INNOVACIÓN MODERNIZACIÓN TECNOLÓGICA Y EMPRENDIMIENTO - MIPYMES DE CALIDAD",2023,"932-PROINNOVATE-IMTEMC-2023","IMPLEMENTACION Y CERTIFICACION DE UN SISTEMA DE GESTION AMBIENTAL ISO 14001:2015 EN LA EMPRESA COREHIDRO S.R.L.",20240319,20250219,"COREHIDRO S.R.L.","ICA","ICA","ICA",110101,44905.0000,10269.0000,6846.0000,"SOLES",20250331
"BID 4","PROGRAMA DE INNOVACIÓN MODERNIZACIÓN TECNOLÓGICA Y EMPRENDIMIENTO - MIPYMES DE CALIDAD",2023,"933-PROINNOVATE-IMTEMC-2023","IMPLEMENTACION Y CERTIFICACION DEL SISTEMA HACCP PARA EL PROCESAMIENTO DE COMIDAS PREPARADAS DE LA EMPRESA FOODMILIA SAC",20231127,20241127,"FOODMILIA S.A.C.","CHICLAYO","CHICLAYO","LAMBAYEQUE",140101,45000.0000,10285.7100,6857.1400,"SOLES",20250331
"BID 4","PROGRAMA DE INNOVACIÓN MODERNIZACIÓN TECNOLÓGICA Y EMPRENDIMIENTO - MIPYMES DE CALIDAD",2023,"935-PROINNOVATE-IMTEMC-2023","CERTIFICACIÓN DE LA NORMA ISO 9001:2015 SISTEMA DE GESTIÓN DE CALIDAD EN INVERSIONES ERBAL S.A.C.",20240319,20250419,"INVERSIONES ERBAL S.A.C.","CANTA","CANTA","LIMA",150401,44900.0000,10260.0000,6840.0000,"SOLES",20250331
"MIPYME Emprendedor","PROGRAMA DE APOYO A LA INTERNACIONALIZACIÓN MODALIDAD II - POTENCIAMIENTO DE LAS EXPORTACIONES",2023,"936-PROINNOVATE-PAIM2-2023","POTENCIAMIENTO DE EXPORTACIONES DE CAFÉS ESPECIALES  CERTIFICADOS EN GRANO VERDE AL MERCADO DE ALEMANIA",20231207,20250507,"ASOCIACION DE PRODUCTORES AGROPECUARIOS EL GRAN MIRADOR COFFEE","CHIRINOS","SAN IGNACIO","CAJAMARCA",060902,90000.0000,13000.0000,0.0000,"SOLES",20250331
"BID 4","PROGRAMA DE INNOVACIÓN MODERNIZACIÓN TECNOLÓGICA Y EMPRENDIMIENTO - MIPYMES DE CALIDAD",2023,"937-PROINNOVATE-IMTEMC-2023","IMPLEMENTACIÓN Y CERTIFICACIÓN DEL SISTEMA DE GESTIÓN SEGÚN LA NORMA ISO 45001:2018 EN LOS SERVICIOS DE DISEÑO\, INGENIERÍA\, FABRICACIÓN Y COMERCIALIZACIÓN DE ESTRUCTURAS METÁLICAS Y OBRAS CIVILES DE LA EMPRESA JCV ICON S.A.C.",20231213,20250113,"JCV INGENIERIA Y CONSTRUCCION S.A.C. - JCV ICON S.A.C.","SAN MARTIN DE PORRES","LIMA","LIMA",150135,45000.0000,10286.0000,6857.0000,"SOLES",20250331
"BID 4","PROYECTOS DE INNOVACIÓN EMPRESARIAL",2023,"940-PROINNOVATE-PIEC1-2023","DESARROLLO DE UNA PLATAFORMA BLENDED CON ENFOQUE INMERSIVO Y GAMIFICACIÓN\, PARA EL SERVICIO DE COCINA PARTICIPATIVA ENFOCADO EN LA EXPERIENCIA TURISMO - GASTRONÓMICO\, EN LA EMPRESA URBAN KITCHEN S.A.C.",20231129,20250228,"URBAN KITCHEN S.A.C.","MAGDALENA DEL MAR","LIMA","LIMA",150120,360000.0000,44940.0000,53900.0000,"SOLES",20250331
"BID 4","PROYECTOS DE INNOVACIÓN EMPRESARIAL",2023,"942-PROINNOVATE-PIEC1-2023","DESARROLLO DE UN ADITIVO NUTRICIONAL A BASE DE ALGAS MARINAS NATIVAS CON EFECTO INMUNOESTIMULANTE Y POTENCIADOR DE SALUD INTESTINAL PARA LA INDUSTRIA PORCINA  EN LIMA  PERÚ",20240103,20250903,"PSW S.A.","LURIN","LIMA","LIMA",150119,347289.8600,69415.1400,43520.0000,"SOLES",20250331
"BID 4","PROGRAMA DE INNOVACIÓN MODERNIZACIÓN TECNOLÓGICA Y EMPRENDIMIENTO - MIPYMES DE CALIDAD",2023,"944-PROINNOVATE-IMTEMC-2023","IMPLEMENTACIÓN Y CERTIFICACIÓN DEL SISTEMA DE GESTIÓN DE CALIDAD ISO 9001 EN LA EMPRESA IDEALISTAS MKT S.A.C.",20240319,20250419,"IDEALISTAS MKT S.A.C.","AREQUIPA","AREQUIPA","AREQUIPA",040101,45000.0000,10285.7200,6857.1400,"SOLES",20250331
"BID 4","PROYECTOS DE INNOVACIÓN EMPRESARIAL",2023,"946-PROINNOVATE-PIEC1-2023","VALLE DE LARES NUNA ANDINO: DESARROLLO DE UN NUEVO MODELO DE GESTIÓN OPERATIVA SOSTENIBLE PARA EL TURISMO REGENERATIVO DE AVENTURA\, NATURALEZA Y COMUNITARIO",20240201,20250801,"EXPLORANDINO TOUR OPERATOR E.I.R.L.","SANTIAGO","CUSCO","CUSCO",080106,140753.4000,17379.1700,23960.0000,"SOLES",20250331
"BID 4","Startup Perú PLUG - Atracción de Emprendedores Extranjeros",2023,"951-PROINNOVATE-AEE-2023","INSTASALUD: ECOSISTEMA DE SALUD DIGITAL (ATENCIÓN\, PRESCRIPCIÓN Y SEGUIMIENTO MÉDICO)",20240108,20250108,"INSTASALUD PERU S.A.C.","SAN ISIDRO","LIMA","LIMA",150131,154000.0000,22000.0000,44000.0000,"SOLES",20250331
"BID 4","PROGRAMA DE INNOVACIÓN MODERNIZACIÓN TECNOLÓGICA Y EMPRENDIMIENTO - MIPYMES DE CALIDAD",2023,"952-PROINNOVATE-IMTEMC-2023","IMPLEMENTACIÓN Y CERTIFICACIÓN DEL SISTEMA HACCP PARA LA LÍNEA DE  AGUA DE MESA ?COLIBRÍ? DE LA EMPRESA DEAR PERU CORPORATION S.A.C.",20231213,20250113,"DEAR PERU CORPORATION S.A.C.","JAEN","JAEN","CAJAMARCA",060801,45000.0000,15000.0000,7000.0000,"SOLES",20250331
"BID 4","PROGRAMA DE INNOVACIÓN MODERNIZACIÓN TECNOLÓGICA Y EMPRENDIMIENTO - MIPYMES DE CALIDAD",2023,"953-PROINNOVATE-IMTEMC-2023","DISEÑO\, IMPLEMENTACIÓN Y CERTIFICACIÓN DEL SISTEMA DE GESTION DE SST NORMA ISO 45001:2018 PARA DE ESTA MANERA OPTAR A NUEVOS MERCADOS EN CUMPLIMIENTO A REQUISITOS DE POSIBLES SOCIOS DE NEGOCIOS",20231211,20250111,"GRUPO VAMER SECURITY S.A.C.","SAN JUAN DE LURIGANCHO","LIMA","LIMA",150132,44950.1000,10275.1100,6848.8900,"SOLES",20250331
"BID 4","PROGRAMA DE INNOVACIÓN MODERNIZACIÓN TECNOLÓGICA Y EMPRENDIMIENTO - MIPYMES DE CALIDAD",2023,"955-PROINNOVATE-IMTEMC-2023","IMPLEMENTACIÓN Y CERTIFICACIÓN DEL SISTEMA HACCP EN LAS LÍNEAS DE ELABORACIÓN DE EMBUTIDOS EN LA EMPRESA PRODUCTOS ALIMENTICIOS OCHOA EIR LTDA.",20240307,20250407,"PRODUCTOS ALIMENTICIOS OCHOA EIR LTDA.","COMAS","LIMA","LIMA",150110,44900.0000,10260.0000,6840.0000,"SOLES",20250331
"BID 4","PROYECTOS DE INNOVACIÓN EMPRESARIAL",2023,"956-PROINNOVATE-PIEC1-2023","DISEÑO\, CONSTRUCCIÓN Y PUESTA EN MARCHA DE UN MÓDULO FAMILIAR DE POSTCOSECHA DE CACAO\, UTILIZANDO MACHINE LEARNING\, EN LA COOPERATIVA AGRARIA CAFETALERA EL QUINACHO L 78\, EN EL DISTRITO DE SIVIA\, PROVINCIA DE HUANTA\, REGIÓN AYACUCHO.",20240111,20250811,"COOPERATIVA AGRARIA EL QUINACHO LTDA N° 078","SIVIA","HUANTA","AYACUCHO",050407,271106.7800,43483.2200,51200.0000,"SOLES",20250331
"BID 4","PROGRAMA DE INNOVACIÓN MODERNIZACIÓN TECNOLÓGICA Y EMPRENDIMIENTO - MIPYMES DE CALIDAD",2023,"957-PROINNOVATE-IMTEMC-2023","IMPLEMENTACIÓN Y CERTIFICACIÓN DE UN SISTEMA DE GESTIÓN DE CALIDAD BASADO EN LA NORMA ISO 9001:2015 EN LA EMPRESA TAXI TOUR LUJO CON EL OBJETIVO DE DIFERENCIARSE DE SU COMPETENCIA Y AUMENTAR SU EFICIENCIA",20240111,20250111,"TAXI TOUR LUJO S.R.LTDA.","PUNO","PUNO","PUNO",210101,44997.0000,10286.0000,6856.0000,"SOLES",20250331
"BID 4","PROGRAMA DE INNOVACIÓN MODERNIZACIÓN TECNOLÓGICA Y EMPRENDIMIENTO - MIPYMES DE CALIDAD",2023,"960-PROINNOVATE-IMTEMC-2023","CERTIFICACIÓN DE UN SISTEMA DE GESTIÓN DE LA CALIDAD DE LA NORMA ISO 9001:2015 EN LA EMPRESA INDUSTRIA DEL VESTIDO SAN ANTONIO\, CON LA FINALIDAD DE SATISFACER LAS NECESIDADES DE LOS CLIENTES Y CRECER DENTRO DEL MERCADO",20240117,20250217,"INDUSTRIA DEL VESTIDO SAN ANTONIO EIRL","SANTIAGO","CUSCO","CUSCO",080106,44996.0000,10287.0000,6855.0000,"SOLES",20250331
"BID 4","PROYECTOS DE INNOVACIÓN EMPRESARIAL",2023,"962-PROINNOVATE-PIEC1-2023","IMPLEMENTACIÓN DE UNA PLATAFORMA INTEGRADA DE EDGEIA&IIOT BASADA EN TECNOLOGÍAS DE INTELIGENCIA OPERATIVA CON ESTÁNDAR IDBOX\, PARA PRESTAR SERVICIOS DE EDGEIA\, AIIOT\, ANALÍTICA INDUSTRIAL A LAS EMPRESAS INDUSTRIALES Y DE SERVICIOS DEL PERÚ Y LATINOAMÉRICA.",20231129,20250529,"CONTROL SYSTEM INTEGRATION S.A.C.","SAN ISIDRO","LIMA","LIMA",150131,147779.6600,56220.3400,95200.0000,"SOLES",20250331
"BID 4","PROGRAMA DE INNOVACIÓN MODERNIZACIÓN TECNOLÓGICA Y EMPRENDIMIENTO - MIPYMES DE CALIDAD",2023,"964-PROINNOVATE-IMTEMC-2023","IMPLEMENTACIÓN Y CERTIFICACIÓN DEL SISTEMA DE GESTIÓN DE LA SEGURIDAD Y SALUD EN EL TRABAJO (ISO 45001:2018) EN LA EMPRESA SERVICE CENTER J & M E.I.R.L. PARA EL CONTROL DE RIESGOS LABORALES",20240307,20250407,"SERVICE CENTER J & M E.I.R.L.","EL AGUSTINO","LIMA","LIMA",150111,44200.0000,10080.0000,6720.0000,"SOLES",20250331
"BID 4","PROGRAMA DE INNOVACIÓN MODERNIZACIÓN TECNOLÓGICA Y EMPRENDIMIENTO - MIPYMES DE CALIDAD",2023,"965-PROINNOVATE-IMTEMC-2023","OPTIMIZACIÓN DE PROCESOS A TRAVÉS DE LA IMPLEMENTACIÓN Y CERTIFICACIÓN DEL SISTEMA DE GESTIÓN DE LA CALIDAD ISO 9001:2015\, EN QUIMICA PROCERES EIRL.\, CON EL FIN DE SATISFACER LAS EXPECTATIVAS DE LAS PARTES INTERESADAS",20231213,20250113,"QUIMICA PROCERES EIRL","SAN ANTONIO","HUAROCHIRI","LIMA",150716,44950.1000,10275.1100,6848.8900,"SOLES",20250331
"BID 4","PROGRAMA DE INNOVACIÓN MODERNIZACIÓN TECNOLÓGICA Y EMPRENDIMIENTO - MIPYMES DE CALIDAD",2023,"966-PROINNOVATE-IMTEMC-2023","IMPLEMENTACIÓN Y CERTIFICACIÓN DEL SISTEMA DE GESTIÓN DE LA SEGURIDAD Y SALUD EN EL TRABAJO BASADO EN LA NORMA ISO 45001:2018 EN ECONSI S.A\, PARA PROPORCIONAR LUGARES DE TRABAJO SEGUROS Y SALUDABLES\, SATISFACER LOS STAKEHOLDERS Y AUMENTAR LOS INGRESOS",20240111,20250211,"EMPRESA CONSTRUCTORA Y SERVICIOS SAN ISIDRO S.A.","INDEPENDENCIA","HUARAZ","ANCASH",020105,44950.1000,10275.1100,6848.8900,"SOLES",20250331
"BID 4","PROGRAMA DE INNOVACIÓN MODERNIZACIÓN TECNOLÓGICA Y EMPRENDIMIENTO - MIPYMES DE CALIDAD",2023,"967-PROINNOVATE-IMTEMC-2023","IMPLEMENTACIÓN DE UN SISTEMA DE GESTIÓN DE CALIDAD ISO 9001:2015.",20231229,20250129,"CORPORACION FASECOR INGENIEROS CONTRATISTAS GENERALES S.A.C. - FASECOR INGENIEROS CONTRATISTAS GENER","LIMA","LIMA","LIMA",150101,44764.4100,10227.5900,6817.0000,"SOLES",20250331
"BID 4","PROGRAMA DE INNOVACIÓN MODERNIZACIÓN TECNOLÓGICA Y EMPRENDIMIENTO - MIPYMES DE CALIDAD",2023,"968-PROINNOVATE-IMTEMC-2023","OBTENCION DE LA CERTIFICACION DE UN SISTEMA DE GESTION DE CALIDAD BAJO LA NORMA ISO 9001 PARA LA EMPRESA MOST BE S.A.C.",20231220,20250120,"MOST BE S.A.C","SACHACA","AREQUIPA","AREQUIPA",040117,45000.0000,10285.7100,6857.1400,"SOLES",20250331
"BID 4","PROYECTOS DE INNOVACIÓN EMPRESARIAL",2023,"969-PROINNOVATE-PIEC1-2023","CONSTRUCCIÓN DE UN EQUIPO AUTOMATIZADO DE ELABORACIÓN DE BEBIDAS FUNCIONALES DE ALTO VALOR NUTRICIONAL EN BASE A PRODUCTOS LIOFILIZADOS (FRUTAS\, VERDURAS\, SEMILLAS): \"RITA HEALTHY\".",20231205,20250405,"FRUTAS INTELIGENTES S.A.C.","LIMA","LIMA","LIMA",150101,180000.0000,46800.0000,133200.0000,"SOLES",20250331
"BID 4","PROGRAMA DE INNOVACIÓN MODERNIZACIÓN TECNOLÓGICA Y EMPRENDIMIENTO - MIPYMES DE CALIDAD",2023,"972-PROINNOVATE-IMTEMC-2023","IMPLEMENTACIÓN Y CERTIFICACIÓN DE UN SISTEMA DE GESTIÓN DE CALIDAD BASADO EN LA ISO 9001:2015 PARA MEJORAR LA SATISFACCIÓN DEL CLIENTE EN LA OPTICA ZAMBRANO E.I.R.L",20231220,20241220,"OPTICA ZAMBRANO E.I.R.L.","AREQUIPA","AREQUIPA","AREQUIPA",040101,44999.0000,10286.0000,6857.0000,"SOLES",20250331
"BID 4","INCUBADORAS Y ACELERADORAS DE EMPRENDIMIENTOS INNOVADORES EN REGIONES",2023,"973-PROINNOVATE-IEIR-2023","INCUBA UNAS:  TRANSFORMANDO EL ECOSISTEMA EMPRENDEDOR DE LA AMAZONÍA",20240307,20260907,"UNIVERSIDAD NACIONAL AGRARIA DE LA SELVA","RUPA-RUPA","LEONCIO PRADO","HUANUCO",100601,685000.0000,86151.0000,59119.0000,"SOLES",20250331
"BID 4","PROGRAMA DE INNOVACIÓN MODERNIZACIÓN TECNOLÓGICA Y EMPRENDIMIENTO - MIPYMES DE CALIDAD",2023,"974-PROINNOVATE-IMTEMC-2023","IMPLEMENTACIÓN Y CERTIFICACIÓN DEL SISTEMA DE GESTIÓN DE LA CALIDAD ISO 9001:2015 EN LA EMPRESA ECOBIO 3B S.R.L. PARA INCREMENTAR LA SATISFACCIÓN DE LOS CLIENTES\, MEJORAR LA ESTANDARIZACIÓN Y CONTROL DE LOS PROCESOS INTERNOS",20240319,20250319,"ECOBIO 3B S.R.L.","JOSE LUIS BUSTAMANTE Y RIVERO","AREQUIPA","AREQUIPA",040129,44999.0000,10286.0000,6857.0000,"SOLES",20250331
"BID 4","PROGRAMA DE INNOVACIÓN MODERNIZACIÓN TECNOLÓGICA Y EMPRENDIMIENTO - MIPYMES DE CALIDAD",2023,"975-PROINNOVATE-IMTEMC-2023","IMPLEMENTACIÓN Y CERTIFICACIÓN DE UN SISTEMA DE GESTIÓN DE LA CALIDAD BASADO EN LA ISO 9001:2015 EN LA EMPRESA TABLITAS E.I.R.L. PARA LA MEJORA DE PROCESOS INTERNOS DE PRODUCCIÓN\, PLANIFICACIÓN Y COMERCIALIZACIÓN DE LA EMPRESA",20231213,20250113,"TABLITAS E.I.R.L.","PUNO","PUNO","PUNO",210101,44998.0000,10286.0000,6856.0000,"SOLES",20250331
"BID 4","PROGRAMA DE INNOVACIÓN MODERNIZACIÓN TECNOLÓGICA Y EMPRENDIMIENTO - MIPYMES DE CALIDAD",2023,"976-PROINNOVATE-IMTEMC-2023","IMPLEMENTACIÓN Y CERTIFICACIÓN DE UN SISTEMA DE GESTIÓN DE CALIDAD EN BASE A LA NORMA ISO 9001 EN LA EMPRESA \"CASYSA C&B S.A.C.\"",20231229,20250129,"CASYSA C & B S.A.C.","SECHURA","SECHURA","PIURA",200801,44200.0000,10080.0000,6720.0000,"SOLES",20250331
"BID 4","PROGRAMA DE INNOVACIÓN MODERNIZACIÓN TECNOLÓGICA Y EMPRENDIMIENTO - MIPYMES DE CALIDAD",2023,"977-PROINNOVATE-IMTEMC-2023","DIAGNÓSTICO\, IMPLEMENTACIÓN Y CERTIFICACIÓN DE LA NORMA ISO 45001: 2018 EN LA EMPRESA DE SERVICIOS GENERALES ESMERALDA EMPRESA INDIVIDUAL DE RESPONSABILIDAD LIMITADA\, PARA UNA GESTIÓN SEGURA EN LAS ACTIVIDADES DE CONSTRUCCIÓN",20240111,20250211,"EMPRESA DE SERVICIOS GENERALES ESMERALDA EMPRESA INDIVIDUAL  DE RESPONSABILIDAD LIMITADA","JULIACA","SAN ROMAN","PUNO",211101,44200.0000,10080.0000,6720.0000,"SOLES",20250331
"BID 4","PROGRAMA DE INNOVACIÓN MODERNIZACIÓN TECNOLÓGICA Y EMPRENDIMIENTO - MIPYMES DE CALIDAD",2023,"978-PROINNOVATE-IMTEMC-2023","IMPLEMENTACIÓN Y CERTIFICACIÓN DEL SISTEMA DE GESTIÓN DE LA CALIDAD ISO 9001:2015\, LOGRANDO ESTANDARIZAR LOS PROCESOS Y MEJORANDO LA CALIDAD DE LOS SERVICIOS A BRINDAR",20240108,20250208,"PROCESOS MECANIZADOS SUR AMERICA E.I.R.L.","MAJES","CAYLLOMA","AREQUIPA",040520,44999.0000,10286.0000,6857.0000,"SOLES",20250331
"BID 4","PROGRAMA DE INNOVACIÓN MODERNIZACIÓN TECNOLÓGICA Y EMPRENDIMIENTO - MIPYMES DE CALIDAD",2023,"980-PROINNOVATE-IMTEMC-2023","PROPUESTA DE IMPLEMENTACIÓN Y CERTIFICACIÓN DE LA NORMA BRCGS V9 EN EXPORTACIÓN DE FRUTAS DESHIDRATADAS CUBIERTA DE CHOCOLATE CON LA FINALIDAD DE INCREMENTAR LA PRODUCTIVIDAD Y CAPTACIÓN DE NUEVOS MERCADOS INTERNACIONALES.",20231220,20241220,"ORGANIC RAINFOREST S.A.C.","SANTIAGO DE SURCO","LIMA","LIMA",150140,44900.0000,17240.0000,0.0000,"SOLES",20250331
"BID 4","PROGRAMA DE INNOVACIÓN MODERNIZACIÓN TECNOLÓGICA Y EMPRENDIMIENTO - MIPYMES DE CALIDAD",2023,"981-PROINNOVATE-IMTEMC-2023","CERTIFICACIÓN DE LA NORMA ISO 9001:2015 SISTEMA DE GESTIÓN DE CALIDAD EN VARTINI PACKING S.A.C.",20240319,20250419,"'VARTINI PACKING' S.A.C","SAN MARTIN DE PORRES","LIMA","LIMA",150135,44900.0000,10260.0000,6840.0000,"SOLES",20250331
"BID 4","PROGRAMA DE INNOVACIÓN MODERNIZACIÓN TECNOLÓGICA Y EMPRENDIMIENTO - MIPYMES DE CALIDAD",2023,"982-PROINNOVATE-IMTEMC-2023","CERTIFICACIÓN DE ISO 9001:2015 EN LA EMPRESA PERU FLORES TRAVEL AGENCY TOUR OPERADOR\, CON LA FINALIDAD DE CUMPLIR CON LAS EXPECTATIVAS DE NUESTROS CLIENTES\, LOGRANDO MEJORAR LA IMAGEN DENTRO DEL MERCADO",20231220,20250120,"PERU FLORES TRAVEL AGENCY TOURS OPERADOR EMPRESA INDIVIDUAL DE RESPONSABILIDAD LIMITADA","SAN SEBASTIAN","CUSCO","CUSCO",080105,44996.0000,10287.0000,6855.0000,"SOLES",20250331
"BID 4","PROGRAMA DE INNOVACIÓN MODERNIZACIÓN TECNOLÓGICA Y EMPRENDIMIENTO - MIPYMES DE CALIDAD",2023,"985-PROINNOVATE-IMTEMC-2023","IMPLEMENTACIÓN Y CERTIFICACIÓN DEL SISTEMA HACCP PARA LA LÍNEA DE PROCESAMIENTO DE MACA EN LA EMPRESA ZANACEUTICA EIRL",20231229,20250429,"ZANACEUTICA E.I.R.L.","INDEPENDENCIA","LIMA","LIMA",150112,40000.0000,9900.0000,5100.0000,"SOLES",20250331
"BID 4","PROGRAMA DE INNOVACIÓN MODERNIZACIÓN TECNOLÓGICA Y EMPRENDIMIENTO - MIPYMES DE CALIDAD",2023,"986-PROINNOVATE-IMTEMC-2023","IMPLEMENTACIÓN Y CERTIFICACIÓN DEL SISTEMA DE GESTIÓN DE LA CALIDAD\, BAJO LA NORMA ISO 9001:2015\, A FIN DE SISTEMATIZAR LOS PROCESOS PRODUCTIVOS Y DE GESTIÓN DE LA PISCIGRANJA LA LAGUNA DE CHIGUATA PARA LA PRODUCCIÓN Y COMERCIALIZACIÓN DE TRUCHA ARCO IRIS",20231220,20250120,"LA LAGUNA DE CHIGUATA E.I.R.L.","CHIGUATA","AREQUIPA","AREQUIPA",040106,44998.0000,10286.0000,6856.0000,"SOLES",20250331
"BID 4","PROGRAMA DE INNOVACIÓN MODERNIZACIÓN TECNOLÓGICA Y EMPRENDIMIENTO - MIPYMES DE CALIDAD",2023,"987-PROINNOVATE-IMTEMC-2023","IMPLEMENTACIÓN Y CERTIFICACIÓN DE BPM PARA LA LÍNEA DE QUEQUES\, EN LOS SABORES DE NARANJA Y CHOCOLATE",20240319,20250419,"INDUSTRIA Y SERVICIOS RICOS PAN SOCIEDAD ANONIMA CERRADA","PUNO","PUNO","PUNO",210101,45000.0000,10285.7200,6857.1400,"SOLES",20250331
"BID 4","PROGRAMA DE INNOVACIÓN MODERNIZACIÓN TECNOLÓGICA Y EMPRENDIMIENTO - MIPYMES DE CALIDAD",2023,"988-PROINNOVATE-IMTEMC-2023","INCREMENTO DE LA PRODUCTIVIDAD Y LA RENTABILIDAD EN LA EMPRESA JR CANICOBA E.I.R.L. CON LA IMPLEMENTACIÓN Y CERTIFICACIÓN DE LA NORMA ISO 9001:2015",20231220,20250120,"JR CANICOBA E.I.R.L.","ANCON","LIMA","LIMA",150102,33000.0000,7200.0000,4800.0000,"SOLES",20250331
"BID 4","PROGRAMA DE INNOVACIÓN MODERNIZACIÓN TECNOLÓGICA Y EMPRENDIMIENTO - MIPYMES DE CALIDAD",2023,"989-PROINNOVATE-IMTEMC-2023","ESTANDARIZACIÓN DE LOS SERVICIOS\, MEJORANDO LA CALIDAD Y SATISFACIENDO LAS NECESIDADES DE LOS CLIENTES DE LA EMPRESA HIDDEN GARDEN EIRL\, MEDIANTE LA IMPLEMENTACIÓN Y CERTIFICACIÓN DEL SISTEMA DE GESTIÓN DE LA CALIDAD ISO 9001:2015",20240319,20250319,"HIDDEN GARDEN E.I.R.L.","WANCHAQ","CUSCO","CUSCO",080108,44996.0000,10287.0000,6855.0000,"SOLES",20250331
"BID 4","PROGRAMA DE INNOVACIÓN MODERNIZACIÓN TECNOLÓGICA Y EMPRENDIMIENTO - MIPYMES DE CALIDAD",2023,"990-PROINNOVATE-IMTEMC-2023","OBTENCION DE LA CERTIFICACION DEL SISTEMA DE GESTION DE CALIDAD ISO 9001 PARA LA EMPRESA SISOMA PERU EIRL",20231220,20250120,"SISOMA PERU E.I.R.L.","CERRO COLORADO","AREQUIPA","AREQUIPA",040104,45000.0000,10285.7200,6857.1400,"SOLES",20250331
"BID 4","PROGRAMA DE INNOVACIÓN MODERNIZACIÓN TECNOLÓGICA Y EMPRENDIMIENTO - MIPYMES DE CALIDAD",2023,"991-PROINNOVATE-IMTEMC-2023","IMPLEMENTACIÓN Y CERTIFICACIÓN DE UN SISTEMA DE GESTIÓN DE LA CALIDAD\, CUMPLIENDO CON LA NORMA ISO 9001\, CON EL PROPÓSITO DE ESTANDARIZAR SUS PROCESOS Y LOGRAR UNA MEJORA PRODUCTIVA DENTRO DE LA EMPRESA ?DEL JERE?",20240319,20250419,"DEL JERE EMPRESA INDIVIDUAL DE RESPONSABILIDAD LIMITADA","AREQUIPA","AREQUIPA","AREQUIPA",040101,44995.0000,10286.0000,6856.0000,"SOLES",20250331
"BID 4","PROGRAMA DE INNOVACIÓN MODERNIZACIÓN TECNOLÓGICA Y EMPRENDIMIENTO - MIPYMES DE CALIDAD",2023,"992-PROINNOVATE-IMTEMC-2023","LOGRO DE LA CERTIFICACIÓN DEL SISTEMA DE GESTIÓN DE LA CALIDAD ISO 9001: 2015 EN LA EMPRESA AMPLA SOLVERING EIRL\, A FIN DE MEJORAR LA CALIDAD DE LOS SERVICIOS CUMPLIENDO CON LAS NECESIDADES DE NUESTROS CLIENTES",20240423,20250523,"AMPLA SOLVERING E.I.R.L","CAYMA","AREQUIPA","AREQUIPA",040103,44999.0000,10286.0000,6857.0000,"SOLES",20250331
"BID 4","PROGRAMA DE INNOVACIÓN MODERNIZACIÓN TECNOLÓGICA Y EMPRENDIMIENTO - MIPYMES DE CALIDAD",2023,"993-PROINNOVATE-IMTEMC-2023","IMPLEMENTACIÓN Y CERTIFICACIÓN DE LA NORMA ISO 45001:2018 EN LA EMPRESA E3 SOLUCIONES INTEGRALES S.A.C.",20240319,20250419,"E3 SOLUCIONES INTEGRALES S.A.C","TIABAYA","AREQUIPA","AREQUIPA",040123,44890.0000,10257.4300,6838.2900,"SOLES",20250331
"BID 4","INCUBADORAS Y ACELERADORAS DE EMPRENDIMIENTOS INNOVADORES EN REGIONES",2023,"994-PROINNOVATE-IEIR-2023","INCUBA UNTUMBES\, FORTALECIMIENTO DE LA INCUBADORA DE EMPRESAS DE LA UNIVERSIDAD NACIONAL DE TUMBES EN UN MARCO DE COLABORACIÓN BINACIONAL ENFOCADA EN LOS SECTORES DE PESCA-ACUICULTURA\, AGROINDUSTRIA Y COMERCIO DIGITAL.",20240308,20260508,"UNIVERSIDAD NACIONAL DE TUMBES","TUMBES","TUMBES","TUMBES",240101,608710.0000,93000.0000,51300.0000,"SOLES",20250331
"BID 4","PROGRAMA DE INNOVACIÓN MODERNIZACIÓN TECNOLÓGICA Y EMPRENDIMIENTO - MIPYMES DE CALIDAD",2023,"995-PROINNOVATE-IMTEMC-2023","?MEJORA DE LA COMPETITIVIDAD DE TEXTIL VISO S.A.C. POR MEDIO DE LA IMPLEMENTACIÓN Y CERTIFICACIÓN DEL SISTEMA DE GESTIÓN DE LA CALIDAD BAJO LA NORMA ISO 9001:2015?",20240117,20250217,"TEXTIL VISO S.A.C.","AREQUIPA","AREQUIPA","AREQUIPA",040101,45000.0000,10285.7100,6857.1400,"SOLES",20250331
"BID 4","PROGRAMA DE INNOVACIÓN MODERNIZACIÓN TECNOLÓGICA Y EMPRENDIMIENTO - MIPYMES DE CALIDAD",2023,"996-PROINNOVATE-IMTEMC-2023","IMPLEMENTACIÓN DE LA NORMA ISO 9001 EN LA EMPRESA DE SERVICIOS DE SALUD Y MEDIO AMBIENTE S.A.C.",20231213,20250113,"SERVICIOS DE SALUD Y MEDIO AMBIENTE S.A.C.","SAN BORJA","LIMA","LIMA",150130,45000.0000,10285.7200,6857.1400,"SOLES",20250331
"BID 4","PROGRAMA DE INNOVACIÓN MODERNIZACIÓN TECNOLÓGICA Y EMPRENDIMIENTO - MIPYMES DE CALIDAD",2023,"998-PROINNOVATE-IMTEMC-2023","CERTIFICACIÓN DE LA NORMA ISO 9001:2015 SISTEMA DE GESTIÓN DE CALIDAD EN CONSTRUCCION Y MANEJO - PROYECTOS\, SUPERVISION E INGENIERIA S.A.C",20231220,20250120,"CONSTRUCCION Y MANEJO - PROYECTOS\, SUPERVISION E INGENIERIA SAC - CM - PSI","SAN BORJA","LIMA","LIMA",150130,44900.0000,10260.0000,6840.0000,"SOLES",20250331
"BID 4","PROGRAMA DE INNOVACIÓN MODERNIZACIÓN TECNOLÓGICA Y EMPRENDIMIENTO - MIPYMES DE CALIDAD",2023,"999-PROINNOVATE-IMTEMC-2023","IMPLEMENTACIÓN Y CERTIFICACIÓN DE UN SISTEMA DE GESTIÓN EN SEGURIDAD Y SALUD EN EL TRABAJO EN BASE A LA ISO 45001:2018 EN LA EMPRESA RYG METÁLIKAS SERVICIOS GENERALES S.R.L.\, PARA INCREMENTAR NUESTRA PARTICIPACIÓN EN EL SECTOR MINERO A NIVEL NACIONAL",20240319,20250419,"R Y G METALIKAS SERVICIOS GENERALES S.R.L.","MARCONA","NASCA","ICA",110304,44900.0000,10260.0000,6840.0000,"SOLES",20250331
"BID 4","CONCURSO DE PROYECTOS COLABORATIVOS DE INNOVACIÓN ABIERTA MODALIDAD A",2023,"1000-PROINNOVATE-IAMA-2023","DESARROLLO DE UN PROGRAMA DE INNOVACIÓN ABIERTA PARA LA EMPRESA RAINFOREST EXPEDITIONS SAC CON FINES DE PRESERVAR ESPECIES AUTÓCTONAS EN PELIGRO DE EXTINCIÓN EN LA REGIÓN DE MADRE DE DIOS.",20231213,20260613,"RAINFOREST EXPEDITIONS SAC","TAMBOPATA","TAMBOPATA","MADRE DE DIOS",170101,2000000.0000,870244.0000,984000.0000,"SOLES",20250331
"BID 4","PROYECTOS DE INNOVACIÓN EMPRESARIAL",2023,"1002-PROINNOVATE-PIEC1-2023","PREPARACIÓN DE PULPA DE SUPERFRUTAS PARA PERMITIR UNA LARGA CONSERVACIÓN EN FORMA NATURAL SIN CONGELAR NI AGREGAR CONSERVANTES\, Y TRANSPORTARLA DESDE LA SELVA PERUANA HACIA EL MERCADO NACIONAL Y MERCADOS GLOBALES REALIZADO POR CAMPODRIM S.A.C.",20231205,20250305,"CAMPODRIM S.A.C.","CAMPOVERDE","CORONEL PORTILLO","UCAYALI",250102,179874.9100,36670.2900,14437.5000,"SOLES",20250331
"BID 4","DINAMIZACIÓN DEL ECOSISTEMA REGIONAL DE INNOVACIÓN Y EMPRENDIMIENTO",2023,"1003-PROINNOVATE-DER-2023","ACELERACIÓN DEL ECOSISTEMA REGIONAL DE INNOVACIÓN Y EMPRENDIMIENTO (I+E)\, MEDIANTE UN ENFOQUE  COLABORATIVO DE ACTORES ESTRATÉGICOS EN LA REGIÓN AMAZONAS.",20240201,20260601,"UNIVERSIDAD NACIONAL TORIBIO RODRIGUEZ DE MENDOZA DE AMAZONAS","CHACHAPOYAS","CHACHAPOYAS","AMAZONAS",010101,3000000.0000,453046.3700,724257.1400,"SOLES",20250331
"BID 4","PROGRAMA DE INNOVACIÓN MODERNIZACIÓN TECNOLÓGICA Y EMPRENDIMIENTO - MIPYMES DE CALIDAD",2023,"1007-PROINNOVATE-IMTEMC-2023","IMPLEMENTACIÓN Y CERTIFICACIÓN BINORMA EN LOS SISTEMAS DE GESTIÓN DE CALIDAD ISO 9001:2015 Y SEGURIDAD Y SALUD EN EL TRABAJO ISO 45001:2018 EN LA EMPRESA SCAFFOLDS.A.C.",20240111,20250211,"SCAFFOLDING AND MAINTENANCE SERVICE SOCIEDAD ANONIMA CERRADA - SCAFFOLD S.A.C.","ALTO SELVA ALEGRE","AREQUIPA","AREQUIPA",040102,45000.0000,10286.0000,6857.0000,"SOLES",20250331
"BID 4","CONCURSO DE PROYECTOS COLABORATIVOS DE INNOVACIÓN FASE 2 - CATEGORÍA 2",2023,"1009-PROINNOVATE-CPCC2F2-2023","IMPLEMENTAR LAS SOLUCIONES INNOVADORAS SELECCIONADAS EN LA FASE I DEL PROGRAMA DE INNOVACIÓN ABIERTA DE LA EMPRESA RED DE ENERGÍA DEL PERÚ",20240108,20250908,"RED DE ENERGIA DEL PERU SA","SAN ISIDRO","LIMA","LIMA",150131,952433.0000,480383.0000,259000.0000,"SOLES",20250331
"BID 4","PROYECTOS DE INNOVACIÓN EMPRESARIAL",2023,"1010-PROINNOVATE-PIEC1-2023","ELABORACIÓN DE BIOPLÁSTICOS ACTIVOS A PARTIR DE RESIDUOS DE PALTA (PERSEA AMERICANA) VARIEDAD HASS PARA SU USO COMO EMBALAJE EN LA INDUSTRIA DE ALIMENTOS ELABORADO POR AGRICOLA JAIME JAVIER S.A.C.",20240318,20250618,"AGRICOLA JAIME JAVIER S.A.C.","MIRAFLORES","LIMA","LIMA",150122,359745.7600,34164.2400,41600.0000,"SOLES",20250331
"BID 4","PROGRAMA DE INNOVACIÓN MODERNIZACIÓN TECNOLÓGICA Y EMPRENDIMIENTO - MIPYMES DE CALIDAD",2023,"1012-PROINNOVATE-IMTEMC-2023","IMPLEMENTACIÓN DE LA NORMA 9001:2015 SISTEMA DE GESTIÓN DE CALIDAD EN LA EMPRESA PROSIMET SOCIEDAD COMERCIAL DE RESPONSABILIDAD LIMITADA.",20240117,20250217,"PROSIMET SOCIEDAD COMERCIAL DE RESPONSABILIDAD LIMITADA","ATE","LIMA","LIMA",150103,45000.0000,10286.0000,6857.0000,"SOLES",20250331
"BID 4","VALIDACIÓN DE LA INNOVACIÓN - CAMBIO CLIMÁTICO",2023,"1013-PROINNOVATE-PIEC2CC-2023","VALIDACIÓN TÉCNICA Y COMERCIAL DE TERRA FOODS: EL PRIMER DESAYUNO INSTANTÁNEO DE GRANOS ANDINOS\, CON ARÁNDANO\, PLÁTANO\, ALGARROBO\, LÚCUMA Y MACA\, CON ENVASES RECICLABLES QUE INCORPORA TRAZABILIDAD Y MEDIANTE ANÁLISIS DE CICLO DE VIDA (ACV) DEL PRODUCTO",20240103,20250703,"NUNA TERRA S.A.C.","CHORRILLOS","LIMA","LIMA",150108,347703.4000,106296.6000,241835.8000,"SOLES",20250331
"BID 4","INCUBADORAS 2.0",2023,"1019-PROINNOVATE-INC20-2023","KAMAN 2.0: PROGRAMAS PARA EL FORTALECIMIENTO DEL ECOSISTEMA DE EMPRENDIMIENTO E INNOVACIÓN EN EL SUR DEL PAÍS.",20240117,20260717,"UNIVERSIDAD CATOLICA SAN PABLO","AREQUIPA","AREQUIPA","AREQUIPA",040101,1280000.0000,160000.0000,123500.0000,"SOLES",20250331
"BID 4","INCUBADORAS 2.0",2023,"1021-PROINNOVATE-INC20-2023","HUB UDEP\,  INCUBADORA REGIONAL 2.0",20240201,20260801,"UNIVERSIDAD DE PIURA","PIURA","PIURA","PIURA",200101,1448902.3600,206802.4400,215000.0000,"SOLES",20250331
"BID 4","VALIDACIÓN DE LA INNOVACIÓN - CAMBIO CLIMÁTICO",2023,"1022-PROINNOVATE-PIEC2CC-2023","VALIDACIÓN TÉCNICA Y COMERCIAL DE UN SISTEMA INTEGRAL DE MONITOREO DEL DESEMPEÑO DEL SISTEMA DE PROPULSIÓN EN TIEMPO REAL PARA EMBARCACIONES DE PESCA ARTESANAL\, CON ENFOQUE EN EFICIENCIA ENERGÉTICA",20240103,20250703,"MAQUINARIA ALEMANA S.A.C.","CHORRILLOS","LIMA","LIMA",150108,266940.6800,82059.3200,187200.0000,"SOLES",20250331
"BID 4","Startup Perú PLUG - Atracción de Emprendedores Extranjeros",2023,"1023-PROINNOVATE-AEE-2023","DATABOT\, TRANSFORMAMOS CONVERSACIONES EN VENTA A TRAVÉS DE ASISTENTES DE INTELIGENCIA ARTIFICIAL",20240319,20250319,"GRUPO DATABOT S.A.C.","SANTIAGO DE SURCO","LIMA","LIMA",150140,154000.0000,22000.0000,44000.0000,"SOLES",20250331
"BID 4","INCUBADORAS CAMBIO CLIMÁTICO",2023,"1024-PROINNOVATE-ICC-2023","USIL VENTURES: CLEANTECH HUB PARA LA ADAPTACIÓN Y/O MITIGACIÓN AL CAMBIO CLIMÁTICO",20240110,20260710,"ASOCIACION PRO BIENESTAR Y DESARROLLO","LA MOLINA","LIMA","LIMA",150114,500000.0000,62500.0000,46200.0000,"SOLES",20250331
"BID 4","Startup Perú PLUG - Atracción de Emprendedores Extranjeros",2023,"1025-PROINNOVATE-AEE-2023","CHECK WMS\, PLATAFORMA SAAS DE CONTROL DE INVENTARIO",20240208,20250208,"CHECK WMS S.A.C.","JESUS MARIA","LIMA","LIMA",150113,154000.0000,22330.0000,43813.0000,"SOLES",20250331
"BID 4","DINAMIZACIÓN DEL ECOSISTEMA REGIONAL DE INNOVACIÓN Y EMPRENDIMIENTO",2023,"1026-PROINNOVATE-DER-2023","DINAMIZACIÓN DEL ECOSISTEMA DE INVESTIGACIÓN\, DESARROLLO\, INNOVACIÓN Y EMPRENDIMIENTO (I+D+I+E) PARA FORTALECER LA ARTICULACIÓN\, COMPETITIVIDAD Y SOSTENIBILIDAD EN LA REGIÓN DE MADRE DE DIOS",20240311,20260711,"MUNICIPALIDAD PROVINCIAL DE TAMBOPATA","TAMBOPATA","TAMBOPATA","MADRE DE DIOS",170101,3000000.0000,428571.4300,534942.8500,"SOLES",20250331
"BID 4","PROGRAMA DE INNOVACIÓN MODERNIZACIÓN TECNOLÓGICA Y EMPRENDIMIENTO - MIPYMES DE CALIDAD",2023,"1027-PROINNOVATE-IMTEMC-2023","IMPLEMENTACION Y CERTIFICACION DE UN SISTEMA DE GESTION DE CALIDAD  ISO 9001:2015 EN LA EMPRESA FOREX PERU S.A.C.",20240318,20250418,"FOREX PERU S.A.C.","SAN ISIDRO","LIMA","LIMA",150131,43826.0000,10004.4000,6669.6000,"SOLES",20250331
"BID 4","INCUBADORAS CAMBIO CLIMÁTICO",2023,"1028-PROINNOVATE-ICC-2023","INCUBAGRARIA: HUB DE INNOVACION Y EMPRENDIMIENTO EN CAMBIO CLIMÁTICO",20240319,20260919,"UNIVERSIDAD NACIONAL AGRARIA LA MOLINA","LA MOLINA","LIMA","LIMA",150114,500000.0000,62500.0000,41419.0000,"SOLES",20250331
"BID 4","PROGRAMA DE INNOVACIÓN MODERNIZACIÓN TECNOLÓGICA Y EMPRENDIMIENTO - MIPYMES DE CALIDAD",2023,"1031-PROINNOVATE-IMTEMC-2023","IMPLEMENTACIÓN Y CERTIFICACIÓN TRINORMA ISO 9001\, ISO 14001 E ISO 45001 EN DCA INGENIEROS SAC PARA MEJORAR LA EFICIENCIA OPERATIVA\, CALIDAD\, SOSTENIBILIDAD Y SEGURIDAD EN PROYECTOS DE CONSTRUCCIÓN Y REMODELACIÓN DE OBRAS CIVILES.",20240318,20250318,"DCA INGENIEROS S.A.C.","LOS OLIVOS","LIMA","LIMA",150117,45000.0000,10310.0000,6857.1800,"SOLES",20250331
"BID 4","PROGRAMA DE INNOVACIÓN MODERNIZACIÓN TECNOLÓGICA Y EMPRENDIMIENTO - MIPYMES DE CALIDAD",2023,"1034-PROINNOVATE-IMTEMC-2023","IMPLEMENTACIÓN Y CERTIFICACIÓN DEL SISTEMA DE GESTIÓN DE CALIDAD EN BASE A LA NORMA ISO 9001 PARA LA EMPRESA REPRESENTACIONES J.H.P. S.R.L.",20240318,20250418,"REPRESENTACIONES J.H.P. S.R.L.","LURIN","LIMA","LIMA",150119,44450.0000,10151.0000,6760.0000,"SOLES",20250331
"BID 4","Startup Perú PLUG - Atracción de Emprendedores Extranjeros",2023,"1036-PROINNOVATE-AEE-2023","GU TRADE\, RELEVAMIENTO DE INFORMACIÓN EN LOS PUNTOS DE VENTA PARA EMPRESAS DE CONSUMO MASIVO",20240117,20250117,"CAFERSY PERU S.A.C.","SANTIAGO DE SURCO","LIMA","LIMA",150140,154000.0000,29119.0000,38500.0000,"SOLES",20250331
"BID 4","Startup Perú PLUG - Atracción de Emprendedores Extranjeros",2023,"1037-PROINNOVATE-AEE-2023","INTERBRAIN: TECNOLOGÍA DE APRENDIZAJE INMERSIVO\, GAMIFICACIÓN E IA DIRIGIDO A ENTIDADES PUB. O PRIV.",20240201,20250228,"INTERBRAIN PERU S.A.C.","SANTIAGO DE SURCO","LIMA","LIMA",150140,154000.0000,39979.6800,26020.3200,"SOLES",20250331
"BID 4","PROGRAMA DE INNOVACIÓN MODERNIZACIÓN TECNOLÓGICA Y EMPRENDIMIENTO - MIPYMES DE CALIDAD",2023,"1038-PROINNOVATE-IMTEMC-2023","MEJORA DE PROCESOS Y CALIDAD EN LA DISTRIBUCIÓN Y ENVASADO DE PRODUCTOS AGRÍCOLAS SOSTENIBLES A TRAVÉS DE LA IMPLEMENTACIÓN Y CERTIFICACIÓN ISO 9001 EN VISANI EIRL.",20240318,20250418,"VISANI E.I.R.L.","MAJES","CAYLLOMA","AREQUIPA",040520,45000.0000,10350.0000,6795.0000,"SOLES",20250331
"BID 4","VALIDACIÓN DE LA INNOVACIÓN - CAMBIO CLIMÁTICO",2023,"1039-PROINNOVATE-PIEC2CC-2023","VALIDACIÓN TÉCNICA\, COMERCIAL Y EMPAQUETAMIENTO DE BIOMANTOS ORGÁNICOS BIODEGRADABLES PARA MEJORAR LA RETENCIÓN DE HUMEDAD Y LAS PROPIEDADES FÍSICAS DEL SUELO (ESTRUCTURA Y TEXTURA) PARA INCREMENTAR DE LA PRODUCTIVIDAD EN CULTIVOS AGRÍCOLAS DE AGROEXPORTACIÓN.",20240117,20251017,"COOPERATIVA AGRARIA DE PRODUCTORES ORGANICOS SAN VICENTE SANTA ROSA","SULLANA","SULLANA","PIURA",200601,498644.0900,85975.9100,156600.0000,"SOLES",20250331
"BID 4","Startup Perú PLUG - Atracción de Emprendedores Extranjeros",2023,"1040-PROINNOVATE-AEE-2023","AFRUS: TECNOLOGÍA RECAUDACIÓN DE FONDOS\, MARKETING Y CRM PARA ORGANIZACIONES SOCIALES Y EMPRESAS",20240201,20241201,"AFRUS IMPACT TECHNOLOGIES S.A.C.","SANTIAGO DE SURCO","LIMA","LIMA",150140,154000.0000,22000.0000,44000.0000,"SOLES",20250331
"BID 4","PROYECTOS DE VALIDACIÓN DE LA INNOVACIÓN",2023,"1041-PROINNOVATE-PIEC2-2023","VALIDACIÓN Y EMPAQUETAMIENTO TÉCNICO-COMERCIAL DE UNA TAPA QUE PERMITE TENER UNA BEBIDA DE MANDARINA DE AUTO PREPARACIÓN INSTANTÁNEA\, NATURAL Y SIN PRESERVANTES.",20240111,20250711,"AGRARIA SANTA ISABEL S.A.C.","VENTANILLA","PROV. CONST. DEL CALLAO","CALLAO",070106,499466.1100,83883.8900,129500.0000,"SOLES",20250331
"BID 4","PROGRAMA DE INNOVACIÓN MODERNIZACIÓN TECNOLÓGICA Y EMPRENDIMIENTO - MIPYMES DE CALIDAD",2023,"1042-PROINNOVATE-IMTEMC-2023","OPTIMIZACIÓN DE PROCESOS Y FORTALECIMIENTO DE LA GESTIÓN EN ALVCONCRET S.A.C. CON LA IMPLEMENTACIÓN Y CERTIFICACIÓN DE LAS NORMAS ISO 9001\, ISO 14001 Y ISO 45001 PARA MEJORAR LA EFICIENCIA OPERATIVA Y LA COMPETITIVIDAD.",20240401,20250501,"ALVCONCRET S.A.C.","MAJES","CAYLLOMA","AREQUIPA",040520,45000.0000,10332.0000,6820.0000,"SOLES",20250331
"BID 4","PROGRAMA DE INNOVACIÓN MODERNIZACIÓN TECNOLÓGICA Y EMPRENDIMIENTO - MIPYMES DE CALIDAD",2023,"1043-PROINNOVATE-IMTEMC-2023","OBTENCIÓN DE LA CERTIFICACIÓN ISO 9001:2015 SISTEMA DE GESTIÓN DE LA CALIDAD EN LA EMPRESA KELLY'S SHOES S.R.L.\, PARA INCREMENTAR LA SATISFACCIÓN DE NUESTROS CLIENTES\, ACCEDER A NUEVOS MERCADOS Y CONSOLIDAR NUESTRA MARCA A NIVEL NACIONAL",20240318,20250318,"KELLY'S SHOES S.R.L.","AREQUIPA","AREQUIPA","AREQUIPA",040101,44900.0000,14364.0000,25536.0000,"SOLES",20250331
"BID 4","Startup Perú PLUG - Atracción de Emprendedores Extranjeros",2023,"1044-PROINNOVATE-AEE-2023","ECOMPAKE\,  MARCA MULTICATEGORIA DE PRODUCTOS 100% ECOLÓGICOS",20240208,20250208,"CMPK S.A.C.","CHORRILLOS","LIMA","LIMA",150108,154000.0000,30734.9600,46180.0000,"SOLES",20250331
"BID 4","INCUBADORAS 2.0",2023,"1046-PROINNOVATE-INC20-2023","BIOINCUBA: IMPLEMENTACIÓN DE PROGRAMAS ORIENTADOS A PROMOVER\, DESCUBRIR\, E IMPULSAR EL DESARROLLO Y SALIDA AL MERCADO DE EMPRENDIMIENTOS CON TRIPLE IMPACTO BASADOS EN CIENCIA Y TECNOLOGÍA DE TODAS LAS REGIONES DEL PAÍS.",20240319,20260619,"UNIVERSIDAD PERUANA CAYETANO HEREDIA","SAN MARTIN DE PORRES","LIMA","LIMA",150135,1450000.0000,203005.1600,168725.5200,"SOLES",20250331
"BID 4","CONCURSO DE PROYECTOS COLABORATIVOS DE INNOVACIÓN ABIERTA MODALIDAD B",2023,"1047-PROINNOVATE-IAMB-2023","TRANSFORMACIÓN DE LA EXPERIENCIA DEL CLIENTE EN EL SECTOR RETAIL A TRAVÉS DE LA INNOVACIÓN ABIERTA PARA AUMENTAR LA CONVERSIÓN EN TIENDA",20240207,20260707,"PONTIFICIA UNIVERSIDAD CATOLICA DEL PERU","SAN MIGUEL","LIMA","LIMA",150136,1999915.2600,0.0000,667636.3600,"SOLES",20250331
"BID 4","VALIDACIÓN DE LA INNOVACIÓN - CAMBIO CLIMÁTICO",2023,"1049-PROINNOVATE-PIEC2CC-2023","VALIDACIÓN TÉCNICA\, COMERCIAL Y EMPAQUETAMIENTO DE ?LIFE COVER? SOLUCIÓN EN BASE A RESIDUOS AGROINDUSTRIALES PARA LA CONSERVACIÓN DE ARÁNDANOS FRESCOS DE EXPORTACIÓN EN MARCO DE UNA SOLUCIÓN DE ECONOMÍA CIRCULAR PARA COMBATIR EL CAMBIO CLIMÁTICO.",20240111,20250611,"BIO NATURAL SOLUTIONS S.A.C.","MIRAFLORES","LIMA","LIMA",150122,500000.0000,83333.3300,180100.0000,"SOLES",20250331
"BID 4","PROGRAMA DE INNOVACIÓN MODERNIZACIÓN TECNOLÓGICA Y EMPRENDIMIENTO - MIPYMES DE CALIDAD",2023,"1050-PROINNOVATE-IMTEMC-2023","IMPLEMENTACIÓN Y CERTIFICACIÓN DEL SISTEMA INTEGRADO DE GESTIÓN BASADO EN LAS NORMAS ISO 9001:2015\, ISO 14001:2015 E ISO 45001:2018  EN LA EMPRESA  SERVISEGUR PERU S.A.C.",20240306,20250306,"SERVISEGUR PERU S.A.C.","SAN LUIS","LIMA","LIMA",150134,45000.0000,10285.7100,6857.1400,"SOLES",20250331
"BID 4","CONCURSO DE PROYECTOS COLABORATIVOS DE INNOVACIÓN FASE 2 - CATEGORÍA 2",2023,"1051-PROINNOVATE-CPCC2F2-2023","TRANSFORMACIÓN DE RELAVES MINEROS EN MATERIALES PARA USO EN CONSTRUCCIÓN CON TRATAMIENTO DE ZEOLITAS: UNA ESTRATEGIA DE SOSTENIBILIDAD Y ECONOMÍA CIRCULAR EN COMPAÑÍA MINERA PODEROSA S.A.",20240117,20250917,"CIA MINERA PODEROSA S A","SANTIAGO DE SURCO","LIMA","LIMA",150140,1199999.9972,748851.6588,600000.0000,"SOLES",20250331
"BID 4","DINAMIZACIÓN DEL ECOSISTEMA REGIONAL DE INNOVACIÓN Y EMPRENDIMIENTO",2023,"1053-PROINNOVATE-DER-2023","IMPULSANDO EL FORTALECIMIENTO Y DINAMIZACIÓN DEL ECOSISTEMA REGIONAL EN INNOVACIÓN Y EMPRENDIMIENTO - DER EN EL DEPARTAMENTO DE LORETO",20240409,20270209,"GOBIERNO REGIONAL DE LORETO","IQUITOS","MAYNAS","LORETO",160101,3000000.0000,451564.5700,455157.1400,"SOLES",20250331
"BID 4","PROGRAMA DE INNOVACIÓN MODERNIZACIÓN TECNOLÓGICA Y EMPRENDIMIENTO - MIPYMES DE CALIDAD",2023,"1054-PROINNOVATE-IMTEMC-2023","IMPLEMENTACIÓN Y CERTIFICACIÓN DE LA TRINORMA ISO 9001\, 14001 Y 45001 PARA ELEVAR LA CALIDAD\, SOSTENIBILIDAD Y SEGURIDAD EN PROYECTOS INTEGRALES S.A.C.",20240318,20250418,"PROYECTOS INTEGRALES S.A.C.","SAN MARTIN DE PORRES","LIMA","LIMA",150135,45000.0000,10576.0000,6723.0000,"SOLES",20250331
"BID 4","PROGRAMA DE INNOVACIÓN MODERNIZACIÓN TECNOLÓGICA Y EMPRENDIMIENTO - MIPYMES DE CALIDAD",2023,"1055-PROINNOVATE-IMTEMC-2023","IMPLEMENTACIÓN Y CERTIFICACIÓN DEL SISTEMA DE GESTIÓN DE CALIDAD BASADO EN LA NORMA ISO 9001:2015 EN LA EMPRESA CONSULTING AND TRAINING MABI S.A.C.",20240318,20250318,"CONSULTING AND TRAINING MABI S.A.C.","SAN ISIDRO","LIMA","LIMA",150131,45000.0000,10285.7100,6857.1400,"SOLES",20250331
"BID 4","PROGRAMA DE INNOVACIÓN MODERNIZACIÓN TECNOLÓGICA Y EMPRENDIMIENTO - MIPYMES DE CALIDAD",2023,"1056-PROINNOVATE-IMTEMC-2023","OBTENCIÓN DE LA CERTIFICACIÓN ISO 9001:2015 SISTEMA DE GESTIÓN DE LA CALIDAD EN LA EMPRESA JJH & CAREM S.R.L.\, PARA MEJORAR LA CALIDAD DE SUS SERVICIOS\, INCREMENTAR LA SATISFACCIÓN DE SUS CLIENTES Y ACCEDER A NUEVOS MERCADOS",20240318,20250418,"JJH & CAREM S.R.L.","ABANCAY","ABANCAY","APURIMAC",030101,42000.0000,9514.2900,6342.8600,"SOLES",20250331
"BID 4","Startup Perú PLUG - Atracción de Emprendedores Extranjeros",2023,"1057-PROINNOVATE-AEE-2023","KIDSBOOK\, SAAS PARA ESTABLECIMIENTOS PREESCOLARES",20240213,20250213,"KIDSBOOK PERU SAC","MIRAFLORES","LIMA","LIMA",150122,154000.0000,22026.0000,43975.0000,"SOLES",20250331
"BID 4","PROGRAMA DE INNOVACIÓN MODERNIZACIÓN TECNOLÓGICA Y EMPRENDIMIENTO - MIPYMES DE CALIDAD",2023,"1058-PROINNOVATE-IMTEMC-2023","IMPLEMENTACIÓN Y CERTIFICACIÓN DE LA NORMA HACCP PARA EL QUESO CUÑUMBUQUINO Y LA LECHE ENTERA PASTEURIZADA (VACUNO) DE LA EMPRESA AGROINDUSTRIAS TRES JOTAS SAC\, EN SAN MARTIN",20240318,20250418,"AGROINDUSTRIAS TRES JOTAS S.A.C.","TARAPOTO","SAN MARTIN","SAN MARTIN",220901,35000.0000,15000.0000,0.0000,"SOLES",20250331
"BID 4","CONCURSO DE PROYECTOS COLABORATIVOS DE INNOVACIÓN FASE 2 - CATEGORÍA 2",2023,"1059-PROINNOVATE-CPCC2F2-2023","IMPLEMENTAR LAS SOLUCIONES INNOVADORAS SELECCIONADAS EN LA FASE I DEL PROGRAMA DE INNOVACIÓN ABIERTA DE LA EMPRESA ONCOSALUD PARA LA PREVENCIÓN\, DETECCIÓN TEMPRANA\, TRATAMIENTO Y MONITOREO DE CÁNCER DE PULMÓN",20240326,20251126,"ONCOSALUD S.A.C.","SAN ISIDRO","LIMA","LIMA",150131,1165861.0000,590539.0000,225394.3300,"SOLES",20250331
"BID 4","CONCURSO DE PROYECTOS COLABORATIVOS DE INNOVACIÓN ABIERTA MODALIDAD A",2023,"1060-PROINNOVATE-IAMA-2023","DESARROLLO DE PROGRAMA DE INNOVACIÓN ABIERTA PARA AGROPECUARIA LA MOCHERITA SAC\, CON FINES DE LOGRAR UNA GANADERÍA 4.0 Y SOSTENIBLE",20240117,20260617,"AGROPECUARIA LA MOCHERITA SAC","MOCHE","TRUJILLO","LA LIBERTAD",130107,2000000.0000,871000.0000,1020000.0000,"SOLES",20250331
"BID 4","PROYECTOS DE VALIDACIÓN DE LA INNOVACIÓN",2023,"1061-PROINNOVATE-PIEC2-2023","DESARROLLO DE VALIDACIÓN DE LOS EQUIPOS TECNOLÓGICOS PARA EL PROCESAMIENTO DE LA FIBRA DE ALPACA.",20240117,20250717,"JCALDERON E.I.R.L.","PUNO","PUNO","PUNO",210101,349891.8600,60386.5600,151200.0000,"SOLES",20250331
"BID 4","INCUBADORAS CAMBIO CLIMÁTICO",2023,"1062-PROINNOVATE-ICC-2023","FORTALECIENDO LA INCUBADORA NEXUM - PUCP CON ENFOQUE EN CAMBIO CLIMATICO",20240307,20260307,"PONTIFICIA UNIVERSIDAD CATOLICA DEL PERU","SAN MIGUEL","LIMA","LIMA",150136,500000.0000,62500.0000,0.0000,"SOLES",20250331
"BID 4","PROGRAMA DE INNOVACIÓN MODERNIZACIÓN TECNOLÓGICA Y EMPRENDIMIENTO - MIPYMES DE CALIDAD",2023,"1063-PROINNOVATE-IMTEMC-2023","IMPLEMENTACIÓN DE LAS NORMAS ISO 9001:2015 PARA EL CRECIMIENTO Y POSICIONAMIENTO EN EL MERCADO DE LA EMPRESA SUCCESS SDISE S.A.C. DE LA REGIÓN AREQUIPA",20240318,20250418,"SUCCESS SDISE SOCIEDAD ANONIMA CERRADA - SDISE S.A.C.","JOSE LUIS BUSTAMANTE Y RIVERO","AREQUIPA","AREQUIPA",040129,45000.0000,10285.7100,6857.1400,"SOLES",20250331
"BID 4","Startup Perú PLUG - Atracción de Emprendedores Extranjeros",2023,"1065-PROINNOVATE-AEE-2023","IMPULSA EMPRESAS SPA: SUITE COMERCIAL. CRM VENTAS\, CRM MARKETING\, WHATSAPP E INTRANET",20231227,20250226,"IMPULSA SUITE S.A.C.","MIRAFLORES","LIMA","LIMA",150122,154000.0000,22000.0000,44000.0000,"SOLES",20250331
"BID 4","INNOVACIÓN EMPRESARIAL - CAMBIO CLIMÁTICO",2023,"1066-PROINNOVATE-PIEC1CC-2023","DESARROLLO DE UN SISTEMA PILOTO MÓVIL\, AUTÓNOMO\, CON ENERGÍA AUTOSUSTENTABLE Y SIN AGENTES QUÍMICOS PARA POTABILIZACIÓN DE AGUA PROVENIENTE DE AGUAS SERVIDAS CON IMPACTO GLOBAL CONSTRUIDO EN LIMA.",20240201,20260201,"FLOWEN S.A.C.","LA MOLINA","LIMA","LIMA",150114,360000.0000,66000.0000,52340.0000,"SOLES",20250331
"BID 4","Startup Perú PLUG - Atracción de Emprendedores Extranjeros",2023,"1067-PROINNOVATE-AEE-2023","SOYDELIVERY: VINCULAMOS TIENDAS\, MARKETPLACES\, HUBS\, CONDUCTORES Y TECNOLOGÍA.",20240201,20250201,"SOYDELIVERY PERU SOCIEDAD ANONIMA CERRADA","LA VICTORIA","LIMA","LIMA",150115,154000.0000,22000.0000,44000.0000,"SOLES",20250331
"BID 4","PROGRAMA DE INNOVACIÓN MODERNIZACIÓN TECNOLÓGICA Y EMPRENDIMIENTO - MIPYMES DE CALIDAD",2023,"1068-PROINNOVATE-IMTEMC-2023","IMPLEMENTACIÓN Y CERTIFICACIÓN DEL SISTEMA HACCP EN LAS LÍNEAS DE FRACCIONAMIENTO Y ENVASADO DE HARINAS\, CEREALES\, FRUTOS DESHIDRATADOS\, ADITIVOS Y OTROS ALIMENTOS",20240318,20250418,"KERA INVERSIONES E.I.R.L.","COMAS","LIMA","LIMA",150110,45000.0000,10285.8000,6857.1000,"SOLES",20250331
"BID 4","PROGRAMA DE INNOVACIÓN MODERNIZACIÓN TECNOLÓGICA Y EMPRENDIMIENTO - MIPYMES DE CALIDAD",2023,"1069-PROINNOVATE-IMTEMC-2023","IMPLEMENTACIÓN Y CERTIFICACIÓN DE LA NORMA ISO 9001 PARA MEJORA DE LA CALIDAD Y EFICIENCIA EN LA PRODUCCIÓN DE HIERBAS MEDICINALES EN LA EMPRESA CGS GENERAL DISTRIBUTION S.A.C.",20240318,20250418,"CGS GENERAL DISTRIBUTION S.A.C.","AREQUIPA","AREQUIPA","AREQUIPA",040101,45000.0000,10450.0000,6752.0000,"SOLES",20250331
"BID 4","PROGRAMA DE INNOVACIÓN MODERNIZACIÓN TECNOLÓGICA Y EMPRENDIMIENTO - MIPYMES DE CALIDAD",2023,"1070-PROINNOVATE-IMTEMC-2023","DISEÑO\, IMPLEMENTACIÓN Y LOGRO DE LA CERTIFICACIÓN DE ISO 9001:2015 PARA MEJORAR LA CADENA DE VALOR DE LA PRODUCCIÓN Y COMERCIALIZACIÓN DE ALIMENTOS EN LA SUREÑITA E.I.R.L.",20240318,20250418,"LA SUREÑITA E.I.R.L.","CERRO COLORADO","AREQUIPA","AREQUIPA",040104,45000.0000,10500.0000,6800.0000,"SOLES",20250331
"BID 4","CONCURSO FORTALECIMIENTO ESTRATÉGICO DE CENTROS DE EXTENSIÓN Y TRANSFERENCIA TECNOLÓGICA (CET) - SEGUNDA FASE",2023,"1072-PROINNOVATE-CETF2-2023","IMPLEMENTACION DEL PLAN ESTRATEGICO DEL CITEFORESTAL PUCALLPA PARA EL FORTALECIMIENTO DE SERVICIOS QUE SE OFRECEN A LAS UNIDADES PRODUCTIVAS DEL SECTOR FORESTAL MADERABLE EN LA REGION UCAYALI",20240814,20260614,"INSTITUTO TECNOLÓGICO DE LA PRODUCCIÓN","SAN ISIDRO","LIMA","LIMA",150131,3602160.0000,0.0000,763920.0000,"SOLES",20250331
"BID 4","PROGRAMA DE INNOVACIÓN MODERNIZACIÓN TECNOLÓGICA Y EMPRENDIMIENTO - MIPYMES DE CALIDAD",2023,"1073-PROINNOVATE-IMTEMC-2023","IMPLEMENTACIÓN Y CERTIFICACIÓN DEL SISTEMA DE GESTIÓN DE CALIDAD BAJO LA NORMA ISO 9001:2015\, EN LA EMPRESA \"HOSTAL LA POSADA DEL MOCHILERO E.I.R.L.\"",20240318,20250418,"HOSTAL LA POSADA DEL MOCHILERO EMPRESA INDIVIDUAL DE RESPONSABILIDAD LIMITADA","AREQUIPA","AREQUIPA","AREQUIPA",040101,45000.0000,10285.7100,6857.1400,"SOLES",20250331
"BID 4","CONCURSO FORTALECIMIENTO ESTRATÉGICO DE CENTROS DE EXTENSIÓN Y TRANSFERENCIA TECNOLÓGICA (CET) - SEGUNDA FASE",2023,"1074-PROINNOVATE-CETF2-2023","FORTALECIMIENTO DE CITECCAL PARA LA CADENA CUERO\, CALZADO\, TEXTIL\, CONFECCIONES E INDUSTRIAS CONEXAS.",20240814,20260614,"INSTITUTO TECNOLÓGICO DE LA PRODUCCIÓN","SAN ISIDRO","LIMA","LIMA",150131,4155000.0000,0.0000,1385000.0000,"SOLES",20250331
"BID 4","DINAMIZACIÓN DEL ECOSISTEMA REGIONAL DE INNOVACIÓN Y EMPRENDIMIENTO",2023,"1075-PROINNOVATE-DER-2023","DINAMIZACIÓN DEL ECOSISTEMA DE INNOVACIÓN Y EMPRENDIMIENTO EN LA REGIÓN HUÁNUCO",20240423,20260623,"UNIV. NAC.  HERMILIO VALDIZAN  HUANUCO","PILLCO MARCA","HUANUCO","HUANUCO",100111,3000000.0000,286371.0700,648933.8500,"SOLES",20250331
"BID 4","INNOVACIÓN EMPRESARIAL - CAMBIO CLIMÁTICO",2023,"1076-PROINNOVATE-PIEC1CC-2023","OPTIMIZACIÓN DE LA HUELLA DE CARBONO Y EFICENCIA DE BIOCNPK EN ABONOS VIVOS S.A.C.",20240201,20250801,"ABONOS VIVOS S.A.C","CHORRILLOS","LIMA","LIMA",150108,233129.8300,39999.3700,115630.0000,"SOLES",20250331
"BID 4","CONCURSO DE PROYECTOS COLABORATIVOS DE INNOVACIÓN FASE 2 - CATEGORÍA 2",2023,"1077-PROINNOVATE-CPCC2F2-2023","IMPLEMENTACIÓN DE SOLUCIONES SISTÉMICAS DE FORMA COLABORATIVA ENTRE LOS DIFERENTES ACTORES DE LA CADENA DE VALOR DEL CACAO DE MACHU PICCHU FOODS S.A.C.",20240201,20250301,"MACHU PICCHU FOODS S.A.C.","SAN ISIDRO","LIMA","LIMA",150131,1163160.0000,581580.0000,400680.0000,"SOLES",20250331
"BID 4","VALIDACIÓN DE LA INNOVACIÓN - CAMBIO CLIMÁTICO",2023,"1078-PROINNOVATE-PIEC2CC-2023","VALIDACIÓN TÉCNICA\, COMERCIAL Y EMPAQUETAMIENTO DE UNA MICRORRED ELÉCTRICA HÍBRIDA DE AUTOGESTIÓN COMUNITARIA DIRIGIDA AL MERCADO DE LA ELECTRIFICACIÓN RURAL",20240207,20250807,"WAIRA ENERGIA SOCIEDAD ANONIMA CERRADA - WAIRA ENERGIA S.A.C","LIMA","LIMA","LIMA",150101,358851.6900,60402.4600,82800.0000,"SOLES",20250331
"BID 4","PROGRAMA DE INNOVACIÓN MODERNIZACIÓN TECNOLÓGICA Y EMPRENDIMIENTO - MIPYMES DE CALIDAD",2023,"1079-PROINNOVATE-IMTEMC-2023","MEJORAMIENTO DE LA COMPETITIVIDAD DE LA EMPRESA TOTEM INKA TRAVEL MEDIANTE LA IMPLEMENTACIÓN DE UN SISTEMA DE GESTIÓN DE LA CALIDAD BASADO EN LA NORMA ISO 9001: 2015",20240318,20250418,"TOTEM INKA TRAVEL S.A.C.","LA VICTORIA","LIMA","LIMA",150115,45000.0000,10290.0000,6855.0000,"SOLES",20250331
"BID 4","PROGRAMA DE INNOVACIÓN MODERNIZACIÓN TECNOLÓGICA Y EMPRENDIMIENTO - MIPYMES DE CALIDAD",2023,"1080-PROINNOVATE-IMTEMC-2023","IMPLEMENTACIÓN Y CERTIFICACIÓN DEL SISTEMA DE GESTIÓN SEGÚN ISO 9001:2015 EN LA EMPRESA PERUVAC S.R.L.",20240319,20250419,"PERUVAC S.R.L.","SAN JUAN DE LURIGANCHO","LIMA","LIMA",150132,44950.0000,10538.0000,6765.0000,"SOLES",20250331
"BID 4","CONCURSO DE PROYECTOS COLABORATIVOS DE INNOVACIÓN FASE 2 - CATEGORÍA 2",2023,"1082-PROINNOVATE-CPCC2F2-2023","IMPULSANDO LA EXCELENCIA EN EL SECTOR SALUD MEDIANTE UN SISTEMA DE MONITOREO AUTOMATIZADO PARA EL SEGUIMIENTO DE PROYECTOS DE SALUD A NIVEL NACIONAL Y UNA PLATAFORMA DE TELEMETRÍA DE EQUIPOS BIOMÉDICOS PARA IMPLEMENTAR MANTENIMIENTOS PREDICTIVOS.",20240207,20250507,"VITALTEC S.A.C.","SANTIAGO DE SURCO","LIMA","LIMA",150140,796850.0000,398425.0000,358583.0000,"SOLES",20250331
"BID 4","PROYECTOS DE INNOVACIÓN EMPRESARIAL",2023,"1083-PROINNOVATE-PIEC1-2023","DESARROLLO DE UNA LÍNEA PILOTO DE EMPACADO EN SECO DE BANANO (AQUASMART)  EN LA COOPERATIVA AGRARIA DE USUARIOS RIO Y VALLE\, PROVINCIA DE SULLANA\, REGIÓN PIURA\, CON FINES DE REDUCCIÓN DE LA HUELLA HÍDRICA EN EXPORTACIÓN DE BANANO.",20240207,20250607,"MUNDO RURAL SUSTENTABLE S.A.C.","CASTILLA","PIURA","PIURA",200104,179979.2100,17425.8800,31200.0000,"SOLES",20250331
"BID 4","PROGRAMA DE INNOVACIÓN MODERNIZACIÓN TECNOLÓGICA Y EMPRENDIMIENTO - MIPYMES DE CALIDAD",2023,"1084-PROINNOVATE-IMTEMC-2023","OBTENCIÓN DE LA CERTIFICACIÓN INTERNACIONAL DE COMERCIO JUSTO DE WFTO PARA ACCEDER A NUEVOS MERCADOS",20240318,20250418,"ECCO EXE E.I.R.L.","SAN JUAN DE MIRAFLORES","LIMA","LIMA",150133,36111.1100,8000.0000,5333.3300,"SOLES",20250331
"BID 4","PROGRAMA DE INNOVACIÓN MODERNIZACIÓN TECNOLÓGICA Y EMPRENDIMIENTO - MIPYMES DE CALIDAD",2023,"1085-PROINNOVATE-IMTEMC-2023","CERTIFICACIÓN COMERCIO JUSTO DE CACAO EN GRANO SECO DE LA COOPERATIVA AGROECOLÓGICA CACAOTERA POSHINI VRAEM",20240319,20250517,"COOPERATIVA AGRARIA CACAOTERA POSHINI VRAEM LIMITADA - CAC POSHINI LTDA","SATIPO","SATIPO","JUNIN",120601,45000.0000,10285.7200,6857.1400,"SOLES",20250331
"BID 4","PROGRAMA DE INNOVACIÓN MODERNIZACIÓN TECNOLÓGICA Y EMPRENDIMIENTO - MIPYMES DE CALIDAD",2023,"1088-PROINNOVATE-IMTEMC-2023","IMPLEMENTACIÓN Y CERTIFICACIÓN DEL SISTEMA DE GESTIÓN DE CALIDAD BAJO LA NORMA ISO 9001:2015\, EN LA EMPRESA \"SERVICIOS GENERALES ICEEL E.I.R.L.\"",20240318,20250418,"SERVICIOS GENERALES ICEEL E.I.R.L.","CHICLAYO","CHICLAYO","LAMBAYEQUE",140101,45000.0000,10336.0000,6864.0000,"SOLES",20250331
"BID 4","PROGRAMA DE INNOVACIÓN MODERNIZACIÓN TECNOLÓGICA Y EMPRENDIMIENTO - MIPYMES DE CALIDAD",2023,"1089-PROINNOVATE-IMTEMC-2023","IMPLEMENTACIÓN Y CERTIFICACIÓN DEL SISTEMA DE GESTIÓN DE LA CALIDAD BASADO EN LA NORMA ISO 9001:2015 PARA CORPORACION MADRID SAC",20240318,20250118,"CORPORACION MADRID S.A.C.","LOS OLIVOS","LIMA","LIMA",150117,45000.0000,10400.0000,6800.0000,"SOLES",20250331
"BID 4","PROGRAMA DE INNOVACIÓN MODERNIZACIÓN TECNOLÓGICA Y EMPRENDIMIENTO - MIPYMES DE CALIDAD",2023,"1090-PROINNOVATE-IMTEMC-2023","PROYECTO DE CERTIFICACION  PARA IMPLEMENTAR LA NORMA IS09001 PARA LA MEJORA DE PROCESOS DE  SEGURIDAD ELECTRÓNICA Y VIGILANCIA EN LA EMPRESA FORTISEG S.A.C.",20240318,20250418,"FORTISEG S.A.C.","ATE","LIMA","LIMA",150103,45000.0000,10720.5000,6857.1400,"SOLES",20250331
"BID 4","PROYECTOS DE INNOVACIÓN EMPRESARIAL",2023,"1091-PROINNOVATE-PIEC1-2023","DESARROLLO DE UNA PLATAFORMA TECNOLÓGICA A ESCALA PILOTO\, QUE GESTIONE HERRAMIENTAS EN LA NUBE PARA LA PRESTACIÓN DE SERVICIOS DE FUMIGACIÓN EN LOCALES COMERCIALES E INDUSTRIALES\, EN LA PROVINCIA DE CORONEL PORTILLO\, REGIÓN UCAYALI.",20240105,20250505,"SELVA QUIMICOS FUMIGACION S.R.L.","CALLERIA","CORONEL PORTILLO","UCAYALI",250101,167588.6500,23708.3500,25650.0000,"SOLES",20250331
"BID 4","PROYECTOS DE INNOVACIÓN EMPRESARIAL",2023,"1093-PROINNOVATE-PIEC1-2023","MEJORAR UN PROTOTIPO DE BIOCUERO A BASE DE RESIDUOS DE CÁSCARA DE UVA PARA SU USO EN MARROQUINERÍA\, EN LA EMPRESA CAXACORI STUDIO S.A.C.",20240202,20250602,"CAXACORI STUDIO S.A.C","JESUS MARIA","LIMA","LIMA",150113,180000.0000,16800.5000,6999.9800,"SOLES",20250331
"BID 4","PROGRAMA DE INNOVACIÓN MODERNIZACIÓN TECNOLÓGICA Y EMPRENDIMIENTO - MIPYMES DE CALIDAD",2023,"1095-PROINNOVATE-IMTEMC-2023","IMPLEMENTACIÓN DE UN SISTEMA INTEGRADO DE GESTIÓN DE CALIDAD Y MEDIO AMBIENTE EN BASE A LAS NORMAS ISO 9001:2015 E ISO 14001:2015 PARA LA EMPRESA CLOUDATEL SOLUTIONS S.A.C",20240319,20250419,"CLOUDATEL SOLUTIONS S.A.C.","ATE","LIMA","LIMA",150103,44950.0000,19050.0000,6300.0000,"SOLES",20250331
"BID 4","PROGRAMA DE INNOVACIÓN MODERNIZACIÓN TECNOLÓGICA Y EMPRENDIMIENTO - MIPYMES DE CALIDAD",2023,"1096-PROINNOVATE-IMTEMC-2023","IMPLEMENTACIÓN Y CERTIFICACIÓN DE LA NORMA INTERNACIONAL DE GESTIÓN DE CALIDAD ISO 9001:2015 EN LA EMPRESA METAL MECANICA SANTO TORIBIO E.I.R.L.",20240319,20250419,"METAL MECANICA SANTO TORIBIO E.I.R.L.","ILO","ILO","MOQUEGUA",180301,45000.0000,10285.7100,6857.1400,"SOLES",20250331
"BID 4","PROGRAMA DE INNOVACIÓN MODERNIZACIÓN TECNOLÓGICA Y EMPRENDIMIENTO - MIPYMES DE CALIDAD",2023,"1097-PROINNOVATE-IMTEMC-2023","IMPLEMENTACIÓN Y CERTIFICACIÓN DEL SISTEMA DE GESTIÓN ANTISOBORNO BASADO EN LA NORMA ISO 37001:2016 EN LA EMPRESA  SOCIEDAD GLOBALIZADA DE CONSULTORES SAC",20240318,20250418,"SOCIEDAD GLOBALIZADA DE CONSULTORES S.A.C.","EL TAMBO","HUANCAYO","JUNIN",120114,45000.0000,10285.7100,6857.1400,"SOLES",20250331
"BID 4","PROGRAMA DE INNOVACIÓN MODERNIZACIÓN TECNOLÓGICA Y EMPRENDIMIENTO - MIPYMES DE CALIDAD",2023,"1098-PROINNOVATE-IMTEMC-2023","IMPLEMENTACIÓN Y CERTIFICACIÓN DEL SISTEMA HACCP EN EL SERVICIO DE RESTAURANTE DE LA EMPRESA DI LIMON S.A.C. PARA EL PROCESAMIENTO Y EXPENDION DE COMIDA TRADICIONAL LAMBAYECANA",20240318,20250418,"DI LIMON S.A.C.","LAMBAYEQUE","LAMBAYEQUE","LAMBAYEQUE",140301,45000.0000,10285.7100,6857.1400,"SOLES",20250331
"BID 4","PROGRAMA DE INNOVACIÓN MODERNIZACIÓN TECNOLÓGICA Y EMPRENDIMIENTO - MIPYMES DE CALIDAD",2023,"1099-PROINNOVATE-IMTEMC-2023","IMPLEMENTACIÓN Y CERTIFICACIÓN DE LA NORMA DE GESTIÓN DE LA CALIDAD ISO 9001:2015 EN LA EMPRESA RIVIERA AUTOMOTIVE EIRL",20240318,20250418,"RIVIERA AUTOMOTIVE E.I.R.L.","VENTANILLA","PROV. CONST. DEL CALLAO","CALLAO",070106,45000.0000,10285.7100,6857.1400,"SOLES",20250331
"BID 4","PROGRAMA DE INNOVACIÓN MODERNIZACIÓN TECNOLÓGICA Y EMPRENDIMIENTO - MIPYMES DE CALIDAD",2023,"1100-PROINNOVATE-IMTEMC-2023","IMPLEMENTACIÓN Y CERTIFICACIÓN DE LA NORMA ISO 9001:2015 EN LA EMPRESA KCS CORREDORES DE SEGUROS SAC",20240318,20250318,"KCS CORREDORES DE SEGUROS S.A.C.","LA VICTORIA","LIMA","LIMA",150115,45000.0000,10300.0000,6845.0000,"SOLES",20250331
"BID 4","PROGRAMA DE INNOVACIÓN MODERNIZACIÓN TECNOLÓGICA Y EMPRENDIMIENTO - MIPYMES DE CALIDAD",2023,"1101-PROINNOVATE-IMTEMC-2023","IMPLEMENTACIÓN DEL SISTEMA DE BUENAS PRÁCTICAS DE MANUFACTURA (BPM) EN LA EMPRESA CONCESIONARIO VIRGEN DE COPACABANA E.I.R.L.\, CON LA FINALIDAD DE ASEGURAR CONDICIONES FAVORABLES PARA LA PRODUCCIÓN DE ALIMENTOS Y GARANTIZAR SU INOCUIDAD",20240319,20250319,"CONCESIONARIO VIRGEN DE COPACABANA E.I.R.L. - C.V. COPACABANA E.I.R.L.","UCHUMAYO","AREQUIPA","AREQUIPA",040124,44700.0000,10208.5700,6805.7100,"SOLES",20250331
"BID 4","PROYECTOS DE INNOVACIÓN EMPRESARIAL",2023,"1103-PROINNOVATE-PIEC1-2023","DESARROLLO DE MATRICES VEGETALES PREBIÓTICAS Y PROBIÓTICAS\, EN FORMA DE POLVO GRANULADO\, CON ALTA CALIDAD PROTEICA Y CAPACIDAD ANTIOXIDANTE\, ELABORADAS A BASE DE CEREALES ANDINOS\, PULPA DE TUMBO Y CULTIVOS MICROBIANOS.",20240318,20251018,"INSTITUTO DE INVESTIGACION TRASLACIONAL Y BIOTRANSVERSAL AYRU S.A.C.","HUARAZ","HUARAZ","ANCASH",020101,177364.3900,29035.6100,19725.0000,"SOLES",20250331
"BID 4","INNOVACIÓN EMPRESARIAL - CAMBIO CLIMÁTICO",2023,"1104-PROINNOVATE-PIEC1CC-2023","DESARROLLO DE UN PROTOTIPO DE MEZCLA DE SUBPRODUCTOS DEL CAFÉ Y BIOPOLÍMEROS PARA LA FABRICACIÓN Y PRODUCCIÓN DE UTENSILIOS REUTILIZABLES EN EL DISTRITO DE VILLA RICA\,  PROVINCIA DE OXAPAMPA\, REGIÓN PASCO.",20240305,20251005,"EL LABORATORIO DE CAFE MOALI SOCIEDAD ANONIMA CERRADA - EL LABORATORIO DE CAFE MOALI S.A.C.","VILLA RICA","OXAPAMPA","PASCO",190307,359996.6900,65253.3100,179940.0000,"SOLES",20250331
"BID 4","PROGRAMA DE INNOVACIÓN MODERNIZACIÓN TECNOLÓGICA Y EMPRENDIMIENTO - MIPYMES DE CALIDAD",2023,"1105-PROINNOVATE-IMTEMC-2023","IMPLEMENTACIÓN DE UN SISTEMA DE GESTIÓN BASADO EN LA NORMA ISO 9001:2015 EN LA EMPRESA KUNTUR WASSI S.A.C. PARA MEJORAR LA CALIDAD DE NUESTROS SERVICIOS Y AUMENTAR NUESTRA CARTERA DE CLIENTES",20240318,20250418,"KUNTUR WASSI S.A.C.","CABANACONDE","CAYLLOMA","AREQUIPA",040503,45000.0000,10285.7100,6857.1400,"SOLES",20250331
"BID 4","PROGRAMA DE INNOVACIÓN MODERNIZACIÓN TECNOLÓGICA Y EMPRENDIMIENTO - MIPYMES DE CALIDAD",2023,"1106-PROINNOVATE-IMTEMC-2023","SISTEMA DE GESTIÓN DE CALIDAD ISO 9001:2015 PARA LA EMPRESA DE SERVICIOS PARA MINERÍA RELENG SOLUTION S.A.C.",20240318,20250418,"RELENG SOLUTION S.A.C.","YANAHUARA","AREQUIPA","AREQUIPA",040126,45000.0000,10285.7100,6857.1400,"SOLES",20250331
"BID 4","PROGRAMA DE INNOVACIÓN MODERNIZACIÓN TECNOLÓGICA Y EMPRENDIMIENTO - MIPYMES DE CALIDAD",2023,"1107-PROINNOVATE-IMTEMC-2023","IMPLEMENTACIÓN DE LA CERTIFICACIÓN GLOBAL GAP PARA LA CADENA PRODUCTIVA DEL BANANO ORGÁNICO EN LA EMPRESA BANANOS ORGÁNICOS SOL DE ORO S.A.C.",20240320,20250420,"BANANOS ORGANICOS SOL DE ORO SOCIEDAD ANONIMA CERRADA","SULLANA","SULLANA","PIURA",200601,45000.0000,10300.0000,6850.0000,"SOLES",20250331
"BID 4","PROGRAMA DE INNOVACIÓN MODERNIZACIÓN TECNOLÓGICA Y EMPRENDIMIENTO - MIPYMES DE CALIDAD",2023,"1108-PROINNOVATE-IMTEMC-2023","IMPLEMENTACIÓN Y CERTIFICACIÓN DEL SISTEMA HACCP - ANÁLISIS DE PELIGROS Y PUNTOS CRÍTICOS DE CONTROL EN LA EMPRESA DÍAZ SERVICIOS GENERALES EIRL\, PARA GARANTIZAR LA INOCUIDAD ALIMENTARIA EN LA ELABORACIÓN DE PRODUCTOS",20240320,20250420,"DÍAZ SERVICIOS GENERALES E.I.R.L.","UCHUMAYO","AREQUIPA","AREQUIPA",040124,44900.0000,10260.0000,6840.0000,"SOLES",20250331
"BID 4","PROGRAMA DE INNOVACIÓN MODERNIZACIÓN TECNOLÓGICA Y EMPRENDIMIENTO - MIPYMES DE CALIDAD",2024,"002-PROINNOVATE-IMTEMC-2024","IMPLEMENTACIÓN Y CERTIFICACIÓN  DE LA NORMA ISO 45001:2018 SEGURIDAD Y SALUD EN EL TRABAJO EN LA EMPRESA RIFUSE SANEAMIENTO AMBIENTAL S.R.L.",20240314,20250414,"RIFUSE SANEAMIENTO AMBIENTAL S.R.L.","AREQUIPA","AREQUIPA","AREQUIPA",040101,45000.0000,10285.7100,6857.1400,"SOLES",20250331
"BID 4","PROGRAMA DE INNOVACIÓN MODERNIZACIÓN TECNOLÓGICA Y EMPRENDIMIENTO - MIPYMES DE CALIDAD",2024,"004-PROINNOVATE-IMTEMC-2024","IMPLEMENTACIÓN DEL SISTEMA DE GESTIÓN DE CALIDAD ISO 9001:2015 Y SEGURIDAD Y SALUD OCUPACIONAL ISO 45001:2018",20240401,20250501,"VERKEN S.A.C","ATE","LIMA","LIMA",150103,40000.0000,12600.0000,22400.0000,"SOLES",20250331
"BID 4","PROGRAMA DE INNOVACIÓN MODERNIZACIÓN TECNOLÓGICA Y EMPRENDIMIENTO - MIPYMES DE CALIDAD",2024,"005-PROINNOVATE-IMTEMC-2024","IMPLEMENTACIÓN INTEGRAL DE LA NORMA ISO 9001:2015 EN UNA EMPRESA DE DESARROLLO DE SOFTWARE PARA LA INDUSTRIA MINERA \"SMART PASKAM\" CON MIRAS A LOGRAR LA EXCELENCIA EN CALIDAD",20240314,20250414,"SMART PASKAM SOCIEDAD ANÓNIMA CERRADA","YANAHUARA","AREQUIPA","AREQUIPA",040126,45000.0000,10285.7100,6857.1400,"SOLES",20250331
"BID 4","PROGRAMA DE INNOVACIÓN MODERNIZACIÓN TECNOLÓGICA Y EMPRENDIMIENTO - MIPYMES DE CALIDAD",2024,"006-PROINNOVATE-IMTEMC-2024","IMPLEMENTACIÓN Y CERTIFICACIÓN DE LA NORMA DE GESTIÓN DE LA CALIDAD ISO 9001:2015",20240314,20250414,"ISOLUTIONS CONSULTING S.A.C.","AREQUIPA","AREQUIPA","AREQUIPA",040101,45000.0000,10285.7100,6857.1400,"SOLES",20250331
"BID 4","PROGRAMA DE INNOVACIÓN MODERNIZACIÓN TECNOLÓGICA Y EMPRENDIMIENTO - MIPYMES DE CALIDAD",2024,"007-PROINNOVATE-IMTEMC-2024","CERTIFICACIÓN DEL ESTÁNDAR INTERNACIONAL ISO 9001:2015 EN LA EMPRESA ISEMINCON S.R.L. PARA EJECUTAR SERVICIOS CON MAYOR CALIDAD\, MEJORAR LA PRODUCTIVIDAD Y AMPLIAR NUESTRA CARTERA DE CLIENTES",20240520,20250520,"ISEMINCON S.R.L. - INSTITUTO DE SERVICIOS MINEROS Y CONSTRUCCION S.R.L.","ATAURA","JAUJA","JUNIN",120404,43500.0000,9900.0000,6600.0000,"SOLES",20250331
"BID 4","PROGRAMA DE INNOVACIÓN MODERNIZACIÓN TECNOLÓGICA Y EMPRENDIMIENTO - MIPYMES DE CALIDAD",2024,"008-PROINNOVATE-IMTEMC-2024","IMPLEMENTACIÓN Y CERTIFICACIÓN DE LA NORMA ISO 9001 EN LA EMPRESA MANAGE AND PROTECT YOUR COMPANY S.A.C.",20240307,20241207,"MANAGE AND PROTECT YOUR COMPANY SOCIEDAD ANONIMA CERRADA","EL TAMBO","HUANCAYO","JUNIN",120114,40225.0000,10315.0000,6210.0000,"SOLES",20250331
"BID 4","PROGRAMA DE INNOVACIÓN MODERNIZACIÓN TECNOLÓGICA Y EMPRENDIMIENTO - MIPYMES DE CALIDAD",2024,"010-PROINNOVATE-IMTEMC-2024","IMPLEMENTACION Y CERTIFICACION DEL SISTEMA DE GESTION DE CALIDAD",20240314,20250414,"ONSITE PERU SOCIEDAD ANONIMA CERRADA - ONSITE PERU S.A.C.","SURQUILLO","LIMA","LIMA",150141,45000.0000,10286.0000,6857.0000,"SOLES",20250331
"BID 4","PROGRAMA DE INNOVACIÓN MODERNIZACIÓN TECNOLÓGICA Y EMPRENDIMIENTO - MIPYMES DE CALIDAD",2024,"011-PROINNOVATE-IMTEMC-2024","IMPLEMENTACIÓN DE UN SISTEMA DE SEGURIDAD Y SALUD EN EL TRABAJO BASADO EN LA NORMA ISO 45001:2018 EN LA EMPRESA LAURENCE SMITH S.A.C",20240401,20250501,"LAURENCE SMITH S.A.C","AREQUIPA","AREQUIPA","AREQUIPA",040101,45000.0000,10285.7100,6857.1400,"SOLES",20250331
"BID 4","PROGRAMA DE INNOVACIÓN MODERNIZACIÓN TECNOLÓGICA Y EMPRENDIMIENTO - MIPYMES DE CALIDAD",2024,"012-PROINNOVATE-IMTEMC-2024","IMPLEMENTACIÓN Y CERTIFICACIÓN DEL SISTEMA HACCP Y SUS PROGRAMAS PRERREQUISITOS EN LA LÍNEA DE PROCESAMIENTO DE CHOCOLATES A BASE DE PASTA PURA DE CACAO",20240401,20250501,"AGRO INDUSTRIAS PUMA REAL S.R.L.","SANTA ANA","LA CONVENCION","CUSCO",080901,45000.0000,10285.8000,6857.1000,"SOLES",20250331
"BID 4","PROGRAMA DE INNOVACIÓN MODERNIZACIÓN TECNOLÓGICA Y EMPRENDIMIENTO - MIPYMES DE CALIDAD",2024,"013-PROINNOVATE-IMTEMC-2024","IMPLEMENTACIÓN Y CERTIFICACIÓN DE BINORMA ISO 9001:2015 E ISO 45001:2018 PARA BUSTAMANTE Y BARRIENTOS INGENIEROS DEL PERÚ SAC",20240314,20250414,"BUSTAMANTE Y BARRIENTOS INGENIEROS DEL PERU S.A.C","MIRAFLORES","LIMA","LIMA",150122,45000.0000,10285.7100,6857.1400,"SOLES",20250331
"BID 4","PROGRAMA DE INNOVACIÓN MODERNIZACIÓN TECNOLÓGICA Y EMPRENDIMIENTO - MIPYMES DE CALIDAD",2024,"014-PROINNOVATE-IMTEMC-2024","MEJORA DE LA CALIDAD Y GESTIÓN POR PROCESOS EN BASE A LA IMPLEMENTACIÓN Y LOGRO DE CERTIFICACIÓN SEGÚN LA ISO 9001:2015 EN LA EMPRESA HE GESTIONA",20240618,20250618,"H & N ASOCIADOS GENERAL SUPPLIES AND SERVICES S.A.C.- H & N ASOCIADOS S.A.C.","SAN MIGUEL","LIMA","LIMA",150136,45000.0000,10285.7200,6857.1400,"SOLES",20250331
"BID 4","PROGRAMA DE INNOVACIÓN MODERNIZACIÓN TECNOLÓGICA Y EMPRENDIMIENTO - MIPYMES DE CALIDAD",2024,"015-PROINNOVATE-IMTEMC-2024","IMPLEMENTACIÓN Y CERTIFICACIÓN DE UN SISTEMA DE GESTIÓN PARA ORGANIZACIONES EDUCATIVAS BASADO EN LA NORMA ISO 21001:2018 PARA LA I.E. SAN JOSE LA ESPERANZA E.I.R.L. CON LA FINALIDAD DE BRINDAR ENSEÑANZA DE CALIDAD PARA SUS ESTUDIANTES Y MEJORAR SU EFICIENCIA",20240314,20250414,"INSTITUCION EDUCATIVA SAN JOSE LA ESPERANZA E.I.R.L.","JULIACA","SAN ROMAN","PUNO",211101,44998.0000,10286.0000,6856.0000,"SOLES",20250331
"BID 4","PROGRAMA DE INNOVACIÓN MODERNIZACIÓN TECNOLÓGICA Y EMPRENDIMIENTO - MIPYMES DE CALIDAD",2024,"016-PROINNOVATE-IMTEMC-2024","CERTIFICACIÓN DE LA NORMA ISO 9001: 2015 PARA EL POSICIONAMIENTO EN EL MERCADO DE LA EMPRESA ENKRO DE LA REGIÓN TRUJILLO",20240314,20250414,"ENKRO CONTRATISTAS S.A.C. - ENKRO S.A.C.","TRUJILLO","TRUJILLO","LA LIBERTAD",130101,45000.0000,10285.7100,6857.1400,"SOLES",20250331
"BID 4","PROGRAMA DE INNOVACIÓN MODERNIZACIÓN TECNOLÓGICA Y EMPRENDIMIENTO - MIPYMES DE CALIDAD",2024,"017-PROINNOVATE-IMTEMC-2024","IMPLEMENTACIÓN Y CERTIFICACIÓN DE LA ISO 9001 EN SU VERSIÓN 2015 SISTEMA DE GESTIÓN DE LA CALIDAD EN LA EMPRESA ANDINA DEL PERU SRL\, CON LA FINALIDAD DE ESTABLECER ALTOS ESTÁNDARES DE CALIDAD OPERACIONALES\, CONSOLIDAR A LA EMPRESA Y ACCEDER A NUEVOS MERCADOS",20240319,20250319,"INGENIERIA ANDINA DEL PERU S.R.L.-ANDINA DEL PERU S.R.L.","SAN MARCOS","HUARI","ANCASH",021014,44800.0000,10234.2900,6822.8600,"SOLES",20250331
"BID 4","PROGRAMA DE INNOVACIÓN MODERNIZACIÓN TECNOLÓGICA Y EMPRENDIMIENTO - MIPYMES DE CALIDAD",2024,"019-PROINNOVATE-IMTEMC-2024","IMPLEMENTACIÓN DE LA ISO 9001:2015 SISTEMA DE GESTIÓN DE LA CALIDAD EN LA EMPRESA KUKYS SCRL.\, PARA CERTIFICAR NUESTROS PROCESOS OPERATIVOS E INCREMENTAR NUESTRA PARTICIPACIÓN EN EL MERCADO NACIONAL",20240314,20250314,"KUKYS SOCIEDAD COMERCIAL DE RESPONSABILIDAD LIMITADA","TALAVERA","ANDAHUAYLAS","APURIMAC",030216,44700.0000,10208.5700,6805.7100,"SOLES",20250331
"BID 4","PROGRAMA DE INNOVACIÓN MODERNIZACIÓN TECNOLÓGICA Y EMPRENDIMIENTO - MIPYMES DE CALIDAD",2024,"021-PROINNOVATE-IMTEMC-2024","IMPLEMENTACIÓN Y CERTIFICACIÓN DEL SISTEMA DE GESTIÓN AMBIENTAL BASADO EN LA NORMA ISO 14001 ? 2015\, PARA MEJORAR EL DESEMPEÑO AMBIENTAL Y LA IMAGEN CORPORATIVA DE LA EMPRESA.",20240311,20250111,"CORPORACION LOGISTICA Y AMBIENTAL SOCIEDAD ANONIMA CERRADA - CORLAM S.A.C.","YANACANCHA","PASCO","PASCO",190113,41050.0000,9270.0000,6180.0000,"SOLES",20250331
"BID 4","PROGRAMA DE INNOVACIÓN MODERNIZACIÓN TECNOLÓGICA Y EMPRENDIMIENTO - MIPYMES DE CALIDAD",2024,"023-PROINNOVATE-IMTEMC-2024","CERTIFICACIÓN E IMPLEMENTACIÓN DE LA ISO 9001:2015 SISTEMA DE GESTIÓN DE LA CALIDAD EN LA EMPRESA GRUPO COVELLSA S.A.C.\, PARA OFRECER SERVICIOS DE CALIDAD QUE CUMPLAN CON LAS NECESIDADES Y EXPECTATIVAS DE NUESTROS CLIENTES",20240314,20250414,"GRUPO COVELLSA SOCIEDAD ANONIMA CERRADA","JULIACA","SAN ROMAN","PUNO",211101,44700.0000,10208.5700,6805.7100,"SOLES",20250331
"BID 4","PROGRAMA DE INNOVACIÓN MODERNIZACIÓN TECNOLÓGICA Y EMPRENDIMIENTO - MIPYMES DE CALIDAD",2024,"024-PROINNOVATE-IMTEMC-2024","IMPLEMENTACION DE UN SISTEMA DE CERTIFICACIÓN ORGANICA Y COMERCIO JUSTO TRAIDER PARA ACCEDER AL MERCADO EXTERIOR EN LA EMPRESA EYZBRIC PERU SOCIEDAD ANONIMA CERRADA",20240401,20250501,"EYZBRIC PERU SOCIEDAD ANONIMA CERRADA","RIO NEGRO","SATIPO","JUNIN",120607,45000.0000,10285.7100,6857.1400,"SOLES",20250331
"BID 4","PROGRAMA DE INNOVACIÓN MODERNIZACIÓN TECNOLÓGICA Y EMPRENDIMIENTO - MIPYMES DE CALIDAD",2024,"025-PROINNOVATE-IMTEMC-2024","IMPLEMENTACIÓN Y CERTIFICACIÓN DEL SISTEMA DE GESTIÓN DE CALIDAD  ISO 9001:2015 DE LA EMPRESA VIVA CLEAN S.A.C",20240314,20250414,"VIVA CLEAN S.A.C.","ATE","LIMA","LIMA",150103,43000.0000,9771.4300,6514.2900,"SOLES",20250331
"BID 4","PROGRAMA DE INNOVACIÓN MODERNIZACIÓN TECNOLÓGICA Y EMPRENDIMIENTO - MIPYMES DE CALIDAD",2024,"026-PROINNOVATE-IMTEMC-2024","\"IMPLEMENTACIÓN Y CERTIFICACIÓN DE LA NORMA ISO 9001:2015 EN LA EMPRESA INTELLIALL SRL\"",20240401,20250501,"INTELLIALL SRL","AREQUIPA","AREQUIPA","AREQUIPA",040101,45000.0000,10285.7100,6857.1400,"SOLES",20250331
"BID 4","PROGRAMA DE INNOVACIÓN MODERNIZACIÓN TECNOLÓGICA Y EMPRENDIMIENTO - MIPYMES DE CALIDAD",2024,"027-PROINNOVATE-IMTEMC-2024","GARANTIZAR LA CALIDAD DEL SERVICIO Y LA SATISFACCIÓN DE LOS REQUISITOS DEL CLIENTE CON LA IMPLEMENTACIÓN Y CERTIFICACIÓN DEL SISTEMA DE GESTIÓN DE CALIDAD - NORMA ISO 9001:2015 EN LA EMPRESA REPRESENTACIONES COLMAN S.R.L.",20240314,20250414,"REPRESENTACIONES COLMAN S.R.L.","MAJES","CAYLLOMA","AREQUIPA",040520,45000.0000,10285.7200,6857.1400,"SOLES",20250331
"BID 4","PROGRAMA DE INNOVACIÓN MODERNIZACIÓN TECNOLÓGICA Y EMPRENDIMIENTO - MIPYMES DE CALIDAD",2024,"028-PROINNOVATE-IMTEMC-2024","IMPLEMENTACIÓN Y CERTIFICACIÓN DEL SISTEMA DE GESTIÓN DE CALIDAD BASADO EN LA NORMA ISO 9001:2015 PARA LA EMPRESA MUR TECNOLOGIA S.A.C.",20240314,20250314,"MUR TECNOLOGIA S.A.C.","SURQUILLO","LIMA","LIMA",150141,45000.0000,10285.7100,6857.1400,"SOLES",20250331
"BID 4","PROGRAMA DE INNOVACIÓN MODERNIZACIÓN TECNOLÓGICA Y EMPRENDIMIENTO - MIPYMES DE CALIDAD",2024,"030-PROINNOVATE-IMTEMC-2024","MEJORA DE GESTIÓN DE CALIDAD Y GESTIÓN POR PROCESOS EN BASE A LA IMPLEMENTACIÓN Y LOGRO DE CERTIFICACIÓN DE LA ISO 9001:2015 EN LA EMPRESA FA SOCIOS CONSULTORES SAC",20240314,20250314,"FA SOCIOS CONSULTORES S.A.C.","LIMA","LIMA","LIMA",150101,45000.0000,10285.7200,6857.1400,"SOLES",20250331
"BID 4","PROGRAMA DE INNOVACIÓN MODERNIZACIÓN TECNOLÓGICA Y EMPRENDIMIENTO - MIPYMES DE CALIDAD",2024,"031-PROINNOVATE-IMTEMC-2024","IMPLEMENTACIÓN Y CERTIFICACIÓN DEL SISTEMA DE GESTIÓN DE LA CALIDAD ISO 9001:2015 EN LA EMPRESA ALICONS PERU E.I.R.L.\, PARA EL POSICIONAMIENTO DE LA EMPRESA EN EL RUBRO DE CONSTRUCCIÓN EN LA ZONA SUR DEL PAÍS",20240314,20250314,"ALICONS PERU E.I.R.L.","JULIACA","SAN ROMAN","PUNO",211101,44700.0000,10208.5700,6805.7100,"SOLES",20250331
"BID 4","PROGRAMA DE INNOVACIÓN MODERNIZACIÓN TECNOLÓGICA Y EMPRENDIMIENTO - MIPYMES DE CALIDAD",2024,"032-PROINNOVATE-IMTEMC-2024","IMPLEMENTACIÓN Y CERTIFICACIÓN DEL SISTEMA DE GESTIÓN DE CALIDAD BASADO EN LA NORMA ISO 9001:2015\, EN LA EMPRESA MEACOM DATA S.A.C.",20240417,20250517,"MEACOM DATA S.A.C.","RIMAC","LIMA","LIMA",150128,45000.0000,11000.0000,6500.0000,"SOLES",20250331
"BID 4","PROGRAMA DE INNOVACIÓN MODERNIZACIÓN TECNOLÓGICA Y EMPRENDIMIENTO - MIPYMES DE CALIDAD",2024,"033-PROINNOVATE-IMTEMC-2024","IMPLEMENTACIÓN DE UN SISTEMA DE GESTIÓN DE CALIDAD ISO 9001:2015 EN LA EMPRESA HGV CONTRATISTAS GENERALES S.A.C.",20240319,20250419,"HGV CONTRATISTAS GENERALES S.A.C.","PUENTE PIEDRA","LIMA","LIMA",150125,44764.4100,10227.5900,6817.0000,"SOLES",20250331
"BID 4","PROGRAMA DE INNOVACIÓN MODERNIZACIÓN TECNOLÓGICA Y EMPRENDIMIENTO - MIPYMES DE CALIDAD",2024,"035-PROINNOVATE-IMTEMC-2024","CERTIFICACIÓN E IMPLEMENTACIÓN DEL SISTEMA DE GESTIÓN DE LA INOCUIDAD HACCP EN LAS ACTIVIDADES DE PREPARACIÓN DE ALIMENTOS Y BEBIDAS DEL RESTOBAR ?ARUMA? FORTALECIENDO EL PROCESO DE CATEGORIZACIÓN COMO RESTAURANTE TURÍSTICO Y POSICIONAMIENTO DE MARCA LOCAL.",20240314,20250314,"INVERSIONES AJCC E.I.R.L.","SAN RAMON","CHANCHAMAYO","JUNIN",120305,45000.0000,10287.0000,6856.0000,"SOLES",20250331
"BID 4","PROGRAMA DE INNOVACIÓN MODERNIZACIÓN TECNOLÓGICA Y EMPRENDIMIENTO - MIPYMES DE CALIDAD",2024,"036-PROINNOVATE-IMTEMC-2024","IMPLEMENTACIÓN Y CERTIFICACIÓN DE UN SISTEMA DE GESTIÓN DE LA CALIDAD BAJO ESTÁNDARES DE LA NORMA ISO 9001:2015 EN LAS ACTIVIDADES DE JVJ SERVICE ORIENTE S.A.C.\, A FIN DE ACCEDER A NUEVOS MERCADOS Y MEJORAR LA GESTIÓN DE SUS PROCESOS.",20240314,20250414,"JVJ SERVICE ORIENTE S.A.C.","YARINACOCHA","CORONEL PORTILLO","UCAYALI",250105,44800.0000,14328.0000,25472.0000,"SOLES",20250331
"BID 4","PROGRAMA DE INNOVACIÓN MODERNIZACIÓN TECNOLÓGICA Y EMPRENDIMIENTO - MIPYMES DE CALIDAD",2024,"037-PROINNOVATE-IMTEMC-2024","IMPLEMENTACIÓN Y CERTIFICACIÓN DE LA ISO 9001 VERSION 2015 EN LA EMPRESA ?INVERSIONES CEISMA S.A.C.?\, CON LA FINALIDAD DE GARANTIZAR LA PRODUCCIÓN\, MEJORAR LA CALIDAD Y POSICIONAR NUESTROS PRODUCTOS ALIMENTICIOS A NIVEL NACIONAL",20240314,20250314,"INVERSIONES CEISMA S.A.C.","AYACUCHO","HUAMANGA","AYACUCHO",050101,44850.0000,10247.1400,6831.4300,"SOLES",20250331
"BID 4","Startup Perú PLUG - Atracción de Emprendedores Extranjeros",2024,"038-PROINNOVATE-AEE-2024","PINUP \, PLATAFORMA QUE CONECTA EMPRESAS CON INFLUENCERS",20240314,20250314,"GRUPO PINUP S.A.C.","MIRAFLORES","LIMA","LIMA",150122,154000.0000,22298.0000,44000.0000,"SOLES",20250331
"BID 4","PROGRAMA DE INNOVACIÓN MODERNIZACIÓN TECNOLÓGICA Y EMPRENDIMIENTO - MIPYMES DE CALIDAD",2024,"039-PROINNOVATE-IMTEMC-2024","MEJORA DE CALIDAD EN BASE A LA IMPLEMENTACIÓN Y LOGRO DE CERTIFICACION DE LA NORMA ISO 9001:2015 EN LA EMPRESA CM BERAT",20240314,20250314,"CM BERAT CONSTRUCCION & MAQUINARIA PESADA S.A.C.","SAN MARTIN DE PORRES","LIMA","LIMA",150135,45000.0000,10285.7200,6857.1400,"SOLES",20250331
"BID 4","PROGRAMA DE INNOVACIÓN MODERNIZACIÓN TECNOLÓGICA Y EMPRENDIMIENTO - MIPYMES DE CALIDAD",2024,"041-PROINNOVATE-IMTEMC-2024","CERTIFICACIÓN EN GLOBALG.A.P. + ADENDAS GRASP Y TESCO  EN EL CULTIVO DE MANGO VARIEDAD KENT\, PRODUCIDO EN EL FUNDO SAN TEODORO\, DESTINADO A LA EXPORTACIÓN EN FRESCO.",20240314,20250114,"SOCIEDAD AGRICOLA DEL VALLE S.A.C.","TAMBO GRANDE","PIURA","PIURA",200114,45000.0000,10286.0000,6856.6000,"SOLES",20250331
"BID 4","PROGRAMA DE INNOVACIÓN MODERNIZACIÓN TECNOLÓGICA Y EMPRENDIMIENTO - MIPYMES DE CALIDAD",2024,"042-PROINNOVATE-IMTEMC-2024","ACCESO A MERCADOS NACIONALES E INTERNACIONALES PARA EL CAFÉ QUE PRODUCE Y COMERCIALIZA LA ASOCIACIÓN DIAMANTE VERDE MEDIANTE LA CERTIFICACIÓN ORGÁNICA",20240314,20250414,"ASOCIACION DE PRODUCTORES CAFETALEROS CAFE DIAMANTE VERDE - ASOCIACION DIAMANTE VERDE","JAEN","JAEN","CAJAMARCA",060801,45000.0000,14400.0000,25600.0000,"SOLES",20250331
"BID 4","PROGRAMA DE INNOVACIÓN MODERNIZACIÓN TECNOLÓGICA Y EMPRENDIMIENTO - MIPYMES DE CALIDAD",2024,"043-PROINNOVATE-IMTEMC-2024","IMPLEMENTACIÓN Y CERTIFICACIÓN DEL SISTEMA DE GESTIÓN SEGÚN ISO 9001:2015 E ISO 37001:2016 EN LA EMPRESA SARMIENTO ESLAVA & ASOCIADOS S.C.",20240319,20250612,"SARMIENTO ESLAVA & ASOCIADOS SOCIEDAD CIVIL","SAN MARTIN DE PORRES","LIMA","LIMA",150135,44950.0000,10578.0000,6560.0000,"SOLES",20250331
"BID 4","PROGRAMA DE INNOVACIÓN MODERNIZACIÓN TECNOLÓGICA Y EMPRENDIMIENTO - MIPYMES DE CALIDAD",2024,"044-PROINNOVATE-IMTEMC-2024","IMPLEMENTACIÓN Y CERTIFICACIÓN DEL SISTEMA DE GESTIÓN DE LA CALIDAD SEGÚN LA NORMA ISO 9001:2015 EN LOS SERVICIOS DE CONFECCIÓN TEXTIL PARA EL SEGMENTO B2B Y B2C DE LA EMPRESA OH! BABY CORP.",20240318,20250708,"OH! BABY CORP EMPRESA INDIVIDUAL DE RESPONSABILIDAD LIMITADA","CHICLAYO","CHICLAYO","LAMBAYEQUE",140101,44970.0000,10278.0000,6852.0000,"SOLES",20250331
"BID 4","PROGRAMA DE INNOVACIÓN MODERNIZACIÓN TECNOLÓGICA Y EMPRENDIMIENTO - MIPYMES DE CALIDAD",2024,"045-PROINNOVATE-IMTEMC-2024","DIAGNÓSTICO E IMPLEMENTACIÓN DEL SISTEMA DE GESTIÓN DE SEGURIDAD Y SALUD EN EL TRABAJO ISO 45001:2018 EN LA EMPRESA INGENIERIA SOLUCIONES Y LOGISTICA AMBIENTAL ISAL SERVIS S.A.C.",20240306,20250406,"INGENIERIA SOLUCIONES Y LOGISTICA AMBIENTAL ISAL SERVIS SAC","SAN JUAN BAUTISTA","HUAMANGA","AYACUCHO",050110,41800.0000,10720.0000,6480.0000,"SOLES",20250331
"BID 4","PROGRAMA DE INNOVACIÓN MODERNIZACIÓN TECNOLÓGICA Y EMPRENDIMIENTO - MIPYMES DE CALIDAD",2024,"046-PROINNOVATE-IMTEMC-2024","IMPLEMENTACIÓN Y CERTIFICACIÓN DEL SISTEMA DE GESTIÓN DE CALIDAD BASADO EN LA NORMA ISO 9001:2015 EN LA EMPRESA DESARROLLO Y SOLUCIONES AUTOMÁTICAS S.A.C",20240318,20250418,"DESARROLLO Y SOLUCIONES AUTOMATICAS SOCIEDAD ANONIMA CERRADA","SAN JUAN DE LURIGANCHO","LIMA","LIMA",150132,44550.0000,10170.0000,6780.0000,"SOLES",20250331
"BID 4","PROGRAMA DE INNOVACIÓN MODERNIZACIÓN TECNOLÓGICA Y EMPRENDIMIENTO - MIPYMES DE CALIDAD",2024,"048-PROINNOVATE-IMTEMC-2024","\"IMPLEMENTACIÓN Y CERTIFICACIÓN DE LA NORMA DE AGRICULTURA SOSTENIBLE RAINFOREST ALLIANCE EN LAS FINCAS DE LOS CAFICULTORES DESARROLLADOS POR FIREX DESARROLLO E INNOVACION SAC EN EL DISTRITO DE PICHANAQUI\, PROVINCIA DE CHANCHAMAYO\, REGIÓN JUNÍN\".",20240320,20250320,"FIREX DESARROLLO E INNOVACIÓN SOCIEDAD ANONIMA CERRADA","PICHANAQUI","CHANCHAMAYO","JUNIN",120303,44999.4000,10285.5600,6857.0400,"SOLES",20250331
"BID 4","PROGRAMA DE INNOVACIÓN MODERNIZACIÓN TECNOLÓGICA Y EMPRENDIMIENTO - MIPYMES DE CALIDAD",2024,"050-PROINNOVATE-IMTEMC-2024","OBTENCIÓN DE LA CERTIFICACIÓN ISO 45001:2018 PARA LA IMPLEMENTACIÓN DE UN SISTEMA DE SEGURIDAD Y SALUD OCUPACIONAL EN LA EMPRESA NCK INGENIEROS E.I.R.L",20240318,20250418,"NCK INGENIEROS E.I.R.L.","PAUCARPATA","AREQUIPA","AREQUIPA",040112,45000.0000,10285.7100,6857.1400,"SOLES",20250331
"BID 4","PROGRAMA DE INNOVACIÓN MODERNIZACIÓN TECNOLÓGICA Y EMPRENDIMIENTO - MIPYMES DE CALIDAD",2024,"051-PROINNOVATE-IMTEMC-2024","IMPLEMENTACIÓN Y CERTIFICACIÓN DE LA NORMA ISO 45001:2018 PARA ESTRUCTURAR LA EMPRESA MEDIANTE UN SISTEMA DE SEGURIDAD Y SALUD EN EL TRABAJO QUE PERMITA ESTABLECER DIRECTRICES PARA VELAR POR LA SEGURIDAD Y SALUD DE LOS TRABAJADORES DE LC&N.",20240319,20250419,"LC & N COR S.A.C.","HUAMACHUCO","SANCHEZ CARRION","LA LIBERTAD",130901,45000.0000,10285.7100,6857.1400,"SOLES",20250331
"BID 4","PROGRAMA DE INNOVACIÓN MODERNIZACIÓN TECNOLÓGICA Y EMPRENDIMIENTO - MIPYMES DE CALIDAD",2024,"054-PROINNOVATE-IMTEMC-2024","IMPLEMENTAR Y CERTIFICAR A POLÍMEROS ANDINOS S.A.C. EN LA TRINORMA (ISO 9001\, ISO 14001\, ISO 45001) PARA MEJORAR Y OPTIMIZAR LOS PROCESOS OPERATIVOS.",20240318,20250418,"POLIMEROS ANDINOS S.A.C.","SAN LUIS","LIMA","LIMA",150134,45000.0000,10720.5000,6857.1400,"SOLES",20250331
"BID 4","PROGRAMA DE INNOVACIÓN MODERNIZACIÓN TECNOLÓGICA Y EMPRENDIMIENTO - MIPYMES DE CALIDAD",2024,"055-PROINNOVATE-IMTEMC-2024","IMPLEMENTACIÓN Y CERTIFICACIÓN DEL SISTEMA ISO 9001:2015 EN LA EMPRESA SOFTLABPERU S.A.C.",20240318,20250418,"SOFTLABPERU S.A.C.","MIRAFLORES","LIMA","LIMA",150122,45000.0000,10285.7200,6857.1400,"SOLES",20250331
"BID 4","CONCURSO DE BECAS PARA PROGRAMAS DE BOOTCAMPS DE CÓDIGO",2024,"059-PROINNOVATE-BCC-2024","CONTRATO BOOTCAMP DE CÓDIGO: 4GEEKS ACADEMY",20240304,20250304,"4GEEKS ACADEMY","","","","",0.0000,0.0000,0.0000,"SOLES",20250331
"BID 4","PROGRAMA DE INNOVACIÓN MODERNIZACIÓN TECNOLÓGICA Y EMPRENDIMIENTO - MIPYMES DE CALIDAD",2024,"060-PROINNOVATE-IMTEMC-2024","IMPLEMENTACIÓN Y CERTIFICACIÓN EN EL SISTEMA DE GESTIÓN DE CALIDAD ISO 9001:2015 EN LA EMPRESA VENALTA S&N S.A.C.",20240318,20250418,"VENALTA S & N S.A.C.","PUNO","PUNO","PUNO",210101,45000.0000,10285.7100,6857.1400,"SOLES",20250331
"BID 4","INNOVACIÓN EMPRESARIAL - CAMBIO CLIMÁTICO",2024,"061-PROINNOVATE-PIEC1CC-2024","DESARROLLO DE UN PROTOTIPO MODELO DE CARBONIZACIÓN CONTINUA DE BIOMASA CON TECNOLOGÍAS DE CAPTURA DE HUMO SEMI AUTOMATIZADO\, PARA LA EFICIENCIA Y SOSTENIBILIDAD EN LA CIRCULARIDAD DE LAS BIOMASAS EN PUCACACA-SAN MARTÍN DESARROLLADA POR ECOGUERREROS DEL PERU",20240305,20260305,"ECOGUERREROS DEL PERU Y EL MUNDO","MORALES","SAN MARTIN","SAN MARTIN",220910,358757.6500,52246.3500,71500.0000,"SOLES",20250331
"BID 4","PROGRAMA DE INNOVACIÓN MODERNIZACIÓN TECNOLÓGICA Y EMPRENDIMIENTO - MIPYMES DE CALIDAD",2024,"064-PROINNOVATE-IMTEMC-2024","IMPLEMENTACION Y CERTIFICACION DE UN SISTEMA DE GESTION DE CALIDAD ISO 9001:2015",20240319,20250319,"Q´ UMA SOLUCIONES GASTRONOMICAS S.A.C.","LA VICTORIA","LIMA","LIMA",150115,42400.0000,13500.0000,24000.0000,"SOLES",20250331
"BID 4","CONCURSO DE BECAS PARA PROGRAMAS DE BOOTCAMPS DE CÓDIGO",2024,"065-PROINNOVATE-BCC-2024","CONTRATO BOOTCAMP DE CÓDIGO: LABORATORIA",20240329,20250329,"LABORATORIA","BARRANCO","LIMA","LIMA",150104,0.0000,0.0000,0.0000,"SOLES",20250331
"BID 4","CONCURSO DE BECAS PARA PROGRAMAS DE BOOTCAMPS DE CÓDIGO",2024,"066-PROINNOVATE-BCC-2024","CONTRATO BOOTCAMP DE CÓDIGO: MAKE IT REAL",20240102,20250302,"MAKE IT REAL CAMP - LA NUEVA EDUCACION SAS","","","","",0.0000,0.0000,0.0000,"SOLES",20250331
"BID 4","CONCURSO DE BECAS PARA PROGRAMAS DE BOOTCAMPS DE CÓDIGO",2024,"067-PROINNOVATE-BCC-2024","CONTRATO BOOTCAMP DE CÓDIGO: LE WAGON",20240302,20250302,"BOOT CAMP CHILE SPA","","","","",0.0000,0.0000,0.0000,"SOLES",20250331
"BID 4","PROGRAMA DE INNOVACIÓN MODERNIZACIÓN TECNOLÓGICA Y EMPRENDIMIENTO - MIPYMES DE CALIDAD",2024,"068-PROINNOVATE-IMTEMC-2024","MEJORA DE LA CALIDAD Y GESTIÓN DE PROCESOS\, EN BASE A LA IMPLEMENTACIÓN Y CERTIFICACIÓN DE LA NORMA ISO 9001:2015 EN LA EMPRESA \"GAMBOA INGENIERIA Y CONSTRUCCION S.A.C.\"",20240318,20250418,"GAMBOA INGENIERIA Y CONSTRUCCION S.A.C.","QUIRUVILCA","SANTIAGO DE CHUCO","LA LIBERTAD",131006,45000.0000,10285.7200,6857.1400,"SOLES",20250331
"BID 4","PROGRAMA DE INNOVACIÓN MODERNIZACIÓN TECNOLÓGICA Y EMPRENDIMIENTO - MIPYMES DE CALIDAD",2024,"069-PROINNOVATE-IMTEMC-2024","OBTENCIÓN DE CERTIFICACIÓN ISO 9001:2015 PARA LOS PROCESOS DE COMERCIALIZACIÓN Y DE PRESTACIÓN DE LOS SERVICIOS DE INSTALACIÓN\, MANTENIMIENTO DE GPS Y ACCESO A PLATAFORMA PARA EL MONITOREO DE UNIDADES VEHICULARES EN LA EMPRESA \"SATELCOM DEL SUR.COM E.I.R.L.\"",20240318,20250418,"SATELCOM DEL SUR.COM EMPRESA INDIVIDUAL DE RESPONSABILIDAD LIMITADA - SATELCOM DEL SUR.COM E.I.R.L.","ALTO DE LA ALIANZA","TACNA","TACNA",230102,45000.0000,10285.7100,6857.1400,"SOLES",20250331
"BID 4","PROGRAMA DE INNOVACIÓN MODERNIZACIÓN TECNOLÓGICA Y EMPRENDIMIENTO - MIPYMES DE CALIDAD",2024,"070-PROINNOVATE-IMTEMC-2024","IMPLEMENTACIÓN Y CERTIFICACIÓN DEL SISTEMA DE GESTIÓN DE CALIDAD BASADO EN LA NORMA ISO 9001:2015 EN LA EMPRESA \"NEGOCIOS GENERALES S.C.R.L.\"",20240319,20250419,"NEGOCIOS GENERALES SOCIEDAD COMERCIAL DE RESPONSABILIDAD LIMITADA","HUANCAYO","HUANCAYO","JUNIN",120101,45000.0000,10285.7100,6857.1400,"SOLES",20250331
"BID 4","PROGRAMA DE INNOVACIÓN MODERNIZACIÓN TECNOLÓGICA Y EMPRENDIMIENTO - MIPYMES DE CALIDAD",2024,"071-PROINNOVATE-IMTEMC-2024","IMPLEMENTACIÓN Y CERTIFICACIÓN DEL SISTEMA DE GESTIÓN DE LA CALIDAD BAJO LA NORMA ISO 9001:2015 PARA LA ELABORACIÓN Y DISTRIBUCIÓN DE PRODUCTOS DE PANADERÍA Y REPOSTERÍA EN LA EMPRESA \"PANADERIA EL MANJAR E.I.R.L.\"",20240318,20250418,"PANADERIA 'EL MANJAR EIRL'","JAYANCA","LAMBAYEQUE","LAMBAYEQUE",140304,45000.0000,10286.0000,6857.0000,"SOLES",20250331
"BID 4","PROGRAMA DE INNOVACIÓN MODERNIZACIÓN TECNOLÓGICA Y EMPRENDIMIENTO - MIPYMES DE CALIDAD",2024,"072-PROINNOVATE-IMTEMC-2024","IMPLEMENTACIÓN Y CERTIFICACIÓN DEL SISTEMA HACCP EN LA LÍNEA DE PROCESAMIENTO\, ENVASADO Y DISTRIBUCIÓN DE CERVEZA ARTESANAL PARA LA EMPRESA \"DANIKA INVERSIONES S.A.C.\"",20240318,20250418,"DANIKA INVERSIONES S.A.C.","POZUZO","OXAPAMPA","PASCO",190305,45000.0000,10286.0000,6857.0000,"SOLES",20250331
"BID 4","PROYECTOS DE INNOVACIÓN EMPRESARIAL",2024,"074-PROINNOVATE-PIEC1-2024","DESARROLLO DE UN PROTOTIPO DE UNA MÁQUINA DE MICROGRAVEDAD QUE TIENE ACOPLADA UNA INCUBADORA PARA ESTUDIOS EN TIEMPO REAL DE CÉLULAS MARCADAS CON FLUORÓFOROS OBSERVADAS MEDIANTE MICROSCOPÍA DE FLUORESCENCIA",20240314,20250914,"ELECTRONING L & M","CHICLAYO","CHICLAYO","LAMBAYEQUE",140101,178964.8200,32213.6700,19999.9000,"SOLES",20250331
"BID 4","PROGRAMA DE INNOVACIÓN MODERNIZACIÓN TECNOLÓGICA Y EMPRENDIMIENTO - MIPYMES DE CALIDAD",2024,"076-PROINNOVATE-IMTEMC-2024","IMPLEMENTACIÓN Y CERTIFICACIÓN DEL SISTEMA DE GESTIÓN DE CALIDAD ISO 9001:2015 EN LA EMPRESA DQ ASESORIA & CONSULTORIA E.I.R.L.",20240319,20250419,"DQ ASESORIA & CONSULTORIA E.I.R.L.","LOS OLIVOS","LIMA","LIMA",150117,45000.0000,10336.0000,6864.0000,"SOLES",20250331
"BID 4","PROGRAMA DE INNOVACIÓN MODERNIZACIÓN TECNOLÓGICA Y EMPRENDIMIENTO - MIPYMES DE CALIDAD",2024,"077-PROINNOVATE-IMTEMC-2024","IMPLEMENTACIÓN Y CERTIFICACIÓN DE LA TRINORMA ISO 9001:2015\, ISO 14001:2015 E ISO 45001:2018 PARA CONTRATISTAS VAL S.A.C.",20240318,20250318,"CONTRATISTAS VAL S.A.C.","MIRAFLORES","LIMA","LIMA",150122,45000.0000,10285.7100,6857.1400,"SOLES",20250331
"BID 4","PROGRAMA DE INNOVACIÓN MODERNIZACIÓN TECNOLÓGICA Y EMPRENDIMIENTO - MIPYMES DE CALIDAD",2024,"078-PROINNOVATE-IMTEMC-2024","IMPLEMENTACIÓN Y CERTIFICACIÓN TRINORMA (ISO 9001:2015\, ISO 14001:2015 E ISO 45001:2018) PARA LOS SERVICIOS DE INGENIERÍA\, CONSTRUCCIÓN Y MANTENIMIENTO ELECTROMECÁNICO Y SUMINISTRO DE MATERIALES ELÉCTRICOS\, EN LA EMPRESA \"MONTELCON INGENIEROS S.R.L.\"",20240318,20250418,"MONTELCON INGENIEROS S.R.L.","JOSE LUIS BUSTAMANTE Y RIVERO","AREQUIPA","AREQUIPA",040129,45000.0000,10286.0000,6857.1400,"SOLES",20250331
"BID 4","PROGRAMA DE INNOVACIÓN MODERNIZACIÓN TECNOLÓGICA Y EMPRENDIMIENTO - MIPYMES DE CALIDAD",2024,"079-PROINNOVATE-IMTEMC-2024","IMPLEMENTACIÓN Y CERTIFICACIÓN DEL SISTEMA INTEGRADO DE GESTIÓN BAJO LAS NORMAS ISO 9001:2015\,  ISO 14001: 2015 E ISO 45001:2018\, PARA INCREMENTAR LA PRODUCTIVIDAD DE LA EMPRESA \"INGENIERIA DE TELECOMUNICACIONES Y ELECTRICA S.A.C.\"",20240319,20250419,"INGENIERIA DE TELECOMUNICACIONES Y ELECTRICA S.A.C.","VENTANILLA","PROV. CONST. DEL CALLAO","CALLAO",070106,45000.0000,10285.7200,6857.1400,"SOLES",20250331
"BID 4","PROGRAMA DE INNOVACIÓN MODERNIZACIÓN TECNOLÓGICA Y EMPRENDIMIENTO - MIPYMES DE CALIDAD",2024,"080-PROINNOVATE-IMTEMC-2024","IMPLEMENTACIÓN Y CERTIFICACIÓN DE LA NORMA ISO 9001:2015 PARA EL SERVICIO DE DISEÑO Y DESARROLLO DE PROYECTOS DE MEJORA Y CAPACITACIÓN EMPRESARIAL EN LA EMPRESA \"DUALITY PROJECTS S.A.C.\"",20240318,20250418,"DUALITY PROJECTS S.A.C.","ILO","ILO","MOQUEGUA",180301,43000.0000,9771.4300,6514.2900,"SOLES",20250331
"BID 4","PROGRAMA DE INNOVACIÓN MODERNIZACIÓN TECNOLÓGICA Y EMPRENDIMIENTO - MIPYMES DE CALIDAD",2024,"081-PROINNOVATE-IMTEMC-2024","IMPLEMENTACIÓN Y CERTIFICACIÓN DEL SISTEMA HACCP PARA LA PRODUCCIÓN Y DISTRIBUCIÓN DE AGUA EMBOTELLADA DE LA EMPRESA CORPORACION AQUA ENVIRONMENTAL S.A.C.",20240318,20250418,"CORPORACION AQUA ENVIRONMENTAL S.A.C.","LURIGANCHO","LIMA","LIMA",150118,45000.0000,10286.0000,6857.0000,"SOLES",20250331
"BID 4","PROGRAMA DE INNOVACIÓN MODERNIZACIÓN TECNOLÓGICA Y EMPRENDIMIENTO - MIPYMES DE CALIDAD",2024,"082-PROINNOVATE-IMTEMC-2024","IMPLEMENTACIÓN Y CERTIFICACIÓN DEL SISTEMA DE GESTIÓN DE CALIDAD\, BAJO LA NORMA ISO 9001:2015 EN LA EMPRESA \"QUIDERTECH S.A.C.\"\, PARA MEJORAR LA CALIDAD Y EFICIENCIA EN LOS SERVICIOS DE SANEAMIENTO AMBIENTAL Y PRODUCTOS QUÍMICOS.",20240318,20250418,"QUIMICOS Y DERIVADOS TECHNOLOGIES SOCIEDAD ANONIMA CERRADA","MIRAFLORES","LIMA","LIMA",150122,45000.0000,10286.0000,6857.0000,"SOLES",20250331
"BID 4","PROGRAMA DE INNOVACIÓN MODERNIZACIÓN TECNOLÓGICA Y EMPRENDIMIENTO - MIPYMES DE CALIDAD",2024,"083-PROINNOVATE-IMTEMC-2024","IMPLEMENTACIÓN Y CERTIFICACIÓN DE LA NORMA ISO 9001: 2015\, PARA EL FORTALECIMIENTO DE LOS ESTÁNDARES DE CALIDAD EN LA EMPRESA DE TRANSPORTE DE MERCADERÍAS \"TAMS TRUCKS S.A.C.\"",20240318,20250418,"TAMS TRUCKS S.A.C.","ATE","LIMA","LIMA",150103,45000.0000,10286.0000,6857.0000,"SOLES",20250331
"BID 4","PROGRAMA DE INNOVACIÓN MODERNIZACIÓN TECNOLÓGICA Y EMPRENDIMIENTO - MIPYMES DE CALIDAD",2024,"084-PROINNOVATE-IMTEMC-2024","PROCESO DE CERTIFICACIÓN DE LA NORMA ISO 9001:2015\, PARA LA EXCELENCIA DE SERVICIOS EN LA EMPRESA \"BLESSED BUSINESS SOLUTIONS E.I.R.L.\"",20240318,20250418,"BLESSED BUSINESS SOLUTIONS E.I.R.L.","LA MOLINA","LIMA","LIMA",150114,45000.0000,10285.7100,6857.1400,"SOLES",20250331
"BID 4","Startup Perú PLUG - Atracción de Emprendedores Extranjeros",2024,"085-PROINNOVATE-AEE-2024","TU CAMBIO\, TRANSFERENCIAS INTERNACIONALES DE DINERO USANDO INTELIGENCIA ARTIFICIAL",20240314,20250314,"AKI SERVICE S.A.C.","SANTIAGO DE SURCO","LIMA","LIMA",150140,154000.0000,27720.0000,39655.0000,"SOLES",20250331
"BID 4","PROGRAMA DE INNOVACIÓN MODERNIZACIÓN TECNOLÓGICA Y EMPRENDIMIENTO - MIPYMES DE CALIDAD",2024,"086-PROINNOVATE-IMTEMC-2024","MEJORA DE LA CALIDAD EN BASE A LA IMPLEMENTACIÓN Y CERTIFICACIÓN DE LA NORMA ISO 9001:2015\, EN LA EMPRESA \"VILLFIG INVERSIONES S.A.C.\"",20240318,20250418,"VILLFIG INVERSIONES S.A.C.","AYACUCHO","HUAMANGA","AYACUCHO",050101,45000.0000,10285.7200,6857.1400,"SOLES",20250331
"BID 4","PROGRAMA DE INNOVACIÓN MODERNIZACIÓN TECNOLÓGICA Y EMPRENDIMIENTO - MIPYMES DE CALIDAD",2024,"087-PROINNOVATE-IMTEMC-2024","MEJORA DE LA CALIDAD EN BASE A LA IMPLEMENTACIÓN Y CERTIFICACIÓN DE LA NORMA ISO 9001:2015\, EN LA EMPRESA \"ABANFRA INVERSIONES S.A.C.\"",20240405,20250405,"ABANFRA INVERSIONES S.A.C.","CHICLAYO","CHICLAYO","LAMBAYEQUE",140101,45000.0000,10285.7200,6857.1400,"SOLES",20250331
"BID 4","PROGRAMA DE INNOVACIÓN MODERNIZACIÓN TECNOLÓGICA Y EMPRENDIMIENTO - MIPYMES DE CALIDAD",2024,"088-PROINNOVATE-IMTEMC-2024","IMPLEMENTACIÓN Y CERTIFICACIÓN DEL SISTEMA DE GESTIÓN DE CALIDAD EN BASE A LA NORMA ISO 9001 PARA LA EMPRESA BLASTING & COATINGS SPECIALISTS S.A.C.",20240502,20250602,"BLASTING & COATINGS SPECIALISTS S.A.C.","BELLAVISTA","PROV. CONST. DEL CALLAO","CALLAO",070102,32828.5600,7411.4400,4720.0000,"SOLES",20250331
"BID 4","PROGRAMA DE INNOVACIÓN MODERNIZACIÓN TECNOLÓGICA Y EMPRENDIMIENTO - MIPYMES DE CALIDAD",2024,"089-PROINNOVATE-IMTEMC-2024","IMPLEMENTACIÓN Y CERTIFICACIÓN DEL SISTEMA DE GESTIÓN SEGÚN ISO 27001:2022 EN LA EMPRESA GRUPO COMET S.A.C.",20240401,20250501,"GRUPO COMET S.A.C.","JOSE LUIS BUSTAMANTE Y RIVERO","AREQUIPA","AREQUIPA",040129,43250.0000,11395.0000,5535.0000,"SOLES",20250331
"BID 4","PROGRAMA DE INNOVACIÓN MODERNIZACIÓN TECNOLÓGICA Y EMPRENDIMIENTO - MIPYMES DE CALIDAD",2024,"090-PROINNOVATE-IMTEMC-2024","IMPLEMENTACION Y CERTIFICACION DEL SISTEMA HACCP",20240419,20250519,"LA PURITA VERDAD SAC","SURQUILLO","LIMA","LIMA",150141,45000.0000,10285.7200,6857.1400,"SOLES",20250331
"BID 4","PROGRAMA DE INNOVACIÓN MODERNIZACIÓN TECNOLÓGICA Y EMPRENDIMIENTO - MIPYMES DE CALIDAD",2024,"091-PROINNOVATE-IMTEMC-2024","IMPLEMENTACIÓN Y CERTIFICACIÓN DEL SISTEMA DE GESTIÓN DE LA CALIDAD BASADO EN LA NORMA ISO 9001:2015\, PARA LA EMPRESA GRUPO VCM SAC",20240318,20250318,"GRUPO VCM S.A.C.","MAGDALENA DEL MAR","LIMA","LIMA",150120,33000.0000,7200.0000,4800.0000,"SOLES",20250331
"BID 4","PROGRAMA DE INNOVACIÓN MODERNIZACIÓN TECNOLÓGICA Y EMPRENDIMIENTO - MIPYMES DE CALIDAD",2024,"092-PROINNOVATE-IMTEMC-2024","IMPLEMENTAR LA CERTIFICACIÓN GLOBAL GAP EN LA ASOCIACIÓN APEPA - VALLE DE SAN LORENZO PARA ACCEDER A NUEVOS MERCADOS Y MEJORAR EL NIVEL DE COMPETITIVIDAD",20240319,20250319,"APEPA-VALLE DE SAN LORENZO","TAMBO GRANDE","PIURA","PIURA",200114,45000.0000,10286.0000,6857.0000,"SOLES",20250331
"BID 4","PROGRAMA DE INNOVACIÓN MODERNIZACIÓN TECNOLÓGICA Y EMPRENDIMIENTO - MIPYMES DE CALIDAD",2024,"093-PROINNOVATE-IMTEMC-2024","IMPLEMENTACIÓN DE UN SISTEMA DE GESTIÓN DE CALIDAD ISO 9001:2015",20240319,20250419,"NEGOCIOS Y REPRESENTACIONES JODAMI SAC","VILLA EL SALVADOR","LIMA","LIMA",150142,44764.4100,10227.5900,6817.0000,"SOLES",20250331
"BID 4","PROGRAMA DE INNOVACIÓN MODERNIZACIÓN TECNOLÓGICA Y EMPRENDIMIENTO - MIPYMES DE CALIDAD",2024,"094-PROINNOVATE-IMTEMC-2024","DIAGNÓSTICO\, IMPLEMENTACIÓN Y CERTIFICACIÓN HACCP EN LA EMPRESA NOVOS DISTRIBUCION Y EXPORTACION DEL PERU SAC",20240502,20250602,"NOVOS DISTRIBUCION Y EXPORTACION DEL PERU SOCIEDAD ANONIMA CERRADA","ALTO DE LA ALIANZA","TACNA","TACNA",230102,45000.0000,14400.0000,25600.0000,"SOLES",20250331
"BID 4","PROGRAMA DE INNOVACIÓN MODERNIZACIÓN TECNOLÓGICA Y EMPRENDIMIENTO - MIPYMES DE CALIDAD",2024,"095-PROINNOVATE-IMTEMC-2024","IMPLEMENTACION Y CERTIFICACION DEL SISTEMA DE GESTION DE LA CALIDAD EN ISO 9001:2015   PARA LA EMPRESA VLF BUSINESS CONSULTING S.A.C",20240401,20250301,"VLF BUSINESS CONSULTING S.A.C.","MOCHE","TRUJILLO","LA LIBERTAD",130107,44900.0000,10385.7100,6856.2900,"SOLES",20250331
"BID 4","PROGRAMA DE INNOVACIÓN MODERNIZACIÓN TECNOLÓGICA Y EMPRENDIMIENTO - MIPYMES DE CALIDAD",2024,"096-PROINNOVATE-IMTEMC-2024","IMPLEMENTACION Y CERTIFICACION DEL SISTEMA DE GESTION DE CALIDAD ISO 9001:2015 EN LA EMPRESA KEYLONGI S.R.L.",20240318,20250418,"KEYLONGI S.R.L.","PAUCARPATA","AREQUIPA","AREQUIPA",040112,43800.0000,9990.0000,6660.0000,"SOLES",20250331
"BID 4","PROGRAMA DE INNOVACIÓN MODERNIZACIÓN TECNOLÓGICA Y EMPRENDIMIENTO - MIPYMES DE CALIDAD",2024,"097-PROINNOVATE-IMTEMC-2024","IMPLEMENTACION Y CERTIFICACION BRC EN UNA PLANTA DE CASTAÑAS EN MADRE DE DIOS PARA EL FORTALECIMIENTO DE LOS PROCESOS DE CALIDAD Y TRAZABILIDAD E INCREMENTAR LAS EXPORTACIONES (NUEVOS MERCADOS).",20240319,20241219,"RCR COMERCIALIZADORA Y PROCESADORA SOCIEDAD ANONIMA CERRADA","LAS PIEDRAS","TAMBOPATA","MADRE DE DIOS",170103,44900.0000,10260.0000,6840.0000,"SOLES",20250331
"BID 4","PROGRAMA DE INNOVACIÓN MODERNIZACIÓN TECNOLÓGICA Y EMPRENDIMIENTO - MIPYMES DE CALIDAD",2024,"098-PROINNOVATE-IMTEMC-2024","IMPLEMENTACION Y CERTIFICACION DE UN SISTEMA DE GESTION DE CALIDAD ISO 9001:2015 Y SEGURIDAD Y SALUD EN EL TRABAJO ISO 45001:2018",20240405,20250405,"NEW ENERGY CORPORATION S.A.C.","YARINACOCHA","CORONEL PORTILLO","UCAYALI",250105,43820.0000,10008.0000,6672.0000,"SOLES",20250331
"BID 4","PROGRAMA DE INNOVACIÓN MODERNIZACIÓN TECNOLÓGICA Y EMPRENDIMIENTO - MIPYMES DE CALIDAD",2024,"099-PROINNOVATE-IMTEMC-2024","IMPLEMENTACIÓN Y CERTIFICACIÓN DE LA NORMA ISO 27001 EN EL PROCESO DE LA EMPRESA DATA MINIG SOLUTIONS PARA EL DESARROLLO DE ?SISTEMAS DE INFORMACIÓN CON INTEGRACIÓN DE FIRMA DIGITAL PARA ACTOS MÉDICOS Y ACTOS DE SALUD? REQUERIDOS POR IPRESS",20240318,20250418,"DATA MINING SOLUTIONS EIRL","SAN BORJA","LIMA","LIMA",150130,45000.0000,10287.0000,6856.0000,"SOLES",20250331
"BID 4","PROGRAMA DE INNOVACIÓN MODERNIZACIÓN TECNOLÓGICA Y EMPRENDIMIENTO - MIPYMES DE CALIDAD",2024,"101-PROINNOVATE-IMTEMC-2024","IMPLEMENTACIÓN Y CERTIFICACIÓN DEL SISTEMA DE GESTION DE CALIDAD BASADO EN LA NORMA ISO 9001:2015 LA EMPRESA SAFE SCAFFOLDING INDUSTRY S.A.C. (SAFESI)",20240423,20250423,"SAFE SCAFFOLDING INDUSTRY SAC","EL AGUSTINO","LIMA","LIMA",150111,45000.0000,10285.7200,6857.1400,"SOLES",20250331
"BID 4","PROGRAMA DE INNOVACIÓN MODERNIZACIÓN TECNOLÓGICA Y EMPRENDIMIENTO - MIPYMES DE CALIDAD",2024,"102-PROINNOVATE-IMTEMC-2024","IMPLEMENTACIÓN Y CERTIFICACIÓN ORGÁNICA EN LA PRODUCCIÓN Y COMERCIALIZACIÓN DEL CAFÉ PARA ACCEDER MERCADOS ESPECIALES CERTIFICADOS EN LA ASOCIACIÓN DE PRODUCTORES AGROPECUARIOS BOSQUE Y AGUA\, JAÉN - PERÚ",20240315,20250415,"ASOCIACION DE PRODUCTORES AGROPECUARIOS BOSQUE Y AGUA","COLASAY","JAEN","CAJAMARCA",060804,45000.0000,10285.7100,6857.1400,"SOLES",20250331
"BID 4","PROGRAMA DE INNOVACIÓN MODERNIZACIÓN TECNOLÓGICA Y EMPRENDIMIENTO - MIPYMES DE CALIDAD",2024,"103-PROINNOVATE-IMTEMC-2024","APLICACIÓN Y CERTIFICACIÓN DEL SISTEMA DE GESTIÓN DE CALIDAD EN LA EMPRESA ELECTROTEL PERÚ CON EL PROPÓSITO DE ASEGURAR LA CALIDAD DE LOS PROCESOS\, MEJORAR LA IMAGEN EMPRESARIAL E INCREMENTAR LAS VENTAS.",20240405,20250205,"ELECTROTEL PERU SAC","ATE","LIMA","LIMA",150103,39940.0000,9036.0000,6024.0000,"SOLES",20250331
"BID 4","Startup Perú PLUG - Atracción de Emprendedores Extranjeros",2024,"104-PROINNOVATE-AEE-2024","QUBIT SMARTTICKETS: EL MOTOR DE VENTA DE ENTRADAS MÁS SEGURO FLEXIBLE Y RENTABLE PARA EVENTOS EN LAC",20240314,20250314,"QUBIT SMART TICKETS S.A.C.","SANTIAGO DE SURCO","LIMA","LIMA",150140,154000.0000,40806.4600,25705.0000,"SOLES",20250331
"BID 4","PROGRAMA DE INNOVACIÓN MODERNIZACIÓN TECNOLÓGICA Y EMPRENDIMIENTO - MIPYMES DE CALIDAD",2024,"105-PROINNOVATE-IMTEMC-2024","DIAGNÓSTICO\, IMPLEMENTACIÓN Y CERTIFICACIÓN DE LA NORMA ISO 9001:2015 EN LA EMPRESA REAL ORGANIC SOCIEDAD ANONIMA CERRADA PARA MEJORAR LA GESTIÓN DE SUS PROCESOS Y RECURSOS EN LA FABRICACIÓN DE ACEITE DE COCO",20240306,20250406,"REAL ORGANIC SOCIEDAD ANONIMA CERRADA","LAMAS","LAMAS","SAN MARTIN",220501,44200.0000,10080.0000,6720.0000,"SOLES",20250331
"BID 4","PROGRAMA DE INNOVACIÓN MODERNIZACIÓN TECNOLÓGICA Y EMPRENDIMIENTO - MIPYMES DE CALIDAD",2024,"106-PROINNOVATE-IMTEMC-2024","IMPLEMENTACIÓN Y CERTIFICACIÓN DE LA NORMA ORGÁNICA EN LA CADENA PRODUCTIVA Y COMERCIALIZACIÓN DE CAFÉ QUE PERMITA A LA ASOCIACIÓN COFFEE GUAY APAE DE CAJAMARCA  SU INSERCIÓN EN MERCADOS DE ALTO VALOR Y RÁPIDO CRECIMIENTO",20240318,20250418,"ASOCIACION DE PRODUCTORES AGROPECUARIOS ECOLOGICOS COFFEE GUAY APAE","LA COIPA","SAN IGNACIO","CAJAMARCA",060904,45000.0000,10285.7100,6857.1400,"SOLES",20250331
"BID 4","PROGRAMA DE INNOVACIÓN MODERNIZACIÓN TECNOLÓGICA Y EMPRENDIMIENTO - MIPYMES DE CALIDAD",2024,"107-PROINNOVATE-IMTEMC-2024","IMPLEMENTACIÓN Y CERTIFICACIÓN DE LA NORMA INTERNACIONAL ISO 45001:2018 PARA LA EMPRESA GH TRANSPORTES Y SERVICIOS E.I.R.L.",20240318,20250418,"GH TRANSPORTES Y SERVICIOS E.I.R.L.","JULIACA","SAN ROMAN","PUNO",211101,45000.0000,10285.7100,6857.1400,"SOLES",20250331
"BID 4","PROGRAMA DE INNOVACIÓN MODERNIZACIÓN TECNOLÓGICA Y EMPRENDIMIENTO - MIPYMES DE CALIDAD",2024,"108-PROINNOVATE-IMTEMC-2024","DIAGNÓSTICO\, IMPLEMENTACIÓN Y CERTIFICACIÓN EN BUENAS PRACTICAS DE MANUFACTURA (BPM)  EN LA EMPRESA AGROINDUSTRIAS SANTA MARIA EIRL",20240319,20250419,"EMPRESA AGROINDUSTRIAS SANTA MARIA. E.I.R.L.","LIMA","LIMA","LIMA",150101,45000.0000,10700.0000,6800.0000,"SOLES",20250331
"BID 4","Startup Perú PLUG - Atracción de Emprendedores Extranjeros",2024,"109-PROINNOVATE-AEE-2024","TUCÁN: SOLUCIONES DE ECOMMERCE\, LOGÍSTICA Y MARKETING PARA RESTAURANTES DE LATAM.",20240319,20250518,"TUCAN TECH PERU SAC","SANTIAGO DE SURCO","LIMA","LIMA",150140,154000.0000,44644.0700,21355.9300,"SOLES",20250331
"BID 4","PROGRAMA DE INNOVACIÓN MODERNIZACIÓN TECNOLÓGICA Y EMPRENDIMIENTO - MIPYMES DE CALIDAD",2024,"110-PROINNOVATE-IMTEMC-2024","IMPLEMENTACIÓN Y CERTIFICACIÓN DEL SISTEMA HACCP EN EL PROCESO PRODUCTIVO DE BASES DESHIDRATADAS DE ALIMENTOS Y BEBIDAS\, EN LA EMPRESA GLOBAL INKA TRADE SAC",20240318,20250418,"GLOBAL INKA TRADE SOCIEDAD ANONIMA CERRADA - GIT S.A.C.","VILLA EL SALVADOR","LIMA","LIMA",150142,45000.0000,10285.7200,6857.1400,"SOLES",20250331
"BID 4","PROGRAMA DE INNOVACIÓN MODERNIZACIÓN TECNOLÓGICA Y EMPRENDIMIENTO - MIPYMES DE CALIDAD",2024,"112-PROINNOVATE-IMTEMC-2024","IMPLEMENTACIÓN Y CERTIFICACIÓN DEL SISTEMA DE GESTIÓN SEGÚN ISO 9001:2015 EN LA EMPRESA TRANSPORTE RAFAEL E.I.R.L.",20240318,20250218,"EMPRESA DE TRANSPORTES RAFAEL EMPRESA INDIVIDUAL DE RESPONSABILIDAD LIMITADA","PARIÑAS","TALARA","PIURA",200701,44950.0000,10391.0000,6765.0000,"SOLES",20250331
"BID 4","PROGRAMA DE INNOVACIÓN MODERNIZACIÓN TECNOLÓGICA Y EMPRENDIMIENTO - MIPYMES DE CALIDAD",2024,"115-PROINNOVATE-IMTEMC-2024","IMPLEMENTACIÓN Y CERTIFICACIÓN DEL SISTEMA HACCP EN LA EMPRESA \"AGROINDUSTRIAS ACEITUNAS DE MI TIERRA S.A.C.\"",20240318,20250716,"AGROINDUSTRIAS ACEITUNAS DE MI TIERRA S.A.C.","EL AGUSTINO","LIMA","LIMA",150111,45000.0000,10285.7200,6857.1400,"SOLES",20250331
"BID 4","PROGRAMA DE INNOVACIÓN MODERNIZACIÓN TECNOLÓGICA Y EMPRENDIMIENTO - MIPYMES DE CALIDAD",2024,"116-PROINNOVATE-IMTEMC-2024","IMPLEMENTACIÓN Y CERTIFICACIÓN DEL SISTEMA DE GESTIÓN DE CALIDAD BAJO LA NORMA ISO 9001:2015 EN LA EMPRESA \"CMC & CONSULTORES S.A.C.\"",20240318,20250418,"CMC & CONSULTORES S.A.C.","SAN JUAN DE LURIGANCHO","LIMA","LIMA",150132,45000.0000,10285.7100,6857.1400,"SOLES",20250331
"BID 4","PROGRAMA DE INNOVACIÓN MODERNIZACIÓN TECNOLÓGICA Y EMPRENDIMIENTO - MIPYMES DE CALIDAD",2024,"117-PROINNOVATE-IMTEMC-2024","IMPLEMENTACIÓN Y CERTIFICACIÓN DE LAS NORMAS ISO 9001:2015 E ISO 45001:2018",20240319,20250319,"DISEÑO E INTEGRIDAD ESTRUCTURAL S.R.L.","TRUJILLO","TRUJILLO","LA LIBERTAD",130101,44572.7900,10175.8600,6783.9100,"SOLES",20250331
"BID 4","PROGRAMA DE INNOVACIÓN MODERNIZACIÓN TECNOLÓGICA Y EMPRENDIMIENTO - MIPYMES DE CALIDAD",2024,"118-PROINNOVATE-IMTEMC-2024","IMPLEMENTACIÓN Y CERTIFICACIÓN DEL SISTEMA INTEGRADO DE GESTIÓN BASADO EN LAS NORMAS ISO 9001:2015  EN LA EMPRESA M & M TRANSPORTES Y SERVICIOS E.I.R.L.",20240319,20250419,"M & M TRANSPORTES Y SERVICIOS E.I.R.L.","SOCABAYA","AREQUIPA","AREQUIPA",040122,45000.0000,10286.0000,6857.0000,"SOLES",20250331
"BID 4","PROGRAMA DE INNOVACIÓN MODERNIZACIÓN TECNOLÓGICA Y EMPRENDIMIENTO - MIPYMES DE CALIDAD",2024,"119-PROINNOVATE-IMTEMC-2024","IMPLEMENTACIÓN Y CERTIFICACIÓN DEL ISO 9001 SISTEMAS DE GESTIÓN DE CALIDAD EN EL COCEPU",20240520,20250620,"COMITE CENTRAL DE PALMICULTORES DE UCAYALI","CALLERIA","CORONEL PORTILLO","UCAYALI",250101,45000.0000,14400.0000,25600.0000,"SOLES",20250331
"BID 4","PROGRAMA DE INNOVACIÓN MODERNIZACIÓN TECNOLÓGICA Y EMPRENDIMIENTO - MIPYMES DE CALIDAD",2024,"120-PROINNOVATE-IMTEMC-2024","IMPLEMENTACIÓN Y CERTIFICACIÓN DE UN SISTEMA DE GESTIÓN DE LA CALIDAD CON LA NORMA ISO 9001:2015 PARA LA EMPRESA IRDENT",20240520,20250620,"CLINICAS ODONTOLOGICAS IRDENT S.A.C.","LA MOLINA","LIMA","LIMA",150114,45000.0000,10285.7100,6857.1400,"SOLES",20250331
"BID 4","PROGRAMA DE INNOVACIÓN MODERNIZACIÓN TECNOLÓGICA Y EMPRENDIMIENTO - MIPYMES DE CALIDAD",2024,"122-PROINNOVATE-IMTEMC-2024","IMPLEMENTACION\, DESARROLLO Y CERTIFICACIÓN DEL SISTEMA DE GESTION DE CALIDAD BASADO EN ISO 9001 EN JYS CONTROL AUTOMATION EIRL",20240314,20250414,"JYS CONTROL AUTOMATION  E.I.R.L.","CARABAYLLO","LIMA","LIMA",150106,45000.0000,30800.0000,9600.0000,"SOLES",20250331
"BID 4","PROGRAMA DE INNOVACIÓN MODERNIZACIÓN TECNOLÓGICA Y EMPRENDIMIENTO - MIPYMES DE CALIDAD",2024,"123-PROINNOVATE-IMTEMC-2024","BENIBUS: COMPROMETIDOS CON LA CALIDAD EN OBRAS\, TRANSPORTE DE PERSONAL Y MAQUINARIA PESADA - CERTIFICACIÓN ISO 9001",20240314,20250414,"BENITES BUSTINZA S.A.C. - BENIBUS S.A.C.","SAN BORJA","LIMA","LIMA",150130,45000.0000,10285.7100,6857.1400,"SOLES",20250331
"BID 4","PROGRAMA DE INNOVACIÓN MODERNIZACIÓN TECNOLÓGICA Y EMPRENDIMIENTO - MIPYMES DE CALIDAD",2024,"124-PROINNOVATE-IMTEMC-2024","DISEÑO E IMPLEMENTACIÓN Y CERTIFICACIÓN DE UN SISTEMA DE GESTIÓN DE CALIDAD BAJO LOS LINEAMIENTOS DE LA NORMA ISO 9001:2015\, EN LAS OPERACIONES DE LA EMPRESA HIDROELECTRIK CENTER S.A.C.; LOGRANDO LA ESTANDARIZACIÓN\, CONTROL Y COORDINACIÓN DE LAS OPERACIONES.",20240320,20250420,"HIDROELECTRIK CENTER SOCIEDAD ANONIMA CERRADA","AREQUIPA","AREQUIPA","AREQUIPA",040101,45000.0000,10285.7100,6857.1400,"SOLES",20250331
"BID 4","PROGRAMA DE INNOVACIÓN MODERNIZACIÓN TECNOLÓGICA Y EMPRENDIMIENTO - MIPYMES DE CALIDAD",2024,"125-PROINNOVATE-IMTEMC-2024","IMPLEMENTACIÓN DE UN SISTEMA DE GESTIÓN DE CALIDAD (SGC) Y CERTIFICACIÓN SEGÚN LA NORMA ISO 9001:2015 EN E2E SOLUTIONS S.A.C. PARA ELEVAR NUESTRO ESTÁNDAR DE CALIDAD OPERATIVO Y LOGRAR UNA MEJORA CONTINUA QUE BENEFICIE A TODAS LAS PARTES INTERESADAS",20240319,20250419,"E2E SOLUTIONS S.A.C.","SAN ISIDRO","LIMA","LIMA",150131,45000.0000,10286.0000,6857.0000,"SOLES",20250331
"BID 4","PROGRAMA DE INNOVACIÓN MODERNIZACIÓN TECNOLÓGICA Y EMPRENDIMIENTO - MIPYMES DE CALIDAD",2024,"126-PROINNOVATE-IMTEMC-2024","IMPLEMENTACIÓN DE TRINORMA PARA REPOTENCIAR LOS PROCESOS OPERATIVOS DE GRUPO MATIC S.A.C.",20240314,20250414,"GRUPO MATIC S.A.C.","SAN MARTIN DE PORRES","LIMA","LIMA",150135,45000.0000,10285.7200,6857.1400,"SOLES",20250331
"BID 4","PROGRAMA DE INNOVACIÓN MODERNIZACIÓN TECNOLÓGICA Y EMPRENDIMIENTO - MIPYMES DE CALIDAD",2024,"127-PROINNOVATE-IMTEMC-2024","ESTANDARIZACIÓN Y MEJORA DE PROCESOS\, MEDIANTE LA IMPLEMENTACIÓN DEL SISTEMA DE GESTIÓN DE CALIDAD DE ISO 9001:2015.",20240419,20250519,"CMN SOCIEDAD ANONIMA CERRADA","EL TAMBO","HUANCAYO","JUNIN",120114,41400.0000,9360.0000,6240.0000,"SOLES",20250331
"BID 4","PROGRAMA DE INNOVACIÓN MODERNIZACIÓN TECNOLÓGICA Y EMPRENDIMIENTO - MIPYMES DE CALIDAD",2024,"129-PROINNOVATE-IMTEMC-2024","IMPLEMENTACIÓN Y CERTIFICACIÓN DEL SISTEMA DE GESTIÓN DE LA INOCUIDAD HACCP PARA LA EMPRESA DA PASTA E.I.R.L.",20240318,20250418,"DA PASTA E.I.R.L.","TACNA","TACNA","TACNA",230101,45000.0000,10400.0000,6800.0000,"SOLES",20250331
"BID 4","PROGRAMA DE INNOVACIÓN MODERNIZACIÓN TECNOLÓGICA Y EMPRENDIMIENTO - MIPYMES DE CALIDAD",2024,"130-PROINNOVATE-IMTEMC-2024","IMPLEMENTACIÓN Y CERTIFICACIÓN DE LA NORMA ISO 9001:2015 - SISTEMA DE GESTIÓN DE CALIDAD\, EN LA EMPRESA \"CHECARLIN E.I.R.L.\"",20240319,20250419,"CHECARLIN E.I.R.L.","MARIANO MELGAR","AREQUIPA","AREQUIPA",040109,45000.0000,10285.7100,6857.1400,"SOLES",20250331
"BID 4","PROGRAMA DE INNOVACIÓN MODERNIZACIÓN TECNOLÓGICA Y EMPRENDIMIENTO - MIPYMES DE CALIDAD",2024,"131-PROINNOVATE-IMTEMC-2024","IMPLEMENTACIÓN Y CERTIFICACIÓN DE LA TRINORMA(ISO 9001:2015\, ISO 14001:2015 E ISO 45001:2018)PARA EL SERVICIO DE INSTALACIÓN\,MANTENIMIENTO Y REPARACIÓN DE SISTEMAS DE SEGURIDAD ELECTRÓNICA\, CÁMARAS DE SEGURIDAD Y FIBRA ÓPTICA PARA LA EMPRESA THOR SISTEMS EIRL",20240401,20250501,"THOR SISTEMS E.I.R.L.","JOSE LUIS BUSTAMANTE Y RIVERO","AREQUIPA","AREQUIPA",040129,45000.0000,10286.0000,6857.1400,"SOLES",20250331
"BID 4","PROGRAMA DE INNOVACIÓN MODERNIZACIÓN TECNOLÓGICA Y EMPRENDIMIENTO - MIPYMES DE CALIDAD",2024,"132-PROINNOVATE-IMTEMC-2024","IMPLEMENTACIÓN Y CERTIFICACIÓN DEL SISTEMA DE GESTIÓN DE LA CALIDAD BASADO EN LA NORMA ISO 9001:2015\, PARA LA EMPRESA CONSULTORIA EMPRESARIAL ICR SAC",20240409,20250209,"CONSULTORIA EMPRESARIAL ICR SAC","PIURA","PIURA","PIURA",200101,33000.0000,7200.0000,4800.0000,"SOLES",20250331
"BID 4","PROGRAMA DE INNOVACIÓN MODERNIZACIÓN TECNOLÓGICA Y EMPRENDIMIENTO - MIPYMES DE CALIDAD",2024,"133-PROINNOVATE-IMTEMC-2024","IMPLEMENTACIÓN Y CERTIFICACIÓN DE AGRICULTURA SOSTENIBLE RAINFOREST ALLIANCE PARA LA CADENA PRODUCTIVA DEL CAFÉ ORGÁNICO EN LA COOPERATIVA AGRARIA DE PRODUCTORES INTEGRADOS SAN MARTÍN",20240502,20250602,"COOPERATIVA AGRARIA DE PRODUCTORES INTEGRADOS SAN MARTIN","MOYOBAMBA","MOYOBAMBA","SAN MARTIN",220101,45000.0000,11000.0000,6500.0000,"SOLES",20250331
"BID 4","PROGRAMA DE INNOVACIÓN MODERNIZACIÓN TECNOLÓGICA Y EMPRENDIMIENTO - MIPYMES DE CALIDAD",2024,"134-PROINNOVATE-IMTEMC-2024","IMPLEMENTACIÓN Y CERTIFICACIÓN DE UN SISTEMA HACCP EN LA EMPRESA FITO PERU EXPORT IMPORT S.A.C.",20240320,20250420,"FITO PERU EXPORT IMPORT S.A.C.","ATE","LIMA","LIMA",150103,33000.0000,7200.0000,4800.0000,"SOLES",20250331
"BID 4","PROGRAMA DE INNOVACIÓN MODERNIZACIÓN TECNOLÓGICA Y EMPRENDIMIENTO - MIPYMES DE CALIDAD",2024,"135-PROINNOVATE-IMTEMC-2024","PROPUESTA PARA LA IMPLEMENTACIÓN DE UN SISTEMA DE GESTIÓN DE LA CALIDAD BASADO EN LA NORMA ISO 9001:2015 PARA LA EMPRESA B J CONSULTORES Y CONTRATISTAS GENERALES EIRL",20240318,20250318,"B J CONSULTORES Y CONTRATISTAS GENERALES E.I.R.L.","SOCABAYA","AREQUIPA","AREQUIPA",040122,45000.0000,10285.7100,6857.1400,"SOLES",20250331
"BID 4","PROGRAMA DE INNOVACIÓN MODERNIZACIÓN TECNOLÓGICA Y EMPRENDIMIENTO - MIPYMES DE CALIDAD",2024,"136-PROINNOVATE-IMTEMC-2024","IMPLEMENTACIÓN Y CERTIFICACIÓN DE LA NORMA ISO 9001:2015 EN LA EMPRESA FILE SEGURITY PERÚ S.A.C.",20240314,20250414,"FILE SEGURITY PERU S.A.C","SAN ISIDRO","LIMA","LIMA",150131,45000.0000,10285.7800,6857.1200,"SOLES",20250331
"BID 4","PROGRAMA DE INNOVACIÓN MODERNIZACIÓN TECNOLÓGICA Y EMPRENDIMIENTO - MIPYMES DE CALIDAD",2024,"137-PROINNOVATE-IMTEMC-2024","IMPLEMENTACIÓN Y CERTIFICACIÓN DE UN SISTEMA DE GESTIÓN EDUCATIVO BASADO EN LA NORMA ISO 21001 EN LA CORPORACIÓN EDUCATIVA D & H S.A.C.  CON LA FINALIDAD DE OPTIMIZAR NUESTRO SERVICIO.",20240318,20250418,"CORPORACIÓN EDUCATIVA D & H S.A.C.","CERRO COLORADO","AREQUIPA","AREQUIPA",040104,44998.0000,10286.0000,6856.0000,"SOLES",20250331
"BID 4","PROGRAMA DE INNOVACIÓN MODERNIZACIÓN TECNOLÓGICA Y EMPRENDIMIENTO - MIPYMES DE CALIDAD",2024,"138-PROINNOVATE-IMTEMC-2024","MEJORA DE PROCESOS EN BASE A LA IMPLEMENTACION Y CERTIFICACION DE LA NORMA ISO 9001:2015.",20240319,20250419,"CONCRETOS ECOLÓGICOS F´C PERÚ SOCIEDAD ANÓNIMA CERRADA","SAN AGUSTIN","HUANCAYO","JUNIN",120129,42150.0000,10810.0000,6540.0000,"SOLES",20250331
"BID 4","PROGRAMA DE INNOVACIÓN MODERNIZACIÓN TECNOLÓGICA Y EMPRENDIMIENTO - MIPYMES DE CALIDAD",2024,"140-PROINNOVATE-IMTEMC-2024","IMPLEMENTACIÓN DEL SISTEMA INTEGRADO DE GESTIÓN ISO 9001: 2015 Y SISTEMA DE GESTIÓN DE SALUD Y SEGURIDAD EN EL TRABAJO ISO 45001:2018 EN STOCKHOLM MINING S.A.C.",20240401,20250501,"STOCKHOLM MINING S.A.C.","SAN MIGUEL","LIMA","LIMA",150136,45000.0000,10286.0000,6857.0000,"SOLES",20250331
"BID 4","PROGRAMA DE INNOVACIÓN MODERNIZACIÓN TECNOLÓGICA Y EMPRENDIMIENTO - MIPYMES DE CALIDAD",2024,"141-PROINNOVATE-IMTEMC-2024","IMPLEMENTACIÓN Y CERTIFICACIÓN DE LA NORMA INTERNACIONAL ISO 45001:2018 SISTEMA DE GESTIÓN DE SEGURIDAD Y SALUD EN EL TRABAJO EN LA EMPRESA FIDEMA MOVIT S.A.C.",20240520,20250620,"FIDEMA MOVIT S.A.C.","CERRO COLORADO","AREQUIPA","AREQUIPA",040104,45000.0000,10285.7100,6857.1400,"SOLES",20250331
"BID 4","PROGRAMA DE INNOVACIÓN MODERNIZACIÓN TECNOLÓGICA Y EMPRENDIMIENTO - MIPYMES DE CALIDAD",2024,"142-PROINNOVATE-IMTEMC-2024","ASEGURAMIENTO DE LA INOCUIDAD EN LA PRODUCCIÓN DE DERIVADOS LÁCTEOS EN LA EMPRESA MOYANDINA - PUNO",20240530,20250630,"MOYANDINA S.R.L.","AYAVIRI","MELGAR","PUNO",210801,45000.0000,10285.7100,6857.1400,"SOLES",20250331
"BID 4","PROGRAMA DE INNOVACIÓN MODERNIZACIÓN TECNOLÓGICA Y EMPRENDIMIENTO - MIPYMES DE CALIDAD",2024,"143-PROINNOVATE-IMTEMC-2024","IMPLEMENTACIÓN Y CERTIFICACIÓN DEL SISTEMA DE GESTIÓN SEGÚN ISO 9001:2015 EN LA EMPRESA INVERSIONES TRANSJAVIER S.A.C.",20240419,20250519,"INVERSIONES TRANSJAVIER SOCIEDAD ANONIMA CERRADA","HUARAL","HUARAL","LIMA",150601,44950.0000,10391.0000,6765.0000,"SOLES",20250331
"BID 4","PROGRAMA DE INNOVACIÓN MODERNIZACIÓN TECNOLÓGICA Y EMPRENDIMIENTO - MIPYMES DE CALIDAD",2024,"144-PROINNOVATE-IMTEMC-2024","INTEGRACIÓN DE LA TRINORMA DE CALIDAD\, SEGURIDAD Y MEDIOAMBIENTE EN LA EMPRESA TEMPO INGENIERÍA\, PARA MEJORAR LA ATENCIÓN DE LOS REQUISITOS DE SUS CLIENTES MINEROS\, CUIDANDO LAS SALUD E INTEGRIDAD DE SUS TRABAJADORES Y MEDIO AMBIENTE.",20240314,20250414,"TEMPO INGENIERIA E.I.R.L.","SAN BORJA","LIMA","LIMA",150130,45000.0000,10285.7100,6857.1400,"SOLES",20250331
"BID 4","PROGRAMA DE INNOVACIÓN MODERNIZACIÓN TECNOLÓGICA Y EMPRENDIMIENTO - MIPYMES DE CALIDAD",2024,"145-PROINNOVATE-IMTEMC-2024","IMPLEMENTACIÓN Y CERTIFICACIÓN DEL SISTEMA DE GESTIÓN DE CALIDAD ISO 9001:2015 EN LA EMPRESA IT PROTECTOR S.A.C",20240314,20250414,"IT PROTECTOR S.A.C","MAGDALENA DEL MAR","LIMA","LIMA",150120,45000.0000,10336.0000,6864.0000,"SOLES",20250331
"BID 4","PROGRAMA DE INNOVACIÓN MODERNIZACIÓN TECNOLÓGICA Y EMPRENDIMIENTO - MIPYMES DE CALIDAD",2024,"146-PROINNOVATE-IMTEMC-2024","IMPLEMENTACIÓN Y CERTIFICACIÓN DEL SISTEMA DE GESTIÓN DE LA CALIDAD ISO 9001:2015 EN UNA EMPRESA DE FABRICACIÓN DE PALLETS DE MADERA",20240314,20250414,"INVERSIONES CALLUPE S.A.C.","ATE","LIMA","LIMA",150103,42339.3800,9601.5500,6401.0400,"SOLES",20250331
"BID 4","PROGRAMA DE INNOVACIÓN MODERNIZACIÓN TECNOLÓGICA Y EMPRENDIMIENTO - MIPYMES DE CALIDAD",2024,"147-PROINNOVATE-IMTEMC-2024","DISEÑO\, ADOPCIÓN E IMPLEMENTACIÓN HASTA EL LOGRO DE CERTIFICACIÓN DE UN SISTEMA DE GESTIÓN DE CALIDAD BAJO LOS ESTÁNDARES DE ISO 9001:2015\, EN LAS OPERACIONES DE TDGASTRONOMIA S.A.C.",20240320,20250420,"TDGASTRONOMIA S.A.C.","YANAHUARA","AREQUIPA","AREQUIPA",040126,45000.0000,10285.7100,6857.1400,"SOLES",20250331
"BID 4","PROGRAMA DE INNOVACIÓN MODERNIZACIÓN TECNOLÓGICA Y EMPRENDIMIENTO - MIPYMES DE CALIDAD",2024,"150-PROINNOVATE-IMTEMC-2024","IMPLEMENTACION Y CERTIFICACION DEL SISTEMA HACCP PARA EL PROCESAMIENTO\, ENVASADO Y DISTRIBUCION DEL TURRON DE DOÑA PEPA DE LA EMPRESA FABRICA DE DULCES SIPAN",20240319,20250419,"FABRICAS DE DULCES SIPAN S.A.C.","LAMBAYEQUE","LAMBAYEQUE","LAMBAYEQUE",140301,45000.0000,10285.7100,6857.1400,"SOLES",20250331
"BID 4","PROGRAMA DE INNOVACIÓN MODERNIZACIÓN TECNOLÓGICA Y EMPRENDIMIENTO - MIPYMES DE CALIDAD",2024,"152-PROINNOVATE-IMTEMC-2024","PROYECTO DE IMPLEMENTACION Y CERTIFICACION DE UN SISTEMA DE GESTION DE CALIDAD BASADO EN LA NORMA ISO 9001:2015 EN LA EMPRESA GRUPO TORRE FUERTE CONSULTORA Y CONSTRUCTORA S.A.C.",20240417,20250517,"GRUPO TORRE FUERTE CONSULTORA Y CONSTRUCTORA S.A.C.","JOSE LUIS BUSTAMANTE Y RIVERO","AREQUIPA","AREQUIPA",040129,45000.0000,10285.7100,6857.1400,"SOLES",20250331
"BID 4","PROGRAMA DE INNOVACIÓN MODERNIZACIÓN TECNOLÓGICA Y EMPRENDIMIENTO - MIPYMES DE CALIDAD",2024,"153-PROINNOVATE-IMTEMC-2024","IMPLEMENTACIÓN Y CERTIFICACIÓN DE LA NORMA ORGÁNICA EN LA PRODUCCIÓN Y COMERCIALIZACIÓN DE CAFÉS TAZA LIMPIA PARA SU INSERCIÓN EN MERCADOS POTENCIALES EN LA ASOCIACIÓN DE PRODUCTORES AGROPECUARIOS MONTEGRANDE DE JAÉN\, CAJAMARCA",20240614,20250714,"ASOCIACION DE PRODUCTORES AGROPECUARIOS MONTEGRANDE","JAEN","JAEN","CAJAMARCA",060801,40000.0000,15285.7100,6857.1400,"SOLES",20250331
"BID 4","PROGRAMA DE INNOVACIÓN MODERNIZACIÓN TECNOLÓGICA Y EMPRENDIMIENTO - MIPYMES DE CALIDAD",2024,"154-PROINNOVATE-IMTEMC-2024","IMPLEMENTACIÓN Y CERTIFICACIÓN DEL SISTEMA HACCP PARA EL PROCESO DE PRODUCCIÓN DE LA PANADERÍA Y PASTELERÍA \"NUTRIPAN P & G E.I.R.L.\" MAJES - AREQUIPA",20240318,20250418,"NUTRIPAN P & G  E.I.R.L.","MAJES","CAYLLOMA","AREQUIPA",040520,45000.0000,10500.0000,6800.0000,"SOLES",20250331
"BID 4","Startup Perú PLUG - Atracción de Emprendedores Extranjeros",2024,"155-PROINNOVATE-AEE-2024","LE WAGON:  BOOTCAMP DE PROGRAMACIÓN QUE CAPACITA A LAS PERSONAS EN HABILIDADES TECNOLÓGICAS.",20240320,20250518,"LE WAGON PERU S.A.C.","SANTIAGO DE SURCO","LIMA","LIMA",150140,154000.0000,42042.3600,23957.6400,"SOLES",20250331
"BID 4","PROGRAMA DE INNOVACIÓN MODERNIZACIÓN TECNOLÓGICA Y EMPRENDIMIENTO - MIPYMES DE CALIDAD",2024,"156-PROINNOVATE-IMTEMC-2024","IMPLEMENTACIÓN Y CERTIFICACIÓN DE LAS NORMAS ISO 9001:2015\, ISO 14001:2015 E ISO 45001:2018 EN LA EMPRESA \"GONZALES Y DE LA CRUZ SAC - GOYDEL\".",20240319,20250419,"GONZALES Y DE LA CRUZ S.A.C. - GOYDEL","CHIMBOTE","SANTA","ANCASH",021801,45000.0000,10285.7200,6857.1400,"SOLES",20250331
"BID 4","PROGRAMA DE INNOVACIÓN MODERNIZACIÓN TECNOLÓGICA Y EMPRENDIMIENTO - MIPYMES DE CALIDAD",2024,"158-PROINNOVATE-IMTEMC-2024","DIAGNOSTICO\, IMPLEMENTACIÓN Y CERTIFICACIÓN DE LA NORMA ISO 45001:2018\, EN LA EMPRESA \"AMONIACO Y PRODUCTOS DIVERSOS S.A.C.\"",20240319,20250419,"AMONIACO Y PRODUCTOS DIVERSOS S.A.C.","PUENTE PIEDRA","LIMA","LIMA",150125,45000.0000,10285.7200,6857.1400,"SOLES",20250331
"BID 4","PROGRAMA DE INNOVACIÓN MODERNIZACIÓN TECNOLÓGICA Y EMPRENDIMIENTO - MIPYMES DE CALIDAD",2024,"159-PROINNOVATE-IMTEMC-2024","IMPLEMENTACIÓN Y CERTIFICACIÓN DEL ISO 9001:2015 PARA MEJORA DE LA CALIDAD EN LA EMPRESA AGROTEC RURAL S.R.L. DEL DISTRITO DE EL MANTARO\, PROVINCIA DE JAUJA\, DEPARTAMENTO DE JUNÍN ? 2023",20240320,20250420,"AGROTEC RURAL SOCIEDAD COMERCIAL DE RESPONSABILIDAD LIMITADA - ATR S.R.L.","EL MANTARO","JAUJA","JUNIN",120407,45000.0000,10292.0000,6858.0000,"SOLES",20250331
"BID 4","PROGRAMA DE INNOVACIÓN MODERNIZACIÓN TECNOLÓGICA Y EMPRENDIMIENTO - MIPYMES DE CALIDAD",2024,"160-PROINNOVATE-IMTEMC-2024","AMPLIACIÓN DEL NIVEL COMERCIAL DE LA EMPRESA ASERRADERO PREVCA  A NUEVOS MERCADOS A TRAVÉS DE LA IMPLEMENTACIÓN Y CERTIFICACIÓN DEL SISTEMA INTEGRADO DE GESTIÓN SEGÚN LAS NORMAS ISO 9001:2015",20240401,20250401,"ASERRADERO PREVCA S.R.L","JOSE LEONARDO ORTIZ","CHICLAYO","LAMBAYEQUE",140105,44970.0000,10278.0000,6852.0000,"SOLES",20250331
"BID 4","PROGRAMA DE INNOVACIÓN MODERNIZACIÓN TECNOLÓGICA Y EMPRENDIMIENTO - MIPYMES DE CALIDAD",2024,"161-PROINNOVATE-IMTEMC-2024","CERTIFICACIÓN DE CALIDAD HACCP PARA LA MIPYME CUSQUEÑA COMPAÑÍA VILLA FORTUNA EIRL",20240319,20250419,"COMPAÑIA VILLA FORTUNA E.I.R.L.","SAN JERONIMO","CUSCO","CUSCO",080104,33000.0000,7200.0000,4800.0000,"SOLES",20250331
"BID 4","PROGRAMA DE INNOVACIÓN MODERNIZACIÓN TECNOLÓGICA Y EMPRENDIMIENTO - MIPYMES DE CALIDAD",2024,"162-PROINNOVATE-IMTEMC-2024","IMPLEMENTACIÓN Y CERTIFICACIÓN DEL SISTEMA HACCP EN LAS LÍNEAS DE MEZCLA DE ALIMENTOS EN POLVO\, FRACCIONAMIENTO Y ENVASADO DE ALIMENTOS\, ASÍ COMO EN EL MEZCLADO Y ENVASADO DE ADITIVOS ALIMENTARIOS EN  COSTA VIVA SAC",20240131,20250131,"COSTA VIVA S.A.C.","SANTIAGO DE SURCO","LIMA","LIMA",150140,45000.0000,10300.0000,6845.0000,"SOLES",20250331
"BID 4","Startup Perú PLUG - Atracción de Emprendedores Extranjeros",2024,"163-PROINNOVATE-AEE-2024","MY ECOBOX IO\, INNOVACIÓN PARA LA TRAZABILIDAD Y CIRCULARIDAD DEL RECICLAJE",20240319,20250319,"MY ECOBOX IO S.A.C.","MIRAFLORES","LIMA","LIMA",150122,154000.0000,46944.0000,19200.0000,"SOLES",20250331
"BID 4","PROGRAMA DE INNOVACIÓN MODERNIZACIÓN TECNOLÓGICA Y EMPRENDIMIENTO - MIPYMES DE CALIDAD",2024,"164-PROINNOVATE-IMTEMC-2024","IMPLEMENTACIÓN DEL SISTEMA GESTIÓN DE CALIDAD ISO 9001-2015 PARA LA EMPRESA TIC CORP SAC CON EL FIN DE MEJORAR LA EFICIENCIA DE LOS PROCESOS\, AUMENTAR LA SATISFACCIÓN DEL CLIENTE Y GARANTIZAR LA ENTREGA DE SERVICIOS DE ALTA CALIDAD",20240319,20250419,"TIC CORP S.A.C.","SAN ISIDRO","LIMA","LIMA",150131,45000.0000,10285.7100,6857.1400,"SOLES",20250331
"BID 4","PROGRAMA DE INNOVACIÓN MODERNIZACIÓN TECNOLÓGICA Y EMPRENDIMIENTO - MIPYMES DE CALIDAD",2024,"165-PROINNOVATE-IMTEMC-2024","CERTIFICACIÓN DE LA NORMA ISO 9001:2015 EN LA EMPRESA BIGDAVI PARA TENER PROCEDIMIENTOS SÓLIDOS QUE AYUDEN A MEJORAR LA CALIDAD DE LOS PRODUCTOS Y SERVICIOS ENTREGADOS\, Y LOGRAR UNA MAYOR SATISFACCIÓN DEL CLIENTE.",20240318,20250318,"BIGDAVI S.A.C.","MIRAFLORES","LIMA","LIMA",150122,39900.0000,9000.0000,6000.0000,"SOLES",20250331
"BID 4","PROGRAMA DE INNOVACIÓN MODERNIZACIÓN TECNOLÓGICA Y EMPRENDIMIENTO - MIPYMES DE CALIDAD",2024,"167-PROINNOVATE-IMTEMC-2024","CERTIFICACIÓN FSC CADENA DE CUSTODIA EN LA INDUSTRIA MADERERA SAN CRISTOBAL S.A.C.",20240318,20241218,"INDUSTRIA MADERERA SAN CRISTOBAL S.A.C.","CALLERIA","CORONEL PORTILLO","UCAYALI",250101,45000.0000,10285.7200,6857.1400,"SOLES",20250331
"BID 4","PROGRAMA DE INNOVACIÓN MODERNIZACIÓN TECNOLÓGICA Y EMPRENDIMIENTO - MIPYMES DE CALIDAD",2024,"168-PROINNOVATE-IMTEMC-2024","IMPLEMENTACIÓN Y CERTIFICACIÓN DEL SISTEMA DE GESTIÓN SEGÚN ISO 9001:2015 EN LA EMPRESA REGULATORY AFFAIRS INTERNATIONAL S.A.C.",20240319,20250419,"REGULATORY AFFAIRS INTERNATIONAL S.A.C.","SANTIAGO DE SURCO","LIMA","LIMA",150140,44950.0000,10391.0000,6765.0000,"SOLES",20250331
"BID 4","PROGRAMA DE INNOVACIÓN MODERNIZACIÓN TECNOLÓGICA Y EMPRENDIMIENTO - MIPYMES DE CALIDAD",2024,"169-PROINNOVATE-IMTEMC-2024","IMPLEMENTACIÓN DEL SISTEMA DE GESTIÓN DE LA CALIDAD ISO 9001 EN INI CORP. PARA IMPULSAR LA EXPORTACIÓN DE SERVICIOS PROFESIONALES",20240319,20250419,"INI CORPORATION S.A.C. - INI CORP S.A.C.","MIRAFLORES","LIMA","LIMA",150122,44998.0000,10285.2000,6856.8000,"SOLES",20250331
"BID 4","PROGRAMA DE INNOVACIÓN MODERNIZACIÓN TECNOLÓGICA Y EMPRENDIMIENTO - MIPYMES DE CALIDAD",2024,"170-PROINNOVATE-IMTEMC-2024","IMPLEMENTACION Y CERTIFICACION DEL SISTEMA HACCP EN LA EMPRESA SERVICIOS ESPECIALES ALESAR SCRL",20240930,20251030,"SERVICIOS ESPECIALES ALESAR SCRL","SAN ISIDRO","LIMA","LIMA",150131,45000.0000,10285.7200,6857.1400,"SOLES",20250331
"BID 4","PROGRAMA DE INNOVACIÓN MODERNIZACIÓN TECNOLÓGICA Y EMPRENDIMIENTO - MIPYMES DE CALIDAD",2024,"171-PROINNOVATE-IMTEMC-2024","IMPLEMENTACIÓN Y CERTIFICACIÓN DE UN SISTEMA DE GESTIÓN DE CALIDAD SEGÚN LAS NORMA ISO 9001:2015? EN LA EMPRESA COMPANY OF ELECTROMECHANICAL SERVICES OF POWER S.A.C.",20240530,20250630,"COMPANY OF ELECTROMECHANICAL SERVICES OF POWER S.A.C.","SAN JUAN DE LURIGANCHO","LIMA","LIMA",150132,42999.5000,9771.9300,6514.2800,"SOLES",20250331
"BID 4","PROGRAMA DE INNOVACIÓN MODERNIZACIÓN TECNOLÓGICA Y EMPRENDIMIENTO - MIPYMES DE CALIDAD",2024,"172-PROINNOVATE-IMTEMC-2024","IMPLEMENTACIÓN Y CERTIFICACIÓN DEL SISTEMA DE GESTIÓN DE LA CALIDAD DE LA NORMA INTERNACIONAL \"ISO 9001:2015\" EN LA EMPRESA DERMIA-MEDICINA ESTETICA S.A.C.",20240405,20250505,"DERMIA-MEDICINA ESTETICA S.A.C.","YANAHUARA","AREQUIPA","AREQUIPA",040126,43900.0000,10002.8600,6668.5700,"SOLES",20250331
"BID 4","PROGRAMA DE INNOVACIÓN MODERNIZACIÓN TECNOLÓGICA Y EMPRENDIMIENTO - MIPYMES DE CALIDAD",2024,"173-PROINNOVATE-IMTEMC-2024","\"IMPLEMENTACIÓN Y CERTIFICACIÓN DE UN SISTEMA DE CALIDAD BASADO EN HACCP EN LA EMPRESA GISSELA DULCE TENTACIÓN SAC.\"",20240502,20250602,"GISSELA DULCE TENTACION SAC","IQUITOS","MAYNAS","LORETO",160101,45000.0000,12000.0000,6000.0000,"SOLES",20250331
"BID 4","PROGRAMA DE INNOVACIÓN MODERNIZACIÓN TECNOLÓGICA Y EMPRENDIMIENTO - MIPYMES DE CALIDAD",2024,"175-PROINNOVATE-IMTEMC-2024","IMPLEMENTACIÓN Y CERTIFICACIÓN DEL SISTEMA DE GESTIÓN DE LA SEGURIDAD Y SALUD EN EL TRABAJO (ISO 45001:2018)  EN LA EMPRESA ASERCAP S.A.C.",20240405,20250505,"ASERCAP S.A.C.","AREQUIPA","AREQUIPA","AREQUIPA",040101,44200.0000,10080.0000,6720.0000,"SOLES",20250331
"BID 4","PROGRAMA DE INNOVACIÓN MODERNIZACIÓN TECNOLÓGICA Y EMPRENDIMIENTO - MIPYMES DE CALIDAD",2024,"176-PROINNOVATE-IMTEMC-2024","IMPLEMENTACIÓN Y CERTIFICACIÓN DEL SISTEMA DE GESTION DE CALIDAD BASADO EN LA NORMA ISO 9001:2015 EN LA EMPRESA ANDINA GLOBAL CONSULTING S.A.C.",20240417,20250517,"ANDINA GLOBAL CONSULTING S.A.C.","SANTIAGO DE SURCO","LIMA","LIMA",150140,45000.0000,10285.7100,6857.1400,"SOLES",20250331
"BID 4","PROGRAMA DE INNOVACIÓN MODERNIZACIÓN TECNOLÓGICA Y EMPRENDIMIENTO - MIPYMES DE CALIDAD",2024,"177-PROINNOVATE-IMTEMC-2024","IMPLEMENTACIÓN Y CERTIFICACIÓN DEL SISTEMA DE GESTIÓN DE CALIDAD EN BASE A LA NORMA 9001:2015 EN LA EMPRESA KINDER SALCANTAY S.A.C.",20240520,20250620,"KINDER SALCANTAY S.A.C.","JOSE LEONARDO ORTIZ","CHICLAYO","LAMBAYEQUE",140105,44350.0000,10130.0000,6735.0000,"SOLES",20250331
"BID 4","PROGRAMA DE INNOVACIÓN MODERNIZACIÓN TECNOLÓGICA Y EMPRENDIMIENTO - MIPYMES DE CALIDAD",2024,"178-PROINNOVATE-IMTEMC-2024","IMPLEMENTACIÓN  Y CERTIFICACIÓN DE LA BINORMA ISO 9001:2015 E ISO 45001:2018 EN LA EMPRESA SERVICIAN SOCIEDAD ANONIMA CERRADA - SERVICIAN S.A.C.",20240405,20250505,"SERVICIAN SOCIEDAD ANONIMA CERRADA - SERVICIAN S.A.C.","RIMAC","LIMA","LIMA",150128,45000.0000,10286.0000,6857.0000,"SOLES",20250331
"BID 4","PROGRAMA DE INNOVACIÓN MODERNIZACIÓN TECNOLÓGICA Y EMPRENDIMIENTO - MIPYMES DE CALIDAD",2024,"180-PROINNOVATE-IMTEMC-2024","IMPLEMENTACIÓN Y CERTIFICACIÓN DE LA NORMA ISO 9001:2015 EN LA EMPRESA MULTISERVI PROSEVIN S.A.C.",20240617,20250217,"MULTISERVI PROSEVIN S.A.C.","AMARILIS","HUANUCO","HUANUCO",100102,40700.0000,9180.0000,6120.0000,"SOLES",20250331
"BID 4","PROGRAMA DE INNOVACIÓN MODERNIZACIÓN TECNOLÓGICA Y EMPRENDIMIENTO - MIPYMES DE CALIDAD",2024,"181-PROINNOVATE-IMTEMC-2024","IMPLEMENTACIÓN Y CERTIFICACIÓN DEL SISTEMA DE GESTIÓN DE CALIDAD EN BASE A LA NORMA ISO 9001 PARA LA EMPRESA POLY COAT PERU S.A.C.",20240417,20250517,"POLY COAT PERU S.A.C.","BELLAVISTA","PROV. CONST. DEL CALLAO","CALLAO",070102,31691.8500,7032.1500,4560.0000,"SOLES",20250331
"BID 4","PROGRAMA DE INNOVACIÓN MODERNIZACIÓN TECNOLÓGICA Y EMPRENDIMIENTO - MIPYMES DE CALIDAD",2024,"182-PROINNOVATE-IMTEMC-2024","IMPLEMENTACIÓN Y CERTIFICACIÓN DEL SISTEMA HACCP EN LA EMPRESA AGROINDUSTRIAS ROCALU SOCIEDAD COMERCIAL DE RESPONSABILIDAD LIMITADA",20240401,20250401,"AGROINDUSTRIAS ROCALU SOCIEDAD COMERCIAL DE RESPONSABILIDAD LIMITADA","CASTILLO GRANDE","LEONCIO PRADO","HUANUCO",100608,45000.0000,10285.7100,6857.1400,"SOLES",20250331
"BID 4","PROGRAMA DE INNOVACIÓN MODERNIZACIÓN TECNOLÓGICA Y EMPRENDIMIENTO - MIPYMES DE CALIDAD",2024,"183-PROINNOVATE-IMTEMC-2024","IMPLEMENTACIÓN Y CERTIFICACIÓN DE UN SISTEMA PARA GARANTIZAR LA TRAZABILIDAD DE PRODUCTOS DEL MAR DE FORMA SEGURA Y SOSTENIBLE EN BASE A LA NORMA BEST AQUACULTURE PRACTICES (BPA) EN LA EMPRESA DISMAR SEAFOOD S.A.C",20240405,20250405,"DISMAR SEAFOOD S.A.C.","SECHURA","SECHURA","PIURA",200801,45000.0000,10286.0000,6857.0000,"SOLES",20250331
"BID 4","PROGRAMA DE INNOVACIÓN MODERNIZACIÓN TECNOLÓGICA Y EMPRENDIMIENTO - MIPYMES DE CALIDAD",2024,"184-PROINNOVATE-IMTEMC-2024","IMPLEMENTACIÓN Y CERTIFICACIÓN DE LA TRINORMA (ISO 9001:2015\, ISO 14001:2015 E ISO 45001:2018) PARA EL SERVICIO DE REPARACIÓN Y MANTENIMIENTO DE EQUIPOS DE SOLDAR\, VENTA DE REPUESTOS Y ACCESORIOS PARA SOLDADURA EN GENERAL. EN LA EMPRESA SOLMIN SERVICE S.A.C.",20240617,20250717,"SOLMIN SERVICE S.A.C.","YANAHUARA","AREQUIPA","AREQUIPA",040126,45000.0000,10286.0000,6857.1400,"SOLES",20250331
"BID 4","PROGRAMA DE INNOVACIÓN MODERNIZACIÓN TECNOLÓGICA Y EMPRENDIMIENTO - MIPYMES DE CALIDAD",2024,"187-PROINNOVATE-IMTEMC-2024","IMPLEMENTACIÓN Y CERTIFICACIÓN DE UN SISTEMA DE BUENAS PRÁCTICAS DE MANUFACTURA (BPM) EN LA EMPRESA CONSORCIO ECOTURISTICO MIRADOR DE CHILINA S.R.L.",20240318,20250418,"CONSORCIO ECOTURISTICO MIRADOR DE CHILINA S.R.L.","CAYMA","AREQUIPA","AREQUIPA",040103,44996.0000,10287.0000,6855.0000,"SOLES",20250331
"BID 4","PROGRAMA DE INNOVACIÓN MODERNIZACIÓN TECNOLÓGICA Y EMPRENDIMIENTO - MIPYMES DE CALIDAD",2024,"188-PROINNOVATE-IMTEMC-2024","IMPLEMENTACIÓN Y CERTIFICACIÓN DEL SISTEMA DE GESTIÓN DE CALIDAD BASADO EN LA NORMA ISO 9001:2015 EN LA EMPRESA RIMOSA S.A.C.",20240409,20250509,"RIMOSA S.A.C.","LIMA","LIMA","LIMA",150101,27000.0000,5661.6200,3772.0400,"SOLES",20250331
"BID 4","PROGRAMA DE INNOVACIÓN MODERNIZACIÓN TECNOLÓGICA Y EMPRENDIMIENTO - MIPYMES DE CALIDAD",2024,"189-PROINNOVATE-IMTEMC-2024","IMPLEMENTACIÓN Y CERTIFICACIÓN DEL SISTEMA DE GESTIÓN DE CALIDAD ISO 9001:2015 EN LA EMPRESA CLEAN TECHNOLOGY S.A.C.",20240320,20250420,"CLEAN TECHNOLOGY S.A.C.","SAN BORJA","LIMA","LIMA",150130,40700.0000,9180.0000,6120.0000,"SOLES",20250331
"BID 4","PROGRAMA DE INNOVACIÓN MODERNIZACIÓN TECNOLÓGICA Y EMPRENDIMIENTO - MIPYMES DE CALIDAD",2024,"190-PROINNOVATE-IMTEMC-2024","IMPLEMENTACIÓN Y CERTIFICACIÓN ISO 9001:2015 EN LA EMPRESA INVERSIONES Y INMOBILIARIA LEIDY DIANA SOCIEDAD ANONIMA CERRADA",20240326,20250326,"INVERSIONES Y INMOBILIARIA LEIDY DIANA SOCIEDAD ANONIMA CERRADA","HUAMANCACA CHICO","CHUPACA","JUNIN",120905,42500.0000,10900.0000,6600.0000,"SOLES",20250331
"BID 4","PROGRAMA DE INNOVACIÓN MODERNIZACIÓN TECNOLÓGICA Y EMPRENDIMIENTO - MIPYMES DE CALIDAD",2024,"191-PROINNOVATE-IMTEMC-2024","EXCELENCIA EN LA INDUSTRIA METALMECÁNICA A PARTIR DE LA CERTIFICACIÓN ISO 9001:2015 EN LA EMPRESA \"CEMMA TMETAL S.A.C.\"",20240318,20250418,"CEMMA TMETAL S.A.C.","CERRO COLORADO","AREQUIPA","AREQUIPA",040104,45000.0000,10285.7100,6857.1400,"SOLES",20250331
"BID 4","Startup Perú PLUG - Atracción de Emprendedores Extranjeros",2024,"193-PROINNOVATE-AEE-2024","XCAPIT\,  INFRAESTRUCTURA EFICIENTE DE PROCESAMIENTO Y OTORGAMIENTO DE CRÉDITOS BASADO EN BLOCKCHAIN.",20240320,20250320,"XCAPIT S.A.C.","SANTIAGO DE SURCO","LIMA","LIMA",150140,154000.0000,46200.0000,23100.0000,"SOLES",20250331
"BID 4","Startup Perú PLUG - Atracción de Emprendedores Extranjeros",2024,"194-PROINNOVATE-AEE-2024","SELYT: CAPTADORES FREELANCE TRAEN CLIENTES Y SELYT CIERRA LAS VENTAS",20240320,20250320,"SELYT S.A.C.","SANTIAGO DE SURCO","LIMA","LIMA",150140,154000.0000,22000.0000,44000.0000,"SOLES",20250331
"BID 4","PROGRAMA DE INNOVACIÓN MODERNIZACIÓN TECNOLÓGICA Y EMPRENDIMIENTO - MIPYMES DE CALIDAD",2024,"196-PROINNOVATE-IMTEMC-2024","IMPLEMENTACION Y CERTIFICACIÓN BAJO LA NORMA DE PRODUCCIÓN ORGÁNICA DEL CAFE Y CÁSCARA EN LAS PARCELAS DE LOS SOCIOS DE SUSTAINABLE ASSOCIATION PUI-PUI\, DEL DISTRITO DE PICHANAQUI\, PROVINCIA DE CHANCHAMAYO\, REGIÓN JUNÍN",20240319,20250319,"SUSTAINABLE ASSOCIATION PUI - PUI","PICHANAQUI","CHANCHAMAYO","JUNIN",120303,43741.5000,9962.1000,6641.4000,"SOLES",20250331
"BID 4","PROGRAMA DE INNOVACIÓN MODERNIZACIÓN TECNOLÓGICA Y EMPRENDIMIENTO - MIPYMES DE CALIDAD",2024,"197-PROINNOVATE-IMTEMC-2024","IMPLEMENTACIÓN Y CERTIFICACIÓN DEL SISTEMA DE GESTIÓN DE CALIDAD BASADO EN LA NORMA ISO 9001:2015 EN LA EMPRESA SERVICIO EN INGENIERIA\, LOGISTICA\, ECOLOGIA Y CONSTRUCCION SOCIEDAD ANONIMA CERRADA - SEINLEC SAC",20240319,20250419,"SERVICIO EN INGENIERIA\, LOGISTICA\, ECOLOGIA Y CONSTRUCCION SOCIEDAD ANONIMA CERRADA","HUANCAYO","HUANCAYO","JUNIN",120101,40700.0000,9180.0000,6120.0000,"SOLES",20250331
"BID 4","PROGRAMA DE INNOVACIÓN MODERNIZACIÓN TECNOLÓGICA Y EMPRENDIMIENTO - MIPYMES DE CALIDAD",2024,"198-PROINNOVATE-IMTEMC-2024","IMPLEMENTACIÓN Y CERTIFICACIÓN DEL SISTEMA DE GESTIÓN DE LA CALIDAD BASADO EN LA NORMA ISO 9001:2015 EN LA EMPRESA MULTISERVICIOS SASA SOCIEDAD COMERCIAL DE RESPONSABILIDAD LIMITADA - MULTISERVICIOS SASA S.R.L.",20240401,20250501,"MULTISERVICIOS SASA SOCIEDAD COMERCIAL DE RESPONSABILIDAD LIMITADA - MULTISERVICIOS SASA S.R.L.","HUANCAYO","HUANCAYO","JUNIN",120101,45000.0000,10302.8500,6840.0000,"SOLES",20250331
"BID 4","PROGRAMA DE INNOVACIÓN MODERNIZACIÓN TECNOLÓGICA Y EMPRENDIMIENTO - MIPYMES DE CALIDAD",2024,"199-PROINNOVATE-IMTEMC-2024","IMPLEMENTACIÓN DE UN SISTEMA DE GESTIÓN MEDIO AMBIENTAL BASADO EN LA ISO 14001:2015\, EN LA EMPRESA \"INVESCAPERÚ S.A.C.\" PARA MEJORAR SU POSICIONAMIENTO EN EL MERCADO DE AGRICULTURA Y PRODUCCIÓN.",20240318,20250418,"INVESCAPERU S.A.C.","SOCABAYA","AREQUIPA","AREQUIPA",040122,45000.0000,10285.7100,6857.1400,"SOLES",20250331
"BID 4","PROYECTOS DE INNOVACIÓN EMPRESARIAL",2024,"200-PROINNOVATE-PIEC1-2024","DESARROLLO DE UN PROTOCOLO DE FERMENTACIÓN CONTROLADA CON TECNOLOGÍA DE INOCULACIÓN DE MICROORGANISMOS PRECURSORES DEL AROMA Y SABOR OBTENIDOS DEL CAFÉ PRODUCIDO EN HERMILIO VALDIZAN-HUÁNUCO PARA MEJORAR Y DIFERENCIAR LA CALIDAD SENSORIAL DEL CAFÉ EN TAZA.",20240405,20260405,"EL ABUELO VALDIZANO S.R.L.","RUPA-RUPA","LEONCIO PRADO","HUANUCO",100601,179989.9900,25270.2100,19320.0000,"SOLES",20250331
"BID 4","PROGRAMA DE INNOVACIÓN MODERNIZACIÓN TECNOLÓGICA Y EMPRENDIMIENTO - MIPYMES DE CALIDAD",2024,"201-PROINNOVATE-IMTEMC-2024","IMPLEMENTACIÓN Y CERTIFICACIÓN DE LAS NORMAS ISO 9001:2015 E ISO 37001:2016 EN LOS PROCESOS INVOLUCRADOS PARA LOS SERVICIOS DE TRANSPORTE DE CARGA POR CARRETERA BRINDADOS  POR LA EMPRESA \"COMPAÑIA MINERA Y MADERERA RA&OR S.R.L.\"",20240319,20250419,"COMPAÑIA MINERA Y MADERERA RA&OR SRL","TRUJILLO","TRUJILLO","LA LIBERTAD",130101,45000.0000,10286.0000,6857.0000,"SOLES",20250331
"BID 4","PROGRAMA DE INNOVACIÓN MODERNIZACIÓN TECNOLÓGICA Y EMPRENDIMIENTO - MIPYMES DE CALIDAD",2024,"202-PROINNOVATE-IMTEMC-2024","IMPLEMENTACIÓN Y CERTIFICACIÓN DEL SISTEMA DE GESTIÓN DE LA CALIDAD SEGÚN LA NORMA INTERNACIONAL ISO 9001:2015\, EN LA EMPRESA \"USA MOTORS S.R.L.\"",20240502,20250502,"USA MOTOR'S S.R.L.","CERRO COLORADO","AREQUIPA","AREQUIPA",040104,45000.0000,10285.7100,6857.1400,"SOLES",20250331
"BID 4","PROGRAMA DE INNOVACIÓN MODERNIZACIÓN TECNOLÓGICA Y EMPRENDIMIENTO - MIPYMES DE CALIDAD",2024,"203-PROINNOVATE-IMTEMC-2024","MEJORA DE SEGURIDAD\, SALUD EN EL TRABAJO Y GESTIÓN POR PROCESOS EN BASE A LA IMPLEMENTACIÓN Y LOGRO DE CERTIFICACIÓN DE LA NORMA ISO 45001:2018 DENTRO DE LA EMPRESA EBPTECH PERÚ S.A.C.",20240307,20250407,"EBPTECH PERÚ S.A.C.","MIRAFLORES","LIMA","LIMA",150122,45000.0000,10285.7500,6857.1500,"SOLES",20250331
"BID 4","PROGRAMA DE INNOVACIÓN MODERNIZACIÓN TECNOLÓGICA Y EMPRENDIMIENTO - MIPYMES DE CALIDAD",2024,"204-PROINNOVATE-IMTEMC-2024","CERTIFICACIÓN ORGÁNICA DE LA PRODUCCIÓN Y COMERCIALIZACIÓN DE CAFÉ\, PARA MEJORAR LA COMPETITIVIDAD\, PODER DE NEGOCIACIÓN Y AMPLIAR HORIZONTES COMERCIALES EN LA \"ASOCIACIÓN DE PRODUCTORES CAFETALEROS MANANTIAL DE CAJAMARCA\".",20240401,20250501,"ASOCIACION DE PRODUCTORES CAFETALEROS MANANTIAL","JAEN","JAEN","CAJAMARCA",060801,45000.0000,10285.7100,6857.1400,"SOLES",20250331
"BID 4","PROGRAMA DE INNOVACIÓN MODERNIZACIÓN TECNOLÓGICA Y EMPRENDIMIENTO - MIPYMES DE CALIDAD",2024,"205-PROINNOVATE-IMTEMC-2024","IMPLEMENTACIÓN Y CERTIFICACIÓN DE LA NORMA INTERNACIONAL ISO 9001:2015\, EN LA EMPRESA \"GAVA CONSULTORES Y CONTRATISTAS S.R.L.\"",20240314,20250414,"GAVA CONSULTORES Y CONTRATISTAS S.R.L.","CHICLAYO","CHICLAYO","LAMBAYEQUE",140101,45000.0000,10285.7200,6857.1400,"SOLES",20250331
"BID 4","PROGRAMA DE INNOVACIÓN MODERNIZACIÓN TECNOLÓGICA Y EMPRENDIMIENTO - MIPYMES DE CALIDAD",2024,"206-PROINNOVATE-IMTEMC-2024","IMPLEMENTACIÓN Y CERTIFICACIÓN DE LA ISO 9001 PARA LA PRESTACIÓN DE SERVICIOS ODONTOLÓGICOS PEDIÁTRICOS EN EL CENTRO ODONTOLÓGICO SONRISITAS KIDS PERU S.A.C.",20240401,20250501,"CENTRO ODONTOLOGICO SONRISITAS KIDS PERU S.A.C.","JULIACA","SAN ROMAN","PUNO",211101,45000.0000,10286.0000,6857.0000,"SOLES",20250331
"BID 4","PROGRAMA DE INNOVACIÓN MODERNIZACIÓN TECNOLÓGICA Y EMPRENDIMIENTO - MIPYMES DE CALIDAD",2024,"207-PROINNOVATE-IMTEMC-2024","DIAGNÓSTICO\, IMPLEMENTACIÓN Y CERTIFICACIÓN HACCP EN LA EMPRESA LA PASCALA EIRL",20240319,20250419,"LA PASCALA E.I.R.L.","TACNA","TACNA","TACNA",230101,45000.0000,10300.0000,6845.0000,"SOLES",20250331
"BID 4","PROGRAMA DE INNOVACIÓN MODERNIZACIÓN TECNOLÓGICA Y EMPRENDIMIENTO - MIPYMES DE CALIDAD",2024,"208-PROINNOVATE-IMTEMC-2024","IMPLEMENTACION Y CERTIFICACION DE LA ISO 9001:2015 PARA ESTANDARIZAR LOS PROCEDIMIENTOS Y CONTROLES EN LA PRODUCCION DE LECHE EN LA EMPRESA VIDA LACTEA.",20240314,20250414,"CORPORACION VIDALACTEA SOCIEDAD ANONIMA CERRADA-VIDALACTEA CORP S.A.C.","SANTA MARIA","HUAURA","LIMA",150810,45000.0000,10285.7100,6857.1400,"SOLES",20250331
"BID 4","PROGRAMA DE INNOVACIÓN MODERNIZACIÓN TECNOLÓGICA Y EMPRENDIMIENTO - MIPYMES DE CALIDAD",2024,"211-PROINNOVATE-IMTEMC-2024","MEJORA DE LA PRODUCTIVIDAD E INSERCIÓN A NUEVOS MERCADOS MEDIANTE LA IMPLEMENTACIÓN Y CERTIFICACIÓN DEL SISTEMA DE INOCUIDAD HACCP PARA LA LÍNEA DE PRODUCCIÓN DE YOGURT EN LA EMPRESA NATURE EIRL",20240409,20250509,"NATURE E.I.R.L","ATE","LIMA","LIMA",150103,45000.0000,10286.0000,6857.0000,"SOLES",20250331
"BID 4","INCUBADORAS Y ACELERADORAS DE EMPRENDIMIENTOS INNOVADORES EN REGIONES",2024,"212-PROINNOVATE-IEIR-2024","TECNOLÓGICA: IMPULSANDO LOS EMPRENDIMIENTOS SOSTENIBLES DE LA REGIÓN",20240321,20260721,"CAMARA DE COMERCIO INDUSTRIA Y TURISMO","ICA","ICA","ICA",110101,685000.0000,1625.0000,14050.0000,"SOLES",20250331
"BID 4","PROGRAMA DE INNOVACIÓN MODERNIZACIÓN TECNOLÓGICA Y EMPRENDIMIENTO - MIPYMES DE CALIDAD",2024,"213-PROINNOVATE-IMTEMC-2024","IMPLEMENTACIÓN DE UN SISTEMA DE GESTIÓN DE CALIDAD (SGC) Y CERTIFICACIÓN SEGÚN LA NORMA ISO 9001:2015 PARA ELEVAR LA CALIDAD DE NUESTROS SERVICIOS EN METAL MECANICA RUFINO S.R.L. E INCREMENTAR NUESTRA COMPETITIVIDAD\, LOGRANDO SATISFACCIÓN DE NUESTROS CLIENTES",20240319,20250419,"METAL MECANICA RUFINO S.R.L.","CHIMBOTE","SANTA","ANCASH",021801,45000.0000,10286.0000,6857.0000,"SOLES",20250331
"BID 4","PROGRAMA DE INNOVACIÓN MODERNIZACIÓN TECNOLÓGICA Y EMPRENDIMIENTO - MIPYMES DE CALIDAD",2024,"214-PROINNOVATE-IMTEMC-2024","CERTIFICACIÓN DE LA NORMA ISO 9001: 2015 ENFOCADO EN SISTEMAS DE GESTIÓN DE CALIDAD PARA LOS SERVICIOS DE SEGURIDAD\, SALUD OCUPACIONAL\, HIGIENE Y MEDIO AMBIENTE DE LA EMPRESA IMPROVEMENT CERTIFICATIONS S.A.C",20240319,20250319,"IMPROVEMENT CERTIFICATIONS SOCIEDAD ANONIMA CERRADA","SAN ISIDRO","LIMA","LIMA",150131,33780.0000,7452.0000,4968.0000,"SOLES",20250331
"BID 4","PROGRAMA DE INNOVACIÓN MODERNIZACIÓN TECNOLÓGICA Y EMPRENDIMIENTO - MIPYMES DE CALIDAD",2024,"215-PROINNOVATE-IMTEMC-2024","IMPLEMENTACIÓN Y CERTIFICACION DEL SISTEMA DE GESTION SEGURIDAD Y SALUD EN EL TRABAJO ISO 45001: 2018 EN LA EMPRESA   BRADJUR EMPRESA INDIVIDUAL DE RESPONSABILIDAD LIMITADA - BRADJUR E.I.R.L.",20240405,20250505,"BRADJUR EMPRESA INDIVIDUAL DE RESPONSABILIDAD LIMITADA - BRADJUR E.I.R.L.","CHALLHUAHUACHO","COTABAMBAS","APURIMAC",030506,45000.0000,10285.7100,6857.1400,"SOLES",20250331
"BID 4","PROYECTOS DE INNOVACIÓN EMPRESARIAL",2024,"216-PROINNOVATE-PIEC1-2024","IMPLEMENTACIÓN DE UN MÓDULO PILOTO PARA DESARROLLAR EL ENGORDE INTENSIVO DE LANGOSTINO BLANCO A BAJA SALINIDAD MEDIANTE UN SISTEMA SIMBIÓTICO INNOVADOR Y AMBIENTALMENTE AMIGABLE PARA LA OPTIMIZACIÓN EN EL USO DE LOS RECURSOS EN LA CIUDAD DE PIURA",20240207,20250307,"CONSULTORIA Y MANEJO TECNICO EN MARICULTURA S.A.C. - COMTEMAR S.A.C.","SECHURA","SECHURA","PIURA",200801,139818.6500,26907.3500,23000.0000,"SOLES",20250331
"BID 4","RED DE EMPRENDIMIENTO FEMENINO",2024,"217-PROINNOVATE-REF-2024","RED DE EMPRENDIMIENTOS EMPRESARIALES FEMENINOS QUE FOMENTA Y FORTALECE LA CULTURA EMPRENDEDORA  GENERANDO SINERGIA Y COMPETITIVIDAD EN LA REGIÓN SAN MARTÍN.",20240404,20250404,"UNIVERSIDAD NACIONAL DE SAN MARTIN","TARAPOTO","SAN MARTIN","SAN MARTIN",220901,117000.0000,0.0000,29250.0000,"SOLES",20250331
"BID 4","INNOVACIÓN EMPRESARIAL - CAMBIO CLIMÁTICO",2024,"218-PROINNOVATE-PIEC1CC-2024","DESARROLLO  E IMPLEMENTACIÓN DE UN SISTEMA PILOTO DE TRATAMIENTO DE AGUAS RESIDUALES CON TECNOLOGÍA ELECTROSTÁTICA CON LA FINALIDAD DE RECIRCULAR EL AGUA EN LOS PROCESOS PRODUCTIVOS DE LAVANDERÍAS ALBUS S.A.C",20240222,20250822,"LAVANDERIA ALBUS S.A.C.","SAN JUAN DE MIRAFLORES","LIMA","LIMA",150133,360000.0000,52724.0000,64800.0000,"SOLES",20250331
"BID 4","RED DE EMPRENDIMIENTO FEMENINO",2024,"219-PROINNOVATE-REF-2024","MUJERES EN ACCIÓN: TALLER PRESENCIAL Y PROGRAMA DE CAPACITACIÓN EN TEMAS DE EMPRENDIMIENTO\, FINANZAS PERSONALES Y EMPODERAMIENTO EN CAJAMARCA\, HUÁNUCO Y LIMA",20240604,20250604,"TAPPOYO FINTECH S.A.C","SANTIAGO DE SURCO","LIMA","LIMA",150140,115945.1100,16098.9900,14671.5700,"SOLES",20250331
"BID 4","RED DE EMPRENDIMIENTO FEMENINO",2024,"220-PROINNOVATE-REF-2024","LORETO EMPRENDE: FOMENTO DEL EMPRENDIMIENTO FEMENINO A TRAVÉS DE INCUBACIÓN\, MENTORÍA\, SOPORTE TÉCNICO Y CORTOMETRAJE DE EMPODERAMIENTO.",20240409,20250409,"THE PERUVIAN SOCIAL INCUBATOR S.A.C.","PUEBLO LIBRE","LIMA","LIMA",150121,117000.0000,14950.0000,14661.1100,"SOLES",20250331
"BID 4","Startup Perú PLUG - Atracción de Emprendedores Extranjeros",2024,"221-PROINNOVATE-AEE-2024","SUMATO-ID: DIGITALIZAMOS EL MUNDO FÍSICO A TRAVÉS DE COMPUTER VISIÓN E INTELIGENCIA ARTIFICIAL",20240311,20250610,"GRUPO SUMATO S.A.C.","MIRAFLORES","LIMA","LIMA",150122,154000.0000,47685.0000,23100.0000,"SOLES",20250331
"BID 4","PROGRAMA DE INNOVACIÓN MODERNIZACIÓN TECNOLÓGICA Y EMPRENDIMIENTO - MIPYMES DE CALIDAD",2024,"222-PROINNOVATE-IMTEMC-2024","?INCREMENTAR LA PRODUCTIVIDAD Y ACCEDER A NUEVOS MERCADOS DE OPEN TRADE AQP E.I.R.L. POR MEDIO DE LA IMPLEMENTACIÓN Y CERTIFICACIÓN DEL SISTEMA DE GESTIÓN DE CALIDAD BASADO EN LA NORMA INTERNACIONAL ISO 9001:2015?",20240314,20250414,"OPEN TRADE AQP E.I.R.L.","AREQUIPA","AREQUIPA","AREQUIPA",040101,45000.0000,10285.7100,6857.1400,"SOLES",20250331
"BID 4","PROGRAMA DE INNOVACIÓN MODERNIZACIÓN TECNOLÓGICA Y EMPRENDIMIENTO - MIPYMES DE CALIDAD",2024,"223-PROINNOVATE-IMTEMC-2024","IMPLEMENTAR\, ESTABLECER\, MANTENER\, MEJORAR Y CERTIFICAR EL SISTEMA DE GESTIÓN DE LA CALIDAD ISO 9001:2015",20240314,20250314,"GLOBAL INTEGRAL DE SEGURIDAD SAC","MAGDALENA DEL MAR","LIMA","LIMA",150120,45000.0000,10285.7100,6857.1400,"SOLES",20250331
"BID 4","PROGRAMA DE INNOVACIÓN MODERNIZACIÓN TECNOLÓGICA Y EMPRENDIMIENTO - MIPYMES DE CALIDAD",2024,"224-PROINNOVATE-IMTEMC-2024","PROYECTO DE IMPLEMENTACION Y CERTIFICACION DE UN SISTEMA DE GESTION DE CALIDAD BASADO EN LA NORMA ISO 9001:2015 EN LA EMPRESA FST CONSTRUCTORA E.I.R.L.",20240417,20250517,"FST CONSTRUCTORA CONSULTORIA\, CONTRATISTAS & MATERIALES EMPRESA INDIVIDUAL DE RESPONSABILIDAD LIMITA","CAYMA","AREQUIPA","AREQUIPA",040103,45000.0000,10285.7100,6857.1400,"SOLES",20250331
"BID 4","RED DE EMPRENDIMIENTO FEMENINO",2024,"225-PROINNOVATE-REF-2024","CHAMBA WARMI: PRODUCCIÓN DE UN LIBRO DE HISTORIAS TIPO CRÓNICA (15) CON SECCIÓN DE TIPS DE ESPECIALISTAS Y UN MINIPROGRAMA DE HISTORIAS DESTACADAS(5 VIDEOS) PARA FOMENTAR LA INNOVACIÓN EMPRESARIAL  E INSPIRAR A MUJERES EMPRENDEDORAS DE LIMA\, CUSCO Y CAJAMARCA.",20240319,20250319,"JC LOPEZ & ASOCIADOS S.A.C.","JESUS MARIA","LIMA","LIMA",150113,80000.0000,12420.0000,12420.0000,"SOLES",20250331
"BID 4","RED DE EMPRENDIMIENTO FEMENINO",2024,"226-PROINNOVATE-REF-2024","FEMLAB - MÁS MUJERES LIDERANDO EL ECOSISTEMA EMPRENDEDOR: INCUBACIÓN Y BOOTCAMPS EN EMPRENDIMIENTO",20240307,20250307,"UNIVERSIDAD DE INGENIERIA Y TECNOLOGIA","LIMA","LIMA","LIMA",150101,154000.0000,19529.9500,19250.0000,"SOLES",20250331
"BID 4","PROGRAMA DE INNOVACIÓN MODERNIZACIÓN TECNOLÓGICA Y EMPRENDIMIENTO - MIPYMES DE CALIDAD",2024,"227-PROINNOVATE-IMTEMC-2024","IMPLEMENTACIÓN Y CERTIFICACIÓN DEL SISTEMA HACCP EN LA LÍNEA DE PROCESAMIENTO\, ENVASADO Y DISTRIBUCIÓN DE  COCTELES DE LA EMPRESA  INDUSTRIAS Y NEGOCIOS PICOLI S.R.L.",20240502,20250502,"INDUSTRIAS Y NEGOCIOS PICOLI S.R.L.","CHICLAYO","CHICLAYO","LAMBAYEQUE",140101,45000.0000,10286.0000,6857.0000,"SOLES",20250331
"BID 4","RED DE EMPRENDIMIENTO FEMENINO",2024,"228-PROINNOVATE-REF-2024","EMA EDUCATION - PLATAFORMA DE EDUCACIÓN Y FOMENTO PARA EL EMPRENDIMIENTO FEMENINO EN PERÚ. DEL MVP A LA INVERSIÓN.",20240417,20250417,"COLCA CAPITAL SOCIEDAD GESTORA S.A.C.","MIRAFLORES","LIMA","LIMA",150122,154000.0000,19250.0000,19250.0000,"SOLES",20250331
"BID 4","PROGRAMA DE INNOVACIÓN MODERNIZACIÓN TECNOLÓGICA Y EMPRENDIMIENTO - MIPYMES DE CALIDAD",2024,"229-PROINNOVATE-IMTEMC-2024","OPTIMIZAR LOS PROCESOS Y GESTIÓN DE LA COOPERATIVA VALLE DE LOS INCAS\, IMPLEMENTANDO LA CERTIFICACIÓN GLOBAL GAP\, Y A LA VEZ ASEGURAMOS EL MARCO DE LA SEGURIDAD ALIMENTARIA Y LA PROTECCIÓN DEL MEDIOAMBIENTE.",20240312,20250412,"COOPERATIVA AGRARIA DE PRODUCTORES DE FRUTA FRESCA DEL VALLE DE LOS INCAS","TAMBO GRANDE","PIURA","PIURA",200114,45000.0000,10286.0000,6857.0000,"SOLES",20250331
"BID 4","PROGRAMA DE INNOVACIÓN MODERNIZACIÓN TECNOLÓGICA Y EMPRENDIMIENTO - MIPYMES DE CALIDAD",2024,"231-PROINNOVATE-IMTEMC-2024","DISEÑO\, IMPLEMENTACIÓN Y CERTIFICACIÓN DE UN SISTEMA DE GESTIÓN DE CALIDAD BASADO EN LA NORMA ISO 9001:2015 EN LOS PROCESOS DE COMERCIALIZACIÓN DE LA EMPRESA SOLUCIONES AGRICOLAS MENDOZA E.I.R.L.",20240311,20250211,"SOLUCIONES AGRICOLAS MENDOZA E.I.R.L.","CHICLAYO","CHICLAYO","LAMBAYEQUE",140101,45000.0000,10286.0000,6857.0000,"SOLES",20250331
"BID 4","Startup Perú PLUG - Atracción de Emprendedores Extranjeros",2024,"232-PROINNOVATE-AEE-2024","SAFETYMIND: MONITOREO DE FACTORES DE RIESGO LABORAL EN TIEMPO REAL CON INTELIGENCIA ARTIFICIAL",20240319,20250319,"SAFETYMIND TECH S.A.C.","MIRAFLORES","LIMA","LIMA",150122,154000.0000,22000.0000,44000.0000,"SOLES",20250331
"BID 4","Startup Perú PLUG - Atracción de Emprendedores Extranjeros",2024,"233-PROINNOVATE-AEE-2024","TELEKER: PLATAFORMA DE TELE SALUD PARA PRESTADORES CON ABORDAJE 360 UTILIZANDO IA",20240320,20250320,"TELEKER S.A.C.","SANTIAGO DE SURCO","LIMA","LIMA",150140,154000.0000,22000.0000,44000.0000,"SOLES",20250331
"BID 4","Startup Perú PLUG - Atracción de Emprendedores Extranjeros",2024,"234-PROINNOVATE-AEE-2024","AVEDIAN\, PLATAFORMA DE ANALÍTICA DE DATOS EN SALUD Y MODERNIZACIÓN DE MODELOS DE CONTRATACIÓN Y PAGO CON GRD.",20240326,20250326,"AUMED SOLUTION PERU S.A.C.","SAN MIGUEL","LIMA","LIMA",150136,154000.0000,42290.0000,25000.0000,"SOLES",20250331
"BID 4","PROGRAMA DE INNOVACIÓN MODERNIZACIÓN TECNOLÓGICA Y EMPRENDIMIENTO - MIPYMES DE CALIDAD",2024,"235-PROINNOVATE-IMTEMC-2024","IMPLEMENTACIÓN Y CERTIFICACIÓN DEL SISTEMA DE GESTIÓN DE CALIDAD BASADO EN LA NORMA ISO 9001:2015 PARA MEJORAR LA CALIDAD DE SERVICIO DE LOS PROYECTOS INMOBILIARIOS CAMPESTRES REALIZADOS POR LA EMPRESA MANTARO GRUPO INMOBILIARIO S.A.C.",20240401,20250501,"MANTARO GRUPO INMOBILIARIO S.A.C.","TARAPOTO","SAN MARTIN","SAN MARTIN",220901,45000.0000,10286.0000,6857.0000,"SOLES",20250331
"BID 4","PROGRAMA DE INNOVACIÓN MODERNIZACIÓN TECNOLÓGICA Y EMPRENDIMIENTO - MIPYMES DE CALIDAD",2024,"237-PROINNOVATE-IMTEMC-2024","IMPLEMENTACIÓN Y CERTIFICACIÓN DEL SISTEMA DE GESTIÓN DE CALIDAD BASADO EN LA NORMA ISO 9001 EN LA EMPRESA EMERALD DENT PARA LA PRESTACIÓN DE SERVICIOS ODONTOLÓGICOS DE ALTA CALIDAD.",20240320,20250420,"CENTRO ODONTOLOGICO EMERALD DENT S.A.C.","JULIACA","SAN ROMAN","PUNO",211101,45000.0000,10286.0000,6857.0000,"SOLES",20250331
"BID 4","INNOVACIÓN EMPRESARIAL - CAMBIO CLIMÁTICO",2024,"240-PROINNOVATE-PIEC1CC-2024","DESARROLLO DE UN BIOESTIMULANTE DE VINAZA POTENCIADO CON ESPECIES DE CACTUS Y ALGAS MARINAS PARA EL SECTOR AGRÍCOLA\, CONTRIBUYENDO A LOS ENFOQUES DE ECONOMÍA CIRCULAR Y AGRICULTURA SOSTENIBLE CON EL USO EFICIENTE DE RESIDUOS APROVECHABLES EN LA CADENA DE VALOR",20240318,20250918,"PROCESOS MUCHIK SOCIEDAD DE RESPONSABILIDAD LIMITADA","SURQUILLO","LIMA","LIMA",150141,358327.4600,67212.3400,178000.0000,"SOLES",20250331
"BID 4","PROGRAMA DE INNOVACIÓN MODERNIZACIÓN TECNOLÓGICA Y EMPRENDIMIENTO - MIPYMES DE CALIDAD",2024,"242-PROINNOVATE-IMTEMC-2024","IMPLEMENTACIÓN DE LA TRINORMA ISO 9001:2015\, 14001:2015\, 45001:2018 EN LA EMPRESA SAMPLE SOLUTION\, PARA LA MEJORA DE SATISFACCIÓN DEL CLIENTE PROTECCIÓN DE LOS TRABAJADORES Y CUIDADO DEL MEDIO AMBIENTE EN NUESTRAS OPERACIONES.",20240401,20250501,"SAMPLE SOLUTION S.A.C.","LINCE","LIMA","LIMA",150116,45000.0000,10286.0000,6857.0000,"SOLES",20250331
"BID 4","PROGRAMA DE INNOVACIÓN MODERNIZACIÓN TECNOLÓGICA Y EMPRENDIMIENTO - MIPYMES DE CALIDAD",2024,"243-PROINNOVATE-IMTEMC-2024","ESTABLECER\, IMPLEMENTAR\, MANTENER\, MEJORAR Y CERTIFICAR UN SISTEMA DE GESTIÓN DE LA CALIDAD SEGÚN LA NORMA ISO 9001:2015 EN LA EMPRESA CORMARISCAL S.A.C.",20240620,20250720,"CORPORACION COMERCIAL MARISCAL NIETO SOCIEDAD ANONIMA CERRADA - CORMARISCAL S.A.C.","MOQUEGUA","MARISCAL NIETO","MOQUEGUA",180101,45000.0000,14400.0000,25600.0000,"SOLES",20250331
"BID 4","RED DE EMPRENDIMIENTO FEMENINO",2024,"244-PROINNOVATE-REF-2024","LAS MELIPONICULTORAS - MUJERES AMAZÓNICAS CRIADORAS DE ABEJAS SIN AGUIJÓN",20240319,20250319,"ONG AMAZON RESEARCH INTERNACIONAL","LA MOLINA","LIMA","LIMA",150114,29237.2600,3654.6600,3654.6600,"SOLES",20250331
"BID 4","Startup Perú PLUG - Atracción de Emprendedores Extranjeros",2024,"245-PROINNOVATE-AEE-2024","PIGNUS: HERRAMIENTA PARA MEJORAR SEGURIDAD CONDUCTUAL USANDO REALIDAD VIRTUAL E IA",20240319,20250618,"PIGNUS VR TECH S.A.C.","SANTIAGO DE SURCO","LIMA","LIMA",150140,154000.0000,22000.0000,44000.0000,"SOLES",20250331
"BID 4","Startup Perú PLUG - Atracción de Emprendedores Extranjeros",2024,"246-PROINNOVATE-AEE-2024","PEWMAN INNOVATION SPA: CRIOPROTECT PROTECTOR ANTI HELADAS CON BACTERIAS ANTÁRTICAS Y NANOTECNOLOGÍA",20240405,20250405,"PEWMAN INNOVATION S.A.C.","SANTIAGO DE SURCO","LIMA","LIMA",150140,154000.0000,22000.0000,44000.0000,"SOLES",20250331
"BID 4","RED DE EMPRENDIMIENTO FEMENINO",2024,"247-PROINNOVATE-REF-2024","FORMACIÓN Y GESTIÓN DE UNA RED DE  EMPRENDEDORAS CIENTÍFICAS DE UNIVERSIDADES PERUANAS",20240502,20250502,"UNIVERSIDAD PERUANA CAYETANO HEREDIA","SAN MARTIN DE PORRES","LIMA","LIMA",150135,154000.0000,19404.0000,19250.0000,"SOLES",20250331
"BID 4","PROGRAMA DE INNOVACIÓN MODERNIZACIÓN TECNOLÓGICA Y EMPRENDIMIENTO - MIPYMES DE CALIDAD",2024,"248-PROINNOVATE-IMTEMC-2024","PROYECTO DE IMPLEMENTACIÓN Y CERTIFICACIÓN DE UN SISTEMA DE GESTIÓN DE CALIDAD BASADO EN LA NORMA ISO 9001:2015 EN LA EMPRESA COMPAÑIA CRONOS S.A.C.",20240417,20250517,"COMPAÑIA CRONOS SOCIEDAD ANONIMA CERRADA","CERRO COLORADO","AREQUIPA","AREQUIPA",040104,45000.0000,10285.7100,6857.1400,"SOLES",20250331
"BID 4","PROGRAMA DE INNOVACIÓN MODERNIZACIÓN TECNOLÓGICA Y EMPRENDIMIENTO - MIPYMES DE CALIDAD",2024,"249-PROINNOVATE-IMTEMC-2024","IMPLEMENTACIÓN DE UN SISTEMA DE GESTIÓN DE CALIDAD ISO 9001 PARA LA ESTANDARIZACIÓN Y MEJORA CONTINUA DE LA EMPRESA SKYLIGHT GENERADORES EIRL DE LA REGIÓN AREQUIPA",20240320,20250420,"SKYLIGHT GENERADORES E.I.R.L.","MIRAFLORES","AREQUIPA","AREQUIPA",040110,45000.0000,10290.0000,6855.0000,"SOLES",20250331
"BID 4","PROGRAMA DE INNOVACIÓN MODERNIZACIÓN TECNOLÓGICA Y EMPRENDIMIENTO - MIPYMES DE CALIDAD",2024,"250-PROINNOVATE-IMTEMC-2024","\"IMPLEMENTACION Y CERTIFICACION DE UN SISTEMA DE GESTION DE CALIDAD ISO 9001:2015 EN LA EMPRESA EXPORT AND IMPORT CONSULTANCY S.A.C.",20240409,20250409,"EXPORT AND IMPORT CONSULTANCY S.A.C.","SAN MIGUEL","LIMA","LIMA",150136,43400.0000,9900.0000,6600.0000,"SOLES",20250331
"BID 4","INNOVACIÓN EMPRESARIAL - CAMBIO CLIMÁTICO",2024,"251-PROINNOVATE-PIEC1CC-2024","DESARROLLO DE PROTOTIPOS DE ELEMENTOS ESTRUCTURALES ECOAMIGABLES Y DE ALTO DESEMPEÑO USANDO HORMIGÓN DE ULTRA ALTO RENDIMIENTO (UHPC) A PARTIR DE LA REUTILIZACIÓN DE LAS ARENAS FINAS DE LOS RELAVES MINEROS DESARROLLADO POR EXC ADMINISTRACION S.A.C.",20240312,20260312,"EXC ADMINISTRACION S.A.C.","SANTIAGO DE SURCO","LIMA","LIMA",150140,358163.3500,37109.4100,71525.0000,"SOLES",20250331
"BID 4","PROGRAMA DE INNOVACIÓN MODERNIZACIÓN TECNOLÓGICA Y EMPRENDIMIENTO - MIPYMES DE CALIDAD",2024,"252-PROINNOVATE-IMTEMC-2024","IMPLEMENTACIÓN Y CERTIFICACIÓN DEL SISTEMA DE GESTIÓN DE CALIDAD  SEGÚN LA NORMA ISO 9001:2015 PARA LA MEJORA DE LA CALIDAD\, PRODUCTIVIDAD Y COMPETITIVIDAD DE LA EMPRESA PROHYGIENE",20240320,20250420,"R & R AQP S.A.C.","AREQUIPA","AREQUIPA","AREQUIPA",040101,45000.0000,10285.7100,6857.1400,"SOLES",20250331
"BID 4","PROGRAMA DE INNOVACIÓN MODERNIZACIÓN TECNOLÓGICA Y EMPRENDIMIENTO - MIPYMES DE CALIDAD",2024,"253-PROINNOVATE-IMTEMC-2024","DIAGNOSTICO\, IMPLEMENTACIÓN Y CERTIFICACIÓN DEL SISTEMA DE GESTIÓN DE SEGURIDAD Y SALUD EN EL TRABAJO EN BASE A LA NORMA ISO 45001:2018 EN LA EMPRESA GLOBAL PLASTIC S.A.C.",20240318,20250318,"GLOBAL PLASTIC SOCIEDAD ANONIMA CERRADA","LOS OLIVOS","LIMA","LIMA",150117,45000.0000,10285.7200,6857.1400,"SOLES",20250331
"BID 4","PROGRAMA DE INNOVACIÓN MODERNIZACIÓN TECNOLÓGICA Y EMPRENDIMIENTO - MIPYMES DE CALIDAD",2024,"254-PROINNOVATE-IMTEMC-2024","IMPLEMENTACIÓN DE UN SISTEMA DE GESTIÓN ANTISOBORNO BASADO EN LA ISO 37001: 2016 PARA LA EXCELENCIA EN CONSULTORÍA AMBIENTAL DE LA EMPRESA ALLPA ESPECIALISTAS EN SOLUCIONES AMBIENTALES SAC DE LA REGIÓN AREQUIPA",20240401,20250501,"ALLPA ESPECIALISTAS EN SOLUCIONES AMBIENTALES S.A.C. - ALLPA E.S.A. S.A.C.","SOCABAYA","AREQUIPA","AREQUIPA",040122,45000.0000,10285.7100,6857.1400,"SOLES",20250331
"BID 4","INCUBADORAS CAMBIO CLIMÁTICO",2024,"255-PROINNOVATE-ICC-2024","EMPRENDE UP\, INCUBADORA EN CAMBIO CLIMÁTICO: CLIMATECH POWERHOUSE.",20240405,20260605,"UNIVERSIDAD DEL PACIFICO","JESUS MARIA","LIMA","LIMA",150113,500000.0000,68819.0000,42200.0000,"SOLES",20250331
"BID 4","PROGRAMA DE INNOVACIÓN MODERNIZACIÓN TECNOLÓGICA Y EMPRENDIMIENTO - MIPYMES DE CALIDAD",2024,"256-PROINNOVATE-IMTEMC-2024","PROCESO DE CERTIFICACIÓN EN LA NORMA ISO 9001 PARA LA EMPRESA MASERMIN SAC\, EN BÚSQUEDA DE LA EXCELENCIA EN SERVICIOS ELECTROMECÁNICOS EN INDUSTRIA Y MINERÍA",20240618,20250718,"MASERMIN S.A.C.","PAUCARPATA","AREQUIPA","AREQUIPA",040112,45000.0000,10285.7100,6857.1400,"SOLES",20250331
"BID 4","PROGRAMA DE INNOVACIÓN MODERNIZACIÓN TECNOLÓGICA Y EMPRENDIMIENTO - MIPYMES DE CALIDAD",2024,"257-PROINNOVATE-IMTEMC-2024","IMPLEMENTACIÓN DEL SISTEMA HACCP EN LA PRODUCCIÓN DE PLATOS PREPARADOS EN VIONDES SAC - AREQUIPA",20240318,20250318,"VIONDES S.A.C.","YANAHUARA","AREQUIPA","AREQUIPA",040126,45000.0000,10285.7100,6857.1400,"SOLES",20250331
"BID 4","PROGRAMA DE INNOVACIÓN MODERNIZACIÓN TECNOLÓGICA Y EMPRENDIMIENTO - MIPYMES DE CALIDAD",2024,"259-PROINNOVATE-IMTEMC-2024","IMPLEMENTACIÓN Y CERTIFICACIÓN DE LA  NORMA ISO 9001:2015 EN LA ASOCIACION FONDO CONTRA ACCIDENTES DE TRANSITO DE LA REGION JUNIN - AFOCAT JUNIN",20240502,20250602,"ASOCIACION FONDO CONTRA ACCIDENTES DE TRANSITO DE LA REGION JUNIN - AFOCAT JUNIN","EL TAMBO","HUANCAYO","JUNIN",120114,41400.0000,9360.0000,6240.0000,"SOLES",20250331
"BID 4","RED DE EMPRENDIMIENTO FEMENINO",2024,"260-PROINNOVATE-REF-2024","EN ESTADO BETA: PROGRAMA DE FORMACIÓN Y MENTORÍA DE FUTURAS EMPRESARIAS DE 3ERO\, 4TO Y 5TO DE SECUNDARIA DE LAS REGIONES LIMA\, ICA Y AREQUIPA",20240530,20250530,"EN ESTADO BETA S.A.C.","SANTIAGO DE SURCO","LIMA","LIMA",150140,117000.0000,14625.0000,14625.0000,"SOLES",20250331
"BID 4","DINAMIZACIÓN DEL ECOSISTEMA REGIONAL DE INNOVACIÓN Y EMPRENDIMIENTO",2024,"261-PROINNOVATE-DER-2024","HUANCAVELICA DINAMIZADA EN INNOVACIÓN Y EMPRENDIMIENTO",20240307,20270307,"ASOCIACION CENTRO DE ESTUDIOS Y PROMOCION DEL DESARROLLO ANDINO AMAZONICO - DESCOCENTRO","HUANCAVELICA","HUANCAVELICA","HUANCAVELICA",090101,3000000.0000,283071.5200,604639.1400,"SOLES",20250331
"BID 4","Startup Perú PLUG - Atracción de Emprendedores Extranjeros",2024,"266-PROINNOVATE-AEE-2024","LANK\, DEMOCRATIZANDO EL ACCESO A SERVICIOS DIGITALES",20240405,20250804,"LANK PERU S.A.C.","MAGDALENA DEL MAR","LIMA","LIMA",150120,154000.0000,38500.0000,46200.0000,"SOLES",20250331
"BID 4","Startup Perú PLUG - Atracción de Emprendedores Extranjeros",2024,"267-PROINNOVATE-AEE-2024","T-KED GLOBAL: PLATAFORMA DE EMPRENDIMIENTO EN ETAPA TEMPRANA PARA JÓVENES DE LATINOAMÉRICA",20240405,20250405,"TKED GLOBAL S.A.C.","SANTIAGO DE SURCO","LIMA","LIMA",150140,154000.0000,22000.0000,44000.0000,"SOLES",20250331
"BID 4","FOMENTO DE CAPITAL DE RIESGO EN EMPRENDIMIENTO DINÁMICOS Y DE ALTO IMPACTO",2024,"268-PROINNOVATE-FCR-2024","SEEDSTARS WINNIPEG EDTECH FUND: INVERSIÓN EN EMPRESAS CON ALTO CONTENIDO TECNOLÓGICO DE ALTO IMPACTO EN LATINOAMÉRICA EN TEMAS DE EDUCACIÓN Y TRABAJO",20240312,20260912,"WINNIPEG SOCIEDAD GESTORA DE FONDOS DE INVERSION S.A.C.","SAN ISIDRO","LIMA","LIMA",150131,150000.0000,18750.0000,15000.0000,"DOLARES",20250331
"BID 4","PROGRAMA DE INNOVACIÓN MODERNIZACIÓN TECNOLÓGICA Y EMPRENDIMIENTO - MIPYMES DE CALIDAD",2024,"270-PROINNOVATE-IMTEMC-2024","IMPLEMENTACIÓN Y CERTIFICACIÓN DE LA NORMA ISO 14001:2015 EN LA EMPRESA INVERSIONES CARSUP S.A.C.",20240320,20250420,"INVERSIONES CARSUP S.A.C.","SOCABAYA","AREQUIPA","AREQUIPA",040122,45000.0000,10285.7100,6857.1400,"SOLES",20250331
"BID 4","PROGRAMA DE INNOVACIÓN MODERNIZACIÓN TECNOLÓGICA Y EMPRENDIMIENTO - MIPYMES DE CALIDAD",2024,"272-PROINNOVATE-IMTEMC-2024","IMPLEMENTACIÓN Y CERTIFICACIÓN DEL SISTEMA DE GESTION DE CALIDAD BASADO EN LA NORMA ISO 9001:2015 LA EMPRESA PRINGRAF S.A.C.",20240502,20250502,"PRINGRAF S.A.C.","BREÑA","LIMA","LIMA",150105,45000.0000,10285.7200,6857.1400,"SOLES",20250331
"BID 4","PROGRAMA DE INNOVACIÓN MODERNIZACIÓN TECNOLÓGICA Y EMPRENDIMIENTO - MIPYMES DE CALIDAD",2024,"273-PROINNOVATE-IMTEMC-2024","DISEÑO\, ADOPCIÓN E IMPLEMENTACIÓN HASTA EL LOGRO DE CERTIFICACIÓN DE UN SISTEMA DE GESTIÓN DE CALIDAD BAJO LOS ESTÁNDARES DE ISO 9001:2015\, EN LAS OPERACIONES DE GEMCO GEOSINTÉTICOS MINERIA Y CONSTRUCCION",20240719,20250819,"GEMCO GEOSINTETICOS MINERIA Y CONSTRUCCION S.A.C.","JOSE LUIS BUSTAMANTE Y RIVERO","AREQUIPA","AREQUIPA",040129,45000.0000,10285.7100,6857.1400,"SOLES",20250331
"BID 4","PROGRAMA DE INNOVACIÓN MODERNIZACIÓN TECNOLÓGICA Y EMPRENDIMIENTO - MIPYMES DE CALIDAD",2024,"274-PROINNOVATE-IMTEMC-2024","IMPLEMENTACION Y CERTIFICACION DEL SISTEMA INTEGRADO DE GESTION DE LA CALIDAD Y SEGURIDAD Y SALUD EN EL TRABAJO",20240604,20250404,"ARSEN SOLUCIONES ENERGETICAS S.A.C.","CHORRILLOS","LIMA","LIMA",150108,44674.6800,10202.0600,6801.3700,"SOLES",20250331
"BID 4","PROGRAMA DE INNOVACIÓN MODERNIZACIÓN TECNOLÓGICA Y EMPRENDIMIENTO - MIPYMES DE CALIDAD",2024,"275-PROINNOVATE-IMTEMC-2024","IMPLEMENTACIÓN Y CERTIFICACIÓN DEL SISTEMA DE GESTIÓN DE LA CALIDAD  ISO 9001:2015",20240618,20250418,"ZEDI SERVICIOS S.A.C.","SAN MARTIN DE PORRES","LIMA","LIMA",150135,41993.1200,9512.5200,6341.6700,"SOLES",20250331
"BID 4","PROGRAMA DE INNOVACIÓN MODERNIZACIÓN TECNOLÓGICA Y EMPRENDIMIENTO - MIPYMES DE CALIDAD",2024,"276-PROINNOVATE-IMTEMC-2024","IMPLEMENTACION Y CERTIFICACION DEL SISTEMA HACCP PARA EL PROCESAMIENTO\, ENVASADO Y DISTRIBUCION DE ALIMENTO BALANCEADO PARA ANIMALES DESARROLLADO POR LA EMPRESA MOLINDUSTRIAS SAN MIGUEL DE PIURA",20240417,20250517,"MOLINDUSTRIAS SAN MIGUEL DE PIURA S.A.C.","PIURA","PIURA","PIURA",200101,45000.0000,10285.7100,6857.1400,"SOLES",20250331
"BID 4","INNOVACIÓN EMPRESARIAL - CAMBIO CLIMÁTICO",2024,"277-PROINNOVATE-PIEC1CC-2024","DESARROLLO DE EMPAQUES DE CARTÓN GERMINABLES PARA ALIMENTOS FRESCOS",20240326,20250626,"IMPRENTA EDITORA GRAFICA REAL S.A.C.","HUANCHACO","TRUJILLO","LA LIBERTAD",130104,357232.5300,47561.8700,73880.0000,"SOLES",20250331
"BID 4","INNOVACIÓN EMPRESARIAL - CAMBIO CLIMÁTICO",2024,"279-PROINNOVATE-PIEC1CC-2024","DESARROLLO DE UNA CAJA PORTABLE PARA BOTELLAS DE VIDRIO (CERVEZA ARTESANAL Y LICORES EXÓTICOS NACIONALES) A BASE DE CARTÓN PRENSADO RECICLADO OBTENIDO CON EL REAPROVECHAMIENTO DE LAS MERMAS DE LA PRODUCCIÓN GRÁFICA PRINCIPAL DE LA EMPRESA \"CUENTA CONMIGO\"",20240326,20250926,"CUENTA CONMIGO INTERNATIONAL E.I.R.L.","BREÑA","LIMA","LIMA",150105,359934.2200,57137.7800,56250.0000,"SOLES",20250331
"BID 4","Startup Perú PLUG - Atracción de Emprendedores Extranjeros",2024,"281-PROINNOVATE-AEE-2024","CHECKFORMS\, APP PARA GESTIÓN DE FORMULARIOS DINÁMICOS",20240319,20250319,"IACONTROLLER S.A.C.","JESUS MARIA","LIMA","LIMA",150113,154000.0000,22000.0000,44000.0000,"SOLES",20250331
"BID 4","PROGRAMA DE INNOVACIÓN MODERNIZACIÓN TECNOLÓGICA Y EMPRENDIMIENTO - MIPYMES DIGITALES - CAMBIO CLIMÁTICO",2024,"282-PROINNOVATE-IMTEMDCC-2024","DISEÑO E IMPLEMENTACIÓN DE UN SISTEMA A MEDIDA DE BIG DATA Y ANALÍTICA\, QUE BUSCA OPTIMIZAR MANTENIMIENTOS PREDICTIVOS EN TRANSFORMADORES DE POTENCIA\, A FIN DE MEJORAR SU EFICIENCIA ENERGÉTICA Y REDUCIR EL RIESGO DE IMPACTO EN EL GEI POR SUS ACEITES AISLANTES.",20240520,20250420,"QUALITAS S.A.","PUEBLO LIBRE","LIMA","LIMA",150121,45000.0000,10285.7200,6857.1400,"SOLES",20250331
"BID 4","INCUBADORAS 2.0",2024,"283-PROINNOVATE-INC20-2024","INCUBAUNT 2.0\, FOMENTANDO STARTUPS DE ALTO IMPACTO",20240429,20260629,"UNIVERSIDAD NACIONAL DE TRUJILLO","TRUJILLO","TRUJILLO","LA LIBERTAD",130101,1450000.0000,181250.0000,151250.0000,"SOLES",20250331
"BID 4","PROGRAMA DE INNOVACIÓN MODERNIZACIÓN TECNOLÓGICA Y EMPRENDIMIENTO - MIPYMES DIGITALES - CAMBIO CLIMÁTICO",2024,"285-PROINNOVATE-IMTEMDCC-2024","SISTEMA DE TECNIFICACIÓN DE RIEGO ALIMENTADO POR ENERGÍA SOLAR DESDE RESERVORIOS DE GEOMEMBRANA E IMPLEMENTACIÓN DE TRANSFORMACIÓN DIGITAL PARA PROCESOS DE LA EMPRESA GEORIEGO E.I.R.L.",20240722,20250422,"GEORIEGO S.A.C","LA VICTORIA","CHICLAYO","LAMBAYEQUE",140106,45000.0000,10286.0000,6857.0000,"SOLES",20250331
"BID 4","FOMENTO DE CAPITAL DE RIESGO EN EMPRENDIMIENTO DINÁMICOS Y DE ALTO IMPACTO",2024,"286-PROINNOVATE-FCR-2024","EMA VENTURES - EMPOWERING ALL. FONDO PRIVADO DE CAPITAL DE RIESGO QUE APOYA A MUJERES LÍDERES EN EL ECOSISTEMA EMPRENDEDOR DE PERÚ Y LATINOAMÉRICA.",20240417,20261017,"COLCA CAPITAL SOCIEDAD GESTORA S.A.C.","MIRAFLORES","LIMA","LIMA",150122,150000.0000,18750.0000,15750.0000,"DOLARES",20250331
"BID 4","PROGRAMA DE INNOVACIÓN MODERNIZACIÓN TECNOLÓGICA Y EMPRENDIMIENTO - MIPYMES DIGITALES - CAMBIO CLIMÁTICO",2024,"287-PROINNOVATE-IMTEMDCC-2024","IMPLEMENTACIÓN DE TECNOLOGÍAS DIGITALES PARA MONITOREAR Y OPTIMIZAR EL RENDIMIENTO DE LOS EQUIPOS DE REFRIGERACIÓN Y AIRE ACONDICIONADO CON INTEGRACIÓN DE SISTEMA PARA LA GESTIÓN DINÁMICA DE PROCESOS.",20240520,20250420,"ALCOM PERU INGENIERIA S.A.C","LIMA","LIMA","LIMA",150101,45000.0000,10286.0000,6857.0000,"SOLES",20250331
"BID 4","Startup Perú PLUG - Atracción de Emprendedores Extranjeros",2024,"289-PROINNOVATE-AEE-2024","BSN\, SOLUCIONES QUÍMICAS PARA UNA INDUSTRIA MÁS SUSTENTABLE",20240522,20250522,"BSN PERU SAC","SANTIAGO DE SURCO","LIMA","LIMA",150140,154000.0000,22330.0000,43890.0000,"SOLES",20250331
"BID 4","PROGRAMA DE INNOVACIÓN MODERNIZACIÓN TECNOLÓGICA Y EMPRENDIMIENTO - MIPYMES DIGITALES - CAMBIO CLIMÁTICO",2024,"290-PROINNOVATE-IMTEMDCC-2024","INCORPORACION DE TECNOLOGIAS DIGITALES EN LOS PRINCIPALES PROCESOS DE LA EMPRESA BAJO EL CONCEPTO DE ECONOMÍA CIRCULAR",20240722,20250622,"VITIVINICOLA NYRLA LEVANO E.I.R.L.","LOS AQUIJES","ICA","ICA",110103,45000.0000,11040.0000,6960.0000,"SOLES",20250331
"BID 4","PROGRAMA DE INNOVACIÓN MODERNIZACIÓN TECNOLÓGICA Y EMPRENDIMIENTO - MIPYMES DIGITALES - CAMBIO CLIMÁTICO",2024,"292-PROINNOVATE-IMTEMDCC-2024","DISEÑO E IMPLEMENTACIÓN DE UN SISTEMA DIGITAL PARA LA MONITORIZACIÓN DE EFLUENTES Y GENERACIÓN DE SEDIMENTOS PROVENIENTES ACUICULTURA\, PARA LA RECIRCULACIÓN EN SINERGIA CON AGRICULTURA Y ACUAPONÍA PARA LA EMPRESA NUTRIALIMENTOS DEL NORTE E.I.R.L.",20240930,20250830,"NUTRIALIMENTOS DEL NORTE E.I.R.L.","JOSE LEONARDO ORTIZ","CHICLAYO","LAMBAYEQUE",140105,45000.0000,10286.0000,6857.0000,"SOLES",20250331
"BID 4","PROGRAMA DE INNOVACIÓN MODERNIZACIÓN TECNOLÓGICA Y EMPRENDIMIENTO - MIPYMES DIGITALES - CAMBIO CLIMÁTICO",2024,"294-PROINNOVATE-IMTEMDCC-2024","DESARROLLO E IMPLEMENTACIÓN DE UN SISTEMA QUE PERMITA EL REAPROVECHAMIENTO Y ECONOMÍA CIRCULAR DE LOS DESECHOS PRODUCTIVOS GENERADOS EN LA EMPRESA TEXTIL DFRIDA COLECCTION E.I.R.L. PARA INTEGRAR UNA NUEVA LÍNEA DE PRODUCCIÓN",20240524,20250424,"D FRIDA COLLECTION E.I.R.L.","AREQUIPA","AREQUIPA","AREQUIPA",040101,44999.0000,10286.0000,6857.0000,"SOLES",20250331
"BID 4","PROGRAMA DE INNOVACIÓN MODERNIZACIÓN TECNOLÓGICA Y EMPRENDIMIENTO - MIPYMES DE CALIDAD",2024,"295-PROINNOVATE-IMTEMC-2024","IMPLEMENTACIÓN DE UN SISTEMA DE GESTIÓN ANTISOBORNO  BASADO EN LA NORMA ISO 37001: 2016 PARA AUMENTAR LAS  POSIBILIDADES DE ACCESO A NUEVOS MERCADOS Y MEJORA EN LOS  PROCESOS DE LA EMPRESA LOG TRANSPORT S.A.C.",20240417,20250517,"LOG TRANSPORT S.A.C.","BELLAVISTA","PROV. CONST. DEL CALLAO","CALLAO",070102,45000.0000,10285.7100,6857.1400,"SOLES",20250331
"BID 4","PROGRAMA DE INNOVACIÓN MODERNIZACIÓN TECNOLÓGICA Y EMPRENDIMIENTO - MIPYMES DIGITALES - CAMBIO CLIMÁTICO",2024,"296-PROINNOVATE-IMTEMDCC-2024","INCORPORACIÓN DE TECNOLOGÍAS DIGITALES PARA LA AUTOMATIZACIÓN Y TRAZABILIDAD DEL REGISTRO DE PRODUCTOS Y PROCESOS PRODUCTIVOS CON ENFOQUE MEDIOAMBIENTAL DE LANA DE OVEJA.",20240520,20250420,"HILOS Y COLORES E.I.R.L.","AYACUCHO","HUAMANGA","AYACUCHO",050101,44900.0000,10260.0000,6840.0000,"SOLES",20250331
"BID 4","INNOVACIÓN EMPRESARIAL - CAMBIO CLIMÁTICO",2024,"297-PROINNOVATE-PIEC1CC-2024","DESARROLLO DEL PROCESO PRODUCTIVO DE PIEZAS CONSTRUCTIVAS A PARTIR DE RESIDUOS DE LA INDUSTRIA CEMENTERA Y OTROS RECURSOS NATURALES DE LA REGIÓN PIURA (ENFOQUE: ECONOMÍA CIRCULAR)",20240502,20250502,"3R CONTRATA PERÚ SOCIEDAD ANÓNIMA CERRADA DE BENEFICIO E INTERÉS COLECTIVO","CASTILLA","PIURA","PIURA",200104,359975.9300,43333.6700,38080.0000,"SOLES",20250331
"BID 4","FOMENTO DE CAPITAL DE RIESGO EN EMPRENDIMIENTO DINÁMICOS Y DE ALTO IMPACTO",2024,"300-PROINNOVATE-FCR-2024","FACILITECH-ALAYA CAPITAL: CAPITAL EMPRENDEDOR EN PERÚ",20240326,20260626,"FACILITECH GESTORA DE FONDOS SOCIEDAD ANONIMA CERRADA","SAN ISIDRO","LIMA","LIMA",150131,150000.0000,18750.0000,14742.0000,"DOLARES",20250331
"BID 4","INCUBADORAS SOFTLANDING - Acompañamiento",2024,"301-PROINNOVATE-AEE-2024","HUB UDEP\, ACOMPAÑAMIENTO A PROYECTOS DE PLUG 4G",20240401,20250401,"UNIVERSIDAD DE PIURA","PIURA","PIURA","PIURA",200101,21000.0000,0.0000,0.0000,"DOLARES",20250331
"BID 4","RED DE EMPRENDIMIENTO FEMENINO",2024,"303-PROINNOVATE-REF-2024","EMPRENDE UP: INSPIRA\, APRENDE Y EMPRENDE MUJER",20240521,20250521,"UNIVERSIDAD DEL PACIFICO","JESUS MARIA","LIMA","LIMA",150113,117000.0000,15286.3800,14705.0000,"SOLES",20250331
"BID 4","INNOVACIÓN EMPRESARIAL - CAMBIO CLIMÁTICO",2024,"304-PROINNOVATE-PIEC1CC-2024","DESARROLLO DE UNA PLATAFORMA UTILIZANDO MODELOS BIOESTADÍSTICOS DE DINÁMICAS POBLACIONALES QUE PERMITIRÁ MEJORAR LA ESTIMACIÓN DE CALIBRE Y VOLUMEN DE LA PALTA HASS\, IMPACTANDO EN LA REDUCCIÓN DE EMISIONES ASOCIADAS.",20240405,20251005,"PHRONESYS","SANTIAGO DE SURCO","LIMA","LIMA",150140,359999.9300,60000.0700,179999.9400,"SOLES",20250331
"BID 4","INNOVACIÓN EMPRESARIAL - CAMBIO CLIMÁTICO",2024,"306-PROINNOVATE-PIEC1CC-2024","DESARROLLO DE UN PIENSO ECO-SOSTENIBLE PARA GALLINAS DE LIBRE PASTOREO ELABORADO A PARTIR DE RESIDUOS AGROINDUSTRIALES E INSECTOS COMO ALTERNATIVA EN LA NUTRICIÓN AVÍCOLA DOMÉSTICA Y RURAL",20240418,20250918,"CARMELITAS PAN SAC","MIRAFLORES","LIMA","LIMA",150122,359997.4400,43145.5600,43200.0000,"SOLES",20250331
"BID 4","RED DE EMPRENDIMIENTO FEMENINO",2024,"307-PROINNOVATE-REF-2024","CONECTANDO MUJERES EMPRENDEDORAS E INNOVADORAS EN EL ÁMBITO DE TICS",20240416,20241016,"MUJERES CONECTADAS SIN FRONTERAS","TRUJILLO","TRUJILLO","LA LIBERTAD",130101,40000.0000,7300.0000,5400.0000,"SOLES",20250331
"BID 4","PROGRAMA DE INNOVACIÓN MODERNIZACIÓN TECNOLÓGICA Y EMPRENDIMIENTO - MIPYMES DIGITALES - CAMBIO CLIMÁTICO",2024,"308-PROINNOVATE-IMTEMDCC-2024","MEJORAMIENTO DE LA SOSTENIBILIDAD Y COMPETITIVIDAD DE BREST AMAZON HOTEL MEDIANTE LA TRANSICIÓN A ENERGÍAS RENOVABLES Y  EL USO DE TECNOLOGÍAS DIGITALES IOT",20240522,20250422,"MILLONARIOS TRAVEL E.I.R.L.","TARAPOTO","SAN MARTIN","SAN MARTIN",220901,45000.0000,10500.0000,6800.0000,"SOLES",20250331
"BID 4","PROGRAMA DE INNOVACIÓN MODERNIZACIÓN TECNOLÓGICA Y EMPRENDIMIENTO - MIPYMES DIGITALES - CAMBIO CLIMÁTICO",2024,"309-PROINNOVATE-IMTEMDCC-2024","INTEGRACIÓN DE LA TECNOLOGÍA DE DRONES DE ESCANEO CON PROCESAMIENTO DEEP LEARNING Y USO DEL HONGO TRICHODERMA EN EL MANEJO INTEGRADO DE LA PLAGA DE GORGOJO ANDINO EN EL CULTIVO DE PAPA NATIVA REALIZADO POR LOS PRODUCTORES DE LA EMPRESA ANDEAN FOOD TRADE",20240502,20250302,"ANDEAN FOOD TRADE SOCIEDAD COMERCIAL DE RESPONSABILIDAD LIMITADA","EL TAMBO","HUANCAYO","JUNIN",120114,45000.0000,10286.0000,6857.0000,"SOLES",20250331
"BID 4","PROGRAMA DE INNOVACIÓN MODERNIZACIÓN TECNOLÓGICA Y EMPRENDIMIENTO - MIPYMES DE CALIDAD",2024,"310-PROINNOVATE-IMTEMC-2024","IMPLEMENTACIÓN Y CERTIFICACIÓN DEL SISTEMA DE GESTIÓN DE CALIDAD BASADO EN LA NORMA ISO 9001 EN LA EMPRESA TECNOSALUD E.I.R.L. PARA LA MEJORA DE PROCESO DE CALIDAD DE SERVICIOS.",20240417,20250517,"TECNOSALUD E.I.R.L.","TRUJILLO","TRUJILLO","LA LIBERTAD",130101,44900.0000,10260.0000,6840.0000,"SOLES",20250331
"BID 4","PROGRAMA DE INNOVACIÓN MODERNIZACIÓN TECNOLÓGICA Y EMPRENDIMIENTO - MIPYMES DIGITALES - CAMBIO CLIMÁTICO",2024,"311-PROINNOVATE-IMTEMDCC-2024","INCORPORACIÓN DE TECNOLOGÍAS DIGITALES PARA EL REGISTRO Y TRAZABILIDAD EN LA FABRICACIÓN Y VENTA DE EQUIPOS ACERO INOXIDABLE QUE MINIMICEN LA EMISIÓN DE CARBONO CON METODOLOGÍAS SCRUM Y HERRAMIENTAS LEAN SIX SIGMA Y DE INTELIGENCIA ARTIFICIAL",20240524,20250424,"CORPORACION INDUSTRIAL KING WARE SAC","VILLA EL SALVADOR","LIMA","LIMA",150142,44900.0000,10260.0000,6840.0000,"SOLES",20250331
"BID 4","PROGRAMA DE INNOVACIÓN MODERNIZACIÓN TECNOLÓGICA Y EMPRENDIMIENTO - MIPYMES DIGITALES - CAMBIO CLIMÁTICO",2024,"312-PROINNOVATE-IMTEMDCC-2024","IMPLEMENTACIÓN DE UN SISTEMA INTEGRADO DE ACTIVIDADES Y PRODUCTOS CON CANALES DIGITALES\, PARA INCREMENTAR LAS VENTAS EN PRODUCTOS 100% ORGÁNICOS\, CON MANEJO FORESTAL REGENERATIVO Y PRODUCCIÓN SOSTENIBLE.",20240524,20250424,"INVERSIONES AGROFORESTALES REGENERATIVAS PERU SAC","LABERINTO","TAMBOPATA","MADRE DE DIOS",170104,45000.0000,10285.7200,6857.1400,"SOLES",20250331
"BID 4","PROGRAMA DE INNOVACIÓN MODERNIZACIÓN TECNOLÓGICA Y EMPRENDIMIENTO - MIPYMES DIGITALES - CAMBIO CLIMÁTICO",2024,"313-PROINNOVATE-IMTEMDCC-2024","IMPLEMENTACIÓN TECNOLÓGICA DE UNA BIG DATA PARA ANÁLISIS Y REDUCCIÓN DEL CONSUMO ENERGÉTICO CONVENCIONAL Y MIGRACIÓN PROGRESIVA A ENERGÍA RENOVABLE MEDIANTE PANELES SOLARES EFICIENTES EN FAVOR DEL MEDIO AMBIENTE COMO SOLUCIÓN ALTERNATIVA AL CAMBIO CLIMÁTICO.",20240524,20250424,"MEGA NETWORK & SYSTEMS S.R.L.","JUANJUI","MARISCAL CACERES","SAN MARTIN",220601,45000.0000,10300.0000,6858.0000,"SOLES",20250331
"BID 4","PROGRAMA DE INNOVACIÓN MODERNIZACIÓN TECNOLÓGICA Y EMPRENDIMIENTO - MIPYMES DIGITALES - CAMBIO CLIMÁTICO",2024,"314-PROINNOVATE-IMTEMDCC-2024","INTEGRACIÓN DE UNA PLATAFORMA DE INFORMACIÓN QUE MITIGUE LAS EMISIONES DE CARBONO PRODUCIDAS POR EL PAPEL\, PERMITIENDO LA COLABORACIÓN\, REDUCCIÓN Y OPTIMIZACIÓN DE PROCESOS\, RESPALDO DE INFORMACIÓN  Y EL ENGANCHE CON CADA CLIENTE.",20240520,20250420,"CONSULTORA E INMOBILIARIA VOLCAN S.A. - CIVSA","AREQUIPA","AREQUIPA","AREQUIPA",040101,44999.0000,10286.0000,6857.0000,"SOLES",20250331
"BID 4","INNOVACIÓN EMPRESARIAL - CAMBIO CLIMÁTICO",2024,"317-PROINNOVATE-PIEC1CC-2024","DESARROLLO DE UN PROTOCOLO PARA LA POLINIZACIÓN CRUZADA INDUCIDA CON ABEJAS NATIVAS EN EL CULTIVO DE CAFÉ VARIEDAD ROBUSTA\, CON LA FINALIDAD DE MEJORAR LA PRODUCTIVIDAD Y CALIDAD DEL CAFÉ ROBUSTA DE LA COOPERATIVA CEPRO YANESHA\, EN VILLA RICA\, OXAPAMPA",20240530,20260530,"COOPERATIVA AGRARIA CAFETALERA CEPRO YANESHA","VILLA RICA","OXAPAMPA","PASCO",190307,359196.0000,42044.0000,48000.0000,"SOLES",20250331
"BID 4","INNOVACIÓN EMPRESARIAL - CAMBIO CLIMÁTICO",2024,"318-PROINNOVATE-PIEC1CC-2024","DESARROLLO DE UN SISTEMA AUTOMATIZADO PARA LA OBTENCIÓN DE ORO ECOLÓGICO SIN UTILIZAR MERCURIO\, EN LA CONCESIÓN MINERA FORMALIZADA Y LIDERADA POR MUJER PERTENECIENTE A LA MINERÍA ARTESANAL Y DE PEQUEÑA ESCALA DEL DEPARTAMENTO DE MADRE DE DIOS.",20240530,20251130,"INVERSIONES DJL SOCIEDAD ANONIMA CERRADA-INVERSIONES DJL S.A.C.","INAMBARI","TAMBOPATA","MADRE DE DIOS",170102,295585.0700,16500.0000,43200.0000,"SOLES",20250331
"BID 4","PROGRAMA DE INNOVACIÓN MODERNIZACIÓN TECNOLÓGICA Y EMPRENDIMIENTO - MIPYMES DIGITALES - CAMBIO CLIMÁTICO",2024,"319-PROINNOVATE-IMTEMDCC-2024","IMPLEMENTACIÓN DE SISTEMAS DE GESTIÓN PARA PRODUCCIÓN CERVECERA Y MEJORAS EN LAS ACTIVIDADES PRODUCTIVAS Y GESTIÓN LOGÍSTICA TENIENDO UN ADECUADO CONTROL Y SEGUIMIENTO DURANTE EL PROCESO\, MINIMIZANDO PÉRDIDAS DE PRODUCTO DEFECTUOSO.",20240524,20250424,"MASTER BREW S.A.C.","TACNA","TACNA","TACNA",230101,45000.0000,10285.8000,6857.1000,"SOLES",20250331
"BID 4","PROGRAMA DE INNOVACIÓN MODERNIZACIÓN TECNOLÓGICA Y EMPRENDIMIENTO - MIPYMES DIGITALES - CAMBIO CLIMÁTICO",2024,"320-PROINNOVATE-IMTEMDCC-2024","IMPLEMENTACIÓN DE UN GESTOR DE CONTENIDO DIGITAL PARA AUTOMATIZAR LA GESTIÓN DE DOCUMENTOS CON LA FINALIDAD DE REDUCIR EL USO DE PAPEL Y MINIMIZAR EL TIEMPO DE BÚSQUEDA DE DOCUMENTOS PARA LA EMPRESA TCDEVELOPMENTS.R.L.",20240522,20250422,"TC DEVELOPMENT SOCIEDAD COMERCIAL DE RESPONSABILIDAD LIMITADA - TC DEVELOPMENT S.R.L.","SAN ISIDRO","LIMA","LIMA",150131,45000.0000,10285.7100,6857.1400,"SOLES",20250331
"BID 4","PROGRAMA DE INNOVACIÓN MODERNIZACIÓN TECNOLÓGICA Y EMPRENDIMIENTO - MIPYMES DIGITALES - CAMBIO CLIMÁTICO",2024,"323-PROINNOVATE-IMTEMDCC-2024","ADECUACION E IMPLEMENTACION DE LA PRIMERA PLATAFORMA DE GESTION  DIGITAL DEL PERFIL MEDICO CLINICO DE PERSONAS DE LA TERCERA EDAD ATENDIDAS POR LA EMPRESA SALUD CONTINUA S.A.C.",20240509,20250409,"SALUD CONTINUA S.A.C.","SAN ISIDRO","LIMA","LIMA",150131,40000.0000,17171.4200,7114.2900,"SOLES",20250331
"BID 4","INNOVACIÓN EMPRESARIAL - CAMBIO CLIMÁTICO",2024,"324-PROINNOVATE-PIEC1CC-2024","DESARROLLO DE UN PROTOTIPO DE DETERGENTE BIODEGRADABLE EN LÁMINAS (LAUNDRY SHEETS) ULTRA-CONCENTRADO A BASE DE SAPONINA OBTENIDA DE LA CÁSCARA DE LA QUINUA DE LA SIERRA DEL PERÚ GENERANDO MENOR IMPACTO AMBIENTAL Y REDUCIENDO LAS HUELLAS DE CARBONO E HÍDRICA",20240419,20251019,"QUIMICA VERDE S.A.C.","PACHACAMAC","LIMA","LIMA",150123,359921.9400,67724.0500,77880.0000,"SOLES",20250331
"BID 4","PROGRAMA DE INNOVACIÓN MODERNIZACIÓN TECNOLÓGICA Y EMPRENDIMIENTO - MIPYMES DIGITALES - CAMBIO CLIMÁTICO",2024,"325-PROINNOVATE-IMTEMDCC-2024","IMPLEMENTACIÓN DE UN SISTEMA INTELIGENTE PARA MONITOREO AGROCLIMÁTICO QUE PERMITA MEJORAR PLANES DE PREVENCIÓN PARA LA ROYA AMARILLA Y BROCA EN EL CAFÉ RESILIENTES AL CAMBIO CLIMÁTICO DEL NORTE DE CAJAMARCA",20240916,20250816,"LUCA COFFEE S.A.C","JAEN","JAEN","CAJAMARCA",060801,45000.0000,10285.7100,6857.1400,"SOLES",20250331
"BID 4","PROGRAMA DE INNOVACIÓN MODERNIZACIÓN TECNOLÓGICA Y EMPRENDIMIENTO - MIPYMES DIGITALES - CAMBIO CLIMÁTICO",2024,"326-PROINNOVATE-IMTEMDCC-2024","IMPLEMENTACIÓN DE UN SISTEMA ECOINTELIGENTE PARA LA COLECTA Y PROCESAMIENTO DE PARÁMETROS FÍSICO QUÍMICOS DEL AGUA EN LA GRANJA ACUÍCOLA DE DONPAKAS EN JAÉN - CAJAMARCA  PARA FACILITAR DECISIONES ESTRATÉGICAS EN LA ADAPTACIÓN CLIMÁTICA.",20240604,20250504,"ECOFRIENDLY ENGINEERS S.A.C.","JAEN","JAEN","CAJAMARCA",060801,45000.0000,10285.7100,6857.1400,"SOLES",20250331
"BID 4","PROGRAMA DE INNOVACIÓN MODERNIZACIÓN TECNOLÓGICA Y EMPRENDIMIENTO - MIPYMES DIGITALES - CAMBIO CLIMÁTICO",2024,"327-PROINNOVATE-IMTEMDCC-2024","HIDROPONÍA INTELIGENTE",20240801,20250701,"J&G MULTISERVICIOS INTERNACIONALES S.A.C.","HUANCAYO","HUANCAYO","JUNIN",120101,45000.0000,10285.7100,6857.1400,"SOLES",20250331
"BID 4","PROGRAMA DE INNOVACIÓN MODERNIZACIÓN TECNOLÓGICA Y EMPRENDIMIENTO - MIPYMES DIGITALES - CAMBIO CLIMÁTICO",2024,"328-PROINNOVATE-IMTEMDCC-2024","OPTIMIZACIÓN DE LAS ÁREAS DE PRODUCCIÓN Y COMERCIALIZACIÓN A TRAVÉS DE HERRAMIENTAS DIGITALES Y ECONOMÍA CIRCULAR EN LA INDUSTRIA DEL PISCO",20240620,20250520,"VIÑA  FAMILIA  URBINA SOCIEDAD ANONIMA CERRADA","SANTIAGO DE SURCO","LIMA","LIMA",150140,45000.0000,10288.0000,6857.0000,"SOLES",20250331
"BID 4","PROGRAMA DE INNOVACIÓN MODERNIZACIÓN TECNOLÓGICA Y EMPRENDIMIENTO - MIPYMES DIGITALES - CAMBIO CLIMÁTICO",2024,"329-PROINNOVATE-IMTEMDCC-2024","OPTIMIZACIÓN DE LOS PROCESOS DE PRODUCCIÓN Y COMERCIALIZACIÓN A TRAVÉS DE HERRAMIENTAS DIGITALES Y ECONOMÍA CIRCULAR EN EL SECTOR TEXTIL Y CONFECCIONES",20240722,20250422,"C & V EXPORTACIONES E IMPORTACIONES S.A.C.","LA VICTORIA","LIMA","LIMA",150115,45000.0000,10288.0000,6857.0000,"SOLES",20250331
"BID 4","PROGRAMA DE INNOVACIÓN MODERNIZACIÓN TECNOLÓGICA Y EMPRENDIMIENTO - MIPYMES DIGITALES - CAMBIO CLIMÁTICO",2024,"330-PROINNOVATE-IMTEMDCC-2024","MEJORA DE LA CALIDAD Y LA RENTABILIDAD DEL CULTIVO DE CACAOS NATIVOS EN LA FINCA ECOPERLACHA - LAMAS; MEDIANTE EL USO DE ENERGÍA SOLAR\, RIEGO SOSTENIBLE Y TECNOLOGÍAS DIGITALES.",20240520,20250420,"CHUFLA E.I.R.L.","LAMAS","LAMAS","SAN MARTIN",220501,45000.0000,10285.7100,6857.1400,"SOLES",20250331
"BID 4","PROGRAMA DE INNOVACIÓN MODERNIZACIÓN TECNOLÓGICA Y EMPRENDIMIENTO - MIPYMES DIGITALES - CAMBIO CLIMÁTICO",2024,"331-PROINNOVATE-IMTEMDCC-2024","APLICACIÓN DE BIG DATA Y ANALÍTICA\, PARA MEJORAR LA EFICIENCIA ENERGÉTICA ELÉCTRICA EN LA EMPRESA LOBO SISTEMAS S.A.C.",20240620,20250520,"LOBO SISTEMAS S.A.C.","CAYMA","AREQUIPA","AREQUIPA",040103,40000.0000,11120.0000,6280.0000,"SOLES",20250331
"BID 4","PROGRAMA DE INNOVACIÓN MODERNIZACIÓN TECNOLÓGICA Y EMPRENDIMIENTO - MIPYMES DIGITALES - CAMBIO CLIMÁTICO",2024,"332-PROINNOVATE-IMTEMDCC-2024","IMPLEMENTACIÓN DE PLATAFORMA COLABORATIVA PARA MODELAMIENTO DE NEGOCIOS CIRCULARES\, CAPACITACIÓN Y GESTIÓN DE CALIDAD EN EL RUBRO AGROPECUARIO Y ACUÍCOLA CON FINES DE EXPORTACIÓN\, JUNTO A UN SISTEMA DE CONTROL ORGÁNICO EN LA PRODUCCIÓN DE NUESTROS CLIENTES",20240701,20250501,"EMPRESA DE SERVICIOS GENERALES CONSULTORES E INVERSIONES ESAING S.A.C. - ESAING S.A.C.","CHOLON","MARAÑON","HUANUCO",100702,44550.0000,10170.0000,6780.0000,"SOLES",20250331
"BID 4","PROGRAMA DE INNOVACIÓN MODERNIZACIÓN TECNOLÓGICA Y EMPRENDIMIENTO - MIPYMES DE CALIDAD",2024,"333-PROINNOVATE-IMTEMC-2024","IMPLEMENTACION Y CERTIFICACION DE LA NORMA BRCGS PACKAGING PARA ASEGURAR LA CALIDAD Y SEGURIDAD ALIMENTARIA EN LOS EMPAQUES PRODUCIDOS POR LA EMPRESA MELKOR S.A.C.",20240417,20250417,"MELKOR SAC","CHORRILLOS","LIMA","LIMA",150108,45000.0000,10285.7100,6857.1400,"SOLES",20250331
"BID 4","PROGRAMA DE INNOVACIÓN MODERNIZACIÓN TECNOLÓGICA Y EMPRENDIMIENTO - MIPYMES DIGITALES - CAMBIO CLIMÁTICO",2024,"334-PROINNOVATE-IMTEMDCC-2024","IMPLEMENTACIÓN DE SISTEMA QUE OPTIMICE EL USO DE ENERGÍA FOTOVOLTAICA EN EL PROCESO PRODUCTIVO DE TILAPIA GENERADA A TRAVÉS DE ACUAPONÍA\, Y TRANSFORMACIÓN DIGITAL EN LOS PROCESOSDECULTIVO.",20240808,20250308,"AGRO VETERINARIA MI BUEN PASTOR S.R.L.","CHICLAYO","CHICLAYO","LAMBAYEQUE",140101,44550.0000,10170.0000,6780.0000,"SOLES",20250331
"BID 4","PROGRAMA DE INNOVACIÓN MODERNIZACIÓN TECNOLÓGICA Y EMPRENDIMIENTO - MIPYMES DIGITALES - CAMBIO CLIMÁTICO",2024,"335-PROINNOVATE-IMTEMDCC-2024","OPTIMIZACIÓN DEL ECOMMERCE DE LOU BOTANICALS PARA PROMOVER LA ECONOMÍA CIRCULAR Y PRODUCCIÓN SOSTENIBLE DE GUA SHAS DE PIEDRA DE HUAMANGA\, MOSTRANDO LA TRAZABILIDAD DEL CICLO DE VIDA DE LOS RESIDUOS GENERADOS DURANTE SU ELABORACIÓN",20240502,20250402,"LOU  BOTANICALS & CO S.A.C.","SAN ISIDRO","LIMA","LIMA",150131,45000.0000,10285.7100,6857.1400,"SOLES",20250331
"BID 4","Startup Perú PLUG - Atracción de Emprendedores Extranjeros",2024,"336-PROINNOVATE-AEE-2024","SIPEC PLUS\, APLICACIÓN MULTIPLATAFORMA PARA EL CICLO DE INSPECCIÓN DE OPERACIONES Y PROCESOS INDUSTRIALES",20240520,20250520,"SIPEC PLUS S.A.C.","SANTIAGO DE SURCO","LIMA","LIMA",150140,147840.0000,26950.0000,38225.0000,"SOLES",20250331
"BID 4","PROGRAMA DE INNOVACIÓN MODERNIZACIÓN TECNOLÓGICA Y EMPRENDIMIENTO - MIPYMES DE CALIDAD",2024,"337-PROINNOVATE-IMTEMC-2024","IMPLEMENTACIÓN Y CERTIFICACIÓN HACCP PARA LA LÍNEA DE PROCESAMIENTO PRIMARIO DE FRUTAS\, LEGUMBRES Y HORTALIZAS DE LA EMPRESA BAYAS PERUANAS E.I.R.L. EN EL DISTRITO Y PROVINCIA DE AMBO\, DEPARTAMENTO DE HUÁNUCO - 2023",20240502,20250602,"EMPRESA BAYAS PERUANAS EMPRESA INDIVIDUAL DE RESPONSABILIDAD LIMITADA","AMBO","AMBO","HUANUCO",100201,42000.0000,15292.0000,6858.0000,"SOLES",20250331
"BID 4","PROGRAMA DE INNOVACIÓN MODERNIZACIÓN TECNOLÓGICA Y EMPRENDIMIENTO - MIPYMES DIGITALES - CAMBIO CLIMÁTICO",2024,"338-PROINNOVATE-IMTEMDCC-2024","IMPLEMENTACIÓN DE SISTEMAS DE SENSORES IOT EN LAS INSTALACIONES DE PRODUCCIÓN PARA MONITOREAR EN TIEMPO REAL EL CONSUMO DE RECURSOS COMO ENERGÍA\, AGUA Y EFECTIVIDAD DE LA CAL COMERCIALIZADA Y TRANSFORMACIÓN DIGITAL PARA LA GESTIÓN Y ASESORAMIENTO.",20240620,20250420,"INVERSIONES Y SERVICIOS GENERALES PENCASPAMPA SOCIEDAD COMERCIAL DE RESPONSABILIDAD LIMITADA","BAMBAMARCA","HUALGAYOC","CAJAMARCA",060701,45000.0000,10286.0000,6857.0000,"SOLES",20250331
"BID 4","PROGRAMA DE INNOVACIÓN MODERNIZACIÓN TECNOLÓGICA Y EMPRENDIMIENTO - MIPYMES DIGITALES - CAMBIO CLIMÁTICO",2024,"339-PROINNOVATE-IMTEMDCC-2024","IMPLEMENTACIÓN DE UN  SISTEMA CON  TECNOLOGÍA  IOT UTILIZANDO ALGORITMO DE APRENDIZAJE AUTOMÁTICO PARA RECONOCIMIENTO DE SONIDOS DE MOTOSIERRAS APLICADO A LA PREVENCIÓN DE TALA ILEGAL EN LA AMAZONÍA.",20240620,20250420,"RUWAY TEC SAC","SAN MARTIN DE PORRES","LIMA","LIMA",150135,44970.0000,10278.0000,6852.0000,"SOLES",20250331
"BID 4","PROGRAMA DE INNOVACIÓN MODERNIZACIÓN TECNOLÓGICA Y EMPRENDIMIENTO - MIPYMES DIGITALES - CAMBIO CLIMÁTICO",2024,"340-PROINNOVATE-IMTEMDCC-2024","IMPLEMENTACIÓN DE UN SISTEMA DE CONTROL PARA LA PRODUCCIÓN ORGÁNICA Y ECONOMÍA CIRCULAR DEL CACAO\, JUNTO CON UNA PLATAFORMA WEB  PARA POTENCIAR LA VENTA DE PRODUCTOS E IMPULSAR ECOTURISMO  DE LA CULTURA DE PRODUCTORES INDÍGENAS DE LA COOPERATIVA  YAKATHEO",20240620,20250420,"COOPERATIVA AGRARIA YAKATHEO DEL AMAZONAS COOPAYAKAT","IMAZA","BAGUA","AMAZONAS",010205,44900.0000,10260.0000,6840.0000,"SOLES",20250331
"BID 4","INCUBADORAS SOFTLANDING - Acompañamiento",2024,"341-PROINNOVATE-AEE-2024","EMPRENDE UP\, ACOMPAÑAMIENTO A PROYECTOS DE PLUG 4G",20240401,20250701,"UNIVERSIDAD DEL PACIFICO","JESUS MARIA","LIMA","LIMA",150113,30000.0000,0.0000,0.0000,"DOLARES",20250331
"BID 4","PROGRAMA DE INNOVACIÓN MODERNIZACIÓN TECNOLÓGICA Y EMPRENDIMIENTO - MIPYMES DIGITALES - CAMBIO CLIMÁTICO",2024,"342-PROINNOVATE-IMTEMDCC-2024","SOSTENIBILIDAD EN LA HOTELERÍA: INICIATIVAS DE HOTELES HACIENDA DEL PERÚ PARA HACER FRENTE AL CAMBIO CLIMÁTICO",20240620,20250520,"HHP HOTELES HACIENDA DEL PERU S.R.L.","MIRAFLORES","LIMA","LIMA",150122,45000.0000,10285.7100,6857.1400,"SOLES",20250331
"BID 4","RED DE EMPRENDIMIENTO FEMENINO",2024,"344-PROINNOVATE-REF-2024","WISE PERU: RED DE MUJERES EMPRENDEDORAS EN STEM",20240522,20250522,"UNIVERSIDAD DE PIURA","PIURA","PIURA","PIURA",200101,116830.5400,21029.4600,21029.4500,"SOLES",20250331
"BID 4","PROGRAMA DE INNOVACIÓN MODERNIZACIÓN TECNOLÓGICA Y EMPRENDIMIENTO - MIPYMES DIGITALES - CAMBIO CLIMÁTICO",2024,"345-PROINNOVATE-IMTEMDCC-2024","IMPLEMENTACIÓN DE TECNOLOGÍAS DIGITALES PARA LA SOSTENIBILIDAD Y EFICIENCIA EN PROJECTS SERVICES INNOVATION S.A.C.",20240530,20250430,"PROJECTS SERVICES INNOVATION S.A.C.","TRUJILLO","TRUJILLO","LA LIBERTAD",130101,45000.0000,10286.0000,6857.0000,"SOLES",20250331
"BID 4","PROGRAMA DE INNOVACIÓN MODERNIZACIÓN TECNOLÓGICA Y EMPRENDIMIENTO - MIPYMES DE CALIDAD",2024,"346-PROINNOVATE-IMTEMC-2024","CERTIFICACIÓN ISO 9001 PARA SERVICIOS MULTIPLES AVILA HERMANOS S.R.L.: TRANSPORTE DE CARGA Y ALQUILER DE EQUIPOS DE EXCELENCIA",20240520,20250620,"SERVICIOS MULTIPLES AVILA HERMANOS S.R.L.","SANTA ANITA","LIMA","LIMA",150137,45000.0000,10285.7100,6857.1400,"SOLES",20250331
"BID 4","PROGRAMA DE INNOVACIÓN MODERNIZACIÓN TECNOLÓGICA Y EMPRENDIMIENTO - MIPYMES DIGITALES - CAMBIO CLIMÁTICO",2024,"347-PROINNOVATE-IMTEMDCC-2024","IMPLEMENTACIÓN DE IOT EN EL PROCESO PRODUCTIVO DE LECHUGA (BATAVIA CAIPIRA) PARA INCREMENTAR LA PRODUCTIVIDAD EN LA EMPRESA FOAGRO SAC\, REGIÓN HUÁNUCO",20240419,20250319,"FOAGRO S.A.C","RUPA-RUPA","LEONCIO PRADO","HUANUCO",100601,45000.0000,10285.7200,6857.1400,"SOLES",20250331
"BID 4","INCUBADORAS SOFTLANDING - Acompañamiento",2024,"348-PROINNOVATE-AEE-2024","USIL VENTURES - ACOMPAÑAMIENTO A PROYECTOS DE PLUG 4G",20240703,20250703,"ASOCIACION PRO BIENESTAR Y DESARROLLO","LA MOLINA","LIMA","LIMA",150114,6000.0000,0.0000,0.0000,"DOLARES",20250331
"BID 4","INCUBADORAS SOFTLANDING - Acompañamiento",2024,"349-PROINNOVATE-AEE-2024","NEXUM PUCP - ACOMPAÑAMIENTO A PROYECTOS DE PLUG 4G",20240703,20250703,"PONTIFICIA UNIVERSIDAD CATOLICA DEL PERU","SAN MIGUEL","LIMA","LIMA",150136,9000.0000,0.0000,0.0000,"DOLARES",20250331
"BID 4","PROGRAMA DE INNOVACIÓN MODERNIZACIÓN TECNOLÓGICA Y EMPRENDIMIENTO - MIPYMES DIGITALES - CAMBIO CLIMÁTICO",2024,"350-PROINNOVATE-IMTEMDCC-2024","CONSTRUYENDO SOSTENIBILIDAD: INTEGRACIÓN DE TECNOLOGÍAS DIGITALES PARA VIVIENDAS RESILIENTES AL CAMBIO CLIMÁTICO",20240520,20250420,"JNK CORPORATIVO E.I.R.L.","HUARAZ","HUARAZ","ANCASH",020101,45000.0000,10286.0000,6857.0000,"SOLES",20250331
"BID 4","PROGRAMA DE INNOVACIÓN MODERNIZACIÓN TECNOLÓGICA Y EMPRENDIMIENTO - MIPYMES DIGITALES - CAMBIO CLIMÁTICO",2024,"351-PROINNOVATE-IMTEMDCC-2024","INNOVACIÓN SOSTENIBLE EN CONSTRUCCIÓN: IMPLEMENTACIÓN DE TECNOLOGÍAS DIGITALES PARA LA EFICIENCIA ENERGÉTICA Y LA GESTIÓN DE RESIDUOS EN YONIA E.I.R.L.",20240620,20250520,"YONIA EMPRESA INDIVIDUAL DE RESPONSABILIDAD LIMITADA - YONIA E.I.R.L","SANTO TOMAS","CHUMBIVILCAS","CUSCO",080701,45000.0000,17143.0000,0.0000,"SOLES",20250331
"BID 4","PROGRAMA DE INNOVACIÓN MODERNIZACIÓN TECNOLÓGICA Y EMPRENDIMIENTO - MIPYMES DIGITALES - CAMBIO CLIMÁTICO",2024,"352-PROINNOVATE-IMTEMDCC-2024","DESARROLLO E IMPLEMENTACIÓN DE UNA SOLUCIÓN TECNOLÓGICA PARA EL MONITOREO EN LA NUBE Y ANÁLISIS DEL DESEMPEÑO DE SISTEMAS DE PROPULSIÓN EN EMBARCACIONES DE PESCA ARTESANAL\, CONTRIBUYENDO A LA RESILIENCIA Y SOSTENIBILIDAD DEL SECTOR PESQUERO",20240520,20250320,"MAQCHIN PERU S.A.C.","CHORRILLOS","LIMA","LIMA",150108,45000.0000,10286.0000,6857.0000,"SOLES",20250331
"BID 4","PROGRAMA DE INNOVACIÓN MODERNIZACIÓN TECNOLÓGICA Y EMPRENDIMIENTO - MIPYMES DIGITALES - CAMBIO CLIMÁTICO",2024,"353-PROINNOVATE-IMTEMDCC-2024","OPTIMIZACIÓN DEL DISEÑO DE SISTEMAS FOTOVOLTAICOS MEDIANTE LA IMPLEMENTACIÓN DE UN SOFTWARE DE DIMENSIONAMIENTO\, Y DESARROLLO DE ESTRATEGIAS COMERCIALES DIGITALES PARA INCREMENTAR POCISIONAMIENTO EMPRESARIAL E INCENTIVAR EL USO DE ENERGÍAS RENOVABLES.",20240722,20250422,"SOLAR NORTH PERU S.A.C.","CHICLAYO","CHICLAYO","LAMBAYEQUE",140101,44830.0000,10242.0000,6828.0000,"SOLES",20250331
"BID 4","PROGRAMA DE INNOVACIÓN MODERNIZACIÓN TECNOLÓGICA Y EMPRENDIMIENTO - MIPYMES DIGITALES - CAMBIO CLIMÁTICO",2024,"354-PROINNOVATE-IMTEMDCC-2024","APLICACIÓN DE IOT E IA A LOS PROCESOS DE ABELLO CONSULTORES COMO ALTERNATIVAS TECNOLÓGICAS PARA LA MEJORA CONTINUA EN MONITOREOS AMBIENTALES Y OCUPACIONALES",20240415,20250315,"ABELLO CONSULTORES S.A.C.","JOSE LUIS BUSTAMANTE Y RIVERO","AREQUIPA","AREQUIPA",040129,45000.0000,10285.7100,6857.1400,"SOLES",20250331
"BID 4","INCUBADORAS Y ACELERADORAS DE EMPRENDIMIENTOS INNOVADORES EN REGIONES",2024,"355-PROINNOVATE-IEIR-2024","MEJORAR LAS COMPETENCIAS Y CAPACIDADES DE LA INCUBADORA PAQARINA WASI DE LA UNIVERSIDAD NACIONAL DE SAN ANTONIO ABAD DEL CUSCO",20240523,20260623,"UNIVERSIDAD NACIONAL DE SAN ANTONIO ABAD DEL CUSCO","CUSCO","CUSCO","CUSCO",080101,685000.0000,85625.0000,55625.0000,"SOLES",20250331
"BID 4","PROGRAMA DE INNOVACIÓN MODERNIZACIÓN TECNOLÓGICA Y EMPRENDIMIENTO - MIPYMES DIGITALES - CAMBIO CLIMÁTICO",2024,"356-PROINNOVATE-IMTEMDCC-2024","DESARROLLO E IMPLEMENTACIÓN DE UNA PLATAFORMA DE MONITOREO DE CONSUMO ENERGÉTICO DE SISTEMA DE ENERGÍAS RENOVABLES EN \"ICTERUS EIRL\" QUE BRINDE INDICADORES DE T Y H BUSCANDO MEJORAR LA EFICIENCIA Y OPTIMIZAR RECURSOS SOSTENIBLES PARA EL CONFORT DE HUÉSPEDES.",20240502,20250402,"ICTERUS EMPRESA INDIVIDUAL DE RESPONSABILIDAD LIMITADA","TAMBOPATA","TAMBOPATA","MADRE DE DIOS",170101,45000.0000,10285.7100,6857.1400,"SOLES",20250331
"BID 4","PROGRAMA DE INNOVACIÓN MODERNIZACIÓN TECNOLÓGICA Y EMPRENDIMIENTO - MIPYMES DIGITALES - CAMBIO CLIMÁTICO",2024,"357-PROINNOVATE-IMTEMDCC-2024","PROMOCIÓN DE LA MARCA ?VALICHA?\, MARKETING DIGITAL PARA INCORPORAR PROFESIONAL FEMENINO EN LOS SERVICIOS DE OUTSOURCING Y GESTIÓN INTERINA\, CON ÉNFASIS EN LA UBICACIÓN GEOGRÁFICA\, REDUCIENDO TIEMPOS DE MOVILIDAD PARA LA EFICIENCIA OPERATIVA Y COMERCIAL.",20240419,20250319,"GROW UP COMPANIES S.A.C.","SAN LUIS","LIMA","LIMA",150134,45000.0000,10285.7100,6857.1400,"SOLES",20250331
"BID 4","PROGRAMA DE INNOVACIÓN MODERNIZACIÓN TECNOLÓGICA Y EMPRENDIMIENTO - MIPYMES DIGITALES - CAMBIO CLIMÁTICO",2024,"358-PROINNOVATE-IMTEMDCC-2024","OPTIMIZACIÓN DE RECURSOS PRODUCTIVOS PARA INCREMENTAR LA COMPETITIVIDAD TÉCNICA Y AMBIENTAL UTILIZANDO HERRAMIENTAS DIGITALES QUE REDUCEN LA HUELLA DE CARBONO EN FABRICA DE CALZADO ANDALOZ SAC",20240530,20250430,"GRUPO ANDALOZ S.A.C.","PAUCARPATA","AREQUIPA","AREQUIPA",040112,45000.0000,10286.0000,6857.0000,"SOLES",20250331
"BID 4","PROGRAMA DE INNOVACIÓN MODERNIZACIÓN TECNOLÓGICA Y EMPRENDIMIENTO - MIPYMES DIGITALES - CAMBIO CLIMÁTICO",2024,"359-PROINNOVATE-IMTEMDCC-2024","IMPLEMENTACIÓN DE TECNOLOGÍAS DE LA INFORMACIÓN Y TECNOLOGÍAS DIGITALES PARA INCREMENTAR LA COMPETITIVIDAD Y PRODUCTIVIDAD DE LA \"ESCUELA DE GASTRONOMÍA\, ADMINISTRACIÓN Y TURISMO S.A.C.\"",20240606,20250506,"ESCUELA DE GASTRONOMIA\, ADMINISTRACION Y TURISMO S.A.C.","TACNA","TACNA","TACNA",230101,45000.0000,10286.0000,6857.0000,"SOLES",20250331
"BID 4","PROGRAMA DE INNOVACIÓN MODERNIZACIÓN TECNOLÓGICA Y EMPRENDIMIENTO - MIPYMES DIGITALES - CAMBIO CLIMÁTICO",2024,"360-PROINNOVATE-IMTEMDCC-2024","DESARROLLO E IMPLEMENTACIÓN DE UNA PLATAFORMA CLOUD PARA MONITOREO DE SENSORES IOT EN TIEMPO REAL EN \"ALSI PERÚ SAC\"\, QUE BUSCA CONTROLAR Y OPTIMIZAR LAS CONDICIONES AMBIENTALES DENTRO DE EDIFICACIONES\, A FIN DE GENERAR ADAPTABILIDAD Y EFICIENCIA ENERGÉTICA.",20240502,20250402,"ALSI PERU S.A.C.","SAN BORJA","LIMA","LIMA",150130,45000.0000,10285.7100,6857.1400,"SOLES",20250331
"BID 4","PROGRAMA DE INNOVACIÓN MODERNIZACIÓN TECNOLÓGICA Y EMPRENDIMIENTO - MIPYMES DIGITALES - CAMBIO CLIMÁTICO",2024,"361-PROINNOVATE-IMTEMDCC-2024","INTEGRACIÓN DE ENERGÍA SOLAR PARA LA IMPLEMENTACIÓN COLECTIVA DE UN SISTEMA DE MONITOREO DE SEGURIDAD Y DIGITALIZACIÓN DE PROCESOS EN EL CONTEXTO DE LA TRANSFORMACIÓN DIGITAL CON ENFOQUE CLIMÁTICO EN LA EMPRESA \"TOTAL GUARD E.I.R.L.\"",20240618,20250418,"TOTAL GUARD E.I.R.L.","CHICLAYO","CHICLAYO","LAMBAYEQUE",140101,45000.0000,10292.0000,6858.0000,"SOLES",20250331
"BID 4","PROGRAMA DE INNOVACIÓN MODERNIZACIÓN TECNOLÓGICA Y EMPRENDIMIENTO - MIPYMES DIGITALES - CAMBIO CLIMÁTICO",2024,"369-PROINNOVATE-IMTEMDCC-2024","FOMENTAR EL DESARROLLO DEL TURISMO SOSTENIBLE DENTRO DE LA EMPRESA SELENE NEGOCIOS TURISTICOS E.I.R.L. MEJORANDO EL POSICIONAMIENTO MEDIANTE MEJORA DE PÁGINA WEB Y CANALES DIGITALES Y LA IMPLEMENTACIÓN DE UN ERP.",20240604,20250504,"SELENE NEGOCIOS TURISTICOS E.I.R.L.","MOYOBAMBA","MOYOBAMBA","SAN MARTIN",220101,45000.0000,10285.7100,6857.1400,"SOLES",20250331
"BID 4","PROGRAMA DE INNOVACIÓN MODERNIZACIÓN TECNOLÓGICA Y EMPRENDIMIENTO - MIPYMES DIGITALES - CAMBIO CLIMÁTICO",2024,"370-PROINNOVATE-IMTEMDCC-2024","INCREMENTAR EL NIVEL DE PRODUCTIVIDAD IMPLEMENTANDO SISTEMAS DIGITALES (ERP Y REDES SOCIALES) CON ENFOQUE A LA ECONOMÍA CIRCULAR PARA GENERAR IMPACTO POSITIVO EN EL MEDIO AMBIENTE PARA LA EMPRESA PROAVANCE S.A.C.",20240419,20250319,"PRO AVANCE SAC","YANAHUARA","AREQUIPA","AREQUIPA",040126,45000.0000,10285.7100,6857.1400,"SOLES",20250331
"BID 4","PROGRAMA DE INNOVACIÓN MODERNIZACIÓN TECNOLÓGICA Y EMPRENDIMIENTO - MIPYMES DIGITALES - CAMBIO CLIMÁTICO",2024,"374-PROINNOVATE-IMTEMDCC-2024","TECNOLOGÍAS DIGITALES PARA LA SOSTENIBILIDAD EN LA RESTAURACIÓN DE CONTENEDORES IBC: EFICIENCIA\, RECICLAJE Y ECONOMÍA CIRCULAR EN ECOBUSINESS INDUSTRIA S.A.C.",20240520,20250420,"ECOBUSINESS INDUSTRIA S.A.C.","ANCON","LIMA","LIMA",150102,45000.0000,10286.0000,6857.0000,"SOLES",20250331
"BID 4","PROGRAMA DE INNOVACIÓN MODERNIZACIÓN TECNOLÓGICA Y EMPRENDIMIENTO - MIPYMES DIGITALES - CAMBIO CLIMÁTICO",2024,"375-PROINNOVATE-IMTEMDCC-2024","IMPLEMENTACIÓN DE TECNOLOGÍA IOT PARA MONITOREAR EN TIEMPO REAL PARÁMETROS  EN LA PRODUCCIÓN DE COMPOST ORGÁNICO\, JUNTO A UNA PLATAFORMA WEB PARA IMPULSAR VENTAS\, PROMOVER LA CONCIENCIA DEL RECICLAJE ORGÁNICO Y GENERAR LOGÍSTICA DE RECOLECCIÓN",20240722,20250422,"SERVICIOS GENERALES HCM S.R.L.","LA VICTORIA","LIMA","LIMA",150115,44900.0000,10260.0000,6840.0000,"SOLES",20250331
"BID 4","PROGRAMA DE INNOVACIÓN MODERNIZACIÓN TECNOLÓGICA Y EMPRENDIMIENTO - MIPYMES DIGITALES - CAMBIO CLIMÁTICO",2024,"376-PROINNOVATE-IMTEMDCC-2024","DESARROLLO DE UNA PLATAFORMA INTERACTIVA PARA LA PROMOCIÓN DE TURISMO RECEPTIVO SOSTENIBLE EN EL PERÚ A TRAVÉS DE LA APLICACIÓN DE REALIDAD VIRTUAL Y MARKETING DIGITAL EN ANDEAN ADVENTURES",20240604,20250504,"ANDEAN ADVENTURES SRLTDA","CUSCO","CUSCO","CUSCO",080101,45000.0000,10285.7100,6857.1400,"SOLES",20250331
"BID 4","INCUBADORAS SOFTLANDING - Acompañamiento",2024,"377-PROINNOVATE-SOFT-2024","UTEC - SOFTLANDING ACOMPAÑAMIENTO A PROYECTOS DE PLUG 4G",20240719,20250719,"UNIVERSIDAD DE INGENIERIA Y TECNOLOGIA","BARRANCO","LIMA","LIMA",150104,12000.0000,0.0000,0.0000,"DOLARES",20250331
"BID 4","PROGRAMA DE INNOVACIÓN MODERNIZACIÓN TECNOLÓGICA Y EMPRENDIMIENTO - MIPYMES DIGITALES - CAMBIO CLIMÁTICO",2024,"378-PROINNOVATE-IMTEMDCC-2024","IMPLEMENTACIÓN DE UN CRM Y MEJORA DEL ERP PARA AGILIZAR ATENCIÓN A PACIENTES Y TOMA DE DEDICIONES EN LA EMPRESA RMELO INVERSIONES E.I.R.L. Y MINIMIZAR LA HUELLA DE CARBONO",20240502,20250402,"RMELO INVERSIONES E.I.R.L.","AREQUIPA","AREQUIPA","AREQUIPA",040101,45000.0000,10285.7100,6857.1400,"SOLES",20250331
"BID 4","PROGRAMA DE INNOVACIÓN MODERNIZACIÓN TECNOLÓGICA Y EMPRENDIMIENTO - MIPYMES DIGITALES - CAMBIO CLIMÁTICO",2024,"379-PROINNOVATE-IMTEMDCC-2024","IMPLEMENTACIÓN DE UN SISTEMA DE CONTROL DIGITAL DE CAUDALES  PARA LA GESTIÓN EFICIENTE DEL  RECURSO HÍDRICO  CON IMPACTO EN LOS COSTOS DE PRODUCCIÓN GENERANDO ACCIONES FAVORABLES AL CAMBIO CLIMÁTICO.",20240419,20250319,"SURTANNER E.I.R.L.","CERRO COLORADO","AREQUIPA","AREQUIPA",040104,45000.0000,10286.0000,6857.0000,"SOLES",20250331
"BID 4","INCUBADORAS SOFTLANDING - Acompañamiento",2024,"380-PROINNOVATE-SOFT-2024","ENDEAVOR - SOFTLANDING",20240703,20250703,"ENDEAVOR PERU","SAN ISIDRO","LIMA","LIMA",150131,6000.0000,0.0000,0.0000,"DOLARES",20250331
"BID 4","PROGRAMA DE INNOVACIÓN MODERNIZACIÓN TECNOLÓGICA Y EMPRENDIMIENTO - MIPYMES DIGITALES - CAMBIO CLIMÁTICO",2024,"381-PROINNOVATE-IMTEMDCC-2024","TRANSFORMACIÓN DIGITAL MEDIANTE EL DESARROLLO DE UNA PLATAFORMA WEB PARA RISK PERÚ INVERSIONES CON AYUDA DE LAS HERRAMIENTAS DIGITALES INNOVADORAS",20240520,20250420,"RISK PERU INVERSIONES S.A.C. - RISK PERU S.A.C.","JESUS MARIA","LIMA","LIMA",150113,45000.0000,10285.7100,6857.1400,"SOLES",20250331
"BID 4","INCUBADORAS SOFTLANDING - Acompañamiento",2024,"382-PROINNOVATE-SOFT-2024","ZSPORTS LAB - SOFTLANDING",20240517,20260517,"ZSPORTS SOCIEDAD ANONIMA CERRADA","MAGDALENA DEL MAR","LIMA","LIMA",150120,3000.0000,0.0000,0.0000,"DOLARES",20250331
"BID 4","PROGRAMA DE INNOVACIÓN MODERNIZACIÓN TECNOLÓGICA Y EMPRENDIMIENTO - MIPYMES DIGITALES - CAMBIO CLIMÁTICO",2024,"383-PROINNOVATE-IMTEMDCC-2024","INTEGRACIÓN SOSTENIBLE DE NUEVOS MÓDULOS EN EL ERP DE MULTI-PROCESOS A&E S.A.C. PARA LA OPTIMIZACIÓN DE PROCESOS Y LA MITIGACIÓN DEL IMPACTO AMBIENTAL",20240701,20250601,"MULTI-PROCESOS A & E S.A.C.","ILO","ILO","MOQUEGUA",180301,45000.0000,10285.7100,6857.1400,"SOLES",20250331
"BID 4","PROGRAMA DE INNOVACIÓN MODERNIZACIÓN TECNOLÓGICA Y EMPRENDIMIENTO - MIPYMES DIGITALES - CAMBIO CLIMÁTICO",2024,"384-PROINNOVATE-IMTEMDCC-2024","IMPLEMENTACIÓN DE UN SISTEMA ERP PARA LA MEJORA OPERATIVA DE LAS ÁREAS Y PROCESOS CLAVE DE LAURITA CAU CAU PICANTERÍA QUE CONTRIBUYA A MITIGAR EL IMPACTO AMBIENTAL GENERADO",20240520,20250420,"PICANTERIA CAMPESTRE LAURITA CAU CAU S.R.L.","SACHACA","AREQUIPA","AREQUIPA",040117,45000.0000,10285.7100,6857.1400,"SOLES",20250331
"BID 4","PROGRAMA DE INNOVACIÓN MODERNIZACIÓN TECNOLÓGICA Y EMPRENDIMIENTO - MIPYMES DIGITALES - CAMBIO CLIMÁTICO",2024,"385-PROINNOVATE-IMTEMDCC-2024","IMPLEMENTACIÓN DE UNA PLATAFORMA DIGITAL MODELO AD HOC PARA EL MONITOREO SOSTENIBLE DEL CONSUMO DE ENERGIA Y SU EFECTO EN LA REDUCCIÓN DE HUELLA DE CARBONO.",20240419,20250219,"HOPE INGENIERIA Y CONSTRUCCION SAC","JAEN","JAEN","CAJAMARCA",060801,44550.0000,10170.0000,6780.0000,"SOLES",20250331
"BID 4","PROGRAMA DE INNOVACIÓN MODERNIZACIÓN TECNOLÓGICA Y EMPRENDIMIENTO - MIPYMES DIGITALES - CAMBIO CLIMÁTICO",2024,"386-PROINNOVATE-IMTEMDCC-2024","DRON CON UN SISTEMA INTELIGENTE PARA EL MANEJO DE LA INFORMACIÓN AGROCLIMÁTICA ESTRATÉGICA EN CADENAS PRIORIZADAS EN LA AMAZONIA CON EL OBJETIVO DE ALCANZAR UNA AGRICULTURA FAMILIAR RESILIENTE Y SUSTENTABLE",20240520,20250320,"PERU BUSINESS STARTUP","NUEVA CAJAMARCA","RIOJA","SAN MARTIN",220804,45000.0000,13680.0000,7320.0000,"SOLES",20250331
"BID 4","PROGRAMA DE INNOVACIÓN MODERNIZACIÓN TECNOLÓGICA Y EMPRENDIMIENTO - MIPYMES DIGITALES - CAMBIO CLIMÁTICO",2024,"387-PROINNOVATE-IMTEMDCC-2024","IMPLEMENTACIÓN DE UN SOFTWARE Y HERRRAMIENTA TEGNOLÓGICA QUE REPRODUZCA IMÁGENES DE LAS ESTRUCTURAS ANATÓMICAS DE LA CAVIDAD BUCAL PERMITIENDO CREAR IMPRESIONES DIGITALES EN 3D EXTINGUIENDO EL CONSUMO DE AGUA\, PASTA DE YESO Y ALGINATOS EN DENTA VITALIS",20240604,20250504,"DENTA VITALIS E.I.R.L","CAYMA","AREQUIPA","AREQUIPA",040103,44999.0000,10286.0000,6857.0000,"SOLES",20250331
"BID 4","PROGRAMA DE INNOVACIÓN MODERNIZACIÓN TECNOLÓGICA Y EMPRENDIMIENTO - MIPYMES DIGITALES - CAMBIO CLIMÁTICO",2024,"388-PROINNOVATE-IMTEMDCC-2024","REDUCCIÓN DE LA HUELLA DE CARBONO Y EFICIENCIA ENERGÉTICA MEDIANTE EL DESARROLLO DE UN SISTEMA AUTOMATIZADO QUE REGISTRE LA TRAZABILIDAD ALIMENTARIA\, CONTROL DE CALIDAD\, GESTIÓN EFICIENTE DEL INVENTARIO Y OPTIMICE LA CADENA DE SUMINISTRO.",20240604,20250504,"CHAQCHAO ORGANIC CHOCOLATES E.I.R.L. - CHAQCHAO CHOCOLATES E.I.R.L.","AREQUIPA","AREQUIPA","AREQUIPA",040101,44999.0000,10286.0000,6857.0000,"SOLES",20250331
"BID 4","PROGRAMA DE INNOVACIÓN MODERNIZACIÓN TECNOLÓGICA Y EMPRENDIMIENTO - MIPYMES DIGITALES - CAMBIO CLIMÁTICO",2024,"389-PROINNOVATE-IMTEMDCC-2024","AUTOMATIZACIÓN Y DIVULGACIÓN VIRTUAL DE INFORMACIÓN DE MONITOREO DE FAUNA Y FLORA SILVESTRE DE ECOSISTEMAS AMAZÓNICOS EN UN CONTEXTO DE CAMBIO CLIMÁTICO.",20240520,20250420,"IKAM EXPEDITIONS S.A.C","MOYOBAMBA","MOYOBAMBA","SAN MARTIN",220101,45000.0000,10286.0000,6857.0000,"SOLES",20250331
"BID 4","PROGRAMA DE INNOVACIÓN MODERNIZACIÓN TECNOLÓGICA Y EMPRENDIMIENTO - MIPYMES DIGITALES - CAMBIO CLIMÁTICO",2024,"390-PROINNOVATE-IMTEMDCC-2024","IMPLEMENTACIÓN E INTEGRACIÓN DE TECNOLOGÍAS DIGITALES PARA REDUCIR LA HUELLA AMBIENTAL DE LA PRODUCCIÓN DE CARTERAS DE LA MARCA BLACKSHEEP PARA AFIANZAR EL POSICIONAMIENTO DE LA MARCA CON MIRAS A LA INTERNACIONALIZACIÓN EN EL CORTO PLAZO.",20240520,20250420,"VELBRA E.I.R.L.","LIMA","LIMA","LIMA",150101,45000.0000,10286.0000,6857.0000,"SOLES",20250331
"BID 4","PROGRAMA DE INNOVACIÓN MODERNIZACIÓN TECNOLÓGICA Y EMPRENDIMIENTO - MIPYMES DIGITALES - CAMBIO CLIMÁTICO",2024,"391-PROINNOVATE-IMTEMDCC-2024","IMPLEMENTACIÓN DE UN ERP Y CRM CON INTELIGENCIA ARTIFICIAL COMO ALTERNATIVAS SOSTENIBLES PARA MEJORAR LA GESTIÓN EN LA CONSULTORA SIMARRA & ASOCIADOS SOCIEDAD CIVIL",20240520,20250420,"SIMARRA & ASOCIADOS SOCIEDAD CIVIL","CHORRILLOS","LIMA","LIMA",150108,45000.0000,10285.7100,6857.1400,"SOLES",20250331
"BID 4","PROGRAMA DE INNOVACIÓN MODERNIZACIÓN TECNOLÓGICA Y EMPRENDIMIENTO - MIPYMES DIGITALES - CAMBIO CLIMÁTICO",2024,"392-PROINNOVATE-IMTEMDCC-2024","IMPLEMENTACIÓN DE UN SOFTWARE Y SENSORES DE CONTROL QUE PERMITAN SUPERVISAR EL COMPORTAMIENTO\, VELOCIDAD\, TEMPERATURA Y VOLUMEN DEL AGUA EN LA FABRICACIÓN DE QUESO EN LA EMPRESA SINTIMAYO HACIENDO UN USO EFICIENTE DEL AGUA QUE REDUZCA DESECHOS INNECESARIOS",20240604,20250504,"EMPRESA AGROINDUSTRIAS SAN FRANCISCO SINTY MAYO EMPRESA INDIVIDUAL DE RESPONSABILIDAD LIMITADA","PUCARA","LAMPA","PUNO",210708,45000.0000,10287.0000,6856.0000,"SOLES",20250331
"BID 4","PROGRAMA DE INNOVACIÓN MODERNIZACIÓN TECNOLÓGICA Y EMPRENDIMIENTO - MIPYMES DIGITALES - CAMBIO CLIMÁTICO",2024,"393-PROINNOVATE-IMTEMDCC-2024","IMPLEMENTACIÓN DE TECNOLOGÍA IOT EN LA EMPRESA INDUSTRIAS LACTEAS FLOR ANDINA\, QUE PERMITAN OPTIMIZAR EL USO EFICIENTE DE LOS RECURSOS E INCREMENTAR SU PRODUCTIVIDAD Y COMPETITIVIDAD EN EL MERCADO.",20240524,20250424,"INDUSTRIAS LACTEAS FLOR ANDINA SOCIEDAD COMERCIAL DE RESPONSABILIDAD LIMITADA","AYAVIRI","MELGAR","PUNO",210801,45000.0000,10287.0000,6856.0000,"SOLES",20250331
"BID 4","PROGRAMA DE INNOVACIÓN MODERNIZACIÓN TECNOLÓGICA Y EMPRENDIMIENTO - MIPYMES DIGITALES - CAMBIO CLIMÁTICO",2024,"394-PROINNOVATE-IMTEMDCC-2024","IMPLEMENTACIÓN DE SOFTWARE MES Y SCADA PARA LA EXCELENCIA OPERATIVA EN LA EMPRESA METALMECÁNICA DIMARTEC S.R.L. PARA MINIMIZAR EL IMPACTO CLIMÁTICO.",20240520,20250420,"GRUPO DIRMARTEC S.R.L.","ILO","ILO","MOQUEGUA",180301,45000.0000,10285.7100,6857.1400,"SOLES",20250331
"BID 4","INCUBADORAS SOFTLANDING - Acompañamiento",2024,"396-PROINNOVATE-SOFT-2024","UPT INCUBA - ACOMPAÑAMIENTO A PROYECTOS DE PLUG 4G",20240703,20250703,"UNIVERSIDAD PRIVADA DE TACNA","TACNA","TACNA","TACNA",230101,6000.0000,0.0000,0.0000,"DOLARES",20250331
"BID 4","PROGRAMA DE INNOVACIÓN MODERNIZACIÓN TECNOLÓGICA Y EMPRENDIMIENTO - MIPYMES DIGITALES - CAMBIO CLIMÁTICO",2024,"397-PROINNOVATE-IMTEMDCC-2024","SISTEMA DE GESTIÓN DIGITAL PARA LA CADENA DE ABASTECIMIENTO DE LA CARPINTERÍA EN ALUMINIO APLICANDO ECONOMÍA CIRCULAR.",20240502,20250402,"COMPAÑIA DE VENTAS Y SERVICIOS S.A.","SAN ISIDRO","LIMA","LIMA",150131,45000.0000,10293.0000,6850.0000,"SOLES",20250331
"BID 4","RED DE EMPRENDIMIENTO FEMENINO",2024,"398-PROINNOVATE-REF-2024","FLIT MUJER: EVENTO QUE DESTACA LA IGUALDAD DE GÉNERO Y EL EMPODERAMIENTO FEMENINO PARA EL DESARROLLO SOSTENIBLE - AREQUIPA",20240701,20250701,"TARGETCOM SOCIEDAD ANONIMA CERRADA - TARGETCOM S.A.C.","MIRAFLORES","LIMA","LIMA",150122,113308.4900,16441.5100,14642.5000,"SOLES",20250331
"BID 4","PROGRAMA DE INNOVACIÓN MODERNIZACIÓN TECNOLÓGICA Y EMPRENDIMIENTO - MIPYMES DIGITALES - CAMBIO CLIMÁTICO",2024,"399-PROINNOVATE-IMTEMDCC-2024","IMPLEMENTACIÓN DE UNA PLATAFORMA DE PREDICCIÓN DEL ESTRÉS EN PLANTONES POR FALTA DE AGUA Y FERTILIZANTES EN EL VIVERO DE LA EMPRESA CAJENUAL E.I.R.L. PARA LA OPTIMIZACIÓN DEL USO DE AGUA EN RIEGO Y FERTILIZANTES PARA EL SECTOR AGROPECUARIO Y AGROINDUSTRIA",20240524,20250424,"CAJENUAL E.I.R.L.","CAJAMARCA","CAJAMARCA","CAJAMARCA",060101,45000.0000,13900.0000,7350.0000,"SOLES",20250331
"BID 4","PROGRAMA DE INNOVACIÓN MODERNIZACIÓN TECNOLÓGICA Y EMPRENDIMIENTO - MIPYMES DIGITALES - CAMBIO CLIMÁTICO",2024,"400-PROINNOVATE-IMTEMDCC-2024","OPTIMIZACIÓN SOSTENIBLE Y DIGITALIZACIÓN EN EL TRANSPORTE Y LOGÍSTICA DE PEGASO E.I.R.L",20240419,20250319,"NEGOCIACIONES PEGASO E.I.R.L.","EL PORVENIR","TRUJILLO","LA LIBERTAD",130102,45000.0000,10286.0000,6857.0000,"SOLES",20250331
"BID 4","INNOVACIÓN EMPRESARIAL - CAMBIO CLIMÁTICO",2024,"401-PROINNOVATE-PIEC1CC-2024","DESARROLLO DE UN SISTEMA PROTOTIPO DE BIOFERTILIZACIÓN PARA EL CULTIVO DE MANGO\, CON MACRONUTRIENTES ESENCIALES PROVENIENTES DE EFLUENTES DEL CULTIVO INTENSIVO DE TILAPIA Y MICROORGANISMOS NATIVOS BENÉFICOS DE LOS CULTIVOS DE MANGO \"KENT\" EN LA REGIÓN TUMBES.",20240507,20260107,"FRUTOS DE TUMBES S.A.C.","TUMBES","TUMBES","TUMBES",240101,360000.0000,54400.0800,55000.0000,"SOLES",20250331
"BID 4","PROGRAMA DE INNOVACIÓN MODERNIZACIÓN TECNOLÓGICA Y EMPRENDIMIENTO - MIPYMES DIGITALES - CAMBIO CLIMÁTICO",2024,"402-PROINNOVATE-IMTEMDCC-2024","IMPLEMENTACIÓN DE UN ERP (MÓDULO DE SISTEMA AUTOMATIZADO DE FACTURACIÓN Y REGISTRO CONTABLE) INTERCONECTADO CON TRAZAPP\, CON EL FIN DE GARANTIZAR LA SOSTENIBILIDAD DE LA PESCA EN LA EMPRESA PODEROSO GF SAC. EN EL DISTRITO SAN JOSÉ DE LA PROVINCIA DE LAMBAYEQUE",20240701,20250601,"PODEROSO G.F. S.A.C.","NUEVO CHIMBOTE","SANTA","ANCASH",021809,45000.0000,10285.7100,6857.1400,"SOLES",20250331
"BID 4","PROGRAMA DE INNOVACIÓN MODERNIZACIÓN TECNOLÓGICA Y EMPRENDIMIENTO - MIPYMES DIGITALES - CAMBIO CLIMÁTICO",2024,"403-PROINNOVATE-IMTEMDCC-2024","IMPLEMENTACIÓN DE UNA GESTIÓN INTELIGENTE DE DATOS POR MEDIO DEL APRENDIZAJE AUTOMÁTICO Y LA INTELIGENCIA ARTIFICIAL  PARA LA EMPRESA REDEX SECURITY",20240517,20250417,"REDEX SECURITY EMPRESA INDIVIDUAL DE RESPONSABILIDAD LIMITADA","JOSE LUIS BUSTAMANTE Y RIVERO","AREQUIPA","AREQUIPA",040129,45000.0000,10285.7100,6857.1400,"SOLES",20250331
"BID 4","PROGRAMA DE INNOVACIÓN MODERNIZACIÓN TECNOLÓGICA Y EMPRENDIMIENTO - MIPYMES DIGITALES - CAMBIO CLIMÁTICO",2024,"404-PROINNOVATE-IMTEMDCC-2024","IMPLEMENTACIÓN DE UN SISTEMA INTEGRAL DE TRAZABILIDAD DEL CAFÉ MEDIANTE TECNOLOGÍAS QR Y BLOCKCHAIN PARA MEJORAR LA GESTIÓN DE CALIDAD\, TRANSPARENCIA Y CONFIANZA EN LA CADENA DE SUMINISTRO DEL CAFÉ EN LA EMPRESA MAKISAPA FOODS\, CON ENFOQUE DE CAMBIO CLIMÁTICO",20240520,20250320,"MAKISAPA PERU FOODS S.A.C. - MAKI PERU FOODS","MOYOBAMBA","MOYOBAMBA","SAN MARTIN",220101,45000.0000,15000.0000,7500.0000,"SOLES",20250331
"BID 4","PROGRAMA DE INNOVACIÓN MODERNIZACIÓN TECNOLÓGICA Y EMPRENDIMIENTO - MIPYMES DIGITALES - CAMBIO CLIMÁTICO",2024,"405-PROINNOVATE-IMTEMDCC-2024","IMPLEMENTACIÓN DE UNA PLATAFORMA AUTOMATIZADA CON SENSORES Y TICS PARA LA TRANSFORMACIÓN DE RESIDUOS SOLIDOS DE LA GRANJA DE CUY PARA EL INCREMENTO DE LA RENTABILIDAD Y BUENA ACCIÓN CLIMÁTICA.",20240520,20250320,"CORPORACION NARANJILLO S.A.C.","NUEVA CAJAMARCA","RIOJA","SAN MARTIN",220804,44900.0000,10260.0000,6840.0000,"SOLES",20250331
"BID 4","PROGRAMA DE INNOVACIÓN MODERNIZACIÓN TECNOLÓGICA Y EMPRENDIMIENTO - MIPYMES DIGITALES - CAMBIO CLIMÁTICO",2024,"406-PROINNOVATE-IMTEMDCC-2024","OPTIMIZAR LA PRODUCCIÓN A TRAVÉS DE LA REDUCCIÓN DE LAS MERMAS DE LOS PRODUCTOS TERMINADOS MEDIANTE LA SISTEMATIZACIÓN Y DIGITALIZACIÓN DE LOS PROCESOS PRODUCTIVOS CON LA FINALIDAD DE INCREMENTAR LA RENTABILIDAD Y POTENCIAR LA SOSTENIBILIDAD MEDIOAMBIENTAL.",20240530,20250430,"EL PUNTO TEXTIL EMPRESA INDIVIDUAL DE RESPONSABILIDAD LIMITADA","CHICLAYO","CHICLAYO","LAMBAYEQUE",140101,45000.0000,10285.7100,6857.1400,"SOLES",20250331
"BID 4","PROGRAMA DE INNOVACIÓN MODERNIZACIÓN TECNOLÓGICA Y EMPRENDIMIENTO - MIPYMES DIGITALES - CAMBIO CLIMÁTICO",2024,"407-PROINNOVATE-IMTEMDCC-2024","INCORPORACIÓN DE TECNOLOGÍAS DIGITALES Y SISTEMAS AUTOMATIZADOS PARA LA RECUPERACIÓN DE PINTURA EN POLVO EN EL PROCESO DE PINTADO ELECTROSTÁTICO DE PARTES Y PIEZAS DE LAS MÁQUINAS DE SOLDAR EN LA EMPRESA ATECEN S.A.C.",20240618,20250318,"ATECEN S.A.C","INDEPENDENCIA","LIMA","LIMA",150112,45000.0000,10285.7200,6857.1400,"SOLES",20250331
"BID 4","PROGRAMA DE INNOVACIÓN MODERNIZACIÓN TECNOLÓGICA Y EMPRENDIMIENTO - MIPYMES DIGITALES - CAMBIO CLIMÁTICO",2024,"409-PROINNOVATE-IMTEMDCC-2024","\"DIGITALIZACIÓN SOSTENIBLE PARA LA MEJORA DE LA SALUD OCUPACIONAL Y LA ADAPTACIÓN AL CAMBIO CLIMÁTICO\"",20240620,20250520,"CLINICA ESTARBIEN S.A.C.","SANTIAGO DE SURCO","LIMA","LIMA",150140,45000.0000,10286.0000,6857.0000,"SOLES",20250331
"BID 4","PROGRAMA DE INNOVACIÓN MODERNIZACIÓN TECNOLÓGICA Y EMPRENDIMIENTO - MIPYMES DIGITALES - CAMBIO CLIMÁTICO",2024,"411-PROINNOVATE-IMTEMDCC-2024","AGRICONNECT SATIPO: SOLUCIÓN INTEGRAL IOT DE RIEGO INTELIGENTE Y MONITOREO AMBIENTAL PARA PLANTACIONES DE NARANJAS",20240722,20250422,"CORPORACION DEUS VULT-DRONE S.A.C.","ATE","LIMA","LIMA",150103,45000.0000,10285.7200,6857.1400,"SOLES",20250331
"BID 4","PROGRAMA DE INNOVACIÓN MODERNIZACIÓN TECNOLÓGICA Y EMPRENDIMIENTO - MIPYMES DIGITALES - CAMBIO CLIMÁTICO",2024,"412-PROINNOVATE-IMTEMDCC-2024","INTEGRACIÓN DE TECNOLOGÍAS DIGITALES AVANZADAS Y PRÁCTICAS DE PRODUCCIÓN SOSTENIBLES EN LA PRODUCCIÓN DE TEXTILES\, ROPA DE CAMA Y ALMOHADAS EN ALSIMTEX S.A.C. PARA LA MEJORA LA EFICIENCIA OPERATIVA Y SOSTENIBILIDAD AMBIENTAL.",20240507,20250407,"ALSIMTEX S.A.C.","AREQUIPA","AREQUIPA","AREQUIPA",040101,45000.0000,10286.0000,6857.0000,"SOLES",20250331
"BID 4","PROGRAMA DE INNOVACIÓN MODERNIZACIÓN TECNOLÓGICA Y EMPRENDIMIENTO - MIPYMES DIGITALES - CAMBIO CLIMÁTICO",2024,"413-PROINNOVATE-IMTEMDCC-2024","PREPARACIÓN DIGITAL PARA UNA AGRICULTURA CERO DEFORESTACIÓN",20240524,20250424,"COOPERATIVA AGRARIA CACAOTERA CHOBA CHOBA LTDA.","JUANJUI","MARISCAL CACERES","SAN MARTIN",220601,44347.0000,10117.8000,6745.2000,"SOLES",20250331
"BID 4","PROGRAMA DE INNOVACIÓN MODERNIZACIÓN TECNOLÓGICA Y EMPRENDIMIENTO - MIPYMES DIGITALES - CAMBIO CLIMÁTICO",2024,"415-PROINNOVATE-IMTEMDCC-2024","IMPLEMENTACIÓN DE UN SISTEMA INTELIGENTE CON ENFOQUE DE ECONOMÍA CIRCULAR PARA LA PRODUCCIÓN DE AGUA SEGURA.",20240522,20250322,"GRUPO EMPRESARIAL COTRINA S.A.C.","NUEVA CAJAMARCA","RIOJA","SAN MARTIN",220804,45000.0000,13000.0000,7000.0000,"SOLES",20250331
"BID 4","PROGRAMA DE INNOVACIÓN MODERNIZACIÓN TECNOLÓGICA Y EMPRENDIMIENTO - MIPYMES DIGITALES - CAMBIO CLIMÁTICO",2024,"416-PROINNOVATE-IMTEMDCC-2024","IMPLEMENTACION DE LA DIGITALIZACION DE LA EMPRESA POR MEDIO DE UN SOFTWARE DE OPTIMIZACION DE PROCESOS PARA OPTIMIZAR Y REDUCIR COSTOS",20240520,20250420,"GLIONNS S.A.C.","JACOBO HUNTER","AREQUIPA","AREQUIPA",040107,45000.0000,10285.7100,6857.1400,"SOLES",20250331
"BID 4","PROGRAMA DE INNOVACIÓN MODERNIZACIÓN TECNOLÓGICA Y EMPRENDIMIENTO - MIPYMES DIGITALES - CAMBIO CLIMÁTICO",2024,"417-PROINNOVATE-IMTEMDCC-2024","IMPLEMENTACIÓN DE UN SISTEMA AUTOMÁTICO DE TELEDETECCIÓN EN CONTENEDORES PARA EL ASEGURAMIENTO DE LA SEGREGACIÓN EFICIENTE DE RESIDUOS SÓLIDOS\, EN LA EMPRESA QUISPE INGENIEROS.",20240722,20250422,"QUISPE INGENIEROS S.A.C.","MORALES","SAN MARTIN","SAN MARTIN",220910,45000.0000,13680.0000,7320.0000,"SOLES",20250331
"BID 4","PROGRAMA DE INNOVACIÓN MODERNIZACIÓN TECNOLÓGICA Y EMPRENDIMIENTO - MIPYMES DIGITALES - CAMBIO CLIMÁTICO",2024,"418-PROINNOVATE-IMTEMDCC-2024","MEJORAMIENTO DE LA GESTIÓN ADMINISTRATIVA\, OPERATIVA Y COMERCIAL CON EL FORTALECIMIENTO DE CRM\, SISTEMA DE GESTIÓN E INVENTARIOS DE LA EMPRESA ENERSELVA EIRL\, EN MIRAS A INCREMENTAR LAS INSTALACIONES DE TERMAS SOLARES Y COCINAS MEJORADAS EN VIVIENDAS DE RIOJA.",20240604,20250504,"ENERSELVA E.I.R.L.","RIOJA","RIOJA","SAN MARTIN",220801,45000.0000,10285.7100,6857.1400,"SOLES",20250331
"BID 4","PROGRAMA DE INNOVACIÓN MODERNIZACIÓN TECNOLÓGICA Y EMPRENDIMIENTO - MIPYMES DIGITALES - CAMBIO CLIMÁTICO",2024,"419-PROINNOVATE-IMTEMDCC-2024","DISEÑO DE SISTEMA INTEGRADO DE GESTIÓN DE ALMACENES PARA INSUMOS GANADEROS Y RESIDUOS PARA EL ESTABLO AQP MILK SAC EN LA PROVINCIA DE CAYLLOMA\, MAJES",20240530,20250430,"AQP MILK S.A.C.","MAJES","CAYLLOMA","AREQUIPA",040520,45000.0000,14400.0000,25600.0000,"SOLES",20250331
"BID 4","PROGRAMA DE INNOVACIÓN MODERNIZACIÓN TECNOLÓGICA Y EMPRENDIMIENTO - MIPYMES DIGITALES - CAMBIO CLIMÁTICO",2024,"420-PROINNOVATE-IMTEMDCC-2024","TECNOLOGÍAS DIGITALES PARA LA MINERÍA SOSTENIBLE Y EFICIENTE EN INVERSIONES DINOSWALL E.I.R.L.",20240524,20250424,"INVERSIONES DINOSWALL E.I.R.L.","LIMA","LIMA","LIMA",150101,45000.0000,10286.0000,6857.0000,"SOLES",20250331
"BID 4","Startup Perú PLUG - Atracción de Emprendedores Extranjeros",2024,"421-PROINNOVATE-AEE-2024","ESPONSOR\, PERMITIMOS A CREADORES DE CONTENIDO FINANCIAR SU TRABAJO A TRAVÉS DE SUS SEGUIDORES.",20240617,20250617,"ESPONSOR PERU S.A.C.","SAN BORJA","LIMA","LIMA",150130,154000.0000,37622.0000,30000.0000,"SOLES",20250331
"BID 4","PROGRAMA DE INNOVACIÓN MODERNIZACIÓN TECNOLÓGICA Y EMPRENDIMIENTO - MIPYMES DIGITALES - CAMBIO CLIMÁTICO",2024,"423-PROINNOVATE-IMTEMDCC-2024","IMPLEMENTACIÓN DE TECNOLOGÍAS DIGITALES QUE NOS PERMITAN LA GESTIÓN INTEGRAL E INTELIGENTE DE LOS CONDOMINIOS DE LA EMPRESA GREEN DREAMS S.A.C.",20240618,20250518,"GREEN DREAMS INMOBILIARIA Y CONSTRUCTORA S.A.C. - GREEN DREAMS S.A.C.","TARAPOTO","SAN MARTIN","SAN MARTIN",220901,45000.0000,10300.0000,6858.0000,"SOLES",20250331
"BID 4","PROGRAMA DE INNOVACIÓN MODERNIZACIÓN TECNOLÓGICA Y EMPRENDIMIENTO - MIPYMES DE CALIDAD",2024,"424-PROINNOVATE-IMTEMC-2024","IMPLEMENTACIÓN Y CERTIFICACIÓN DEL SISTEMA DE GESTIÓN ANTISOBORNO BASADO EN LA NORMA ISO 37001:2016 EN LA EMPRESA LAFORSE-HG S.A.C.",20240515,20250515,"LABORATORIO FORENSE Y SERVICIOS PERICIALES-HANS GROSS S.A.C. - LAFORSE HG","JESUS MARIA","LIMA","LIMA",150113,27115.0000,10573.9800,4700.0000,"SOLES",20250331
"BID 4","PROGRAMA DE INNOVACIÓN MODERNIZACIÓN TECNOLÓGICA Y EMPRENDIMIENTO - MIPYMES DIGITALES - CAMBIO CLIMÁTICO",2024,"425-PROINNOVATE-IMTEMDCC-2024","IMPLEMENTACIÓN DE UNA HERRAMIENTA DIGITAL QUE PERMITA ALCANZAR UNA SIMBIOSIS INDUSTRIAL ENTRE RECICLADORES Y ARQUIELECTRONICS\, BRINDAR TRAZABILIDAD EN TIEMPO REAL DE SUS PROCESOS PRODUCTIVOS\, LOGÍSTICOS Y COMERCIALES PARA APROVECHAR RESIDUOS DE POLIPROPILENO",20240808,20250708,"ARQUIELECTRONICS S.A.C.","SAN ISIDRO","LIMA","LIMA",150131,45000.0000,10285.7100,6857.1400,"SOLES",20250331
"BID 4","INNOVACIÓN EMPRESARIAL - CAMBIO CLIMÁTICO",2024,"426-PROINNOVATE-PIEC1CC-2024","PROMOVIENDO LA DESCARBONIZACIÓN EN EL SECTOR CUERO: GENERACIÓN DE BIOENERGÍA A PARTIR DE RESIDUOS SÓLIDOS DE CURTICIÓN Y MUNICIPALES EN CURTIEMBRE FENIX PARA IMPULSAR SU PRODUCTIVIDAD Y COMPETITIVIDAD",20240522,20260122,"CURTIEMBRE FENIX S.R.L.","SAN JUAN DE LURIGANCHO","LIMA","LIMA",150132,275981.3000,40676.6200,28700.0000,"SOLES",20250331
"BID 4","PROGRAMA DE INNOVACIÓN MODERNIZACIÓN TECNOLÓGICA Y EMPRENDIMIENTO - MIPYMES DIGITALES - CAMBIO CLIMÁTICO",2024,"427-PROINNOVATE-IMTEMDCC-2024","DESARROLLAR E IMPLEMENTAR UNA PLATAFORMA WEB PARA SUPERVISAR EL CONSUMO DE COMBUSTIBLE EN VEHÍCULOS MÓVILES Y CONSUMO DE ENERGÍA VERDE DE LOS VEHÍCULOS INTEGRADOS CON BATERÍAS DE LITIOS CARGADAS CON ENERGÍA SOLAR EN PROYECTOS DE GEMBA SERVICIOS GENERALES S.A.C",20240709,20250509,"GEMBA SERVICIOS INTEGRALES S.A.C.","JESUS MARIA","LIMA","LIMA",150113,33570.0000,10285.2000,18284.8000,"SOLES",20250331
"BID 4","Startup Perú PLUG - Atracción de Emprendedores Extranjeros",2024,"428-PROINNOVATE-AEE-2024","DOCMOVI: TELEMEDICINA DOMICILIARIA PREVENTIVA\, CONECTANDO MÉDICOS Y ENFERMEROS CON PACIENTES.",20240529,20250529,"CONEXAMEDICA S.A.C.","JESUS MARIA","LIMA","LIMA",150113,154000.0000,22000.0000,44000.0000,"SOLES",20250331
"BID 4","PROGRAMA DE INNOVACIÓN MODERNIZACIÓN TECNOLÓGICA Y EMPRENDIMIENTO - MIPYMES DIGITALES - CAMBIO CLIMÁTICO",2024,"429-PROINNOVATE-IMTEMDCC-2024","INCORPORACIÓN DE UNA PLATAFORMA IOT (INTERNET DE LAS COSAS) PARA EL MONITOREO Y GESTIÓN EFICIENTE DEL SERVICIO DE AGUA\, CONTRIBUYENDO ASÍ AL DESARROLLO SUSTENTABLE DE LA ZONA Y DE LA EMPRESA KOFIM S.A.C.",20240530,20250430,"KOFIM S.A.C.","TARAPOTO","SAN MARTIN","SAN MARTIN",220901,45000.0000,10300.0000,6858.0000,"SOLES",20250331
"BID 4","PROGRAMA DE INNOVACIÓN MODERNIZACIÓN TECNOLÓGICA Y EMPRENDIMIENTO - MIPYMES DIGITALES - CAMBIO CLIMÁTICO",2024,"431-PROINNOVATE-IMTEMDCC-2024","DIGITALIZACIÓN DE SISTEMAS DE GESTIÓN A TRAVÉS DE UNA APLICACIÓN MÓVIL QUE LOGRE LA EFICIENCIA AMBIENTAL Y LA MEJORA CONTINUA",20240620,20250520,"SER CALIDAD S.A.C.","CERRO COLORADO","AREQUIPA","AREQUIPA",040104,45000.0000,10285.7100,6857.1400,"SOLES",20250331
"BID 4","INNOVACIÓN EMPRESARIAL - CAMBIO CLIMÁTICO",2024,"432-PROINNOVATE-PIEC1CC-2024","IMPLEMENTACIÓN DE UN SISTEMA HÍBRIDO DE ENERGÍA RENOVABLE (ENERGÍA SOLAR Y ENERGÍA EÓLICA) PARA MEJORAR LA EFICIENCIA ENERGÉTICA EN EL RIEGO DE CULTIVOS DE BANANO ORGÁNICO DE LA EMPRESA AGRONORPERU",20240530,20250530,"AGROEXPORTACIONES NOR PERU S.A.C.","SULLANA","SULLANA","PIURA",200601,315000.0000,41755.9000,35100.0000,"SOLES",20250331
"BID 4","PROGRAMA DE INNOVACIÓN MODERNIZACIÓN TECNOLÓGICA Y EMPRENDIMIENTO - MIPYMES DIGITALES - CAMBIO CLIMÁTICO",2024,"433-PROINNOVATE-IMTEMDCC-2024","INCORPORACIÓN DE TECNOLOGÍA DIGITAL PARA EL MANEJO SOSTENIBLE DEL CULTIVO DE BANANO ORGÁNICO Y LA REDUCCIÓN DE HUELLA DE CARBONO EN LA \"COOPERATIVA AGRARIA DON AUGUSTO\"",20240618,20250518,"COOPERATIVA AGRARIA EXPORTADORA DE PRODUCTOS ORGANICOS DON AUGUSTO","IGNACIO ESCUDERO","SULLANA","PIURA",200603,15000.0000,7200.0000,2800.0000,"SOLES",20250331
"BID 4","PROGRAMA DE INNOVACIÓN MODERNIZACIÓN TECNOLÓGICA Y EMPRENDIMIENTO - MIPYMES DIGITALES - CAMBIO CLIMÁTICO",2024,"434-PROINNOVATE-IMTEMDCC-2024","INNOVANDO HACIA EL FUTURO VERDE: EFICIENCIA ENERGÉTICA Y DIGITALIZACIÓN EN GLOBAL SKY S.A.C.",20240524,20250424,"GLOBAL SKY  SOCIEDAD ANONIMA CERRADA - GLOBAL SKY S.A.C.","RIMAC","LIMA","LIMA",150128,45000.0000,10286.0000,6857.0000,"SOLES",20250331
"BID 4","PROGRAMA DE INNOVACIÓN MODERNIZACIÓN TECNOLÓGICA Y EMPRENDIMIENTO - MIPYMES DIGITALES - CAMBIO CLIMÁTICO",2024,"435-PROINNOVATE-IMTEMDCC-2024","OPTIMIZAR LA EXPERIENCIA DE USUARIO DE LA PLATAFORMA DIGITAL TERRUACAFE.COM PARA PONER EN VALOR PRODUCTOS DERIVADOS DE RESIDUOS DE CAFÉ Y A CONTRIBUIR A LA ECONOMÍA CIRCULAR EN LA EMPRESA TERRUATOSTADORES S.A.C.",20240827,20250727,"TERRUATOSTADORES S.A.C.","MIRAFLORES","LIMA","LIMA",150122,45000.0000,10285.7100,6857.1400,"SOLES",20250331
"BID 4","CONCURSO FORTALECIMIENTO ESTRATÉGICO DE CENTROS DE EXTENSIÓN Y TRANSFERENCIA TECNOLÓGICA (CET) - SEGUNDA FASE",2024,"437-PROINNOVATE-CETF2-2024","FORTALECIMIENTO ESTRATÉGICO DEL CITE AGROINDUSTRIAL OXAPAMPA Y DEL ECOSISTEMA DE INNOVACIÓN EN LAS REGIONES PASCO Y JUNÍN.",20240814,20260614,"INSTITUTO TECNOLÓGICO DE LA PRODUCCIÓN","SAN ISIDRO","LIMA","LIMA",150131,2741679.5300,0.0000,745893.1700,"SOLES",20250331
"BID 4","PROGRAMA DE INNOVACIÓN MODERNIZACIÓN TECNOLÓGICA Y EMPRENDIMIENTO - MIPYMES DIGITALES - CAMBIO CLIMÁTICO",2024,"438-PROINNOVATE-IMTEMDCC-2024","FORTALECIMIENTO DIGITAL PARA LA MEJORA PRODUCTIVA\, REDUCCION DE COSTOS Y MEJOR SERVICIO A NUESTROS CLIENTES DE LA EMPRESA EJM CARDENAS SAC",20240620,20250420,"EJM CARDENAS S.A.C.","ATE","LIMA","LIMA",150103,44999.4000,10285.6000,6857.0000,"SOLES",20250331
"BID 4","PROGRAMA DE INNOVACIÓN MODERNIZACIÓN TECNOLÓGICA Y EMPRENDIMIENTO - MIPYMES DIGITALES - CAMBIO CLIMÁTICO",2024,"440-PROINNOVATE-IMTEMDCC-2024","IMPLEMENTACIÓN DE UNA HERRAMIENTA DIGITAL PARA EL MONITOREO Y GESTIÓN DE PRODUCTOS A LÍMITE DE VENCIMIENTO PARA REDUCIR PÉRDIDAS Y CONTRIBUIR A LA REDUCCIÓN DE GASES DE EFECTO INVERNADERO.",20240620,20250520,"SUSTAINABLE FOOD COMPANY E.I.R.L.","LA MOLINA","LIMA","LIMA",150114,45000.0000,10285.7100,6857.1400,"SOLES",20250331
"BID 4","INNOVACION ABIERTA MODALIDAD A - CAMBIO CLIMATICO",2024,"441-PROINNOVATE-IAMACC-2024","PROGRAMA DE INNOVACIÓN ABIERTA PARA EL DESARROLLO DE SOLUCIONES TECNOLÓGICAS SOSTENIBLES EN EDIFICACIONES INTELIGENTES.",20240722,20260722,"TNC CONTRATISTAS SOCIEDAD ANONIMA CERRADA - TNC CONTRATISTAS S.A.C.","SANTIAGO DE SURCO","LIMA","LIMA",150140,1974494.0000,863306.0000,975000.0000,"SOLES",20250331
"BID 4","EMPRENDIMIENTOS DINAMICOS",2024,"442-PROINNOVATE-EDI-2024","AMARU SUPERFOODS: ECOMMERCE DE SUPERFOODS PERUANOS",20240703,20250403,"AMARU SUPERFOODS S.A.C.","ATE","LIMA","LIMA",150103,91652.5400,14040.4600,26186.4400,"SOLES",20250331
"BID 4","EMPRENDIMIENTOS INNOVADORES",2024,"443-PROINNOVATE-EIN-2024","IFULNESS PLATAFORMA DIGITAL CON PROGRAMAS DE BIENESTAR",20240725,20250425,"ESPINOZA PORTOCARRERO KAREN PAMELA","CASTILLA","PIURA","PIURA",200104,66999.8000,9571.4000,19142.8000,"SOLES",20250331
"BID 4","EMPRENDIMIENTOS DINAMICOS",2024,"444-PROINNOVATE-EDI-2024","TEDI: PLATAFORMA EDUCATIVA PARA EL SECTOR CONSTRUCCIÓN",20240808,20250808,"TECNOLOGIA Y EDUCACION INNOVADORA E.I.R.L.","PIURA","PIURA","PIURA",200101,150000.0000,28640.0000,41700.0000,"SOLES",20250331
"BID 4","PROGRAMA DE INNOVACIÓN MODERNIZACIÓN TECNOLÓGICA Y EMPRENDIMIENTO - MIPYMES DIGITALES - CAMBIO CLIMÁTICO",2024,"445-PROINNOVATE-IMTEMDCC-2024","DESARROLLO E IMPLEMENTACIÓN DE UN APLICATIVO DE RV 360° PARA TURISMO SOSTENIBLE: REDUCIENDO LA HUELLA DE CARBONO\, PROMOVIENDO LA CONCIENCIA AMBIENTAL Y FORTALECIENDO EL POSICIONAMIENTO COMERCIAL DE \"MUNDO VIAJERO E.I.R.L.\"",20240722,20250522,"MUNDO VIAJERO EMPRESA INDIVIDUAL DE RESPONSABILIDAD LIMITADA","TAMBOPATA","TAMBOPATA","MADRE DE DIOS",170101,45000.0000,10285.7100,6857.1400,"SOLES",20250331
"BID 4","INNOVACION ABIERTA MODALIDAD A - CAMBIO CLIMATICO",2024,"446-PROINNOVATE-IAMACC-2024","DISEÑO E IMPLEMENTACIÓN DE UN PROGRAMA DE INNOVACIÓN ABIERTA PARA EL DESARROLLO DE SOLUCIONES SOSTENIBLES BAJO UN ENFOQUE DE ECONOMÍA CIRCULAR EN EL PROCESO PRODUCTIVO DE LA EMPRESA TEXTIL DEL VALLE SA BIC",20240722,20260322,"TEXTIL DEL VALLE SOCIEDAD ANONIMA DE BENEFICIO E INTERES COLECTIVO","CHINCHA BAJA","CHINCHA","ICA",110204,1962847.4600,863152.5400,952000.0000,"SOLES",20250331
"BID 4","EMPRENDIMIENTOS DINAMICOS",2024,"447-PROINNOVATE-EDI-2024","IOPTIMIZ: AUDITORÍAS AERONÁUTICAS GLOBALES A TARIFAS LOCALES",20240624,20250324,"LOIAL S.A.C.","SAN MIGUEL","LIMA","LIMA",150136,110250.0000,15759.2300,31500.0000,"SOLES",20250331
"BID 4","EMPRENDIMIENTOS INNOVADORES",2024,"448-PROINNOVATE-EIN-2024","FACTMYPE: PLATAFORMA DE ADM. DE FINANZAS Y DE CRÉDITO",20240703,20250403,"FACTMYPE.PE S.A.C.S.","HUANUCO","HUANUCO","HUANUCO",100101,67000.0000,9571.4300,19142.8600,"SOLES",20250331
"BID 4","EMPRENDIMIENTOS INNOVADORES",2024,"449-PROINNOVATE-EIN-2024","LETYMIND: PLATAFORMA QUE HACE MÁS EFICIENTE  LA CONTRATACIÓN DE CREATIVOS.",20240725,20250425,"LETYMIND TECHNOLOGIES S.A.C.","BELLAVISTA","PROV. CONST. DEL CALLAO","CALLAO",070102,67000.0000,9600.0000,19150.0000,"SOLES",20250331
"BID 4","PROGRAMA DE INNOVACIÓN MODERNIZACIÓN TECNOLÓGICA Y EMPRENDIMIENTO - MIPYMES DIGITALES - CAMBIO CLIMÁTICO",2024,"450-PROINNOVATE-IMTEMDCC-2024","DISEÑO E IMPLEMENTACIÓN DE UN SISTEMA DIGITAL\, ORIENTADO AL SMART MANAGEMENT BAJO EL ENFOQUE PAPER LESS\, PARA LA EFICIENCIA OPERATIVA Y LA REDUCCIÓN DE HUELLA DE CARBONO",20240617,20250417,"CONTAPYME SOCIEDAD ANONIMA CERRADA - CONTAPYME S.A.C.","LOS OLIVOS","LIMA","LIMA",150117,44900.0000,10260.0000,6840.0000,"SOLES",20250331
"BID 4","EMPRENDIMIENTOS DINÁMICOS - PERÚ PRODUCE: INNOVACIÓN FRENTE AL CAMBIO CLIMÁTICO",2024,"451-PROINNOVATE-EDICC-2024","MICROEFUGIO: DIVERSIFICACIÓN FÚNGICA EN BOSQUES ANDINOS",20240701,20250701,"ID BIOFOREST PERU SOCIEDAD ANONIMA CERRADA","INCAHUASI","FERREÑAFE","LAMBAYEQUE",140203,150000.0000,21428.5700,42857.1400,"SOLES",20250331
"BID 4","EMPRENDIMIENTOS DINAMICOS",2024,"452-PROINNOVATE-EDI-2024","EVERGREEN: SNACKS NUTRITIVOS Y DISRUPTIVOS AL MEJOR PRECIO.",20240624,20250324,"EVERGREEN ANDEAN S.A.C.","SAN ISIDRO","LIMA","LIMA",150131,150000.0000,22430.4800,42858.0000,"SOLES",20250331
"BID 4","EMPRENDIMIENTOS INNOVADORES",2024,"453-PROINNOVATE-EIN-2024","SYRY: PLATAFORMA EDUCATIVA EN REALIDAD VIRTUAL",20240703,20250403,"SYNTHETIC REALITY S.A.C.","SAN ISIDRO","LIMA","LIMA",150131,67000.0000,9571.4300,19142.8600,"SOLES",20250331
"BID 4","EMPRENDIMIENTOS INNOVADORES",2024,"454-PROINNOVATE-EIN-2024","GUNDO: SOFTWARE DE RECOMENDACIÓN NUTRICIONAL PERSONALIZADA",20240724,20250324,"SILVA DELGADO PRISCILA MANUELA","SANTIAGO DE SURCO","LIMA","LIMA",150140,67000.0000,9576.4000,19140.0000,"SOLES",20250331
"BID 4","EMPRENDIMIENTOS INNOVADORES",2024,"455-PROINNOVATE-EIN-2024","BYTE SISTEMA DE GESTIÓN\, SOLUCIÓN DE VENTA\, FACTURACIÓN Y GESTIÓN PARA PEQUEÑAS Y MEDIANAS EMPRESAS\, DE PRECIO JUSTO Y BUENAS PRESTACIONES.",20240711,20250411,"HERRERA ECHEVARRIA VANIA KRYSTAL","PIURA","PIURA","PIURA",200101,67000.0000,10617.4000,19143.0000,"SOLES",20250331
"BID 4","EMPRENDIMIENTOS INNOVADORES - PERÚ PRODUCE: INNOVACIÓN FRENTE AL CAMBIO CLIMÁTICO",2024,"456-PROINNOVATE-EINCC-2024","INBIOFERT: INÓCULOS PARA ELABORAR BIOFERTILIZANTES",20240724,20250424,"RAMIREZ AYMA JEAN CARLO","VILLA EL SALVADOR","LIMA","LIMA",150142,67000.0000,9580.0000,19135.0800,"SOLES",20250331
"BID 4","EMPRENDIMIENTOS INNOVADORES - PERÚ PRODUCE: INNOVACIÓN FRENTE AL CAMBIO CLIMÁTICO",2024,"458-PROINNOVATE-EINCC-2024","FAJA REUTILIZABLE: FUNCIÓN DEL MODELO STRECH FILM",20240717,20250417,"ILP SOLUCIONES LOGISTICA S.A.C.","COMAS","LIMA","LIMA",150110,67000.0000,9571.4300,19142.8600,"SOLES",20250331
"BID 4","EMPRENDIMIENTOS INNOVADORES - PERÚ PRODUCE: INNOVACIÓN FRENTE AL CAMBIO CLIMÁTICO",2024,"459-PROINNOVATE-EINCC-2024","QUICKBIO: AUTOMATIZA EL ANÁLISIS DE BIODIVERSIDAD",20240930,20250630,"BUITRON CAHUAS ITALO MARTIN","HUARAL","HUARAL","LIMA",150601,67000.0000,9653.3000,19142.8500,"SOLES",20250331
"BID 4","EMPRENDIMIENTOS DINAMICOS",2024,"460-PROINNOVATE-EDI-2024","COBRAYA PERÚ: SOSTENIBILIDAD DE LA CADENA DE ABASTECIMIENTO A PARTIR DE AHORROS FINANCIEROS AUTOMÁTICOS",20240701,20250501,"MERCADO MYPE PERU S.A.C.","MIRAFLORES","LIMA","LIMA",150122,148000.0000,24000.0000,42500.0000,"SOLES",20250331
"BID 4","EMPRENDIMIENTOS INNOVADORES",2024,"461-PROINNOVATE-EIN-2024","REGISTRABOT - BALANZA INTELIGENTE PARA BODEGUEROS.",20240718,20250418,"MUÑOZ HUAMAN JOSE MARIA","ATE","LIMA","LIMA",150103,67000.0000,9580.0000,19143.0000,"SOLES",20250331
"BID 4","EMPRENDIMIENTOS DINAMICOS",2024,"462-PROINNOVATE-EDI-2024","DOMEIN:  PLATAFORMA DE FINANCIAMIENTO DE MOTOS ",20240701,20250701,"DOMEIN S.A.C.","SAN ISIDRO","LIMA","LIMA",150131,140000.0000,27100.0000,33400.0000,"SOLES",20250331
"BID 4","EMPRENDIMIENTOS DINAMICOS",2024,"463-PROINNOVATE-EDI-2024","ISE: SOFTWARE E-LEARNING PARA LA INDUSTRIA MINERA GLOBAL",20240624,20250324,"ISE-ACADEMY S.A.C.","LIMA","LIMA","LIMA",150101,150000.0000,23105.7800,42257.1200,"SOLES",20250331
"BID 4","CENTROS DE SERVICIOS DE TRANSFORMACIÓN DIGITAL - CATEGORIA I",2024,"464-PROINNOVATE-CSTD1-2024","HUB DE TRANSFORMACIÓN DIGITAL: CREACIÓN DEL \"CENTRO TEC PUCP\"\, PARA PROMOVER LA REVOLUCIÓN DIGITAL EN LOS SECTORES MANUFACTURA Y CONSTRUCCIÓN.",20240801,20250801,"PONTIFICIA UNIVERSIDAD CATOLICA DEL PERU","SAN MIGUEL","LIMA","LIMA",150136,500000.0000,77240.0000,65952.8500,"SOLES",20250331
"BID 4","INNOVACIÓN EMPRESARIAL - CAMBIO CLIMÁTICO",2024,"465-PROINNOVATE-PIEC1CC-2024","DESARROLLO DE UN BIOFERTILIZANTE A BASE DE RESIDUOS DE PELAMBRE",20240624,20251224,"CURTIDURIA SARCO S.A.C.","LA ESPERANZA","TRUJILLO","LA LIBERTAD",130105,358044.7600,41473.8200,43200.0000,"SOLES",20250331
"BID 4","PROGRAMA DE INNOVACIÓN MODERNIZACIÓN TECNOLÓGICA Y EMPRENDIMIENTO - MIPYMES DIGITALES - CAMBIO CLIMÁTICO",2024,"466-PROINNOVATE-IMTEMDCC-2024","IMPLEMENTACIÓN DE UN SOFTWARE CON ENFOQUE DE ECONOMÍA CIRCULAR PARA ACEITE RESIDUAL UTILIZADO EN LA  PRODUCCIÓN DE SNACK AMAZÓNICOS.",20240808,20250508,"FIRMA CONTABLE E.I.R.L.","MORALES","SAN MARTIN","SAN MARTIN",220910,45000.0000,10460.0000,6840.0000,"SOLES",20250331
"BID 4","EMPRENDIMIENTOS INNOVADORES",2024,"467-PROINNOVATE-EIN-2024","IZITOOR: SOFTWARE PARA EMPRESAS DE VIAJE",20240703,20250403,"CORONADO SONCCO ERICK EDUARDO","SAN JUAN DE LURIGANCHO","LIMA","LIMA",150132,67000.0000,9580.5100,19142.7000,"SOLES",20250331
"BID 4","EMPRENDIMIENTOS INNOVADORES",2024,"468-PROINNOVATE-EIN-2024","SEVEM:  ADMINISTRADOR DE EVENTOS SOCIALES CON IA",20240823,20250523,"TECHBIZ SOLUTIONS S.A.C","TACNA","TACNA","TACNA",230101,67000.0000,9580.0000,19142.0000,"SOLES",20250331
"BID 4","EMPRENDIMIENTOS DINAMICOS",2024,"469-PROINNOVATE-EDI-2024","ZOMBIEPLUS: CANAL QUE CONECTA A LAS MARCAS CON SU AUDIENCIA",20240703,20250602,"DIGITAL ZOMBIE S.A.C.","SAN ISIDRO","LIMA","LIMA",150131,147000.0000,21000.0000,42000.0000,"SOLES",20250331
"BID 4","EMPRENDIMIENTOS DINAMICOS",2024,"470-PROINNOVATE-EDI-2024","GROWTOP: PLATAFORMA EDUCATIVA DEDICADA AL DIAGNÓSTICO Y DESARROLLO DE COMPETENCIAS. ",20240711,20250711,"GROWTOP S.A.C.","SANTIAGO DE SURCO","LIMA","LIMA",150140,140000.0000,39306.0000,24000.0000,"SOLES",20250331
"BID 4","EMPRENDIMIENTOS INNOVADORES",2024,"471-PROINNOVATE-EIN-2024","FLUPIC: PLATAFORMA PARA CREADORES DE CONTENIDO CON EMPRESAS",20240808,20250508,"CORPORACION DIAN S.A.C.","AYACUCHO","HUAMANGA","AYACUCHO",050101,67000.0000,10929.0000,18300.0000,"SOLES",20250331
"BID 4","EMPRENDIMIENTOS INNOVADORES",2024,"472-PROINNOVATE-EIN-2024","YALA: ACELERA VENTAS ONLINE CON INTELIGENCIA ARTIFICIAL",20240711,20250411,"YALA AI S.A.C","SURQUILLO","LIMA","LIMA",150141,67000.0000,10000.0000,19200.0000,"SOLES",20250331
"BID 4","EMPRENDIMIENTOS INNOVADORES - PERÚ PRODUCE: INNOVACIÓN FRENTE AL CAMBIO CLIMÁTICO",2024,"473-PROINNOVATE-EINCC-2024","GALIA CHARGER: TRANSFORMAR ENERGÍA CINÉTICA A ELÉCTRICA",20240711,20250411,"GALIA CHARGER S.A.C.","MIRAFLORES","LIMA","LIMA",150122,63000.0000,17350.0000,20000.0000,"SOLES",20250331
"BID 4","EMPRENDIMIENTOS INNOVADORES",2024,"474-PROINNOVATE-EIN-2024","QUADRA: ECOSISTEMA DIGITAL DE ESTACIONAMIENTOS",20240725,20250425,"PARKEA S.A.C.","MIRAFLORES","LIMA","LIMA",150122,67000.0000,9572.0000,19142.2800,"SOLES",20250331
"BID 4","EMPRENDIMIENTOS INNOVADORES - PERÚ PRODUCE: INNOVACIÓN FRENTE AL CAMBIO CLIMÁTICO",2024,"475-PROINNOVATE-EINCC-2024","GOOGLENN RECYCLING: MÁQUINAS INTELIGENTES PARA RECICLAJE",20240801,20250501,"ALDAVE BENITES GLENN ROBERTO","COMAS","LIMA","LIMA",150110,67000.0000,9571.4300,19142.8500,"SOLES",20250331
"BID 4","EMPRENDIMIENTOS INNOVADORES - PERÚ PRODUCE: INNOVACIÓN FRENTE AL CAMBIO CLIMÁTICO",2024,"476-PROINNOVATE-EINCC-2024","MILAB1: EDTECH ENFOCADO EN LA REVALORIZACIÓN DE ALIMENTOS",20240801,20250501,"RAMÍREZ AYMA WOLFGANG JURGEN","VILLA EL SALVADOR","LIMA","LIMA",150142,67000.0000,9580.0500,19135.0800,"SOLES",20250331
"BID 4","EMPRENDIMIENTOS DINAMICOS",2024,"477-PROINNOVATE-EDI-2024","FIRMEASY LEGAL: ACUERDO LEGAL CON FIRMA ELECTRÓNICA AVANZADA",20240701,20250401,"GIRASOL PE SOCIEDAD COMERCIAL DE RESPONSABILIDAD LIMITADA","AMARILIS","HUANUCO","HUANUCO",100102,150000.0000,21428.9800,42856.7400,"SOLES",20250331
"BID 4","EMPRENDIMIENTOS INNOVADORES",2024,"478-PROINNOVATE-EIN-2024","MICROFUDS: CONFITERÍA SALUDABLE",20240801,20250501,"BIOGENIA S.A.C.","CALLAO","PROV. CONST. DEL CALLAO","CALLAO",070101,66685.0000,9530.0000,19050.0000,"SOLES",20250331
"BID 4","EMPRENDIMIENTOS INNOVADORES",2024,"479-PROINNOVATE-EIN-2024","VIAJAMAS: PLATAFORMA DE PLANIFICACIÓN DE VIAJES",20240816,20250516,"GALDO MELENDEZ BRYAN DARIO","LIMA","LIMA","LIMA",150101,67000.0000,10000.0000,19000.0000,"SOLES",20250331
"BID 4","EMPRENDIMIENTOS INNOVADORES - PERÚ PRODUCE: INNOVACIÓN FRENTE AL CAMBIO CLIMÁTICO",2024,"480-PROINNOVATE-EINCC-2024","CICLA PROJECT: CALZADO PREMIUM CON MATERIALES RECICLADOS",20240801,20250501,"SALCEDO MORENO GUILLERMO DAVID","HUANCHACO","TRUJILLO","LA LIBERTAD",130104,67000.0000,10715.0000,18000.0000,"SOLES",20250331
"BID 4","INNOVACION ABIERTA MODALIDAD A - CAMBIO CLIMATICO",2024,"481-PROINNOVATE-IAMACC-2024","DESARROLLO DE UN PROGRAMA DE INNOVACIÓN ABIERTA CON ENFOQUE EN LA SOSTENIBILIDAD TEXTIL Y LA MITIGACIÓN DEL CAMBIO CLIMÁTICO\, EN LA EMPRESA CONFECCIONES TRENTO S.A.C.",20240703,20260703,"CONFECCIONES TRENTO S.A.C.","SAN LUIS","LIMA","LIMA",150134,1993514.3700,865295.6300,992600.0000,"SOLES",20250331
"BID 4","EMPRENDIMIENTOS INNOVADORES",2024,"482-PROINNOVATE-EIN-2024","MAKI ROBOTICS: PRÓTESIS PARA PERSONAS CON DISCAPACIDAD",20240911,20250611,"BORJA PARRA MIGUEL ANGEL","SIMON BOLIVAR","PASCO","PASCO",190109,62800.0000,10851.6400,17000.0000,"SOLES",20250331
"BID 4","EMPRENDIMIENTOS INNOVADORES",2024,"483-PROINNOVATE-EIN-2024","IAGO APP: ESTRATEGIAS DE MARKETING EN MENOR TIEMPO",20240816,20250516,"INTELIGENCIA ARTIFICIAL GO S.A.C.","JESUS MARIA","LIMA","LIMA",150113,67000.0000,10159.0600,18894.0000,"SOLES",20250331
"BID 4","EMPRENDIMIENTOS INNOVADORES",2024,"484-PROINNOVATE-EIN-2024","REALITY NEAR: METAVERSO BASADO EN COMUNIDADES",20240801,20250501,"BAMBAREN DABDOUB LUIS JAVIER","SANTIAGO DE SURCO","LIMA","LIMA",150140,67000.0000,17477.0000,12500.0000,"SOLES",20250331
"BID 4","EMPRENDIMIENTOS INNOVADORES",2024,"485-PROINNOVATE-EIN-2024","LITIS: BUSCADOR DE JURISPRUDENCIAS CON INTELIGENCIA ARTIFICIAL  ",20240711,20250411,"GONZALES MELQUIADES EDWIN PROSPERO","TRUJILLO","TRUJILLO","LA LIBERTAD",130101,67000.0000,9600.0000,19120.0000,"SOLES",20250331
"BID 4","EMPRENDIMIENTOS DINAMICOS",2024,"486-PROINNOVATE-EDI-2024","ZAFIRO STORE: MARKETPLACE DE ARTÍCULOS DE LUJO",20240711,20250711,"LUXURY MARKETPLACE S.A.C","SANTIAGO DE SURCO","LIMA","LIMA",150140,146000.0000,25837.4100,39600.0000,"SOLES",20250331
"BID 4","EMPRENDIMIENTOS INNOVADORES",2024,"487-PROINNOVATE-EIN-2024","M4T3RI4: JOYERÍA DIGITAL",20240801,20250501,"LOPEZ DE ROMAÑA FERNANDEZ SOFIA","CHORRILLOS","LIMA","LIMA",150108,67000.0000,10601.5800,18208.0000,"SOLES",20250331
"BID 4","EMPRENDIMIENTOS INNOVADORES",2024,"488-PROINNOVATE-EIN-2024","NANOPHARM: PASTA DENTAL PARA REMINERALIZAR EL ESMALTE.",20240911,20250611,"JUAN CARLOS MEDINA PANTOJA","SAN MARTIN DE PORRES","LIMA","LIMA",150135,67000.0000,9571.4300,19142.8600,"SOLES",20250331
"BID 4","INNOVACION ABIERTA MODALIDAD A - CAMBIO CLIMATICO",2024,"489-PROINNOVATE-IAMACC-2024","PROYECTO DE INNOVACIÓN ABIERTA PARA LA GESTIÓN INTEGRAL DE SOLUCIONES SOSTENIBLES EN LA CADENA DE VALOR DE LA INDUSTRIA TEXTIL EN LA EMPRESA TEXTILE SOURCING COMPANY S.A.C. BIC",20240725,20260325,"TEXTILE SOURCING COMPANY S.A.C. BIC","PUEBLO NUEVO","CHINCHA","ICA",110207,1999042.3700,863457.6300,1005600.0000,"SOLES",20250331
"BID 4","EMPRENDIMIENTOS INNOVADORES - PERÚ PRODUCE: INNOVACIÓN FRENTE AL CAMBIO CLIMÁTICO",2024,"490-PROINNOVATE-EINCC-2024","AVIB: GALPÓN MÓVIL AUTÓNOMO PARA LA PRODUCCIÓN AVÍCOLA",20240711,20250411,"GOMEZ LUJAN CARLOS ENRIQUE","CALLAO","PROV. CONST. DEL CALLAO","CALLAO",070101,67000.0000,10841.4300,19000.0000,"SOLES",20250331
"BID 4","PROGRAMA DE INNOVACIÓN MODERNIZACIÓN TECNOLÓGICA Y EMPRENDIMIENTO - MIPYMES DIGITALES - CAMBIO CLIMÁTICO",2024,"491-PROINNOVATE-IMTEMDCC-2024","IMPLEMENTACIÓN DE UN SISTEMA INTEGRAL DE GESTIÓN (ERP) PARA OPTIMIZAR LOS PROCESOS OPERATIVOS EN LA EMPRESA OVA SMAN EIRL  Y REDUCIR LA DEPREDACIÓN DE OVAS DE PEZ VOLADOR\, INCREMENTANDO SU COMPETITIVIDAD Y PRODUCTIVIDAD.",20240722,20250622,"OVA SMAN EMPRESA INDIVIDUAL DE RESPONSABILIDAD DE LIMITADA","ISLAY","ISLAY","AREQUIPA",040704,45000.0000,10400.0000,6780.0000,"SOLES",20250331
"BID 4","EMPRENDIMIENTOS DINAMICOS",2024,"492-PROINNOVATE-EDI-2024","MAQU: MERCADO DIGITAL DE MÁQUINAS DE MINERÍA Y CONSTRUCCIÓN",20240711,20250711,"WALU INVERSIONES S.A.C.","SANTIAGO DE SURCO","LIMA","LIMA",150140,150000.0000,21892.0100,42649.2800,"SOLES",20250331
"BID 4","INCUBADORAS SOFTLANDING - Acompañamiento",2024,"493-PROINNOVATE-SOFT-2024","1551 INCUBADORA DE EMPRESAS INNOVADORAS UNMSM - ACOMPAÑAMIENTO A PROYECTOS DE PLUG 4G",20240621,20250621,"UNIVERSIDAD NACIONAL MAYOR DE SAN MARCOS","LIMA","LIMA","LIMA",150101,6000.0000,0.0000,0.0000,"DOLARES",20250331
"BID 4","EMPRENDIMIENTOS INNOVADORES",2024,"494-PROINNOVATE-EIN-2024","XPLORA: UNA APP QUE TE PERMITE DESCUBRIR NUEVOS LUGARES",20241018,20250418,"CHAMBILLA MAMANI EDGAR MOISES","BARRANCO","LIMA","LIMA",150104,67000.0000,9572.0000,19142.2800,"SOLES",20250331
"BID 4","EMPRENDIMIENTOS INNOVADORES",2024,"495-PROINNOVATE-EIN-2024","GANGA: MULTIPLATAFORMA GUÍA PARA CONSUMOS EN TU CIUDAD",20240711,20250411,"VARGAS YAÑEZ KEVIN STEVE","AYACUCHO","HUAMANGA","AYACUCHO",050101,67000.0000,14560.0000,14400.0000,"SOLES",20250331
"BID 4","EMPRENDIMIENTOS INNOVADORES - PERÚ PRODUCE: INNOVACIÓN FRENTE AL CAMBIO CLIMÁTICO",2024,"496-PROINNOVATE-EINCC-2024","LOLOTEC: PLATAFORMA QUE IMPULSA EL REÚSO DE CELULARES",20240711,20250411,"CORPORACION PERU SUSTENTABLE S.A.C.","SANTIAGO DE SURCO","LIMA","LIMA",150140,67000.0000,15000.0000,20000.0000,"SOLES",20250331
"BID 4","EMPRENDIMIENTOS INNOVADORES",2024,"497-PROINNOVATE-EIN-2024","FREYA: PRODUCCIÓN DE COSMÉTICA NATURAL A BASE DE MATERIA ORGÁNICA",20240711,20250411,"LI RODRIGUEZ LUIS CARLOS","TRUJILLO","TRUJILLO","LA LIBERTAD",130101,67000.0000,13490.0000,19140.0000,"SOLES",20250331
"BID 4","EMPRENDIMIENTOS INNOVADORES",2024,"498-PROINNOVATE-EIN-2024","GUÍA PATEPERRO: PLATAFORMA WEB DE TURISMO DE EXPERIENCIAS",20240916,20250316,"CARBAJAL BARBOZA LUIS FERNANDO","CAJAMARCA","CAJAMARCA","CAJAMARCA",060101,67000.0000,12580.0000,16723.0000,"SOLES",20250331
"BID 4","EMPRENDIMIENTOS INNOVADORES",2024,"499-PROINNOVATE-EIN-2024","RASTRAR: TRAZABILIDAD AGROPECUARIA DIGITAL",20240916,20250516,"ZARATE SOUSA JOSE ARMANDO","SAN BORJA","LIMA","LIMA",150130,65246.1000,10860.3000,17199.0000,"SOLES",20250331
"BID 4","PROGRAMA DE INNOVACIÓN MODERNIZACIÓN TECNOLÓGICA Y EMPRENDIMIENTO - MIPYMES DIGITALES - CAMBIO CLIMÁTICO",2024,"500-PROINNOVATE-IMTEMDCC-2024","OPTIMIZACIÓN DE LA GESTIÓN DE PROCESOS DE LOS SERVICIOS 100% AMIGABLES CON EL MEDIO AMBIENTE DE LA EMPRESA MAIL ON BIKE A TRAVÉS DEL DESARROLLO DE NUEVOS MÓDULOS EN NUESTRA PLATAFORMA DE GESTIÓN Y UNA API PARA INTEGRACIÓN CON TERCEROS",20240911,20250811,"MAIL ON BIKE E.I.R.L. - MOBIKE E.I.R.L.","SANTIAGO DE SURCO","LIMA","LIMA",150140,45000.0000,10285.7200,6857.1300,"SOLES",20250331
"BID 4","EMPRENDIMIENTOS INNOVADORES",2024,"501-PROINNOVATE-EIN-2024","ROLAVI: PRODUCCIÓN DE EQUIPOS DE ALTA PRECISIÓN GNSS",20240911,20250511,"HERRERA DÍAZ MARCO ANTONIO","LOS OLIVOS","LIMA","LIMA",150117,67000.0000,9571.4300,19142.8600,"SOLES",20250331
"BID 4","EMPRENDIMIENTOS INNOVADORES - PERÚ PRODUCE: INNOVACIÓN FRENTE AL CAMBIO CLIMÁTICO",2024,"502-PROINNOVATE-EINCC-2024","BIOTECH SUPERFOOD: CREANDO ALIMENTOS SALUDADES Y SOSTENIBLES",20240801,20250501,"EMPRENDEDORES GLOBALES S.A.C.","SANTIAGO DE SURCO","LIMA","LIMA",150140,67000.0000,9572.0000,19142.2800,"SOLES",20250331
"BID 4","EMPRENDIMIENTOS INNOVADORES",2024,"503-PROINNOVATE-EIN-2024","DATATWIN:  DESARROLLO  DEL SOFTWARE DE GEMELO DIGITAL DATATWIN\, EL CUAL REPLICA VIRTUALMENTE LAS OPERACIONES MINERAS EN TIEMPO REAL",20240801,20250501,"SAGASTEGUI AYALA FERNANDO ENRIQUE","SANTIAGO DE SURCO","LIMA","LIMA",150140,67000.0000,24500.0000,11000.0000,"SOLES",20250331
"BID 4","EMPRENDIMIENTOS INNOVADORES",2024,"504-PROINNOVATE-EIN-2024","MICOLE: MARKETPLACE PARA COLEGIOS Y PADRES",20240724,20250424,"MEDINA VASQUEZ ENZO DIEGO","SAN MIGUEL","LIMA","LIMA",150136,67000.0000,10000.0000,19000.0000,"SOLES",20250331
"MIPYME Emprendedor","PROGRAMA DE APOYO A CLUSTERS",2024,"505-PROINNOVATE-PAC-2024","DESARROLLO DEL CLÚSTER CAFÉ DE LA REGIÓN CAJAMARCA.",20240816,20250816,"CÁMARA DE COMERCIO\, AGRICULTURA E INDUSTRIAS DE JAÉN","JAEN","JAEN","CAJAMARCA",060801,630042.0000,154150.0000,76000.0000,"SOLES",20250331
"BID 4","INNOVACION ABIERTA MODALIDAD A - CAMBIO CLIMATICO",2024,"506-PROINNOVATE-IAMACC-2024","DESARROLLO DE UN PROGRAMA DE INNOVACIÓN ABIERTA\, CON ENFOQUE EN CAMBIO CLIMÁTICO\, PARA FORTALECER LA SOSTENIBILIDAD Y LA SEGURIDAD EN LA CADENA DE SUMINISTRO FARMACÉUTICA EN LA EMPRESA LABORATORIOS SIEGFRIED S.A.C.",20240722,20260722,"LABORATORIOS SIEGFRIED S.A.C.","MIRAFLORES","LIMA","LIMA",150122,1985923.7300,867576.2700,978200.0000,"SOLES",20250331
"BID 4","EMPRENDIMIENTOS INNOVADORES - PERÚ PRODUCE: INNOVACIÓN FRENTE AL CAMBIO CLIMÁTICO",2024,"507-PROINNOVATE-EINCC-2024","FORESLAB: PRODUCCIÓN MASIVA FORESTAL CON BIOTECNOLOGÍA",20240725,20250425,"FORESLAB S.A.C.","CHACHAPOYAS","CHACHAPOYAS","AMAZONAS",010101,67000.0000,9602.8800,19135.0000,"SOLES",20250331
"BID 4","EMPRENDIMIENTOS INNOVADORES",2024,"508-PROINNOVATE-EIN-2024","AGÉNDALO: PLATAFORMA PARA AUMENTAR VENTAS EN WHATSAPP",20240711,20250311,"AGENDALO S.A.C.","SANTIAGO DE SURCO","LIMA","LIMA",150140,67000.0000,9575.0000,19140.0000,"SOLES",20250331
"BID 4","EMPRENDIMIENTOS DINAMICOS",2024,"509-PROINNOVATE-EDI-2024","GROWBY: HUB DE ESPECIALISTAS DIGITALES",20240801,20250501,"HUB NEGOCIOS CREATIVOS S.A.C.","LIMA","LIMA","LIMA",150101,150000.0000,21935.5900,42920.0000,"SOLES",20250331
"BID 4","EMPRENDIMIENTOS INNOVADORES - PERÚ PRODUCE: INNOVACIÓN FRENTE AL CAMBIO CLIMÁTICO",2024,"510-PROINNOVATE-EINCC-2024","POOLFARM: ACUICULTURA INTELIGENTE",20240711,20250411,"GRUPO DE TECNOLOGIA E INNOVACION AGROINDUSTRIAL POOLFARM S.A.C.","SAN ISIDRO","LIMA","LIMA",150131,67000.0000,9571.9400,19142.3600,"SOLES",20250331
"BID 4","EMPRENDIMIENTOS INNOVADORES - PERÚ PRODUCE: INNOVACIÓN FRENTE AL CAMBIO CLIMÁTICO",2024,"511-PROINNOVATE-EINCC-2024","I AM BIOLIFE SAC: AÑADIR VIDA AL SUELO REDUCIENDO COSTOS",20240916,20250616,"I AM BIOLIFE S.A.C.","MIRAFLORES","LIMA","LIMA",150122,67000.0000,9750.0000,19000.0000,"SOLES",20250331
"BID 4","EMPRENDIMIENTOS DINÁMICOS - PERÚ PRODUCE: INNOVACIÓN FRENTE AL CAMBIO CLIMÁTICO",2024,"512-PROINNOVATE-EDICC-2024","SALPU: BIOCONVERSIÓN DE PLÁSTICOS USANDO MICROORGANISMOS",20240711,20250411,"NATURAL COMPANY E.I.R.L.","LA MOLINA","LIMA","LIMA",150114,150000.0000,21428.5700,42857.1400,"SOLES",20250331
"BID 4","EMPRENDIMIENTOS INNOVADORES",2024,"513-PROINNOVATE-EIN-2024","ICON HOUSE: GESTIÓN DE PROPIEDADES PARA RENTAS A CORTO PLAZO",20240930,20250630,"ICON HOUSE S.A.C.","SANTIAGO DE SURCO","LIMA","LIMA",150140,67000.0000,15600.0000,20000.0000,"SOLES",20250331
"BID 4","EMPRENDIMIENTOS DINAMICOS",2024,"514-PROINNOVATE-EDI-2024","QAYA CUERO: BIO MATERIALES CON ESCAMA DE PESCADO",20240808,20250508,"QAYA CUERO DE PESCADO PERUANO E.I.R.L.","VILLA MARIA DEL TRIUNFO","LIMA","LIMA",150143,150000.0000,21429.0000,42857.0000,"SOLES",20250331
"BID 4","EMPRENDIMIENTOS INNOVADORES - PERÚ PRODUCE: INNOVACIÓN FRENTE AL CAMBIO CLIMÁTICO",2024,"515-PROINNOVATE-EINCC-2024","BLUME: PESCA SOSTENIBLE CON ROBÓTICA E IA",20240911,20250611,"CASTRO CAMPOS OSCAR MIGUEL","CALLAO","PROV. CONST. DEL CALLAO","CALLAO",070101,67000.0000,12510.0000,18500.0000,"SOLES",20250331
"BID 4","EMPRENDIMIENTOS INNOVADORES - PERÚ PRODUCE: INNOVACIÓN FRENTE AL CAMBIO CLIMÁTICO",2024,"516-PROINNOVATE-EINCC-2024","KAWÁT: ALIMENTO PARA ANIMALES EN BASE A INSECTOS",20240820,20250520,"KAWAT S.A.C.","NUEVA CAJAMARCA","RIOJA","SAN MARTIN",220804,67000.0000,12000.0000,16800.0000,"SOLES",20250331
"BID 4","CONCURSO DE PROYECTOS COLABORATIVOS DE INNOVACIÓN ABIERTA MODALIDAD A",2024,"520-PROINNOVATE-IAMA-2024","DESARROLLO DE UN PROGRAMA DE INNOVACIÓN ABIERTA EN LA EMPRESA LÁCTEA S.A. QUE PERMITA LA SOSTENIBILIDAD Y CIRCULARIDAD EN LA GANADERÍA LECHERA INTENSIVA\, CON IMPACTO SOCIAL\, AMBIENTAL Y ECONÓMICO FAVORABLE.",20240624,20260624,"LACTEA S.A","TRUJILLO","TRUJILLO","LA LIBERTAD",130101,1999440.6800,866859.3200,959800.0000,"SOLES",20250331
"BID 4","PROGRAMA DE INNOVACIÓN MODERNIZACIÓN TECNOLÓGICA Y EMPRENDIMIENTO - MIPYMES DIGITALES - CAMBIO CLIMÁTICO",2024,"521-PROINNOVATE-IMTEMDCC-2024","IMPLEMENTACIÓN DE UN SISTEMA DE CONTROL DIGITAL DE CAUDALES Y NIVELES DE OXIGENACIÓN PARA LA OPTIMIZACIÓN DEL RECURSO HÍDRICO CON IMPACTO FAVORABLES EN LOS COSTOS DE PRODUCCIÓN PISCICOLA Y BUENA ACCIÓN CLIMÁTICA.",20240920,20250820,"AGROPECUARIA EL CRIADOR E & F E.I.R.L.","NUEVA CAJAMARCA","RIOJA","SAN MARTIN",220804,44900.0000,10260.0000,6840.0000,"SOLES",20250331
"BID 4","EMPRENDIMIENTOS INNOVADORES",2024,"522-PROINNOVATE-EIN-2024","SMART MUNI: PLATAFORMA DIGITAL DE SEGURIDAD CIUDADANA",20240930,20250630,"BERYLLIUM DEVELOPMENT COMPANY S.A.C.","ALTO SELVA ALEGRE","AREQUIPA","AREQUIPA",040102,67000.0000,9571.5500,19142.8600,"SOLES",20250331
"BID 4","EMPRENDIMIENTOS INNOVADORES",2024,"523-PROINNOVATE-EIN-2024","QIPU FACT:  FINTECH DE SUBASTAS DE FACTURAS",20240808,20250508,"QIPU FINANCE S.A.C.","MIRAFLORES","LIMA","LIMA",150122,67000.0000,9610.1700,19142.0000,"SOLES",20250331
"BID 4","EMPRENDIMIENTOS INNOVADORES",2024,"524-PROINNOVATE-EIN-2024","TERNADIA: ACELERACIÓN DE RECLUTAMIENTO CON TECNOLOGÍA ",20240731,20250430,"TERNADIA S.A.C.","LIMA","LIMA","LIMA",150101,67000.0000,12000.0000,17000.0000,"SOLES",20250331
"BID 4","EMPRENDIMIENTOS INNOVADORES",2024,"525-PROINNOVATE-EIN-2024","WHIPAY: COMERCIO B2B EN VIVO DE ALIMENTOS AL POR MAYOR",20240724,20250324,"JW TECHNOLOGIES S.A.C.","SAN BORJA","LIMA","LIMA",150130,67000.0000,9572.0000,19143.0000,"SOLES",20250331
"BID 4","EMPRENDIMIENTOS INNOVADORES",2024,"526-PROINNOVATE-EIN-2024","BLIN'BLIN X FEC:  ACCESORIOS DE MODA IMPRESOS EN 3D EN LOS MERCADOS FÍSICOS Y DIGITALES",20240816,20250516,"ESCAJADILLO CRIADO FABIOLA ESTEFANY","LA MOLINA","LIMA","LIMA",150114,67000.0000,10950.0000,19095.0000,"SOLES",20250331
"BID 4","EMPRENDIMIENTOS INNOVADORES",2024,"527-PROINNOVATE-EIN-2024","KONTITI: CHOCOLATES CULTURALES DEL PERÚ",20240911,20250611,"HUALLPA ALVAREZ MAGALY FRECIA","SAN SEBASTIAN","CUSCO","CUSCO",080105,67000.0000,9571.4300,19142.8500,"SOLES",20250331
"BID 4","EMPRENDIMIENTOS DINAMICOS",2024,"529-PROINNOVATE-EDI-2024","VUÁ COSMETICS: CUIDADO CAPILAR ULTRAPERSONALIZADO",20240711,20250411,"VUA COSMETICS S.A.C.","SAN ISIDRO","LIMA","LIMA",150131,116830.3500,44535.6500,7702.4000,"SOLES",20250331
"BID 4","EMPRENDIMIENTOS INNOVADORES",2024,"530-PROINNOVATE-EIN-2024","WISECAI: PLATAFORMA ALL-IN-ONE CON IA PARA CONSTRUCCIÓN",20240911,20250611,"WISECAI S.A.C.S","COMAS","LIMA","LIMA",150110,67000.0000,10218.0000,19260.0000,"SOLES",20250331
"BID 4","EMPRENDIMIENTOS DINAMICOS",2024,"531-PROINNOVATE-EDI-2024","SURF PLACE: PLATAFORMA DIGITAL PARA ATENDER A LOS SURFISTAS",20240816,20250616,"VGLG PERU S.A.C.","SANTIAGO DE SURCO","LIMA","LIMA",150140,121500.0000,21400.0000,35000.0000,"SOLES",20250331
"BID 4","EMPRENDIMIENTOS INNOVADORES",2024,"532-PROINNOVATE-EIN-2024","LANDA CLUB: PLATAFORMA DE CONSULTORES PARA STARTUPS",20240808,20250408,"TUDELA ARAMBURÚ GABRIEL","MIRAFLORES","LIMA","LIMA",150122,67000.0000,9572.0000,19142.2800,"SOLES",20250331
"BID 4","EMPRENDIMIENTOS INNOVADORES",2024,"533-PROINNOVATE-EIN-2024","KEEPERS: MARKETPLACE BILATERAL DE SERVICIOS DOMÉSTICOS",20240808,20250508,"GARCIA BURGA KAROL LISETH","VICTOR LARCO HERRERA","TRUJILLO","LA LIBERTAD",130111,67000.0000,9571.4300,19142.8500,"SOLES",20250331
"BID 4","EMPRENDIMIENTOS INNOVADORES",2024,"534-PROINNOVATE-EIN-2024","ORGALIADO: INSECTICIDA ORGÁNICO LOW COST CON EFECTO FERTILIZANTE\, ELABORADO A PARTIR DE LA ECONOMÍA CIRCULAR UTILIZANDO LA BIOTECNOLOGÍA.",20241113,20250813,"LAMA SEGURA DIEGO ALONSO","PIURA","PIURA","PIURA",200101,67000.0000,10228.6800,19142.8500,"SOLES",20250331
"BID 4","EMPRENDIMIENTOS INNOVADORES",2024,"535-PROINNOVATE-EIN-2024","METRIC 360: ERP CON INTELIGENCIA ARTIFICIAL PARA MIPYMES",20240801,20250501,"VILLANUEVA LAVADO ISAAC","LOS OLIVOS","LIMA","LIMA",150117,63272.8900,16457.1100,12059.0000,"SOLES",20250331
"BID 4","EMPRENDIMIENTOS INNOVADORES",2024,"536-PROINNOVATE-EIN-2024","NUTRIERA: ALIMENTOS INTELIGENTES CON INSUMOS PERUANOS",20240816,20250516,"NUTRIERA S.A.C.","SAN MIGUEL","LIMA","LIMA",150136,67000.0000,9571.4300,19142.8500,"SOLES",20250331
"BID 4","EMPRENDIMIENTOS INNOVADORES - PERÚ PRODUCE: INNOVACIÓN FRENTE AL CAMBIO CLIMÁTICO",2024,"537-PROINNOVATE-EINCC-2024","MOTOBROS: TRANSFORMAMOS EL ECOSISTEMA DE MOTOS EN EL PERÚ",20240808,20250508,"MOTOBROS S.A.C.","BARRANCO","LIMA","LIMA",150104,67000.0000,11609.0000,17220.0000,"SOLES",20250331
"BID 4","EMPRENDIMIENTOS INNOVADORES",2024,"538-PROINNOVATE-EIN-2024","METASUYO: PLATAFORMA DE FIDELIZACIÓN CULTURAL",20240801,20250501,"CARRANZA PERALES LUIS ALFONSO","LIMA","LIMA","LIMA",150101,62997.9000,10000.0000,18200.0000,"SOLES",20250331
"BID 4","EMPRENDIMIENTOS INNOVADORES - PERÚ PRODUCE: INNOVACIÓN FRENTE AL CAMBIO CLIMÁTICO",2024,"539-PROINNOVATE-EINCC-2024","FERTINORT: SOLUCIONES INNOVADORAS AL SERVICIO DEL AGRO",20240725,20250425,"FERTINORT FORMULACIONES INDUSTRIALES Y SERVICIOS S.A.C.","PIURA","PIURA","PIURA",200101,67000.0000,11301.0000,17420.0000,"SOLES",20250331
"BID 4","EMPRENDIMIENTOS DINAMICOS",2024,"541-PROINNOVATE-EDI-2024","JUNTAS: PLATAFORMA ONLINE DE CRIANZA PARENTEEN PARA PADRES",20240711,20250711,"JUNTAS PERU SOCIEDAD ANONIMA CERRADA","MIRAFLORES","LIMA","LIMA",150122,150000.0000,21477.0000,42820.0000,"SOLES",20250331
"BID 4","PROGRAMA DE INNOVACIÓN MODERNIZACIÓN TECNOLÓGICA Y EMPRENDIMIENTO - MIPYMES DIGITALES - CAMBIO CLIMÁTICO",2024,"542-PROINNOVATE-IMTEMDCC-2024","OPTIMIZACIÓN DE LA EFICIENCIA Y SOSTENIBILIDAD EN EL TRANSPORTE DE CARGA: INTEGRACIÓN DE TECNOLOGÍAS DIGITALES PARA LA MITIGACIÓN DEL CAMBIO CLIMÁTICO EN TRANSPORTE Y FACTORIA MOTORS S.A.",20240930,20250830,"TRANSPORTE Y FACTORIA MOTORS S.A.","INDEPENDENCIA","HUARAZ","ANCASH",020105,45000.0000,10286.0000,6857.0000,"SOLES",20250331
"BID 4","EMPRENDIMIENTOS DINAMICOS",2024,"545-PROINNOVATE-EDI-2024","FARMANIACOS: EDTECH DE FARMACIAS INDEPENDIENTES DE LATAM",20240725,20250725,"FARMANIACOS S.A.C.","LURIGANCHO","LIMA","LIMA",150118,150000.0000,23566.7300,41300.0000,"SOLES",20250331
"BID 4","EMPRENDIMIENTOS DINÁMICOS - PERÚ PRODUCE: INNOVACIÓN FRENTE AL CAMBIO CLIMÁTICO",2024,"546-PROINNOVATE-EDICC-2024","PLASTIC CORPORATION: FABRICACIÓN DE VIVIENDAS SOSTENIBLES",20240816,20250816,"PLASTIC CORPORATION S.A.C.","SULLANA","SULLANA","PIURA",200601,150000.0000,27910.0000,36500.0000,"SOLES",20250331
"BID 4","EMPRENDIMIENTOS INNOVADORES",2024,"547-PROINNOVATE-EIN-2024","AQUI SUENA PERÚ: MUSICALIZACIÓN DE ESPACIOS COMERCIALES",20240725,20250425,"MAGIQ E.I.R.L.","MIRAFLORES","LIMA","LIMA",150122,67000.0000,9600.0000,19141.5000,"SOLES",20250331
"BID 4","EMPRENDIMIENTOS DINÁMICOS - PERÚ PRODUCE: INNOVACIÓN FRENTE AL CAMBIO CLIMÁTICO",2024,"548-PROINNOVATE-EDICC-2024","TACHYON: INSUMOS ECOAMIGABLES PARA PROTECCIÓN DE CULTIVOS",20240801,20250801,"TACHYON-S2 S.A.C.","LOS OLIVOS","LIMA","LIMA",150117,147000.0000,22649.0000,40500.0000,"SOLES",20250331
"BID 4","EMPRENDIMIENTOS INNOVADORES",2024,"549-PROINNOVATE-EIN-2024","FIRBID: PLATAFORMA DE SUBASTA DE DÓLARES",20240801,20250501,"FIRBID FINANZAS DIGITALES S.A.C.","SANTIAGO DE SURCO","LIMA","LIMA",150140,67000.0000,9572.0000,19142.4000,"SOLES",20250331
"BID 4","EMPRENDIMIENTOS INNOVADORES",2024,"550-PROINNOVATE-EIN-2024","BIZEUS: CRM CONVERSACIONAL OMNICANAL",20240801,20250501,"PINO REYES JUAN JOSE","TRUJILLO","TRUJILLO","LA LIBERTAD",130101,67000.0000,9576.0000,19140.0000,"SOLES",20250331
"BID 4","EMPRENDIMIENTOS INNOVADORES",2024,"551-PROINNOVATE-EIN-2024","KENDO: PLATAFORMA PARA LA ENSEÑANZA DE FINANZAS",20240725,20250425,"KENDO CORPORATION S.A.","JESUS MARIA","LIMA","LIMA",150113,67000.0000,9571.4400,19142.8600,"SOLES",20250331
"BID 4","EMPRENDIMIENTOS INNOVADORES",2024,"552-PROINNOVATE-EIN-2024","INNOVATECHCHEM: SISTEMA ECOLÓGICO PARA LA EXTRACCIÓN DE ORO",20240814,20250514,"CARRILLO LOZANO FABRICIO SAMUEL","VILLA MARIA DEL TRIUNFO","LIMA","LIMA",150143,63000.0000,11000.0000,17750.0000,"SOLES",20250331
"BID 4","EMPRENDIMIENTOS INNOVADORES - PERÚ PRODUCE: INNOVACIÓN FRENTE AL CAMBIO CLIMÁTICO",2024,"553-PROINNOVATE-EINCC-2024","PURPURALAB - TEXTILES REGENERADOS",20240808,20250508,"PURPURALAB MODA ETICA Y SOSTENIBLE S.A.C.","EL AGUSTINO","LIMA","LIMA",150111,67000.0000,10000.0000,19100.0000,"SOLES",20250331
"BID 4","EMPRENDIMIENTOS INNOVADORES",2024,"554-PROINNOVATE-EIN-2024","DECATECA: EL MEJOR DEPA O CASA CON LA MENOR TASA",20240801,20250501,"DECATECA S.A.C.S","SAN MIGUEL","LIMA","LIMA",150136,67000.0000,10500.0000,19100.0000,"SOLES",20250331
"BID 4","EMPRENDIMIENTOS INNOVADORES - PERÚ PRODUCE: INNOVACIÓN FRENTE AL CAMBIO CLIMÁTICO",2024,"555-PROINNOVATE-EINCC-2024","ABEJITA PERÚ: ENVOLTORIOS DE TELA HECHOS CON CERA DE ABEJA",20240814,20250514,"PASCO SAAVEDRA ALICIA","LA MOLINA","LIMA","LIMA",150114,63000.0000,9921.0000,18200.0000,"SOLES",20250331
"BID 4","EMPRENDIMIENTOS DINAMICOS",2024,"557-PROINNOVATE-EDI-2024","VIGILANTIUM: PLATAFORMA DE CIBERSEGURIDAD PARA EMPRESAS",20240905,20250905,"CONSULTORIA GROUP S.A.C.","SANTIAGO DE SURCO","LIMA","LIMA",150140,150000.0000,25000.0000,40000.0000,"SOLES",20250331
"BID 4","EMPRENDIMIENTOS DINAMICOS",2024,"558-PROINNOVATE-EDI-2024","MUSA: MICRO APRENDIZAJE POR APLICACIONES DE MENSAJERÍA",20240801,20250501,"EDGE TEC SOCIEDAD ANONIMA CERRADA","MAGDALENA DEL MAR","LIMA","LIMA",150120,150000.0000,24228.5000,42853.5000,"SOLES",20250331
"BID 4","INNOVACIÓN EMPRESARIAL - CAMBIO CLIMÁTICO",2024,"560-PROINNOVATE-PIEC1CC-2024","DESARROLLO DE UN BIOFERTILIZANTE\, A BASE DE CONSORCIOS MICROBIANOS FUNCIONALES Y METABOLITOS\, QUE MAXIMIZA LA ABSORCIÓN DE FÓSFORO EN EL CULTIVO DE PALTO REDUCIENDO HASTA UN 35% EL USO DE FERTILIZANTES FOSFORADOS.",20240814,20250814,"SIMBIO PERU S.A.C.","BARRANCO","LIMA","LIMA",150104,270862.5500,48755.2500,137000.0000,"SOLES",20250331
"BID 4","EMPRENDIMIENTOS INNOVADORES - PERÚ PRODUCE: INNOVACIÓN FRENTE AL CAMBIO CLIMÁTICO",2024,"561-PROINNOVATE-EINCC-2024","QUINUA NATURA: CHAMPÚ SÓLIDO DE SAPONINAS DE QUINUA",20240814,20250514,"CRUZADO PEREZ EDDUAR JONATHAN","TRUJILLO","TRUJILLO","LA LIBERTAD",130101,67000.0000,9571.4300,19142.8600,"SOLES",20250331
"BID 4","EMPRENDIMIENTOS INNOVADORES - PERÚ PRODUCE: INNOVACIÓN FRENTE AL CAMBIO CLIMÁTICO",2024,"563-PROINNOVATE-EINCC-2024","SUMAK KAWSAY - EKAU: PRODUCTOS DE LIMPIEZA EN CÁPSULAS",20240814,20250514,"ELEMENT CHEMICAL COMPANY SAC","CARABAYLLO","LIMA","LIMA",150106,67000.0000,9571.4300,19142.8600,"SOLES",20250331
"BID 4","PROGRAMA DE INNOVACIÓN MODERNIZACIÓN TECNOLÓGICA Y EMPRENDIMIENTO - MIPYMES DIGITALES - CAMBIO CLIMÁTICO",2024,"564-PROINNOVATE-IMTEMDCC-2024","IMPLEMENTACIÓN DE HERRAMIENTAS DIGITALES BASADAS EN BLOCKCHAIN PARA OPTIMIZAR LA GESTIÓN INTEGRAL DEL PROCESO DE PRODUCCIÓN DE CHOCOLATES Y DERIVADOS EN LA EMPRESA PERU EN TI ALIMENTOS Y SERVICIOS S.A.C.",20241108,20250608,"PERU EN TI ALIMENTOS Y SERVICIOS S.A.C.","CHORRILLOS","LIMA","LIMA",150108,45000.0000,10288.0000,6857.0000,"SOLES",20250331
"BID 4","CONCURSO DE PROYECTOS COLABORATIVOS DE INNOVACIÓN FASE 2 - CATEGORÍA 2",2024,"565-PROINNOVATE-CPCC2F2-2024","REDUCIENDO LA PÉRDIDA Y DESPERDICIO DE ALIMENTOS EN CADENAS DE SUPERMERCADOS DEL PERÚ A TRAVÉS DE SOLUCIONES DIGITALES INNOVADORAS QUE ASEGUREN LA TRAZABILIDAD DEL PRODUCTO\, SU COMERCIALIZACIÓN Y LA PROMOCIÓN DE UN CONSUMO RESPONSABLE",20240801,20260101,"CENCOSUD RETAIL PERU S.A.","MIRAFLORES","LIMA","LIMA",150122,662989.2300,344191.7700,141600.0000,"SOLES",20250331
"BID 4","EMPRENDIMIENTOS INNOVADORES - PERÚ PRODUCE: INNOVACIÓN FRENTE AL CAMBIO CLIMÁTICO",2024,"566-PROINNOVATE-EINCC-2024","COCARBON: CARBÓN ACTIVADO SOSTENIBLE",20241010,20250710,"GALLI OJEDA ALDO BRUNO","LIMA","LIMA","LIMA",150101,67000.0000,9600.0000,19150.0000,"SOLES",20250331
"BID 4","CONCURSO BECAS PARA PROGRAMAS DE BOOTCAMPS DE CÓDIGO - ETAPA 2",2024,"567-PROINNOVATE-BCCF2-2024","BOOTCAMP LE WAGON: DESARROLLO WEB FULL STACK",20240722,20250322,"MALDONADO ECHEVARRIA ANTONIO SEBASTIAN","SURQUILLO","LIMA","LIMA",150141,4680.0000,0.0000,0.0000,"DOLARES",20250331
"BID 4","CONCURSO BECAS PARA PROGRAMAS DE BOOTCAMPS DE CÓDIGO - ETAPA 2",2024,"568-PROINNOVATE-BCCF2-2024","BOOTCAMP LE WAGON: DESARROLLO WEB FULL STACK",20240722,20250322,"EVANGELISTA FABIAN KLISMAN YELTSIN","PILLCO MARCA","HUANUCO","HUANUCO",100111,4680.0000,0.0000,0.0000,"DOLARES",20250331
"BID 4","CONCURSO BECAS PARA PROGRAMAS DE BOOTCAMPS DE CÓDIGO - ETAPA 2",2024,"569-PROINNOVATE-BCCF2-2024","BOOTCAMP LE WAGON: DESARROLLO WEB FULL STACK",20240805,20250405,"COAQUIRA RUBIN DE CELIS RALPH","JESUS MARIA","LIMA","LIMA",150113,4680.0000,0.0000,0.0000,"DOLARES",20250331
"BID 4","CONCURSO BECAS PARA PROGRAMAS DE BOOTCAMPS DE CÓDIGO - ETAPA 2",2024,"570-PROINNOVATE-BCCF2-2024","BOOTCAMP LE WAGON: DESARROLLO WEB FULL STACK",20240801,20250401,"OKUHAMA KUWAE SHINRYO JORGE","SAN BORJA","LIMA","LIMA",150130,4680.0000,0.0000,0.0000,"DOLARES",20250331
"BID 4","CONCURSO BECAS PARA PROGRAMAS DE BOOTCAMPS DE CÓDIGO - ETAPA 2",2024,"571-PROINNOVATE-BCCF2-2024","BOOTCAMP LE WAGON: DESARROLLO WEB FULL STACK",20240805,20250405,"AVILA MORALES MILAGROS","SAN BORJA","LIMA","LIMA",150130,4680.0000,0.0000,0.0000,"DOLARES",20250331
"BID 4","CONCURSO BECAS PARA PROGRAMAS DE BOOTCAMPS DE CÓDIGO - ETAPA 2",2024,"572-PROINNOVATE-BCCF2-2024","BOOTCAMP LE WAGON: DESARROLLO WEB FULL STACK",20240722,20250322,"ANCO PORRAS MERLY SOLEDAD","SAÑO","HUANCAYO","JUNIN",120132,4680.0000,0.0000,0.0000,"DOLARES",20250331
"BID 4","CONCURSO BECAS PARA PROGRAMAS DE BOOTCAMPS DE CÓDIGO - ETAPA 2",2024,"573-PROINNOVATE-BCCF2-2024","BOOTCAMP LE WAGON: DESARROLLO WEB FULL STACK",20240722,20250322,"BOLO CALDAS CESAR JORDI","POMABAMBA","POMABAMBA","ANCASH",021601,4680.0000,0.0000,0.0000,"DOLARES",20250331
"BID 4","CONCURSO BECAS PARA PROGRAMAS DE BOOTCAMPS DE CÓDIGO - ETAPA 2",2024,"574-PROINNOVATE-BCCF2-2024","BOOTCAMP LE WAGON: DESARROLLO WEB FULL STACK",20240801,20250401,"APAZA TINTAYA ADRIANA DEL PILAR","URUBAMBA","URUBAMBA","CUSCO",081301,4680.0000,0.0000,0.0000,"DOLARES",20250331
"BID 4","CONCURSO BECAS PARA PROGRAMAS DE BOOTCAMPS DE CÓDIGO - ETAPA 2",2024,"575-PROINNOVATE-BCCF2-2024","BOOTCAMP LE WAGON: DESARROLLO WEB FULL STACK",20240805,20250405,"HUATUCO VILLENA VICTOR MANUEL","BREÑA","LIMA","LIMA",150105,4680.0000,0.0000,0.0000,"DOLARES",20250331
"BID 4","CONCURSO BECAS PARA PROGRAMAS DE BOOTCAMPS DE CÓDIGO - ETAPA 2",2024,"577-PROINNOVATE-BCCF2-2024","BOOTCAMP LE WAGON: DESARROLLO WEB FULL STACK",20240805,20250405,"MANTURANO PAUCAR JESSICA MABETH","LIMA","LIMA","LIMA",150101,4680.0000,0.0000,0.0000,"DOLARES",20250331
"BID 4","CONCURSO BECAS PARA PROGRAMAS DE BOOTCAMPS DE CÓDIGO - ETAPA 2",2024,"578-PROINNOVATE-BCCF2-2024","BOOTCAMP LE WAGON: DESARROLLO WEB FULL STACK",20240722,20250322,"APOLINAR MORENO LEVI DAVID","PUENTE PIEDRA","LIMA","LIMA",150125,4680.0000,0.0000,0.0000,"DOLARES",20250331
"BID 4","CONCURSO BECAS PARA PROGRAMAS DE BOOTCAMPS DE CÓDIGO - ETAPA 2",2024,"579-PROINNOVATE-BCCF2-2024","BOOTCAMP LE WAGON: DESARROLLO WEB FULL STACK",20240805,20250405,"MATÍAS CALLE PAMELA MIRIELLE","ATE","LIMA","LIMA",150103,4680.0000,0.0000,0.0000,"DOLARES",20250331
"BID 4","CONCURSO BECAS PARA PROGRAMAS DE BOOTCAMPS DE CÓDIGO - ETAPA 2",2024,"580-PROINNOVATE-BCCF2-2024","BOOTCAMP LE WAGON: DESARROLLO WEB FULL STACK",20240722,20250322,"BANDHY YANTAS DIEGO ALONSO","LA MOLINA","LIMA","LIMA",150114,4680.0000,0.0000,0.0000,"DOLARES",20250331
"BID 4","CONCURSO BECAS PARA PROGRAMAS DE BOOTCAMPS DE CÓDIGO - ETAPA 2",2024,"581-PROINNOVATE-BCCF2-2024","BOOTCAMP LE WAGON: DESARROLLO WEB FULL STACK",20240801,20250401,"CORREA CAJA LOURDES MAGALY","LOS OLIVOS","LIMA","LIMA",150117,4680.0000,0.0000,0.0000,"DOLARES",20250331
"BID 4","CONCURSO BECAS PARA PROGRAMAS DE BOOTCAMPS DE CÓDIGO - ETAPA 2",2024,"582-PROINNOVATE-BCCF2-2024","BOOTCAMP LE WAGON: ANÁLISIS DE DATOS",20240805,20250405,"ARROYO HERNANDEZ JOSEPH PASCUAL","LOS AQUIJES","ICA","ICA",110103,5080.0000,0.0000,0.0000,"DOLARES",20250331
"BID 4","CONCURSO BECAS PARA PROGRAMAS DE BOOTCAMPS DE CÓDIGO - ETAPA 2",2024,"583-PROINNOVATE-BCCF2-2024","BOOTCAMP LE WAGON: ANÁLISIS DE DATOS",20240805,20250405,"MIERA PATIÑO ANGELO FERNANDO","PUEBLO LIBRE","LIMA","LIMA",150121,5080.0000,0.0000,0.0000,"DOLARES",20250331
"BID 4","CONCURSO BECAS PARA PROGRAMAS DE BOOTCAMPS DE CÓDIGO - ETAPA 2",2024,"584-PROINNOVATE-BCCF2-2024","BOOTCAMP LE WAGON: ANÁLISIS DE DATOS",20240805,20250405,"HUAMANI NAPA CARLOS JUNIOR","PARCONA","ICA","ICA",110106,5080.0000,0.0000,0.0000,"DOLARES",20250331
"BID 4","CONCURSO BECAS PARA PROGRAMAS DE BOOTCAMPS DE CÓDIGO - ETAPA 2",2024,"585-PROINNOVATE-BCCF2-2024","BOOTCAMP LE WAGON: ANÁLISIS DE DATOS",20240805,20250405,"SEIJAS LOPEZ ADRIANA ISABEL","MIRAFLORES","LIMA","LIMA",150122,5080.0000,0.0000,0.0000,"DOLARES",20250331
"BID 4","CONCURSO BECAS PARA PROGRAMAS DE BOOTCAMPS DE CÓDIGO - ETAPA 2",2024,"586-PROINNOVATE-BCCF2-2024","BOOTCAMP LE WAGON: ANÁLISIS DE DATOS",20240805,20250405,"BAÑON FELIX SEBASTIAN","LA MOLINA","LIMA","LIMA",150114,5080.0000,0.0000,0.0000,"DOLARES",20250331
"BID 4","CONCURSO BECAS PARA PROGRAMAS DE BOOTCAMPS DE CÓDIGO - ETAPA 2",2024,"587-PROINNOVATE-BCCF2-2024","BOOTCAMP LE WAGON: ANÁLISIS DE DATOS",20240805,20250405,"CHÁVEZ QUISPE RENZO ENRIQUE","VILLA EL SALVADOR","LIMA","LIMA",150142,5080.0000,0.0000,0.0000,"DOLARES",20250331
"BID 4","CONCURSO BECAS PARA PROGRAMAS DE BOOTCAMPS DE CÓDIGO - ETAPA 2",2024,"588-PROINNOVATE-BCCF2-2024","BOOTCAMP LE WAGON: ANÁLISIS DE DATOS",20240805,20250405,"ROZAS BARRIO DE MENDOZA DANIELA","SANTIAGO DE SURCO","LIMA","LIMA",150140,5080.0000,0.0000,0.0000,"DOLARES",20250331
"BID 4","CONCURSO BECAS PARA PROGRAMAS DE BOOTCAMPS DE CÓDIGO - ETAPA 2",2024,"589-PROINNOVATE-BCCF2-2024","BOOTCAMP LE WAGON: ANÁLISIS DE DATOS",20240805,20250405,"SANTOS RONDO KEVIN JAVIER","TRUJILLO","TRUJILLO","LA LIBERTAD",130101,5080.0000,0.0000,0.0000,"DOLARES",20250331
"BID 4","CONCURSO BECAS PARA PROGRAMAS DE BOOTCAMPS DE CÓDIGO - ETAPA 2",2024,"590-PROINNOVATE-BCCF2-2024","BOOTCAMP LE WAGON: ANÁLISIS DE DATOS",20240805,20250405,"PACHECO DE LA CRUZ ANDREA","BARRANCO","LIMA","LIMA",150104,5080.0000,0.0000,0.0000,"DOLARES",20250331
"BID 4","CONCURSO BECAS PARA PROGRAMAS DE BOOTCAMPS DE CÓDIGO - ETAPA 2",2024,"591-PROINNOVATE-BCCF2-2024","BOOTCAMP LE WAGON: ANÁLISIS DE DATOS",20240805,20250405,"ARDILES UGAZ JOSE MANUEL","CHICLAYO","CHICLAYO","LAMBAYEQUE",140101,5080.0000,0.0000,0.0000,"DOLARES",20250331
"BID 4","CONCURSO BECAS PARA PROGRAMAS DE BOOTCAMPS DE CÓDIGO - ETAPA 2",2024,"592-PROINNOVATE-BCCF2-2024","BOOTCAMP LE WAGON: ANÁLISIS DE DATOS",20240805,20250405,"ALATA SIHUES JUNIOR APOLINAR","CALLAO","PROV. CONST. DEL CALLAO","CALLAO",070101,5080.0000,0.0000,0.0000,"DOLARES",20250331
"BID 4","CONCURSO BECAS PARA PROGRAMAS DE BOOTCAMPS DE CÓDIGO - ETAPA 2",2024,"593-PROINNOVATE-BCCF2-2024","BOOTCAMP LE WAGON: ANÁLISIS DE DATOS",20240805,20250405,"GASTELLO ROMERO CESAR ANTONIO","LIMA","LIMA","LIMA",150101,5080.0000,0.0000,0.0000,"DOLARES",20250331
"BID 4","CONCURSO BECAS PARA PROGRAMAS DE BOOTCAMPS DE CÓDIGO - ETAPA 2",2024,"594-PROINNOVATE-BCCF2-2024","BOOTCAMP LE WAGON: ANÁLISIS DE DATOS",20240805,20250405,"GALARZA VELASQUE SHEYLA KATHERINE","SANTA ANITA","LIMA","LIMA",150137,5080.0000,0.0000,0.0000,"DOLARES",20250331
"BID 4","CONCURSO BECAS PARA PROGRAMAS DE BOOTCAMPS DE CÓDIGO - ETAPA 2",2024,"595-PROINNOVATE-BCCF2-2024","BOOTCAMP LE WAGON: ANÁLISIS DE DATOS",20240805,20250405,"DIAZ TICONA ROSMAN MILLER","SOCABAYA","AREQUIPA","AREQUIPA",040122,5080.0000,0.0000,0.0000,"DOLARES",20250331
"BID 4","CONCURSO BECAS PARA PROGRAMAS DE BOOTCAMPS DE CÓDIGO - ETAPA 2",2024,"596-PROINNOVATE-BCCF2-2024","BOOTCAMP LE WAGON: ANÁLISIS DE DATOS",20240805,20250405,"HUAYNATE URETA ARACELY NOEMI","MI PERU","PROV. CONST. DEL CALLAO","CALLAO",070107,5080.0000,0.0000,0.0000,"DOLARES",20250331
"BID 4","CONCURSO BECAS PARA PROGRAMAS DE BOOTCAMPS DE CÓDIGO - ETAPA 2",2024,"597-PROINNOVATE-BCCF2-2024","BOOTCAMP LE WAGON: ANÁLISIS DE DATOS",20240805,20250405,"CASTILLO PERALTA MIDORY JUDITH","SAN BORJA","LIMA","LIMA",150130,5080.0000,0.0000,0.0000,"DOLARES",20250331
"BID 4","EMPRENDIMIENTOS INNOVADORES",2024,"598-PROINNOVATE-EIN-2024","NOVOGAS: ECOSISTEMA INTELIGENTE PARA ENVASADORAS DE GAS",20240905,20250605,"GLOBAL ENERGY INNOVATIONS S.A.C.","SANTIAGO DE SURCO","LIMA","LIMA",150140,67000.0000,13000.0000,17550.0000,"SOLES",20250331
"BID 4","CONCURSO BECAS PARA PROGRAMAS DE BOOTCAMPS DE CÓDIGO - ETAPA 2",2024,"599-PROINNOVATE-BCCF2-2024","BOOTCAMP 4GEEKS ACADEMY: FULL STACK SOFTWARE DEVELOPMENT - FULL TIME",20240722,20250422,"AGUILAR GOMEZ ERICK CALEB","SAN JUAN DE LURIGANCHO","LIMA","LIMA",150132,6680.0000,0.0000,0.0000,"DOLARES",20250331
"BID 4","CONCURSO BECAS PARA PROGRAMAS DE BOOTCAMPS DE CÓDIGO - ETAPA 2",2024,"600-PROINNOVATE-BCCF2-2024","BOOTCAMP LABORATORIA: BOOTCAMP WEB DEVELOPMENT",20240719,20250419,"TICONA GUTIERREZ ADRIANA STEFFANNY","LIMA","LIMA","LIMA",150101,6180.0000,0.0000,0.0000,"DOLARES",20250331
"BID 4","CONCURSO BECAS PARA PROGRAMAS DE BOOTCAMPS DE CÓDIGO - ETAPA 2",2024,"601-PROINNOVATE-BCCF2-2024","BOOTCAMP LABORATORIA: BOOTCAMP WEB DEVELOPMENT",20240719,20250419,"SOTO MEJIA ANA VICTORIA","SANTIAGO DE SURCO","LIMA","LIMA",150140,6180.0000,0.0000,0.0000,"DOLARES",20250331
"BID 4","CONCURSO BECAS PARA PROGRAMAS DE BOOTCAMPS DE CÓDIGO - ETAPA 2",2024,"602-PROINNOVATE-BCCF2-2024","BOOTCAMP LABORATORIA: BOOTCAMP WEB DEVELOPMENT",20240719,20250419,"GONZALES HUAMANI ANTONE ANGELICA","SAN JUAN DE MIRAFLORES","LIMA","LIMA",150133,6180.0000,0.0000,0.0000,"DOLARES",20250331
"BID 4","CONCURSO BECAS PARA PROGRAMAS DE BOOTCAMPS DE CÓDIGO - ETAPA 2",2024,"603-PROINNOVATE-BCCF2-2024","BOOTCAMP LABORATORIA: BOOTCAMP WEB DEVELOPMENT",20240719,20250419,"SANTA CRUZ VARGAS AYLIN ANTHUANETTE","VILLA MARIA DEL TRIUNFO","LIMA","LIMA",150143,6180.0000,0.0000,0.0000,"DOLARES",20250331
"BID 4","CONCURSO BECAS PARA PROGRAMAS DE BOOTCAMPS DE CÓDIGO - ETAPA 2",2024,"604-PROINNOVATE-BCCF2-2024","BOOTCAMP LABORATORIA: BOOTCAMP WEB DEVELOPMENT",20240719,20250419,"FERMIN DE ABREU BARBARA ANDREA JAKELINE","VILLA EL SALVADOR","LIMA","LIMA",150142,6180.0000,0.0000,0.0000,"DOLARES",20250331
"BID 4","CONCURSO BECAS PARA PROGRAMAS DE BOOTCAMPS DE CÓDIGO - ETAPA 2",2024,"605-PROINNOVATE-BCCF2-2024","BOOTCAMP LABORATORIA: BOOTCAMP WEB DEVELOPMENT",20240718,20250418,"ROLON  BARBARA EVELIN","RIMAC","LIMA","LIMA",150128,6180.0000,0.0000,0.0000,"DOLARES",20250331
"BID 4","CONCURSO BECAS PARA PROGRAMAS DE BOOTCAMPS DE CÓDIGO - ETAPA 2",2024,"607-PROINNOVATE-BCCF2-2024","BOOTCAMP LABORATORIA: BOOTCAMP WEB DEVELOPMENT",20240718,20250418,"MORALES CASTILLO DIANA PIERINA","ATE","LIMA","LIMA",150103,6180.0000,0.0000,0.0000,"DOLARES",20250331
"BID 4","CONCURSO BECAS PARA PROGRAMAS DE BOOTCAMPS DE CÓDIGO - ETAPA 2",2024,"608-PROINNOVATE-BCCF2-2024","BOOTCAMP LABORATORIA: BOOTCAMP WEB DEVELOPMENT",20240718,20250418,"VILCHEZ QUISPE DIANA JENIFFER","SAN JUAN DE LURIGANCHO","LIMA","LIMA",150132,6180.0000,0.0000,0.0000,"DOLARES",20250331
"BID 4","CONCURSO BECAS PARA PROGRAMAS DE BOOTCAMPS DE CÓDIGO - ETAPA 2",2024,"609-PROINNOVATE-BCCF2-2024","BOOTCAMP LABORATORIA: BOOTCAMP WEB DEVELOPMENT",20240719,20250419,"HUAIRE SOLIS DORA ISABEL","HUANCAYO","HUANCAYO","JUNIN",120101,6180.0000,0.0000,0.0000,"DOLARES",20250331
"BID 4","CONCURSO BECAS PARA PROGRAMAS DE BOOTCAMPS DE CÓDIGO - ETAPA 2",2024,"610-PROINNOVATE-BCCF2-2024","BOOTCAMP LABORATORIA: BOOTCAMP WEB DEVELOPMENT",20240719,20250419,"HERNANDEZ SALVADOR FLOR ZULEMA","VILLA EL SALVADOR","LIMA","LIMA",150142,6180.0000,0.0000,0.0000,"DOLARES",20250331
"BID 4","CONCURSO BECAS PARA PROGRAMAS DE BOOTCAMPS DE CÓDIGO - ETAPA 2",2024,"611-PROINNOVATE-BCCF2-2024","BOOTCAMP LABORATORIA: BOOTCAMP WEB DEVELOPMENT",20240719,20250419,"RAMOS HUARAYA GABRIELA RAISA","CUSCO","CUSCO","CUSCO",080101,6180.0000,0.0000,0.0000,"DOLARES",20250331
"BID 4","CONCURSO BECAS PARA PROGRAMAS DE BOOTCAMPS DE CÓDIGO - ETAPA 2",2024,"612-PROINNOVATE-BCCF2-2024","BOOTCAMP LABORATORIA: BOOTCAMP WEB DEVELOPMENT",20240719,20250419,"VIDAL NAQUICHE JASMIN RAQUEL","BREÑA","LIMA","LIMA",150105,6180.0000,0.0000,0.0000,"DOLARES",20250331
"BID 4","CONCURSO BECAS PARA PROGRAMAS DE BOOTCAMPS DE CÓDIGO - ETAPA 2",2024,"613-PROINNOVATE-BCCF2-2024","BOOTCAMP LABORATORIA: BOOTCAMP WEB DEVELOPMENT",20240719,20250419,"SANCHEZ CEDEÑO JESSIKA ANDREINA","SANTIAGO DE SURCO","LIMA","LIMA",150140,6180.0000,0.0000,0.0000,"DOLARES",20250331
"BID 4","CONCURSO BECAS PARA PROGRAMAS DE BOOTCAMPS DE CÓDIGO - ETAPA 2",2024,"614-PROINNOVATE-BCCF2-2024","BOOTCAMP LABORATORIA: BOOTCAMP WEB DEVELOPMENT",20240719,20250419,"CRUZ PEREZ JULIA ALICIA","VICTOR LARCO HERRERA","TRUJILLO","LA LIBERTAD",130111,6180.0000,0.0000,0.0000,"DOLARES",20250331
"BID 4","CONCURSO BECAS PARA PROGRAMAS DE BOOTCAMPS DE CÓDIGO - ETAPA 2",2024,"615-PROINNOVATE-BCCF2-2024","BOOTCAMP LABORATORIA: BOOTCAMP WEB DEVELOPMENT",20240719,20250419,"MENDOZA AYALA KAREN MELANIE","WANCHAQ","CUSCO","CUSCO",080108,6180.0000,0.0000,0.0000,"DOLARES",20250331
"BID 4","CONCURSO BECAS PARA PROGRAMAS DE BOOTCAMPS DE CÓDIGO - ETAPA 2",2024,"616-PROINNOVATE-BCCF2-2024","BOOTCAMP LABORATORIA: BOOTCAMP WEB DEVELOPMENT",20240719,20250419,"PIÑA MARTINEZ LISETTE VIRGINIA","LOS OLIVOS","LIMA","LIMA",150117,6180.0000,0.0000,0.0000,"DOLARES",20250331
"BID 4","CONCURSO BECAS PARA PROGRAMAS DE BOOTCAMPS DE CÓDIGO - ETAPA 2",2024,"617-PROINNOVATE-BCCF2-2024","BOOTCAMP LABORATORIA: BOOTCAMP WEB DEVELOPMENT",20240718,20250418,"CASTILLO GOMEZ MARIA FERNANDA","PUNO","PUNO","PUNO",210101,6180.0000,0.0000,0.0000,"DOLARES",20250331
"BID 4","CONCURSO BECAS PARA PROGRAMAS DE BOOTCAMPS DE CÓDIGO - ETAPA 2",2024,"618-PROINNOVATE-BCCF2-2024","BOOTCAMP LABORATORIA: BOOTCAMP WEB DEVELOPMENT",20240718,20250418,"HERNANDEZ BOFFIL MAYERLING GABRIELA","SAN MARTIN DE PORRES","LIMA","LIMA",150135,6180.0000,0.0000,0.0000,"DOLARES",20250331
"BID 4","CONCURSO BECAS PARA PROGRAMAS DE BOOTCAMPS DE CÓDIGO - ETAPA 2",2024,"619-PROINNOVATE-BCCF2-2024","BOOTCAMP LABORATORIA: BOOTCAMP WEB DEVELOPMENT",20240718,20250418,"CCAYOSI SAAVEDRA YHERALDY KANDY","CERRO COLORADO","AREQUIPA","AREQUIPA",040104,6180.0000,0.0000,0.0000,"DOLARES",20250331
"BID 4","CONCURSO BECAS PARA PROGRAMAS DE BOOTCAMPS DE CÓDIGO - ETAPA 2",2024,"620-PROINNOVATE-BCCF2-2024","BOOTCAMP LABORATORIA: BOOTCAMP WEB DEVELOPMENT",20240718,20250418,"BRICEÑO LOPEZ PAMELA JHARELY","SAN JUAN DE MIRAFLORES","LIMA","LIMA",150133,6180.0000,0.0000,0.0000,"DOLARES",20250331
"BID 4","CONCURSO BECAS PARA PROGRAMAS DE BOOTCAMPS DE CÓDIGO - ETAPA 2",2024,"621-PROINNOVATE-BCCF2-2024","BOOTCAMP LABORATORIA: BOOTCAMP WEB DEVELOPMENT",20240719,20250419,"FLORES VIDAURRE CINTHYA YESSENIA","MOYOBAMBA","MOYOBAMBA","SAN MARTIN",220101,6180.0000,0.0000,0.0000,"DOLARES",20250331
"BID 4","CONCURSO BECAS PARA PROGRAMAS DE BOOTCAMPS DE CÓDIGO - ETAPA 2",2024,"622-PROINNOVATE-BCCF2-2024","BOOTCAMP LABORATORIA: BOOTCAMP WEB DEVELOPMENT",20240719,20250419,"ZELAYA CONTRERAS FRANCHESCA FATIMA","SAN JUAN DE MIRAFLORES","LIMA","LIMA",150133,6180.0000,0.0000,0.0000,"DOLARES",20250331
"BID 4","CONCURSO BECAS PARA PROGRAMAS DE BOOTCAMPS DE CÓDIGO - ETAPA 2",2024,"623-PROINNOVATE-BCCF2-2024","BOOTCAMP LABORATORIA: BOOTCAMP WEB DEVELOPMENT",20240719,20250419,"GUTIERREZ PEÑA MABEL YULEYSI","VEINTISEIS DE OCTUBRE","PIURA","PIURA",200115,6180.0000,0.0000,0.0000,"DOLARES",20250331
"BID 4","CONCURSO BECAS PARA PROGRAMAS DE BOOTCAMPS DE CÓDIGO - ETAPA 2",2024,"624-PROINNOVATE-BCCF2-2024","BOOTCAMP 4GEEKS ACADEMY: FULL STACK SOFTWARE DEVELOPMENT - FULL TIME",20240722,20250422,"YTUSACA VILCA MILTON OMAR","PUNO","PUNO","PUNO",210101,6680.0000,0.0000,0.0000,"DOLARES",20250331
"BID 4","EMPRENDIMIENTOS INNOVADORES",2024,"625-PROINNOVATE-EIN-2024","FOOD FLOW: IA PARA INDUSTRIAS ALIMENTARIAS",20240916,20250616,"NATALY ANDREA ROJAS BARNETT","SAN BORJA","LIMA","LIMA",150130,67000.0000,9575.0000,19140.0000,"SOLES",20250331
"BID 4","CONCURSO BECAS PARA PROGRAMAS DE BOOTCAMPS DE CÓDIGO - ETAPA 2",2024,"626-PROINNOVATE-BCCF2-2024","BOOTCAMP 4GEEKS ACADEMY: FULL STACK SOFTWARE DEVELOPMENT - FULL TIME",20240722,20250422,"FLORES RAMIREZ OCTAVIO RUBEN","SAN MARTIN DE PORRES","LIMA","LIMA",150135,6680.0000,0.0000,0.0000,"DOLARES",20250331
"BID 4","CONCURSO BECAS PARA PROGRAMAS DE BOOTCAMPS DE CÓDIGO - ETAPA 2",2024,"627-PROINNOVATE-BCCF2-2024","BOOTCAMP 4GEEKS ACADEMY: FULL STACK SOFTWARE DEVELOPMENT - FULL TIME",20240722,20250422,"VELA YAURI ANJHELO ELVIS","HUANCAYO","HUANCAYO","JUNIN",120101,6680.0000,0.0000,0.0000,"DOLARES",20250331
"BID 4","CONCURSO BECAS PARA PROGRAMAS DE BOOTCAMPS DE CÓDIGO - ETAPA 2",2024,"628-PROINNOVATE-BCCF2-2024","BOOTCAMP 4GEEKS ACADEMY: FULL STACK SOFTWARE DEVELOPMENT - FULL TIME",20240722,20250422,"MAZA AUCCATINCO MARIBEL","SAN MARTIN DE PORRES","LIMA","LIMA",150135,6680.0000,0.0000,0.0000,"DOLARES",20250331
"BID 4","CONCURSO BECAS PARA PROGRAMAS DE BOOTCAMPS DE CÓDIGO - ETAPA 2",2024,"629-PROINNOVATE-BCCF2-2024","BOOTCAMP 4GEEKS ACADEMY: FULL STACK SOFTWARE DEVELOPMENT - FULL TIME",20240722,20250422,"LOAIZA VASQUEZ MANUEL ALEJANDRO","EL AGUSTINO","LIMA","LIMA",150111,6680.0000,0.0000,0.0000,"DOLARES",20250331
"BID 4","CONCURSO BECAS PARA PROGRAMAS DE BOOTCAMPS DE CÓDIGO - ETAPA 2",2024,"630-PROINNOVATE-BCCF2-2024","BOOTCAMP 4GEEKS ACADEMY: FULL STACK SOFTWARE DEVELOPMENT - FULL TIME",20240722,20250422,"CRUCES VILLACORTA FRANK JOSUE","LOS OLIVOS","LIMA","LIMA",150117,6680.0000,0.0000,0.0000,"DOLARES",20250331
"BID 4","CONCURSO BECAS PARA PROGRAMAS DE BOOTCAMPS DE CÓDIGO - ETAPA 2",2024,"632-PROINNOVATE-BCCF2-2024","BOOTCAMP 4GEEKS ACADEMY: FULL STACK SOFTWARE DEVELOPMENT - FULL TIME",20240722,20250422,"CASTILLO TACURI ERICKA","MIRAFLORES","LIMA","LIMA",150122,6680.0000,0.0000,0.0000,"DOLARES",20250331
"BID 4","CONCURSO BECAS PARA PROGRAMAS DE BOOTCAMPS DE CÓDIGO - ETAPA 2",2024,"633-PROINNOVATE-BCCF2-2024","BOOTCAMP 4GEEKS ACADEMY: FULL STACK SOFTWARE DEVELOPMENT - FULL TIME",20240722,20250422,"PALACIN NUÑEZ ROSSY JASMIN","SAN JUAN DE LURIGANCHO","LIMA","LIMA",150132,6680.0000,0.0000,0.0000,"DOLARES",20250331
"BID 4","CONCURSO BECAS PARA PROGRAMAS DE BOOTCAMPS DE CÓDIGO - ETAPA 2",2024,"634-PROINNOVATE-BCCF2-2024","BOOTCAMP LABORATORIA: BOOTCAMP WEB DEVELOPMENT",20240719,20250419,"CHUZON CESPEDES LEYDI JOSETH","CHICLAYO","CHICLAYO","LAMBAYEQUE",140101,6180.0000,0.0000,0.0000,"DOLARES",20250331
"BID 4","CONCURSO BECAS PARA PROGRAMAS DE BOOTCAMPS DE CÓDIGO - ETAPA 2",2024,"635-PROINNOVATE-BCCF2-2024","BOOTCAMP LABORATORIA: BOOTCAMP WEB DEVELOPMENT",20240719,20250419,"GODOY LUNAZCO ALESSANDRA BENDI","CHACLACAYO","LIMA","LIMA",150107,6180.0000,0.0000,0.0000,"DOLARES",20250331
"BID 4","CONCURSO BECAS PARA PROGRAMAS DE BOOTCAMPS DE CÓDIGO - ETAPA 2",2024,"636-PROINNOVATE-BCCF2-2024","BOOTCAMP LABORATORIA: BOOTCAMP WEB DEVELOPMENT",20240718,20250418,"SANTIAGO ASTO MARISELA","PILLCO MARCA","HUANUCO","HUANUCO",100111,6180.0000,0.0000,0.0000,"DOLARES",20250331
"BID 4","CONCURSO BECAS PARA PROGRAMAS DE BOOTCAMPS DE CÓDIGO - ETAPA 2",2024,"637-PROINNOVATE-BCCF2-2024","BOOTCAMP LABORATORIA: BOOTCAMP WEB DEVELOPMENT",20240719,20250419,"ALARCON VIVES ALEXANDRA XIMENA","ATE","LIMA","LIMA",150103,6180.0000,0.0000,0.0000,"DOLARES",20250331
"BID 4","CONCURSO BECAS PARA PROGRAMAS DE BOOTCAMPS DE CÓDIGO - ETAPA 2",2024,"638-PROINNOVATE-BCCF2-2024","BOOTCAMP LABORATORIA: BOOTCAMP WEB DEVELOPMENT",20240718,20250418,"HUAROC OLIVERA BRIGID ERIKA","CHILCA","HUANCAYO","JUNIN",120107,6180.0000,0.0000,0.0000,"DOLARES",20250331
"BID 4","CONCURSO BECAS PARA PROGRAMAS DE BOOTCAMPS DE CÓDIGO - ETAPA 2",2024,"639-PROINNOVATE-BCCF2-2024","BOOTCAMP 4GEEKS ACADEMY: FULL STACK SOFTWARE DEVELOPMENT - FULL TIME",20240722,20250422,"SANCHEZ ZUÑIGA ALEJANDRO JUNIOR","SANTIAGO DE SURCO","LIMA","LIMA",150140,6680.0000,0.0000,0.0000,"DOLARES",20250331
"BID 4","CONCURSO BECAS PARA PROGRAMAS DE BOOTCAMPS DE CÓDIGO - ETAPA 2",2024,"640-PROINNOVATE-BCCF2-2024","BOOTCAMP 4GEEKS ACADEMY: FULL STACK SOFTWARE DEVELOPMENT - FULL TIME",20240722,20250422,"SALAZAR VERAMENDI ANGEL SEBASTIAN","VILLA MARIA DEL TRIUNFO","LIMA","LIMA",150143,6680.0000,0.0000,0.0000,"DOLARES",20250331
"BID 4","CONCURSO BECAS PARA PROGRAMAS DE BOOTCAMPS DE CÓDIGO - ETAPA 2",2024,"641-PROINNOVATE-BCCF2-2024","BOOTCAMP 4GEEKS ACADEMY: FULL STACK SOFTWARE DEVELOPMENT - FULL TIME",20240722,20250422,"MIÑANO ROSAS ROCIO MARILYN","COISHCO","SANTA","ANCASH",021803,6680.0000,0.0000,0.0000,"DOLARES",20250331
"BID 4","CONCURSO BECAS PARA PROGRAMAS DE BOOTCAMPS DE CÓDIGO - ETAPA 2",2024,"642-PROINNOVATE-BCCF2-2024","BOOTCAMP 4GEEKS ACADEMY: FULL STACK SOFTWARE DEVELOPMENT - FULL TIME",20240722,20250422,"CRISPIN HUAMANI ANGEL ALBERTO","TACNA","TACNA","TACNA",230101,6680.0000,0.0000,0.0000,"DOLARES",20250331
"BID 4","EMPRENDIMIENTOS INNOVADORES - PERÚ PRODUCE: INNOVACIÓN FRENTE AL CAMBIO CLIMÁTICO",2024,"643-PROINNOVATE-EINCC-2024","CIRCULAR: FABRICAR PRODUCTOS A PARTIR DE PLÁSTICO RECICLADO",20240911,20250611,"CIRCULAR CORP SAC BIC","LA MOLINA","LIMA","LIMA",150114,67000.0000,13580.0000,19200.0000,"SOLES",20250331
"BID 4","CONCURSO BECAS PARA PROGRAMAS DE BOOTCAMPS DE CÓDIGO - ETAPA 2",2024,"644-PROINNOVATE-BCCF2-2024","BOOTCAMP MAKE IT REAL CAMP: TOP FULL STACK DEVELOPER",20240826,20250726,"CHAVEZ GARCIA HANSEL FRANCO","SAN JUAN DE LURIGANCHO","LIMA","LIMA",150132,5666.0000,0.0000,0.0000,"DOLARES",20250331
"BID 4","CONCURSO BECAS PARA PROGRAMAS DE BOOTCAMPS DE CÓDIGO - ETAPA 2",2024,"645-PROINNOVATE-BCCF2-2024","BOOTCAMP MAKE IT REAL CAMP: TOP FULL STACK DEVELOPER",20240826,20250726,"SEGURA GUTIERREZ DIEGO ALONSO","FLORENCIA DE MORA","TRUJILLO","LA LIBERTAD",130103,5666.0000,0.0000,0.0000,"DOLARES",20250331
"BID 4","CONCURSO BECAS PARA PROGRAMAS DE BOOTCAMPS DE CÓDIGO - ETAPA 2",2024,"646-PROINNOVATE-BCCF2-2024","BOOTCAMP 4GEEKS ACADEMY: FULL STACK SOFTWARE DEVELOPMENT - FULL TIME",20240722,20250422,"ROJAS AVENDAÑO MICAELA ALEXIA","SURQUILLO","LIMA","LIMA",150141,6680.0000,0.0000,0.0000,"DOLARES",20250331
"BID 4","CONCURSO BECAS PARA PROGRAMAS DE BOOTCAMPS DE CÓDIGO - ETAPA 2",2024,"647-PROINNOVATE-BCCF2-2024","BOOTCAMP MAKE IT REAL CAMP: TOP FULL STACK DEVELOPER",20240826,20250726,"ARANGURI CASTILLO BRYAM EMANUEL","TRUJILLO","TRUJILLO","LA LIBERTAD",130101,5666.0000,0.0000,0.0000,"DOLARES",20250331
"BID 4","CONCURSO BECAS PARA PROGRAMAS DE BOOTCAMPS DE CÓDIGO - ETAPA 2",2024,"649-PROINNOVATE-BCCF2-2024","BOOTCAMP MAKE IT REAL CAMP: TOP FULL STACK DEVELOPER",20240826,20250726,"PAREDES ABANTO DAVID ROBERTO","CAJAMARCA","CAJAMARCA","CAJAMARCA",060101,5666.0000,0.0000,0.0000,"DOLARES",20250331
"BID 4","CONCURSO BECAS PARA PROGRAMAS DE BOOTCAMPS DE CÓDIGO - ETAPA 2",2024,"650-PROINNOVATE-BCCF2-2024","BOOTCAMP MAKE IT REAL CAMP: TOP FULL STACK DEVELOPER",20240826,20250726,"ANTEZANA CAVERO ANTONY ALEXIS EFREN","CARABAYLLO","LIMA","LIMA",150106,5666.0000,0.0000,0.0000,"DOLARES",20250331
"BID 4","CONCURSO BECAS PARA PROGRAMAS DE BOOTCAMPS DE CÓDIGO - ETAPA 2",2024,"651-PROINNOVATE-BCCF2-2024","BOOTCAMP MAKE IT REAL CAMP: TOP FULL STACK DEVELOPER",20240826,20250726,"ZARATE TIJERA LESLIE FIORELLY","PUNO","PUNO","PUNO",210101,5666.0000,0.0000,0.0000,"DOLARES",20250331
"BID 4","CONCURSO BECAS PARA PROGRAMAS DE BOOTCAMPS DE CÓDIGO - ETAPA 2",2024,"652-PROINNOVATE-BCCF2-2024","BOOTCAMP MAKE IT REAL CAMP: TOP FULL STACK DEVELOPER",20240826,20250726,"CARBAJAL QUISPE JOHN ANDERSON","HUANCAVELICA","HUANCAVELICA","HUANCAVELICA",090101,5666.0000,0.0000,0.0000,"DOLARES",20250331
"BID 4","CONCURSO BECAS PARA PROGRAMAS DE BOOTCAMPS DE CÓDIGO - ETAPA 2",2024,"653-PROINNOVATE-BCCF2-2024","BOOTCAMP MAKE IT REAL CAMP: TOP FULL STACK DEVELOPER",20240826,20250726,"CAMPOS TRINIDAD ARIANA IVONNE","ATE","LIMA","LIMA",150103,5666.0000,0.0000,0.0000,"DOLARES",20250331
"BID 4","CONCURSO BECAS PARA PROGRAMAS DE BOOTCAMPS DE CÓDIGO - ETAPA 2",2024,"654-PROINNOVATE-BCCF2-2024","BOOTCAMP 4GEEKS ACADEMY: FULL STACK SOFTWARE DEVELOPMENT - FULL TIME",20240722,20250422,"VILLAFUERTE MONTERO KEVIN CESAR","LIMA","LIMA","LIMA",150101,6680.0000,0.0000,0.0000,"DOLARES",20250331
"BID 4","EMPRENDIMIENTOS INNOVADORES",2024,"655-PROINNOVATE-EIN-2024","MABIS ZAMENIS: DISPOSITIVO DE DETECCIÓN DE ANOMALÍAS DE MAMA",20240823,20250523,"ZAMENIS BIOTECH INNOVATION S.A.C.","AREQUIPA","AREQUIPA","AREQUIPA",040101,67000.0000,9622.8000,19098.0000,"SOLES",20250331
"BID 4","CONCURSO BECAS PARA PROGRAMAS DE BOOTCAMPS DE CÓDIGO - ETAPA 2",2024,"656-PROINNOVATE-BCCF2-2024","BOOTCAMP MAKE IT REAL CAMP: TOP FULL STACK DEVELOPER",20240826,20250726,"ALVA CUADROS JUAN LUIS ALFONSO","RIMAC","LIMA","LIMA",150128,5666.0000,0.0000,0.0000,"DOLARES",20250331
"BID 4","CONCURSO BECAS PARA PROGRAMAS DE BOOTCAMPS DE CÓDIGO - ETAPA 2",2024,"658-PROINNOVATE-BCCF2-2024","BOOTCAMP 4GEEKS ACADEMY: FULL STACK SOFTWARE DEVELOPMENT - FULL TIME",20240722,20250422,"FERNANDEZ SUSANIBAR EDER MARTIN","LOS OLIVOS","LIMA","LIMA",150117,6680.0000,0.0000,0.0000,"DOLARES",20250331
"BID 4","CONCURSO BECAS PARA PROGRAMAS DE BOOTCAMPS DE CÓDIGO - ETAPA 2",2024,"659-PROINNOVATE-BCCF2-2024","BOOTCAMP 4GEEKS ACADEMY: FULL STACK SOFTWARE DEVELOPMENT - FULL TIME",20240722,20250422,"CARBAJAL VALDIVIA YONELA ISAMAR","CERRO COLORADO","AREQUIPA","AREQUIPA",040104,6680.0000,0.0000,0.0000,"DOLARES",20250331
"BID 4","CONCURSO BECAS PARA PROGRAMAS DE BOOTCAMPS DE CÓDIGO - ETAPA 2",2024,"660-PROINNOVATE-BCCF2-2024","BOOTCAMP 4GEEKS ACADEMY: FULL STACK SOFTWARE DEVELOPMENT - FULL TIME",20240722,20250422,"SANCHEZ ROMANI MAGUILA","LURIGANCHO","LIMA","LIMA",150118,6680.0000,0.0000,0.0000,"DOLARES",20250331
"BID 4","CONCURSO BECAS PARA PROGRAMAS DE BOOTCAMPS DE CÓDIGO - ETAPA 2",2024,"663-PROINNOVATE-BCCF2-2024","BOOTCAMP MAKE IT REAL CAMP: TOP FULL STACK DEVELOPER",20240826,20250726,"CASANOVA GONZALEZ FRANCO DAVID","ATE","LIMA","LIMA",150103,5666.0000,0.0000,0.0000,"DOLARES",20250331
"BID 4","CONCURSO BECAS PARA PROGRAMAS DE BOOTCAMPS DE CÓDIGO - ETAPA 2",2024,"664-PROINNOVATE-BCCF2-2024","BOOTCAMP MAKE IT REAL CAMP: TOP FULL STACK DEVELOPER",20240826,20250726,"PUMA PRADO ALEXANDER","SAN MARTIN DE PORRES","LIMA","LIMA",150135,5666.0000,0.0000,0.0000,"DOLARES",20250331
"BID 4","CONCURSO BECAS PARA PROGRAMAS DE BOOTCAMPS DE CÓDIGO - ETAPA 2",2024,"665-PROINNOVATE-BCCF2-2024","BOOTCAMP MAKE IT REAL CAMP: TOP FULL STACK DEVELOPER",20240826,20250726,"PAUCAR RAMIREZ MAX ANTONY","HUANCAYO","HUANCAYO","JUNIN",120101,5666.0000,0.0000,0.0000,"DOLARES",20250331
"BID 4","CONCURSO BECAS PARA PROGRAMAS DE BOOTCAMPS DE CÓDIGO - ETAPA 2",2024,"666-PROINNOVATE-BCCF2-2024","BOOTCAMP 4GEEKS ACADEMY: FULL STACK SOFTWARE DEVELOPMENT - FULL TIME",20240722,20250422,"GOMEZ CONDOR LUIS ANGEL","LURIN","LIMA","LIMA",150119,6680.0000,0.0000,0.0000,"DOLARES",20250331
"BID 4","CONCURSO BECAS PARA PROGRAMAS DE BOOTCAMPS DE CÓDIGO - ETAPA 2",2024,"667-PROINNOVATE-BCCF2-2024","BOOTCAMP 4GEEKS ACADEMY: FULL STACK SOFTWARE DEVELOPMENT - FULL TIME",20240722,20250422,"MAMANI ACHAHUI GUSTAVO ALEXANDER","ILO","ILO","MOQUEGUA",180301,6680.0000,0.0000,0.0000,"DOLARES",20250331
"BID 4","CONCURSO BECAS PARA PROGRAMAS DE BOOTCAMPS DE CÓDIGO - ETAPA 2",2024,"668-PROINNOVATE-BCCF2-2024","BOOTCAMP MAKE IT REAL CAMP: TOP FULL STACK DEVELOPER",20240826,20250726,"CABRERA GUEVARA RONALD HERNAN","CAJAMARCA","CAJAMARCA","CAJAMARCA",060101,5666.0000,0.0000,0.0000,"DOLARES",20250331
"BID 4","CONCURSO BECAS PARA PROGRAMAS DE BOOTCAMPS DE CÓDIGO - ETAPA 2",2024,"670-PROINNOVATE-BCCF2-2024","BOOTCAMP MAKE IT REAL CAMP: TOP FULL STACK DEVELOPER",20240826,20250726,"GARCIA PACARA NOELIA ALLISON","SAN MARTIN DE PORRES","LIMA","LIMA",150135,5666.0000,0.0000,0.0000,"DOLARES",20250331
"BID 4","CONCURSO BECAS PARA PROGRAMAS DE BOOTCAMPS DE CÓDIGO - ETAPA 2",2024,"672-PROINNOVATE-BCCF2-2024","BOOTCAMP MAKE IT REAL CAMP: TOP FULL STACK DEVELOPER",20240826,20250726,"LOPEZ LOZANO LUIS FREDERICK","SAN BORJA","LIMA","LIMA",150130,5666.0000,0.0000,0.0000,"DOLARES",20250331
"BID 4","CONCURSO BECAS PARA PROGRAMAS DE BOOTCAMPS DE CÓDIGO - ETAPA 2",2024,"673-PROINNOVATE-BCCF2-2024","BOOTCAMP MAKE IT REAL CAMP: TOP FULL STACK DEVELOPER",20240826,20250726,"ALBIRENA MALLMA ANA MARIA DE LOS ANGELES","LIMA","LIMA","LIMA",150101,5666.0000,0.0000,0.0000,"DOLARES",20250331
"BID 4","CONCURSO BECAS PARA PROGRAMAS DE BOOTCAMPS DE CÓDIGO - ETAPA 2",2024,"674-PROINNOVATE-BCCF2-2024","BOOTCAMP MAKE IT REAL CAMP: TOP FULL STACK DEVELOPER",20240826,20250726,"PERALES GUEVARA AUGUSTO EDUARDO","FERREÑAFE","FERREÑAFE","LAMBAYEQUE",140201,5666.0000,0.0000,0.0000,"DOLARES",20250331
"BID 4","CONCURSO BECAS PARA PROGRAMAS DE BOOTCAMPS DE CÓDIGO - ETAPA 2",2024,"676-PROINNOVATE-BCCF2-2024","BOOTCAMP MAKE IT REAL CAMP: TOP FULL STACK DEVELOPER",20240826,20250726,"PINARES HUILLCAHUAMAN JOHAN EMERSON","HUARO","QUISPICANCHI","CUSCO",081207,5666.0000,0.0000,0.0000,"DOLARES",20250331
"BID 4","CONCURSO BECAS PARA PROGRAMAS DE BOOTCAMPS DE CÓDIGO - ETAPA 2",2024,"677-PROINNOVATE-BCCF2-2024","BOOTCAMP MAKE IT REAL CAMP: TOP FULL STACK DEVELOPER",20240826,20250726,"RAMOS VARGAS JAQUELINE ROCIO","PUNO","PUNO","PUNO",210101,5666.0000,0.0000,0.0000,"DOLARES",20250331
"BID 4","CONCURSO BECAS PARA PROGRAMAS DE BOOTCAMPS DE CÓDIGO - ETAPA 2",2024,"678-PROINNOVATE-BCCF2-2024","BOOTCAMP MAKE IT REAL CAMP: TOP FULL STACK DEVELOPER",20240826,20250726,"LOPEZ LLUEN HEBERTH ORLANDO","FERREÑAFE","FERREÑAFE","LAMBAYEQUE",140201,5666.0000,0.0000,0.0000,"DOLARES",20250331
"BID 4","CONCURSO BECAS PARA PROGRAMAS DE BOOTCAMPS DE CÓDIGO - ETAPA 2",2024,"679-PROINNOVATE-BCCF2-2024","BOOTCAMP MAKE IT REAL CAMP: TOP FULL STACK DEVELOPER",20240826,20250726,"PALACIOS MIGUEL JAMILA ISABEL","LIMA","LIMA","LIMA",150101,5666.0000,0.0000,0.0000,"DOLARES",20250331
"BID 4","CONCURSO BECAS PARA PROGRAMAS DE BOOTCAMPS DE CÓDIGO - ETAPA 2",2024,"681-PROINNOVATE-BCCF2-2024","BOOTCAMP MAKE IT REAL CAMP: TOP FULL STACK DEVELOPER",20240826,20250726,"LUPACA TICONA WILLIAM","PUNO","PUNO","PUNO",210101,5666.0000,0.0000,0.0000,"DOLARES",20250331
"BID 4","CONCURSO BECAS PARA PROGRAMAS DE BOOTCAMPS DE CÓDIGO - ETAPA 2",2024,"682-PROINNOVATE-BCCF2-2024","BOOTCAMP MAKE IT REAL CAMP: TOP FULL STACK DEVELOPER",20240826,20250726,"PARIONA NUÑEZ MIGUEL ANGEL","PISCO","PISCO","ICA",110501,5666.0000,0.0000,0.0000,"DOLARES",20250331
"BID 4","CONCURSO BECAS PARA PROGRAMAS DE BOOTCAMPS DE CÓDIGO - ETAPA 2",2024,"683-PROINNOVATE-BCCF2-2024","BOOTCAMP MAKE IT REAL CAMP: TOP FULL STACK DEVELOPER",20240826,20250726,"MACHICAO QUISPE GABRIEL STEVEN","LA JOYA","AREQUIPA","AREQUIPA",040108,5666.0000,0.0000,0.0000,"DOLARES",20250331
"BID 4","CONCURSO BECAS PARA PROGRAMAS DE BOOTCAMPS DE CÓDIGO - ETAPA 2",2024,"684-PROINNOVATE-BCCF2-2024","BOOTCAMP MAKE IT REAL CAMP: TOP FULL STACK DEVELOPER",20240826,20250726,"LOZANO FERNANDEZ JAIRO ANDRE","SAN MARTIN DE PORRES","LIMA","LIMA",150135,5666.0000,0.0000,0.0000,"DOLARES",20250331
"BID 4","INNOVACION ABIERTA MODALIDAD A - CAMBIO CLIMATICO",2024,"685-PROINNOVATE-IAMACC-2024","DESARROLLO DE UN PROGRAMA DE INNOVACIÓN ABIERTA CON ENFOQUE EN CAMBIO CLIMÁTICO PARA INCENTIVAR LA EFICIENCIA Y RESILIENCIA DEL CULTIVO DE ALGODÓN ORGÁNICO\, EN LA EMPRESA NEW EXPO S.A.C.",20240911,20260611,"NEW EXPO S.A.C.","ATE","LIMA","LIMA",150103,1987677.9700,867622.0300,868800.0000,"SOLES",20250331
"BID 4","PROGRAMA DE INNOVACIÓN MODERNIZACIÓN TECNOLÓGICA Y EMPRENDIMIENTO - MIPYMES DIGITALES - CAMBIO CLIMÁTICO",2024,"686-PROINNOVATE-IMTEMDCC-2024","OPTIMIZAR LOS PROCESOS PRODUCTIVOS DE LA EMPRESA PARA REDUCIR LAS MERMAS A TRAVÉS DE LA IMPLEMENTACIÓN DE UN SOFTWARE MRP QUE INTEGRE LOS DIFERENTES PROCESOS CON LA FINALIDAD DE INCREMENTAR LA RENTABILIDAD Y MEJORAR LA SOSTENIBILIDAD EMPRESARIAL.",20241122,20251022,"MELKORGRAPH S.A.C.","CHORRILLOS","LIMA","LIMA",150108,42000.0000,15285.7200,6857.1300,"SOLES",20250331
"BID 4","CONCURSO BECAS PARA PROGRAMAS DE BOOTCAMPS DE CÓDIGO - ETAPA 2",2024,"687-PROINNOVATE-BCCF2-2024","BOOTCAMP 4GEEKS ACADEMY: FULL STACK SOFTWARE DEVELOPMENT - FULL TIME",20240722,20250422,"MERA VALERA CARLOS ALBERTO","JOSE LEONARDO ORTIZ","CHICLAYO","LAMBAYEQUE",140105,6680.0000,0.0000,0.0000,"DOLARES",20250331
"BID 4","CONCURSO BECAS PARA PROGRAMAS DE BOOTCAMPS DE CÓDIGO - ETAPA 2",2024,"688-PROINNOVATE-BCCF2-2024","BOOTCAMP 4GEEKS ACADEMY: FULL STACK SOFTWARE DEVELOPMENT - FULL TIME",20240722,20250422,"SANDOVAL MEJIA LUIS JHOEL","JOSE LEONARDO ORTIZ","CHICLAYO","LAMBAYEQUE",140105,6680.0000,0.0000,0.0000,"DOLARES",20250331
"BID 4","CONCURSO BECAS PARA PROGRAMAS DE BOOTCAMPS DE CÓDIGO - ETAPA 2",2024,"689-PROINNOVATE-BCCF2-2024","BOOTCAMP 4GEEKS ACADEMY: FULL STACK SOFTWARE DEVELOPMENT - FULL TIME",20240722,20250422,"GONZALES MOSCOSO DIEGO ESTEBAN","SAN MARTIN DE PORRES","LIMA","LIMA",150135,6680.0000,0.0000,0.0000,"DOLARES",20250331
"BID 4","CONCURSO BECAS PARA PROGRAMAS DE BOOTCAMPS DE CÓDIGO - ETAPA 2",2024,"690-PROINNOVATE-BCCF2-2024","BOOTCAMP LE WAGON: DESARROLLO WEB FULL STACK",20240722,20250322,"INOÑAN ZAPATA PAUL ARTURO","LAMBAYEQUE","LAMBAYEQUE","LAMBAYEQUE",140301,4680.0000,0.0000,0.0000,"DOLARES",20250331
"BID 4","CONCURSO BECAS PARA PROGRAMAS DE BOOTCAMPS DE CÓDIGO - ETAPA 2",2024,"691-PROINNOVATE-BCCF2-2024","BOOTCAMP LE WAGON: DESARROLLO WEB FULL STACK",20240805,20250405,"PINO LIVON NESTOR MANUEL","SANTA ANITA","LIMA","LIMA",150137,4680.0000,0.0000,0.0000,"DOLARES",20250331
"BID 4","CONCURSO BECAS PARA PROGRAMAS DE BOOTCAMPS DE CÓDIGO - ETAPA 2",2024,"692-PROINNOVATE-BCCF2-2024","BOOTCAMP LE WAGON: DESARROLLO WEB FULL STACK",20240722,20250322,"STOLAR SIRLUPÚ ENRIQUE ARTURO","JESUS MARIA","LIMA","LIMA",150113,4680.0000,0.0000,0.0000,"DOLARES",20250331
"BID 4","CONCURSO BECAS PARA PROGRAMAS DE BOOTCAMPS DE CÓDIGO - ETAPA 2",2024,"693-PROINNOVATE-BCCF2-2024","BOOTCAMP LE WAGON: DESARROLLO WEB FULL STACK",20240722,20250322,"ESTRELLA OLIVA ANDREA CAROL","LOS OLIVOS","LIMA","LIMA",150117,4680.0000,0.0000,0.0000,"DOLARES",20250331
"BID 4","CONCURSO BECAS PARA PROGRAMAS DE BOOTCAMPS DE CÓDIGO - ETAPA 2",2024,"694-PROINNOVATE-BCCF2-2024","BOOTCAMP LE WAGON: DESARROLLO WEB FULL STACK",20240722,20250322,"RAMIREZ ODAR JUANA SANTOS LAURA","SAN MIGUEL","LIMA","LIMA",150136,4680.0000,0.0000,0.0000,"DOLARES",20250331
"BID 4","CONCURSO BECAS PARA PROGRAMAS DE BOOTCAMPS DE CÓDIGO - ETAPA 2",2024,"696-PROINNOVATE-BCCF2-2024","BOOTCAMP LE WAGON: ANÁLISIS DE DATOS",20240805,20250405,"LAZARO GARCIA EDITH JERALDIN","LA VICTORIA","CHICLAYO","LAMBAYEQUE",140106,5080.0000,0.0000,0.0000,"DOLARES",20250331
"BID 4","CONCURSO BECAS PARA PROGRAMAS DE BOOTCAMPS DE CÓDIGO - ETAPA 2",2024,"697-PROINNOVATE-BCCF2-2024","BOOTCAMP LE WAGON: ANÁLISIS DE DATOS",20240805,20250405,"SARAVIA QUISPE PEDRO JESUS","SAN MARTIN DE PORRES","LIMA","LIMA",150135,5080.0000,0.0000,0.0000,"DOLARES",20250331
"BID 4","CONCURSO BECAS PARA PROGRAMAS DE BOOTCAMPS DE CÓDIGO - ETAPA 2",2024,"698-PROINNOVATE-BCCF2-2024","BOOTCAMP LE WAGON: ANÁLISIS DE DATOS",20240805,20250405,"CAMPOS CASTRO ANTONY BARTOLOME","LIMA","LIMA","LIMA",150101,5080.0000,0.0000,0.0000,"DOLARES",20250331
"BID 4","CONCURSO BECAS PARA PROGRAMAS DE BOOTCAMPS DE CÓDIGO - ETAPA 2",2024,"699-PROINNOVATE-BCCF2-2024","BOOTCAMP MAKE IT REAL CAMP: TOP FULL STACK DEVELOPER",20240826,20250726,"URDANEGUI BISALAYA SEBASTIAN MARAT","ATE","LIMA","LIMA",150103,5666.0000,0.0000,0.0000,"DOLARES",20250331
"BID 4","CONCURSO BECAS PARA PROGRAMAS DE BOOTCAMPS DE CÓDIGO - ETAPA 2",2024,"700-PROINNOVATE-BCCF2-2024","BOOTCAMP MAKE IT REAL CAMP: TOP FULL STACK DEVELOPER",20240826,20250726,"PINTADO SALCEDO GABRIEL OMAR","VEINTISEIS DE OCTUBRE","PIURA","PIURA",200115,5666.0000,0.0000,0.0000,"DOLARES",20250331
"BID 4","CONCURSO BECAS PARA PROGRAMAS DE BOOTCAMPS DE CÓDIGO - ETAPA 2",2024,"701-PROINNOVATE-BCCF2-2024","BOOTCAMP MAKE IT REAL CAMP: TOP FULL STACK DEVELOPER",20240826,20250726,"BUSTOS PAUCAR MARLON DAVID","VENTANILLA","PROV. CONST. DEL CALLAO","CALLAO",070106,5666.0000,0.0000,0.0000,"DOLARES",20250331
"BID 4","EMPRENDIMIENTOS INNOVADORES",2024,"702-PROINNOVATE-EIN-2024","AJS: PLATAFORMA EDUCATIVA A TRAVÉS DE JUEGOS INTERACTIVOS",20241010,20250510,"ACADEMIA JOSE SABOGAL EIRL","CAJAMARCA","CAJAMARCA","CAJAMARCA",060101,67000.0000,9571.4300,19142.8500,"SOLES",20250331
"BID 4","EMPRENDIMIENTOS INNOVADORES",2024,"703-PROINNOVATE-EIN-2024","MIGUI: APP DE VIAJE PARA EXPERIENCIAS TURÍSTICAS LOCALES",20240916,20250516,"GRUPO MIGUI S.A.C.","ALTO SELVA ALEGRE","AREQUIPA","AREQUIPA",040102,54000.0000,7725.0000,15420.0000,"SOLES",20250331
"BID 4","CONCURSO DE PROYECTOS COLABORATIVOS DE INNOVACIÓN FASE 2 - CATEGORÍA 2",2024,"705-PROINNOVATE-CPCC2F2-2024","DESARROLLO DE SOLUCIONES INNOVADORAS PARA EVITAR ACCIDENTES DE TERCEROS EN LA VÍA PÚBLICA Y PARA EL MANTENIMIENTO PREVENTIVO EN LA RED ELÉCTRICA DE PLUZ ENERGÍA PERÚ S.A.A.",20241111,20260711,"PLUZ ENERGÍA PERÚ S.A.A.","SAN BORJA","LIMA","LIMA",150130,1200000.0000,787760.1800,244448.2600,"SOLES",20250331
"BID 4","EMPRENDIMIENTOS INNOVADORES",2024,"707-PROINNOVATE-EIN-2024","THE ULTIMATE MINING: GAMIFICACIÓN DE PROCESOS MINEROS",20240930,20250630,"GEOLOGY & MINING GAMES E.I.R.L.","ALTO SELVA ALEGRE","AREQUIPA","AREQUIPA",040102,67000.0000,9605.6100,19113.0000,"SOLES",20250331
"BID 4","EMPRENDIMIENTOS INNOVADORES",2024,"708-PROINNOVATE-EIN-2024","CONTIGO PECUARIO: PLATAFORMA INTEGRAL PARA GANADEROS",20241001,20250701,"SOLUCIONES ANALITICAS CONTIGO SAC","AREQUIPA","AREQUIPA","AREQUIPA",040101,63000.0000,9000.0000,18000.0000,"SOLES",20250331
"BID 4","EMPRENDIMIENTOS INNOVADORES - PERÚ PRODUCE: INNOVACIÓN FRENTE AL CAMBIO CLIMÁTICO",2024,"709-PROINNOVATE-EINCC-2024","HIDRANIX: COCINA DE HIDRÓGENO - AGUA COMO COMBUSTIBLE",20241010,20250710,"PHINIX PEREZ HUAROC INGENIEROS NOVEDADES DE INVESTIGACION EXPERIMENTAL EIRL  PHINIX EIRL","PAUCARPATA","AREQUIPA","AREQUIPA",040112,67000.0000,10500.0000,19142.0000,"SOLES",20250331
"BID 4","PROGRAMA DE INNOVACIÓN MODERNIZACIÓN TECNOLÓGICA Y EMPRENDIMIENTO - MIPYMES DIGITALES - CAMBIO CLIMÁTICO",2024,"711-PROINNOVATE-IMTEMDCC-2024","TRANSFORMACIÓN DIGITAL PARA UN TRANSPORTE SOSTENIBLE: REDUCCIÓN DE EMISIONES Y EFICIENCIA ENERGÉTICA EN HFC PACIFIC BUSINESS SOCIEDAD ANONIMA CERRADA",20240916,20250816,"HFC PACIFIC BUSINESS SOCIEDAD ANONIMA CERRADA","PUENTE PIEDRA","LIMA","LIMA",150125,45000.0000,10286.0000,6857.0000,"SOLES",20250331
"BID 4","CONCURSO BECAS PARA PROGRAMAS DE BOOTCAMPS DE CÓDIGO - ETAPA 2",2024,"712-PROINNOVATE-BCCF2-2024","BOOTCAMP LABORATORIA: BOOTCAMP WEB DEVELOPMENT",20240719,20250419,"VIVANCO MERINO LUZ MARIA","SAN MARTIN DE PORRES","LIMA","LIMA",150135,6180.0000,0.0000,0.0000,"DOLARES",20250331
"BID 4","CONCURSO BECAS PARA PROGRAMAS DE BOOTCAMPS DE CÓDIGO - ETAPA 2",2024,"715-PROINNOVATE-BCCF2-2024","BOOTCAMP 4GEEKS ACADEMY: FULL STACK SOFTWARE DEVELOPMENT - FULL TIME",20240722,20250422,"HINOSTROZA POMAHUACRE YONIL ALEXIS","VILCAS HUAMAN","VILCAS HUAMAN","AYACUCHO",051101,6680.0000,0.0000,0.0000,"DOLARES",20250331
"BID 4","DIGITALIZACIÓN EMPRESARIAL - CATEGORÍA 2",2024,"718-PROINNOVATE-IMTEMDC2-2024","TRANSFORMACIÓN DIGITAL DE EN CONCRETO S.A.C. A TRAVÉS DE LA IMPLEMENTACIÓN DE HERRAMIENTAS DE FOTOGRAMETRÍA DIGITAL PARA MEJORAR PROCESOS\, Y HERRAMIENTAS DE MARKETING DIGITAL PARA IMPULSAR EL CRECIMIENTO DEL NEGOCIO.",20241108,20251008,"EN CONCRETO SOCIEDAD ANONIMA CERRADA","SOCABAYA","AREQUIPA","AREQUIPA",040122,45000.0000,11000.0000,6850.0000,"SOLES",20250331
"BID 4","DIGITALIZACIÓN EMPRESARIAL - CATEGORÍA 2",2024,"719-PROINNOVATE-IMTEMDC2-2024","CRM INTUITIVO QUE IMPULSE LAS VENTAS Y OPTIMICE LOS PROCESOS LOGRANDO UNA TRANSFORMACIÓN DIGITAL TOTAL EN LA EMPRESA INNOVACIÓN SAC",20241029,20250929,"INNOVACION SOCIEDAD ANONIMA CERRADA - I S.A.C.","AREQUIPA","AREQUIPA","AREQUIPA",040101,45000.0000,10286.0000,6857.0000,"SOLES",20250331
"BID 4","DIGITALIZACIÓN EMPRESARIAL - CATEGORÍA 2",2024,"721-PROINNOVATE-IMTEMDC2-2024","DESARROLLO E IMPLEMENTACIÓN DE UNA PLATAFORMA MULTIFUNCIONAL PARA POTENCIAR LA PRODUCTIVIDAD EN LAS OPERACIONES Y ELEVAR LA PROPUESTA DE VALOR DE LA EMPRESA CONSTRUCTO G&D EIRL.",20241202,20251102,"CONSTRUCTO G & D E.I.R.L.","JOSE LUIS BUSTAMANTE Y RIVERO","AREQUIPA","AREQUIPA",040129,45000.0000,10300.0000,6850.0000,"SOLES",20250331
"BID 4","DIGITALIZACIÓN EMPRESARIAL - CATEGORÍA 2",2024,"722-PROINNOVATE-IMTEMDC2-2024","IMPLEMENTACIÓN DE UN SOFTWARE BIG DATA MARKETING PARA LA GENERACIÓN DE CAMPAÑAS Y ESTRATEGIAS EN ÉL ÁREA COMERCIAL DE LA EMPRESA INKA CELL",20241029,20250929,"INKA CELL SAC","TACNA","TACNA","TACNA",230101,45000.0000,10285.7100,6857.1400,"SOLES",20250331
"BID 4","DIGITALIZACIÓN EMPRESARIAL - CATEGORÍA 2",2024,"723-PROINNOVATE-IMTEMDC2-2024","INTEGRACIÓN Y AUTOMATIZACIÓN EN TRAZO ARQ S.A.C. CON LA IMPLEMENTACIÓN DE UN ERP AVANZADO PARA LA OPTIMIZACIÓN LOGÍSTICA\, GESTIÓN DE COTIZACIONES Y CONTROL DE COSTOS",20241029,20250929,"TRAZO  ARQ S.A.C.","AREQUIPA","AREQUIPA","AREQUIPA",040101,45000.0000,10286.0000,6857.0000,"SOLES",20250331
"BID 4","DIGITALIZACIÓN EMPRESARIAL - CATEGORÍA 2",2024,"724-PROINNOVATE-IMTEMDC2-2024","IMPLEMENTACIÓN DE HERRAMIENTAS DIGITALES PARA EL AUMENTO DE LA PRODUCTIVIDAD DE LOS PROCESOS DE COMERCIAL Y MARKETING\, CALIFICACIÓN DE CLIENTES\, MONITOREO DE CONTRATOS Y GESTIÓN FINANCIERA\, PARA LA EMPRESA CREA CAPITAL GROUP S.A.C.",20241122,20251022,"CREA CAPITAL GROUP S.A.C.","SAN ISIDRO","LIMA","LIMA",150131,45000.0000,10285.7200,6857.1400,"SOLES",20250331
"BID 4","DIGITALIZACIÓN EMPRESARIAL - CATEGORÍA 2",2024,"725-PROINNOVATE-IMTEMDC2-2024","IMPLEMENTACIÓN DE UN CRM INTELIGENTE INTERACTIVO MEDIANTE TÉCNICAS DE BUSINESS ANALYTICS PARA LA GESTIÓN DE HISTORIAS CLÍNICAS Y CLIENTES",20241122,20251022,"BELLESTI S.A.C.","YANAHUARA","AREQUIPA","AREQUIPA",040126,45000.0000,10286.0000,6857.0000,"SOLES",20250331
"BID 4","DIGITALIZACIÓN EMPRESARIAL - CATEGORÍA 2",2024,"726-PROINNOVATE-IMTEMDC2-2024","IMPLEMENTACIÓN DE UNA PLATAFORMA DE GESTIÓN EDUCATIVA INTEGRAL Y HERRAMIENTAS DIGITALES NECESARIAS PARA MEJORAR LOS PROCESOS DE GESTIÓN DEL ALUMNO\, GESTIÓN ADMINISTRATIVA Y COMERCIAL PARAR CRECER LA PRODUCTIVIDAD DEL PROGRAMA DE FORMACIÓN DE COMERCIO EXTERIOR",20241029,20250929,"CL ¿ GLOBAL LOGISTICS EIRL","SAN BORJA","LIMA","LIMA",150130,45000.0000,10285.7200,6857.1400,"SOLES",20250331
"BID 4","DIGITALIZACIÓN EMPRESARIAL - CATEGORÍA 2",2024,"727-PROINNOVATE-IMTEMDC2-2024","IMPLEMENTACIÓN DE UN SISTEMA CRM (CUSTOMER RELATIONSHIP MANAGEMENT) Y DE UN SISTEMA DE CONTROL Y PLANIFICACIÓN DE PROYECTOS EN LA CONSULTORA BPTC SAC",20241010,20250910,"BUSINESS PROCESS & TECHNOLOGY CONSULTING SOCIEDAD ANONIMA CERRADA","SAN ISIDRO","LIMA","LIMA",150131,45000.0000,10285.7200,6857.1400,"SOLES",20250331
"BID 4","DIGITALIZACIÓN EMPRESARIAL - CATEGORÍA 2",2024,"728-PROINNOVATE-IMTEMDC2-2024","IMPLEMENTACIÓN DE UN SISTEMA DE CONTROL DE INVENTARIOS Y ESTRATEGIAS DE MARKETING DIGITAL PARA OPTIMIZAR OPERACIONES Y MEJORAR EL POSICIONAMIENTO DE LA EMPRESA SIMONI.",20241122,20251022,"INVERSIONES SIMONI CHAVEZ E.I.R.L.","WANCHAQ","CUSCO","CUSCO",080108,45000.0000,10286.0000,6857.0000,"SOLES",20250331
"BID 4","INCUBADORAS Y ACELERADORAS DE EMPRENDIMIENTOS INNOVADORES EN REGIONES",2024,"729-PROINNOVATE-IEIR-2024","FORTALECIMIENTO INTEGRAL DE LA INCUBADORA DE EMPRESAS INCUVAL VENTURES PARA IMPULSAR STARTUPS SOSTENIBLES DE ALTO IMPACTO.",20250107,20260907,"UNIV. NAC. HERMILIO VALDIZAN HUANUCO","PILLCO MARCA","HUANUCO","HUANUCO",100111,685000.0000,94813.5200,66600.0000,"SOLES",20250331
"BID 4","DIGITALIZACIÓN EMPRESARIAL - CATEGORÍA 2",2024,"730-PROINNOVATE-IMTEMDC2-2024","AUTOMATIZACIÓN DE ELABORACIÓN DE GUIONES PARA EDUCACIÓN VIRTUAL CON INTELIGENCIA ARTIFICIAL",20250127,20251227,"ATYPAX TRAINING S.A.C.","JESUS MARIA","LIMA","LIMA",150113,44900.0000,10260.0000,6840.0000,"SOLES",20250331
"BID 4","CONCURSO BECAS PARA PROGRAMAS DE BOOTCAMPS DE CÓDIGO - ETAPA 2",2024,"731-PROINNOVATE-BCCF2-2024","BOOTCAMP MAKE IT REAL CAMP: TOP FULL STACK DEVELOPER",20240826,20250726,"RIOS CASTRO ALEXANDRA INES","PACHACAMAC","LIMA","LIMA",150123,5666.0000,0.0000,0.0000,"DOLARES",20250331
"BID 4","DIGITALIZACIÓN EMPRESARIAL - CATEGORÍA 2",2024,"732-PROINNOVATE-IMTEMDC2-2024","DIGITALIZACIÓN DE LOS PROCESOS DE INVENTARIOS\, LOGÍSTICA Y MARKETING DE LA MARCA YUMIGUMI UTILIZANDO PLATAFORMAS DIGITALES PARA MEJORAR LA EFICIENCIA OPERATIVA Y AUMENTAR LA COMPETITIVIDAD DE LA EMPRESA EN EL MERCADO DE GOMITAS FUNCIONALES.",20241108,20251008,"GRUBER FOODS S.A.C.","MIRAFLORES","LIMA","LIMA",150122,45000.0000,10285.7100,6857.1400,"SOLES",20250331
"BID 4","PROGRAMA DE INNOVACIÓN MODERNIZACIÓN TECNOLÓGICA Y EMPRENDIMIENTO - MIPYMES DE CALIDAD - CAMBIO CLIMÁTICO",2024,"733-PROINNOVATE-IMTEMCCC-2024","IMPLEMENTACIÓN Y CERTIFICACIÓN DE UN SISTEMA DE GESTIÓN MEDIO AMBIENTAL ISO 14001:2015 PARA LA PRODUCCIÓN Y COMERCIALIZACIÓN DE PINTURAS ECOLÓGICAS ECOCOLOR.",20241108,20251008,"ECOCOLOR COMERCIAL E.I.R.L.","PUENTE PIEDRA","LIMA","LIMA",150125,43820.0000,9990.0000,6660.0000,"SOLES",20250331
"BID 4","DIGITALIZACIÓN EMPRESARIAL - CATEGORÍA 2",2024,"734-PROINNOVATE-IMTEMDC2-2024","IMPLEMENTACIÓN DE MÓDULO CRM PARA GERENCIAR CLIENTES ACTUALES Y POTENCIALES DE ESTUDIO VIDAL & CONTADORES ASOCIADOS.",20241002,20250902,"ESTUDIO VIDAL & CONTADORES ASOCIADOS SOCIEDAD ANONIMA CERRADA","CHICLAYO","CHICLAYO","LAMBAYEQUE",140101,45000.0000,10285.7100,6857.1400,"SOLES",20250331
"BID 4","CONCURSO BECAS PARA PROGRAMAS DE BOOTCAMPS DE CÓDIGO - ETAPA 2",2024,"735-PROINNOVATE-BCCF2-2024","BOOTCAMP LE WAGON: DESARROLLO WEB FULL STACK",20240917,20250517,"ROLDÁN ORTIZ LUIS FERNANDO","MAGDALENA DEL MAR","LIMA","LIMA",150120,4680.0000,0.0000,0.0000,"DOLARES",20250331
"BID 4","CONCURSO BECAS PARA PROGRAMAS DE BOOTCAMPS DE CÓDIGO - ETAPA 2",2024,"736-PROINNOVATE-BCCF2-2024","BOOTCAMP LE WAGON: ANÁLISIS DE DATOS",20240805,20250405,"MOCHCCO ATAUJE PIERO RAUL","HUANTA","HUANTA","AYACUCHO",050401,5080.0000,0.0000,0.0000,"DOLARES",20250331
"BID 4","DIGITALIZACIÓN EMPRESARIAL - CATEGORÍA 2",2024,"737-PROINNOVATE-IMTEMDC2-2024","IMPLEMENTACIÓN DE UN SOFTWARE BIG DATA MARKETING PARA LA GENERACIÓN DE CAMPAÑAS Y ESTRATEGIAS EN EL ÁREA COMERCIAL DE LA EMPRESA CONNECTAB",20241001,20250901,"CONNECTAB E.I.R.L.","SACHACA","AREQUIPA","AREQUIPA",040117,45000.0000,10285.7100,6857.1400,"SOLES",20250331
"BID 4","DIGITALIZACIÓN EMPRESARIAL - CATEGORÍA 2",2024,"738-PROINNOVATE-IMTEMDC2-2024","DESARROLLO E IMPLEMENTACIÓN DE UNA CARTERA DIGITAL UNIFICADA PARA LA GESTIÓN Y VALIDACIÓN SEGURA DE IDENTIDADES Y CONTRATOS EN MIPYMES PERUANAS\, UTILIZANDO TECNOLOGÍA BLOCKCHAIN Y BIOMETRÍA FACIAL",20241029,20250929,"GENERAL SYSTEM SAS S.A.C.S","AMARILIS","HUANUCO","HUANUCO",100102,45000.0000,10285.7100,6857.1400,"SOLES",20250331
"BID 4","DIGITALIZACIÓN EMPRESARIAL - CATEGORÍA 2",2024,"739-PROINNOVATE-IMTEMDC2-2024","IMPLEMENTACIÓN DE UN AUTOMATIZACIÓN DE MARKETING Y CRM   Y PODER  MEJORAR LA EFICIENCIA OPERATIVA DE LA EMPRESA ACTIVO CORPORATIVO",20241108,20251008,"ACTIVO CORPORATIVO S.A.C.","AREQUIPA","AREQUIPA","AREQUIPA",040101,45000.0000,10285.7100,6857.1400,"SOLES",20250331
"BID 4","CONCURSO BECAS PARA PROGRAMAS DE BOOTCAMPS DE CÓDIGO - ETAPA 2",2024,"740-PROINNOVATE-BCCF2-2024","BOOTCAMP MAKE IT REAL CAMP: TOP FULL STACK DEVELOPER",20240826,20250726,"VILLARREAL ORELLANO RAMIRO ENRIQUE","BAGUA GRANDE","UTCUBAMBA","AMAZONAS",010701,5666.0000,0.0000,0.0000,"DOLARES",20250331
"BID 4","DIGITALIZACIÓN EMPRESARIAL - CATEGORÍA 2",2024,"741-PROINNOVATE-IMTEMDC2-2024","IMPLEMENTACIÓN DE UNA HERRAMIENTA DIGITAL PARA AUTOMATIZAR LOS PROCESOS DE CONTROL DE COSTOS DE CONSTRUCCIÓN DE LA EMPRESA GYJ PROYECTOS Y CONSTRUCCIÓN OPTIMIZANDO ESFUERZOS Y RECURSOS.",20241010,20250910,"G Y J PROYECTOS Y CONSTRUCCION SOCIEDAD DE RESPONSABILIDAD LIMITADA","PIURA","PIURA","PIURA",200101,45000.0000,10292.0000,6858.0000,"SOLES",20250331
"BID 4","CONCURSO BECAS PARA PROGRAMAS DE BOOTCAMPS DE CÓDIGO - ETAPA 2",2024,"742-PROINNOVATE-BCCF2-2024","BOOTCAMP MAKE IT REAL CAMP: TOP FULL STACK DEVELOPER",20240826,20250726,"RAMIREZ LAZARTE VICTOR MANUEL","SANTIAGO DE SURCO","LIMA","LIMA",150140,5666.0000,0.0000,0.0000,"DOLARES",20250331
"BID 4","DIGITALIZACIÓN EMPRESARIAL - CATEGORÍA 2",2024,"743-PROINNOVATE-IMTEMDC2-2024","TRANSFORMACIÓN DIGITAL PARA POTENCIAR LA COMPETITIVIDAD DE UNDER ATTACK INDUSTRIES SA IMPLEMENTANDO UNA PLATAFORMA DE E-COMMERCE Y DIGITALIZACIÓN DE PROCESOS PRODUCTIVOS Y COMERCIALES QUE CONTRIBUYAN A LA EXPANSIÓN DE MERCADO NACIONAL E INTERNACIONAL.",20241010,20250910,"UNDER ATTACK INDUSTRIES S.A.","MIRAFLORES","AREQUIPA","AREQUIPA",040110,45000.0000,10285.7200,6857.1400,"SOLES",20250331
"BID 4","PROGRAMA DE INNOVACIÓN MODERNIZACIÓN TECNOLÓGICA Y EMPRENDIMIENTO - MIPYMES DE CALIDAD - CAMBIO CLIMÁTICO",2024,"744-PROINNOVATE-IMTEMCCC-2024","DESARROLLO Y CERTIFICACIÓN DE LA NORMA ORGÁNICA EN LA CADENA PRODUCTIVA DE CAFÉ Y COMERCIALIZACIÓN QUE PERMITA A LA ASOCIACIÓN DE PRODUCTORES COIPEÑOS PALMERAS COFFEE A SU INTEGRACIÓN A MERCADOS NACIONALES E INTERNACIONALES DE ALTO VALOR",20241108,20251208,"ASOCIACION DE PRODUCTORES COIPEÑOS PALMERAS AROMA COFFEE","LA COIPA","SAN IGNACIO","CAJAMARCA",060904,45000.0000,10285.7100,6857.1400,"SOLES",20250331
"BID 4","PROGRAMA DE INNOVACIÓN MODERNIZACIÓN TECNOLÓGICA Y EMPRENDIMIENTO - MIPYMES DE CALIDAD - CAMBIO CLIMÁTICO",2024,"745-PROINNOVATE-IMTEMCCC-2024","IMPLEMENTACIÓN Y CERTIFICACIÓN DE LAS NORMAS ISO 9001:2015\,14001:2015\,45001:2018 PARA EL SERVICIO DE ALIMENTACIÓN COLECTIVA (COMERCIALIZACIÓN\, ABASTECIMIENTO\, PREPARACIÓN Y DISTRIBUCIÓN DE ALIMENTOS PARA CONSUMO INMEDIATO)",20241202,20260102,"INDUSTRIAS ALIMENTARIAS EL MANGLAR E.I.R.L.","ILO","ILO","MOQUEGUA",180301,45000.0000,10286.0000,6857.1400,"SOLES",20250331
"BID 4","DIGITALIZACIÓN EMPRESARIAL - CATEGORÍA 2",2024,"747-PROINNOVATE-IMTEMDC2-2024","TRANSFORMACIÓN DIGITAL DE MARKETING PARA LOCASA S.A.C.",20241108,20251008,"LOCASA S.A.C.","SURQUILLO","LIMA","LIMA",150141,45000.0000,10286.0000,6857.0000,"SOLES",20250331
"BID 4","DIGITALIZACIÓN EMPRESARIAL - CATEGORÍA 2",2024,"748-PROINNOVATE-IMTEMDC2-2024","IMPLEMENTACIÓN DE UN SISTEMA CRM PARA MEJORAR LA SATISFACCIÓN DEL CLIENTE Y OPTIMIZAR EL PROCESO DE VENTAS DE LA EMPRESA SKY TECHNOLOGY R3M S.A.C.",20241010,20250910,"SKY TECHNOLOGY R3M S.A.C.","SANTIAGO DE SURCO","LIMA","LIMA",150140,45000.0000,10285.7200,6857.1400,"SOLES",20250331
"BID 4","DIGITALIZACIÓN EMPRESARIAL - CATEGORÍA 2",2024,"749-PROINNOVATE-IMTEMDC2-2024","OPTIMIZACIÓN DEL SERVICIO DE CAPACITACIÓN QUE BRINDA LA \"ESCUELA GESTIÓN LABORATORIO\" MEDIANTE LA IMPLEMENTACIÓN DE UNA PLATAFORMA DE E-LEARNING\, CRM Y MARKETING DIGITAL.",20241202,20251102,"BEATRIZ MARTINEZ CONSULTORES E.I.R.L.","LOS OLIVOS","LIMA","LIMA",150117,45000.0000,10286.0000,6857.0000,"SOLES",20250331
"BID 4","DIGITALIZACIÓN EMPRESARIAL - CATEGORÍA 2",2024,"750-PROINNOVATE-IMTEMDC2-2024","TRANSFORMACIÓN DIGITAL E IMPLEMENTACIÓN DE BIG DATA Y TECNOLOGÍAS AVANZADAS PARA LA EMPRESA ECOGAIA BIOCONSTRUCTORA E INMOBILIARIA S.A.C.",20241202,20251102,"ECOGAIA BIOCONSTRUCTORA E INMOBILIARIA  S.A.C.","AREQUIPA","AREQUIPA","AREQUIPA",040101,45000.0000,10285.7100,6857.1400,"SOLES",20250331
"BID 4","DIGITALIZACIÓN EMPRESARIAL - CATEGORÍA 2",2024,"751-PROINNOVATE-IMTEMDC2-2024","DISEÑO E IMPLEMENTACIÓN DE PLATAFORMA DE COMERCIO ELECTRÓNICO Y GESTIÓN DE CANALES EN LA EMPRESA TERANOS PERU E.I.R.L.",20250212,20260112,"TERANOS PERU E.I.R.L.","NUEVO CHIMBOTE","SANTA","ANCASH",021809,45000.0000,10285.7100,6857.1400,"SOLES",20250331
"BID 4","DIGITALIZACIÓN EMPRESARIAL - CATEGORÍA 2",2024,"752-PROINNOVATE-IMTEMDC2-2024","IMPLEMENTACIÓN DE SOFTWARE DE DISEÑO DE MODAS Y ESTRATEGIA DE MARKETING DIGITAL PARA LA DIGITALIZACIÓN DE LOS PROCESOS DE LA EMPRESA QUANTO CAPITAL E.I.R.L.",20250205,20260105,"QUANTO CAPITAL E.I.R.L.","CHIMBOTE","SANTA","ANCASH",021801,45000.0000,10285.7100,6857.1400,"SOLES",20250331
"BID 4","PROGRAMA DE INNOVACIÓN MODERNIZACIÓN TECNOLÓGICA Y EMPRENDIMIENTO - MIPYMES DE CALIDAD - CAMBIO CLIMÁTICO",2024,"753-PROINNOVATE-IMTEMCCC-2024","PROYECTO DE MEJORA DE PROCESOS PARA LA MITIGACIÓN DEL CAMBIO CLIMÁTICO\, MEDIANTE LA IMPLEMENTACIÓN Y CERTIFICACIÓN DEL SISTEMA DE CALIDAD SEGÚN LA NORMA ISO 9001:2015  EN  LA  EMPRESA  FEGRANDE  E.I.R.L.",20250221,20260321,"FEGRANDE EIRL","JULIACA","SAN ROMAN","PUNO",211101,45000.0000,10285.7200,6857.1400,"SOLES",20250331
"BID 4","PROGRAMA DE INNOVACIÓN MODERNIZACIÓN TECNOLÓGICA Y EMPRENDIMIENTO - MIPYMES DE CALIDAD - CAMBIO CLIMÁTICO",2024,"754-PROINNOVATE-IMTEMCCC-2024","CERTIFICACIÓN FSC CADENA DE CUSTODIA PARA LA EMPRESA RETAZOS PERÚ SOCIEDAD ANÓNIMA CERRADA",20241203,20250903,"RETAZOS PERU SAC","CALLERIA","CORONEL PORTILLO","UCAYALI",250101,45000.0000,10285.7200,6857.1400,"SOLES",20250331
"BID 4","PROGRAMA DE INNOVACIÓN MODERNIZACIÓN TECNOLÓGICA Y EMPRENDIMIENTO - MIPYMES DE CALIDAD - CAMBIO CLIMÁTICO",2024,"755-PROINNOVATE-IMTEMCCC-2024","IMPLEMENTACIÓN Y CERTIFICACIÓN FSC CADENA DE CUSTODIA PARA LA EMPRESA SHINANTI PERÚ S.A.C.",20241029,20251129,"SHINANTI PERU S.A.C.","YARINACOCHA","CORONEL PORTILLO","UCAYALI",250105,45000.0000,10285.7200,6857.1400,"SOLES",20250331
"BID 4","PROGRAMA DE INNOVACIÓN MODERNIZACIÓN TECNOLÓGICA Y EMPRENDIMIENTO - MIPYMES DE CALIDAD - CAMBIO CLIMÁTICO",2024,"756-PROINNOVATE-IMTEMCCC-2024","IMPLEMENTACIÓN Y CERTIFICACIÓN DEL SISTEMA DE GESTIÓN AMBIENTAL ISO 14001 EN JM SAFETY PERÚ S.A.C",20241029,20251129,"JM SAFETY PERU S.A.C.","SOCABAYA","AREQUIPA","AREQUIPA",040122,45000.0000,10285.7100,6857.1400,"SOLES",20250331
"BID 4","PROGRAMA DE INNOVACIÓN MODERNIZACIÓN TECNOLÓGICA Y EMPRENDIMIENTO - MIPYMES DE CALIDAD - CAMBIO CLIMÁTICO",2024,"757-PROINNOVATE-IMTEMCCC-2024","IMPLEMENTACIÓN Y CERTIFICACIÓN DE UN SGA ISO 14001 QUE PERMITA MEJORAR EL DESEMPEÑO DE SERV.E INST.GRALES.ELECT. MECANICAS E.I.R.L. EN MATERIA DE PLANIFICACIÓN Y CONTROL OPERACIONAL\, ASEGURANDO UN ADECUADO CICLO DE VIDA Y DISPOSICIÓN DE RESIDUOS.",20241122,20251222,"SERV.E INST.GRALES.ELECT.MECANICAS EIRL","MARIANO MELGAR","AREQUIPA","AREQUIPA",040109,44999.0000,10286.0000,6857.0000,"SOLES",20250331
"BID 4","PROGRAMA DE INNOVACIÓN MODERNIZACIÓN TECNOLÓGICA Y EMPRENDIMIENTO - MIPYMES DE CALIDAD - CAMBIO CLIMÁTICO",2024,"758-PROINNOVATE-IMTEMCCC-2024","IMPLEMENTACIÓN DEL SISTEMA DE GESTIÓN AMBIENTAL ISO 14001:2015 EN EL RESTAURANT POLLERÍA EL ROMANCERO S.R.L.\, VALORANDO EL REAPROVECHAMIENTO DE RESIDUOS SÓLIDOS Y ORGÁNICOS EN UN MARCO DE ECONOMÍA CIRCULAR\, ADEMÁS DE CONTRIBUIR A MEJORAR LA PRODUCTIVIDAD",20241211,20260111,"RESTAURANT POLLERIA EL ROMANCERO S.R.L.","CERRO COLORADO","AREQUIPA","AREQUIPA",040104,44999.0000,10286.0000,6857.0000,"SOLES",20250331
"BID 4","PROGRAMA DE INNOVACIÓN MODERNIZACIÓN TECNOLÓGICA Y EMPRENDIMIENTO - MIPYMES DE CALIDAD - CAMBIO CLIMÁTICO",2024,"759-PROINNOVATE-IMTEMCCC-2024","IMPLEMENTACIÓN DE LA NORMA ISO 14001:2015 EN LA EMPRESA MULTISERVICIOS RAPICOSTURA E.I.R.L.\, BAJO UN ENFOQUE DE ECONOMÍA CIRCULAR\, PARA LA MEJORA DE NUESTRO DESEMPEÑO OPERATIVO Y AMBIENTAL",20241202,20260102,"MULTISERVICIOS RAPICOSTURA EMPRESA INDIVIDUAL DE RESPONSABILIDAD LIMITADA","CAYMA","AREQUIPA","AREQUIPA",040103,44998.0000,10286.0000,6856.0000,"SOLES",20250331
"BID 4","PROGRAMA DE INNOVACIÓN MODERNIZACIÓN TECNOLÓGICA Y EMPRENDIMIENTO - MIPYMES DE CALIDAD - CAMBIO CLIMÁTICO",2024,"760-PROINNOVATE-IMTEMCCC-2024","IMPLEMENTACIÓN DE LA NORMA ISO 14001 QUE PERMITA LOGRAR MEJORAS OPERATIVAS EN LAS ACTIVIDADES DE TRANSPORTE Y DISTRIBUCIÓN\, PARA DESARROLLAR LA GESTIÓN DE RESIDUOS\, CONTRIBUYENDO A LA REDUCCIÓN SOSTENIBLE DE EMISIONES DE CARBONO EN AQP MAIL S.R.L.",20241029,20251129,"AQPMAIL S.R.L.","MIRAFLORES","AREQUIPA","AREQUIPA",040110,44998.0000,10286.0000,6856.0000,"SOLES",20250331
"BID 4","PROGRAMA DE INNOVACIÓN MODERNIZACIÓN TECNOLÓGICA Y EMPRENDIMIENTO - MIPYMES DE CALIDAD - CAMBIO CLIMÁTICO",2024,"762-PROINNOVATE-IMTEMCCC-2024","IMPLEMENTACIÓN Y CERTIFICACIÓN DE LA NORMA ISO 14001 EN LA EMPRESA TECNO CAUCHO SAC\, CON EL FIN DE OPTIMIZAR LAS UTILIDADES Y APROVECHAR LOS RESIDUOS GENERADOS DEL CAUCHO PARA LA OBTENCIÓN DE UN SUB-PRODUCTO\, REDUCIENDO LA GENERACIÓN DE RESIDUOS PELIGROSOS",20241211,20260111,"TECNO CAUCHO SOCIEDAD ANONIMA CERRADA","CERRO COLORADO","AREQUIPA","AREQUIPA",040104,44998.0000,10286.0000,6856.0000,"SOLES",20250331
"BID 4","DIGITALIZACIÓN EMPRESARIAL - CATEGORÍA 2",2024,"765-PROINNOVATE-IMTEMDC2-2024","IMPLEMENTACION BIG DATA EN EL PROCESO PRODUCTIVO DE LA EMPRESA FIBER FLEX EIRL",20241122,20251022,"FIBER FLEX EIRL","SOCABAYA","AREQUIPA","AREQUIPA",040122,45000.0000,10285.7100,6857.1400,"SOLES",20250331
"BID 4","DIGITALIZACIÓN EMPRESARIAL - CATEGORÍA 2",2024,"766-PROINNOVATE-IMTEMDC2-2024","IMPLEMENTACIÓN DE UN SOFTWARE BIG DATA MARKETING PARA LA GENERACIÓN DE CAMPAÑAS Y ESTRATEGIAS EN ÉL ÁREA COMERCIAL DE LA EMPRESA INNOVA VISION RD SERVICIOS GENERALES SAC",20241010,20250910,"INNOVA VISION RD SERVICIOS GENERALES SAC","MARIANO MELGAR","AREQUIPA","AREQUIPA",040109,45000.0000,10285.7100,6857.1400,"SOLES",20250331
"BID 4","DIGITALIZACIÓN EMPRESARIAL - CATEGORÍA 2",2024,"767-PROINNOVATE-IMTEMDC2-2024","DIGITALIZACIÓN DE LOS PROCESOS ADMINISTRATIVOS Y DE GESTIÓN COMERCIAL\, E IMPLEMENTACIÓN DE UNA PLATAFORMA DIGITAL AUTOMATIZADA DE CURSOS VIRTUALES PARA POTENCIAR EL POSICIONAMIENTO DE LA EMPRESA GRUPO BSCIT S.A.C. A NIVEL NACIONAL Y GLOBAL.",20241108,20251008,"GRUPO BSCIT S.A.C.","CAYMA","AREQUIPA","AREQUIPA",040103,45000.0000,10864.0000,6936.0000,"SOLES",20250331
"BID 4","DIGITALIZACIÓN EMPRESARIAL - CATEGORÍA 2",2024,"768-PROINNOVATE-IMTEMDC2-2024","IMPLEMENTACIÓN DE INTERNET DE LAS COSAS (IOT) Y BIG DATA PARA EL  MONITOREO DE LAS  CONDICIONES EN TIEMPO REAL EN LA EMPRESA JCJ",20241108,20251008,"J C J CONTRATISTAS GENERALES S.A.C.","TIABAYA","AREQUIPA","AREQUIPA",040123,45000.0000,10285.7100,6857.1400,"SOLES",20250331
"BID 4","DIGITALIZACIÓN EMPRESARIAL - CATEGORÍA 2",2024,"769-PROINNOVATE-IMTEMDC2-2024","DESARROLLO Y PUESTA EN PRODUCCION DE UN SISTEMA ERP Y CRM WEB QUE SOPORTE Y AUTOMATICE LOS PROCESOS DE GESTION COMERCIAL\, DISEÑO Y EJECUCION DE OBRAS DE UNA MYPE DE HUANCAYO\, USANDO HERRAMIENTAS DE SOFTWARE LIBRE CON APOYO DE LA METODOLOGÍA AGIL SCRUM Y KANBAN",20241108,20251008,"7 BIM CONSTRUCTORES SOCIEDAD ANONIMA CERRADA","EL TAMBO","HUANCAYO","JUNIN",120114,44900.0000,10260.0000,6840.0000,"SOLES",20250331
"BID 4","PROGRAMA DE INNOVACIÓN MODERNIZACIÓN TECNOLÓGICA Y EMPRENDIMIENTO - MIPYMES DE CALIDAD - CAMBIO CLIMÁTICO",2024,"770-PROINNOVATE-IMTEMCCC-2024","MEJORA DE PROCESOS Y OPTIMIZACIÓN DE RECURSOS CON LA IMPLEMENTACIÓN DE ISO 9001:2015",20241211,20260111,"INDUSTRIAS OREBER S.R.L.","CONCEPCION","CONCEPCION","JUNIN",120201,42450.0000,9630.0000,6420.0000,"SOLES",20250331
"BID 4","DIGITALIZACIÓN EMPRESARIAL - CATEGORÍA 2",2024,"771-PROINNOVATE-IMTEMDC2-2024","IMPLEMENTACIÓN DE TECNOLOGÍAS DIGITALES PARA LA OPTIMIZACIÓN DE LA GESTIÓN DEL TALENTO Y EVALUACIONES EN GRUPO FALARCORP SAC",20241108,20251008,"GRUPO FALARCORP SAC","SANTIAGO DE SURCO","LIMA","LIMA",150140,45000.0000,10285.7200,6857.1400,"SOLES",20250331
"BID 4","DIGITALIZACIÓN EMPRESARIAL - CATEGORÍA 2",2024,"773-PROINNOVATE-IMTEMDC2-2024","IMPLEMENTACIÓN DE MARKETING DIGITAL\, PORTALES INMOBILIARIOS Y APLICACIONES MÓVILES PARA HARO INGENIERIA Y COMERCIO E.I.R.L.",20241211,20251111,"HARO INGENIERIA Y COMERCIO E.I.R.L","AREQUIPA","AREQUIPA","AREQUIPA",040101,45000.0000,10285.7100,6857.1400,"SOLES",20250331
"BID 4","DIGITALIZACIÓN EMPRESARIAL - CATEGORÍA 2",2024,"774-PROINNOVATE-IMTEMDC2-2024","IMPLEMENTACIÓN DE UN BIG DATA Y ANÁLISIS DE DATOS Y ASÍ OPTIMIZAR EL PROCESO PRODUCTIVO DE LA EMPRESA GREEN HOME",20241216,20251116,"GREEN HOME PROPERTIES S.A.C.","YANAHUARA","AREQUIPA","AREQUIPA",040126,45000.0000,10285.7100,6857.1400,"SOLES",20250331
"BID 4","PROGRAMA DE INNOVACIÓN MODERNIZACIÓN TECNOLÓGICA Y EMPRENDIMIENTO - MIPYMES DE CALIDAD - CAMBIO CLIMÁTICO",2024,"775-PROINNOVATE-IMTEMCCC-2024","IMPLEMENTACIÓN Y CERTIFICACIÓN DE LA NORMA ISO 9001:2015 EN AGENTE 107 S.A.C. CON EL FIN DE MEJORAR LA SATISFACCIÓN DE NUESTROS CLIENTES Y SER PARTÍCIPES ACTIVOS DE LA MITIGACIÓN FRENTE AL CAMBIO CLIMÁTICO.",20241105,20251205,"AGENTE 107 S.A.C.","PAUCARPATA","AREQUIPA","AREQUIPA",040112,45000.0000,10286.0000,6857.0000,"SOLES",20250331
"BID 4","DIGITALIZACIÓN EMPRESARIAL - CATEGORÍA 2",2024,"776-PROINNOVATE-IMTEMDC2-2024","IMPLEMENTACIÓN DE UNA PLATAFORMA DE COMERCIO ELECTRÓNICO Y AUTOMATIZACIÓN DE VENTAS PARA LA MEJORA EN LA CAPTACIÓN DE CLIENTES Y PRODUCTIVIDAD EN COORPORACIÓN ALBEN S.A.C.",20241029,20250929,"COORPORACION ALBEN SAC","CHAVIN DE HUANTAR","HUARI","ANCASH",021004,45000.0000,10285.7200,6857.1400,"SOLES",20250331
"BID 4","PROGRAMA DE INNOVACIÓN MODERNIZACIÓN TECNOLÓGICA Y EMPRENDIMIENTO - MIPYMES DE CALIDAD - CAMBIO CLIMÁTICO",2024,"777-PROINNOVATE-IMTEMCCC-2024","IMPLEMENTACIÓN DE LA NORMA ISO 14001 EN LA CHICHARRONERIA QUEQUITA S.R.L.\, ALCANZANDO LA SIMBIOSIS INDUSTRIAL MEDIANTE EL APROVECHAMIENTO DE LOS RESIDUOS Y SU USO EN LAS CADENAS DE VALOR DE OTROS SECTORES PRODUCTIVOS",20241211,20260111,"RESTAURANT-CHICHARRONERIA QUEQUITA SRL.","SACHACA","AREQUIPA","AREQUIPA",040117,44998.0000,10286.0000,6856.0000,"SOLES",20250331
"BID 4","DIGITALIZACIÓN EMPRESARIAL - CATEGORÍA 2",2024,"778-PROINNOVATE-IMTEMDC2-2024","IMPLEMENTACIÓN DE E-COMMERCE E IA PARA IMPULSAR LA VENTA Y MEJORA EN LA FABRICACIÓN DE EQUIPOS GASTRONÓMICOS CON BAJA EMISIÓN DE CARBONO USANDO KANBAN",20241211,20251111,"INDUSTRIAS JOCMAR S.A.C.","VILLA EL SALVADOR","LIMA","LIMA",150142,44900.0000,10260.0000,6840.0000,"SOLES",20250331
"BID 4","PROGRAMA DE INNOVACIÓN MODERNIZACIÓN TECNOLÓGICA Y EMPRENDIMIENTO - MIPYMES DE CALIDAD - CAMBIO CLIMÁTICO",2024,"779-PROINNOVATE-IMTEMCCC-2024","MEJORA DE LAS CONDICIONES DE CALIDAD Y AMBIENTALES\, FOMENTANDO UNA CULTURA DE MEJORA Y SOSTENIBILIDAD MEDIANTE LA IMPLEMENTACIÓN Y CERTIFICACIÓN DE UN SISTEMA INTEGRADO DE GESTIÓN ISO 9001:2015 E ISO 14001:2015 EN LA EMPRESA UROSUR S.A.C",20241025,20251125,"INSTITUTO UROLOGICO DE AVANZADA DEL SUR SOCIEDAD ANONIMA CERRADA - UROSUR S.A.C.","JOSE LUIS BUSTAMANTE Y RIVERO","AREQUIPA","AREQUIPA",040129,45000.0000,10286.0000,6857.0000,"SOLES",20250331
"BID 4","PROGRAMA DE INNOVACIÓN MODERNIZACIÓN TECNOLÓGICA Y EMPRENDIMIENTO - MIPYMES DE CALIDAD - CAMBIO CLIMÁTICO",2024,"780-PROINNOVATE-IMTEMCCC-2024","CERTIFICACIÓN DEL SISTEMA DE GESTIÓN AMBIENTAL ISO 14001 EN XIMA CRISMAR EIRL\, IMPLEMENTANDO MEJORAS EN LA EFICIENCIA ENERGÉTICA PARA CONTRIBUIR A LA REDUCCIÓN EN LA HUELLA DE CARBONO Y OPTIMIZAR EL USO DE RECURSOS MEDIANTE EL APROVECHAMIENTO DE RESIDUOS",20241025,20251025,"XIMA CRISMAR E.I.R.L.","AREQUIPA","AREQUIPA","AREQUIPA",040101,45000.0000,10286.0000,6857.0000,"SOLES",20250331
"BID 4","DIGITALIZACIÓN EMPRESARIAL - CATEGORÍA 2",2024,"781-PROINNOVATE-IMTEMDC2-2024","IMPLEMENTACION DE UN SOFTWARE ERP  PARA INTEGRAR LOS DATOS OPERACIONALES DEL POLICLINICO CENTRAL MEDIC",20241111,20251011,"POLICLINICO CENTRAL MEDIC S.R.L.","PAUCARPATA","AREQUIPA","AREQUIPA",040112,45000.0000,10285.7100,6857.1400,"SOLES",20250331
"BID 4","DIGITALIZACIÓN EMPRESARIAL - CATEGORÍA 2",2024,"782-PROINNOVATE-IMTEMDC2-2024","IMPLEMENTACION DE LA DIGITALIZACION DE LA EMPRESA POR MEDIO DE UN SOFTWARE DE OPTIMIZACION DE PROCESOS PARA OPTIMIZAR Y REDUCIR COSTOS DE GREENLION S.A.C.",20241122,20251022,"GREENLION S.A.C.","JOSE LUIS BUSTAMANTE Y RIVERO","AREQUIPA","AREQUIPA",040129,45000.0000,10285.7100,6857.1400,"SOLES",20250331
"BID 4","DIGITALIZACIÓN EMPRESARIAL - CATEGORÍA 2",2024,"783-PROINNOVATE-IMTEMDC2-2024","OPTIMIZACIÓN DE LA PRODUCTIVIDAD  GUAYABA GROUP EIRL MEDIANTE LA IMPLEMENTACIÓN DE TECNOLOGÍAS DIGITALES AVANZADAS",20241108,20251008,"GUAYABA GROUP EIRL","SAN NICOLAS","RODRIGUEZ DE MENDOZA","AMAZONAS",010601,45000.0000,10285.7200,6857.1400,"SOLES",20250331
"BID 4","DIGITALIZACIÓN EMPRESARIAL - CATEGORÍA 2",2024,"784-PROINNOVATE-IMTEMDC2-2024","GENERACIÓN DE UN SOFTWARE DE GESTIÓN DE PROYECTOS EN TIEMPO REAL Y UNA PLATAFORMA DE VENTAS DINÁMICA EN CONJUNTO CON LA IMPLEMENTACIÓN DE MARKETING INTELIGENTE QUE VINCULE EL DISEÑO UI/UX EN LA EMPRESA ALITO SHOES",20241108,20251008,"INDUSTRIAS SADARC S.A.C.","PUENTE PIEDRA","LIMA","LIMA",150125,45000.0000,10286.0000,6857.0000,"SOLES",20250331
"BID 4","DIGITALIZACIÓN EMPRESARIAL - CATEGORÍA 2",2024,"785-PROINNOVATE-IMTEMDC2-2024","IMPLEMENTACIÓN DEL SISTEMA ERP INTEGRADO PARA LA AUTOMATIZACIÓN DE PROCESOS EMPRESARIALES Y LA GESTIÓN DE INFORMACIÓN AL CLIENTE SOBRE LA TRAZABILIDAD EDUCATIVA DE ESTUDIANTES EN TIEMPO REAL EN EL CENTRO INTEGRAL DE FORMACIÓN ?CONECTADOS SAC?",20241029,20250929,"CONECTADOS CENTRO INTEGRAL DE FORMACION S.A.C.","TARAPOTO","SAN MARTIN","SAN MARTIN",220901,45000.0000,13680.0000,7320.0000,"SOLES",20250331
"BID 4","DIGITALIZACIÓN EMPRESARIAL - CATEGORÍA 2",2024,"786-PROINNOVATE-IMTEMDC2-2024","TRANSFORMACIÓN DIGITAL DE LA GESTIÓN DE INFORMACIÓN DEL PROCESO PRODUCTIVO EN LA EMPRESA LA DIOSA FARM EIRL PARA MEJORAR LA COMPETITIVIDAD EN EL MERCADO.",20241202,20251102,"LA DIOSA FARM EXPORT E.I.R.L.","TAMBO GRANDE","PIURA","PIURA",200114,45000.0000,10292.0000,6858.0000,"SOLES",20250331
"BID 4","DIGITALIZACIÓN EMPRESARIAL - CATEGORÍA 2",2024,"787-PROINNOVATE-IMTEMDC2-2024","IMPLEMENTACIÓN DE UNA PLATAFORMA DIGITAL CENTRALIZADA PARA LA GESTIÓN INTEGRAL DE PROYECTOS MEDIANTE LA TECNOLOGÍA PAAS PARA LA EMPRESA MS&M CONSULTING.",20250129,20251229,"MS & M CONSULTING S.R.L.","SAN MARTIN DE PORRES","LIMA","LIMA",150135,45000.0000,10286.0000,6857.0000,"SOLES",20250331
"BID 4","DIGITALIZACIÓN EMPRESARIAL - CATEGORÍA 2",2024,"788-PROINNOVATE-IMTEMDC2-2024","TRANSFORMACIÓN EMPRESARIAL\, UNIFICACIÓN DE LA GESTIÓN EN TODAS LAS SEDES CON UN ERP CENTRALIZADO PARA OPTIMIZAR PROCESOS\, REDUCIR COSTOS Y AUMENTAR LA EFICIENCIA EN CENTRO MEDICO JUAN PABLO II",20241122,20251022,"CENTRO MEDICO JP II S.A.C.","YANAHUARA","AREQUIPA","AREQUIPA",040126,45000.0000,10286.0000,6857.0000,"SOLES",20250331
"BID 4","VALIDACIÓN DE LA INNOVACIÓN PARA MICROEMPRESAS Y ASOCIACIONES - CAMBIO CLIMÁTICO",2024,"789-PROINNOVATE-PVECC-2024","VALIDACIÓN TÉCNICA Y COMERCIAL DE UN CONJUNTO DE MATERIALES DE USO ESTRUCTURAL (VIGAS\, POSTES) Y DE USO CONSTRUCTIVO (LADRILLOS\, BLOQUES) ELABORADOS 100% CON RESIDUOS PLÁSTICOS RECICLADOS\, PARA LA CONSTRUCCIÓN DE UN MÓDULO DE VIVIENDA RURAL.",20241015,20251015,"MET PERU SERVICES SOCIEDAD ANONIMA CERRADA","PIURA","PIURA","PIURA",200101,399925.4100,67474.5900,167500.0000,"SOLES",20250331
"BID 4","DIGITALIZACIÓN EMPRESARIAL - CATEGORÍA 2",2024,"790-PROINNOVATE-IMTEMDC2-2024","MEJORAMIENTO DE LOS PROCESOS DE FORCE GROUP CONSTRUCTORA E INMOBILIARIA\, IMPLEMENTANDO UN CRM ROBUSTO\, UN SISTEMA DE GESTIÓN INTEGRAL Y ESTRATEGIAS DE ALTO IMPACTO DE MARKETING DIGITAL\, PARA AUMENTAR LA EFICIENCIA OPERATIVA Y LAS TASAS DE CIERRE DE VENTAS.",20241226,20251126,"FORCE GROUP CONSTRUCTORA E INMOBILIARIA S.A.C.","PIMENTEL","CHICLAYO","LAMBAYEQUE",140112,44900.0000,10260.0000,6840.0000,"SOLES",20250331
"BID 4","DIGITALIZACIÓN EMPRESARIAL - CATEGORÍA 2",2024,"791-PROINNOVATE-IMTEMDC2-2024","INCREMENTO DE PRODUCTIVIDAD MEDIANTE LA IMPLEMENTACIÓN DE MÓDULOS DE UN ERP QUE CONTEMPLE LA DIGITALIZACIÓN DE LA GESTIÓN DE INVENTARIOS Y CONTROL DE LA PRODUCCIÓN EN UNA EMPRESA DE ARQUITECTURA PUBLICITARIA PARA RETAILS",20241202,20251102,"GRAPHICS HOUS SAC","VILLA EL SALVADOR","LIMA","LIMA",150142,45000.0000,10286.0000,6857.0000,"SOLES",20250331
"BID 4","DIGITALIZACIÓN EMPRESARIAL - CATEGORÍA 2",2024,"792-PROINNOVATE-IMTEMDC2-2024","DIGITALIZACIÓN DE INVENTARIOS\, PRODUCCIÓN Y REPORTERÍA\, MEDIANTE LA IMPLEMENTACIÓN DE MÓDULOS DE UN ERP\, PARA LA GESTIÓN DE EFICIENTE DE UNA FÁBRICA DE TRANSFORMACIÓN DE PLÁSTICOS RECICLADOS.",20241122,20251022,"JMPLAST E.I.R.L.","PUENTE PIEDRA","LIMA","LIMA",150125,45000.0000,10286.0000,6857.0000,"SOLES",20250331
"BID 4","DIGITALIZACIÓN EMPRESARIAL - CATEGORÍA 2",2024,"793-PROINNOVATE-IMTEMDC2-2024","IMPLEMENTACIÓN Y ENLACE DE MÓDULOS ADMINISTRATIVOS\, COMERCIALES\, FINANCIEROS Y PRODUCCIÓN; ASÍ COMO MEDIDAS DE PROMOCIÓN Y MARKETING DIGITAL; ORIENTADOS A IMPULSAR Y SIMPLIFICAR LOS PROCESOS Y ALCANCES DE FLORERÍAS EXPRESS PERÚ SAC.",20241211,20251111,"FLORERIAS EXPRESS PERU S.A.C","SANTIAGO DE SURCO","LIMA","LIMA",150140,45000.0000,10285.7100,6857.1400,"SOLES",20250331
"BID 4","DIGITALIZACIÓN EMPRESARIAL - CATEGORÍA 2",2024,"794-PROINNOVATE-IMTEMDC2-2024","DIGITALIZACIÓN INTEGRAL PARA LA MEJORA DE LA GESTIÓN DE PEDIDOS\, COORDINACIÓN DE ENVÍOS Y SATISFACCIÓN DEL CLIENTE EN CLEARANCE FACTORY S.A.C.",20241211,20251111,"CLEARANCE FACTORY SOCIEDAD ANONIMA CERRADA","SAN MIGUEL","LIMA","LIMA",150136,45000.0000,10285.7200,6857.1400,"SOLES",20250331
"BID 4","DIGITALIZACIÓN EMPRESARIAL - CATEGORÍA 2",2024,"795-PROINNOVATE-IMTEMDC2-2024","REVOLUCIONANDO LA EDUCACIÓN EN PUNO: IMPLEMENTACIÓN DE UN ERP EDUCATIVO QUE TRANSFORMARÁ LA GESTIÓN ESCOLAR Y MEJORARÁ LA CALIDAD ACADÉMICA",20250221,20260121,"SOCIEDAD EDUCATIVA CRAMER SOCIEDAD COMERCIAL DE RESPONSABILIDAD LIMITADA","PUNO","PUNO","PUNO",210101,45000.0000,10286.0000,6857.0000,"SOLES",20250331
"BID 4","DIGITALIZACIÓN EMPRESARIAL - CATEGORÍA 2",2024,"796-PROINNOVATE-IMTEMDC2-2024","TRANSFORMACIÓN DIGITAL DE LA SIESTA HOTEL PARA MEJORAR LA GESTIÓN INTEGRAL DE SUS OPERACIONES\, AUTOMATIZANDO EL REGISTRO Y SALIDA DE HUÉSPEDES\, MEJORANDO LA ADMINISTRACIÓN Y FINANZAS\, Y FORTALECIENDO LA CAPTACIÓN DE CLIENTES A TRAVÉS DE MARKETING DIGITAL",20241202,20251002,"OPERADORES HOTELEROS DEL NORTE E.I.R.L.","SULLANA","SULLANA","PIURA",200601,44970.0000,10278.0000,6852.0000,"SOLES",20250331
"BID 4","PROGRAMA DE INNOVACIÓN MODERNIZACIÓN TECNOLÓGICA Y EMPRENDIMIENTO - MIPYMES DE CALIDAD - CAMBIO CLIMÁTICO",2024,"797-PROINNOVATE-IMTEMCCC-2024","IMPLEMENTACIÓN Y CERTIFICACIÓN DE UN SISTEMA DE GESTIÓN AMBIENTAL BAJO LA NORMA ISO 14001:2015\, PARA MEJORAR EL DESEMPEÑO Y COMPROMISO AMBIENTAL EN LA \"CLINICA DENTAL HAPPY FACES E.I.R.L.\"",20250221,20260321,"CLINICA DENTAL HAPPY FACES E.I.R.L.","JESUS MARIA","LIMA","LIMA",150113,45000.0000,10286.0000,6857.0000,"SOLES",20250331
"BID 4","PROGRAMA DE INNOVACIÓN MODERNIZACIÓN TECNOLÓGICA Y EMPRENDIMIENTO - MIPYMES DE CALIDAD - CAMBIO CLIMÁTICO",2024,"798-PROINNOVATE-IMTEMCCC-2024","IMPLEMENTACIÓN Y CERTIFICACIÓN DEL SISTEMA DE GESTIÓN DE CALIDAD SEGÚN LA NORMA ISO 9001:2015 EN LOS SERVICIOS DE CONSULTORÍA Y REALIZACIÓN DE ENSAYOS DE CONCRETO\, SUELOS Y MATERIALES DE LA EMPRESA TECNOLOGÍA EN ENSAYO DE MATERIALES S.A.C.",20241122,20251222,"TECNOLOGIA EN ENSAYO DE MATERIALES SAC","TRUJILLO","TRUJILLO","LA LIBERTAD",130101,45000.0000,10286.0000,6857.0000,"SOLES",20250331
"BID 4","DIGITALIZACIÓN EMPRESARIAL - CATEGORÍA 2",2024,"800-PROINNOVATE-IMTEMDC2-2024","MEJORAMIENTO DE LA EFICIENCIA OPERATIVA Y ADQUISICIÓN DE CLIENTES EN PATUCHA EIRL\, MEDIANTE LA IMPLEMENTACIÓN DE UN SOFTWARE ENTERPRISE RESOURCE PLANNING (ERP) Y HERRAMIENTAS DE MARKETING DIGITAL DE ALTO IMPACTO.",20241015,20250815,"PATUCHA EMPRESA INDIVIDUAL DE RESPONSABILIDAD LIMITADA","CHINCHA BAJA","CHINCHA","ICA",110204,44900.0000,10260.0000,6840.0000,"SOLES",20250331
"BID 4","DIGITALIZACIÓN EMPRESARIAL - CATEGORÍA 2",2024,"801-PROINNOVATE-IMTEMDC2-2024","IMPLEMENTACIÓN DE UNA PLATAFORMA WEB DINÁMICA Y ATRACTIVA PARA LA OPTIMIZACIÓN Y PROMOCIÓN DE CURSOS Y TALLERES DE VIDEOSMART\, POTENCIANDO LA INTERACCIÓN Y VENTAS A TRAVÉS DE ESTRATEGIAS DE MARKETING DIGITAL Y CAMPAÑAS EN REDES SOCIALES",20241202,20251102,"VIDEOSMART SAC","LIMA","LIMA","LIMA",150101,45000.0000,10285.7100,6857.1400,"SOLES",20250331
"BID 4","DIGITALIZACIÓN EMPRESARIAL - CATEGORÍA 2",2024,"802-PROINNOVATE-IMTEMDC2-2024","AUTOMATIZACIÓN Y MEJORA DE LA GESTIÓN MANUAL DE LAS OPERACIONES DE MANTENIMIENTO VEHICULAR Y VENTA DE LUBRICANTES Y REPUESTOS EN UN SISTEMA ERP INTEGRADO CON SU SITIO WEB E-COMMERCE CON TECNOLOGÍA CLOUD COMPUTING",20241226,20251126,"EL IDOLO LUBRICENTRO SAC","LIMA","LIMA","LIMA",150101,44900.0000,10260.0000,6840.0000,"SOLES",20250331
"BID 4","DIGITALIZACIÓN EMPRESARIAL - CATEGORÍA 2",2024,"804-PROINNOVATE-IMTEMDC2-2024","FORTALECIMIENTO DE LA CAPACIDAD PRODUCTIVA Y COMERCIAL DE PRODUCTOS ORGANICOS LADORADA A TRAVÉS DE LA INTEGRACIÓN DE HERRAMIENTAS DIGITALES PARA ALCANZAR UNA EFICIENTE ADMINISTRACIÓN DEL NEGOCIO Y ESTRATÉGICA PROMOCIÓN DIGITAL DE SUS PRODUCTOS ACUÍCOLAS",20241015,20250415,"PRODUCTOS ORGANICOS LADORADA SAC","MORALES","SAN MARTIN","SAN MARTIN",220910,45000.0000,10285.8000,6857.1000,"SOLES",20250331
"BID 4","INCUBADORAS Y ACELERADORAS DE EMPRENDIMIENTOS INNOVADORES EN REGIONES",2024,"805-PROINNOVATE-IEIR-2024","PROGRAMA DE INCUBACIÓN Y ACELERACIÓN DE NUEVOS MODELOS DE NEGOCIOS DE ALTO IMPACTO PARA LA REGIÓN CUSCO\, PERÚ - IDEA LAB CUSCO",20241101,20260601,"IDEA GROUP PERU S.A.C.","WANCHAQ","CUSCO","CUSCO",080108,685000.0000,85625.0000,55625.0000,"SOLES",20250331
"BID 4","DIGITALIZACIÓN EMPRESARIAL - CATEGORÍA 2",2024,"806-PROINNOVATE-IMTEMDC2-2024","FORTALECIMIENTO DE LA GESTIÓN COMERCIAL DE LA EMPRESA KMR SAC CON LA INTEGRACIÓN DE HERRAMIENTAS TECNOLÓGICAS Y ESTRATEGIA DE MARKETING DIGITAL PARA OPTIMIZAR SUS SERVICIOS DE CONSULTORÍA Y CAPTACIÓN DE CLIENTES B2B Y B2C",20241211,20251111,"KEY MANAGEMENT RESOURCES SOCIEDAD ANONIMA CERRADA - KMR S.A.C.","LA MOLINA","LIMA","LIMA",150114,45000.0000,10285.8000,6857.1000,"SOLES",20250331
"BID 4","DIGITALIZACIÓN EMPRESARIAL - CATEGORÍA 2",2024,"807-PROINNOVATE-IMTEMDC2-2024","MODERNIZACIÓN DE COMO JUGANDO PERÚ SAC MEDIANTE LA AUTOMATIZACIÓN DE INVENTARIOS\, ESTRATEGIAS DE MARKETING DIGITAL  PARA ATRAER CLIENTES EN CUSCO Y REGIONES CERCANAS E IMPLEMENTACIÓN DE SISTEMA DE GESTIÓN INTEGRAL PARA OPTIMIZAR EL CONTROL DE LAS OPERACIONES",20241226,20251026,"COMO JUGANDO PERU SOCIEDAD ANONIMA CERRADA","WANCHAQ","CUSCO","CUSCO",080108,44900.0000,10260.0000,6840.0000,"SOLES",20250331
"BID 4","DIGITALIZACIÓN EMPRESARIAL - CATEGORÍA 2",2024,"808-PROINNOVATE-IMTEMDC2-2024","IMPLEMENTACIÓN DE UN SISTEMA EDUCATIVO - ERP - QUE PERMITA DAR UN SEGUIMIENTO A LAS ACTIVIDADES Y PLANA DOCENTE DEL COLEGIO EL BUEN PASTOR PUNO",20250129,20251229,"COLEGIO EL BUEN PASTOR PUNO E.I.R.L.","PUNO","PUNO","PUNO",210101,45000.0000,10286.0000,6857.0000,"SOLES",20250331
"BID 4","DIGITALIZACIÓN EMPRESARIAL - CATEGORÍA 2",2024,"809-PROINNOVATE-IMTEMDC2-2024","DESARROLLO DE CRM Y CHAT-BOT PARA LA MEJORA EN LA PROSPECCIÓN Y GESTIÓN DE CARTERA DE CLIENTES\, Y MEJORA EN LOS PROCESOS DE CAPACITACIÓN MEDIANTE LA IMPLEMENTACIÓN DE PLATAFORMA DE CURSOS ESPECIALIZACIÓN CON PASARELA DE PAGO.",20250129,20251229,"TECNOLOGIA EMPRESARIAL CDI S.A.C.","LAMBAYEQUE","LAMBAYEQUE","LAMBAYEQUE",140301,44900.0000,10260.0000,6840.0000,"SOLES",20250331
"BID 4","DIGITALIZACIÓN EMPRESARIAL - CATEGORÍA 2",2024,"810-PROINNOVATE-IMTEMDC2-2024","POSICIONAMIENTO ESTRATÉGICO DIGITAL DE LA MARCA ?CHARLIE?S PIZZAS? A TRAVÉS DEL DESARROLLO DE UNA PLATAFORMA WEB Y DISEÑO DE ESTRATEGIA DE COMUNICACIÓN DIGITAL PARA EL FORTALECIMIENTO DE LA VENTA DE SUS PRODUCTOS\, SERVICIO AL CLIENTE Y PROMOCIÓN DE SERVICIOS",20241108,20251008,"INVERSIONES TURISTICAS Y ALIMENTARIAS MAJAMBO E.I.R.L.","TARAPOTO","SAN MARTIN","SAN MARTIN",220901,45000.0000,10285.8000,6857.1000,"SOLES",20250331
"BID 4","VALIDACIÓN DE LA INNOVACIÓN PARA MICROEMPRESAS Y ASOCIACIONES - CAMBIO CLIMÁTICO",2024,"812-PROINNOVATE-PVECC-2024","VALIDACIÓN TECNICA\, COMERCIAL Y EMPAQUETAMIENTO DEL PROTOTIO DEL DESTILADO PREMIUM ELABORADO ARTESANALMENTE CON VAINAS DE HUARANGO\, AÑEJADO EN BARRICAS DE ROBLE USADAS PARA WHISKY Y RON DE GLOBAL CROWD SOLUTIONS",20241122,20260522,"GLOBAL CROWD SOLUTIONS","ICA","ICA","ICA",110101,394990.8600,67435.5800,91488.0000,"SOLES",20250331
"BID 4","PROGRAMA DE INNOVACIÓN MODERNIZACIÓN TECNOLÓGICA Y EMPRENDIMIENTO - MIPYMES DE CALIDAD - CAMBIO CLIMÁTICO",2024,"813-PROINNOVATE-IMTEMCCC-2024","CERTIFICACIÓN FAIRTRADE EN LA EMPRESA FINCA LABRADORES PARA ACCEDER A NUEVOS MERCADOS DE COMERCIO JUSTO QUE PROMUEVEN LA RESPONSABILIDAD MEDIOAMBIENTAL Y ADAPTACIÓN AL CAMBIO CLIMÁTICO DE LOS PRODUCTORES DE MANGO Y BANANO DEL C.P LAYNAS - LA MATANZA",20250127,20260227,"FINCA LABRADORES SOCIEDAD ANONIMA CERRADA","CASTILLA","PIURA","PIURA",200104,45000.0000,10285.7100,6857.1400,"SOLES",20250331
"BID 4","DIGITALIZACIÓN EMPRESARIAL - CATEGORÍA 2",2024,"814-PROINNOVATE-IMTEMDC2-2024","IMPLEMENTACIÓN DE ESTRATEGIA DE REBRANDING\, MARKETING DIGITAL Y MEJORA DE PROCESOS DE RETENCIÓN DE CLIENTES PARA TRADE TRAINING A FIN DE MEJORAR SU COMPETITIVIDAD INTERNACIONAL",20250212,20260112,"TRADE TRAINING SAC","MAGDALENA DEL MAR","LIMA","LIMA",150120,45000.0000,10285.7100,6857.1400,"SOLES",20250331
"BID 4","PROGRAMA DE INNOVACIÓN MODERNIZACIÓN TECNOLÓGICA Y EMPRENDIMIENTO - MIPYMES DE CALIDAD - CAMBIO CLIMÁTICO",2024,"815-PROINNOVATE-IMTEMCCC-2024","CERTIFICACIÓN DE LA ISO 9001:2015 \, ASUMIENDO LA RELACIÓN ENTRE LA GESTIÓN DE CALIDAD Y LA SOSTENIBILIDAD AMBIENTAL DE ESTA NORMA\,  POR PARTE DE  LANA KNIT PERU",20250127,20260227,"LANA KNIT PERU SOCIEDAD ANONIMA CERRADA","SAN SEBASTIAN","CUSCO","CUSCO",080105,44998.0000,10286.0000,6856.0000,"SOLES",20250331
"BID 4","PROGRAMA DE INNOVACIÓN MODERNIZACIÓN TECNOLÓGICA Y EMPRENDIMIENTO - MIPYMES DE CALIDAD - CAMBIO CLIMÁTICO",2024,"816-PROINNOVATE-IMTEMCCC-2024","FORTALECIMIENTO DE LA GESTIÓN AMBIENTAL EN YEPIAM CONSTRUCCIONES SAC A TRAVÉS DE LA IMPLEMENTACIÓN DE LA CERTIFICACIÓN ISO 14001:2015 PARA MEJORAR COMPETITIVIDAD Y SOSTENIBILIDAD EN PROYECTOS PÚBLICOS Y PRIVADOS\, EXPANDIENDO PRESENCIA  EN LA MACROREGION NORTE.",20241108,20251208,"YEPIAM CONSTRUCCIONES SOCIEDAD ANONIMA CERRADA - YEPIAM CONSTRUCCIONES S.A.C.","MONTERO","AYABACA","PIURA",200205,44970.0000,10278.0000,6852.0000,"SOLES",20250331
"BID 4","DIGITALIZACIÓN EMPRESARIAL - CATEGORÍA 2",2024,"817-PROINNOVATE-IMTEMDC2-2024","IMPLEMENTACIÓN DE UNA PLATAFORMA DIGITAL A MEDIDA\, CON ENFOQUE EN GESTIÓN POR RESULTADOS ESPECIALIZADA EN SEGUIMIENTO Y MONITOREO DE PROYECTOS\, PARA AUTOMATIZAR LA CONEXIÓN DEL TRABAJO Y REDUCIR LOS SILOS DE INFORMACIÓN.",20241211,20251111,"AGROTECH PARTNER S.A.C.","MORALES","SAN MARTIN","SAN MARTIN",220910,44900.0000,10260.0000,6840.0000,"SOLES",20250331
"BID 4","DIGITALIZACIÓN EMPRESARIAL - CATEGORÍA 2",2024,"818-PROINNOVATE-IMTEMDC2-2024","SOLUCIONES DIGITALES PARA LA GESTIÓN DE INVENTARIOS Y ALMACENES EN TIEMPO REAL\, AUTOMATIZAR LA ADMINISTRACIÓN DE PRECIOS Y COMPROBANTES\, Y POTENCIEN LAS CAMPAÑAS DE MARKETING DIGITAL PARA AUMENTAR LA CAPTACIÓN DE CLIENTES Y CRECIMIENTO COMERCIAL DE QOSQO SAC",20241202,20251002,"GRUPO CORPORATIVO QOSQO S.A.C.","CHICLAYO","CHICLAYO","LAMBAYEQUE",140101,44970.0000,10278.0000,6852.0000,"SOLES",20250331
"BID 4","PROGRAMA DE INNOVACIÓN MODERNIZACIÓN TECNOLÓGICA Y EMPRENDIMIENTO - MIPYMES DE CALIDAD - CAMBIO CLIMÁTICO",2024,"819-PROINNOVATE-IMTEMCCC-2024","IMPLEMENTACIÓN Y CERTIFICACIÓN ORGÁNICA DE SETAS SILVESTRES COMESTIBLES\, SU RECOLECCIÓN\, SECADO Y PROCESAMIENTO PARA EL MANEJO SOSTENIBLE DE LOS BOSQUES DE PINO EN LA ASOCIACIÓN MICOLÓGICA SIMBIOSIS PERÚ\, DISTRITO INCAHUASI\, FERREÑAFE\, LAMBAYEQUE.",20240930,20251030,"ASOCIACION MICOLOGICA SIMBIOSIS PERU","INCAHUASI","FERREÑAFE","LAMBAYEQUE",140203,42186.4400,9813.5600,6400.0000,"SOLES",20250331
"BID 4","DIGITALIZACIÓN EMPRESARIAL - CATEGORÍA 2",2024,"820-PROINNOVATE-IMTEMDC2-2024","POTENCIAMIENTO DE LA CAPTACIÓN DE CLIENTES MEDIANTE UN REDISEÑO WEB OPTIMIZADO\, ESTABLECER UNA ESTRATEGIA INTEGRAL DE MARKETING DIGITAL Y SISTEMATIZAR LA GESTIÓN DE OPERACIONES INTERNAS PARA MEJORAR LA EFICIENCIA ADMINISTRATIVA Y OPERATIVA DE KUBIQO SAC",20241226,20251026,"KUBIQO ADMINISTRADORA DE INMUEBLES S.A.C","MIRAFLORES","LIMA","LIMA",150122,44970.0000,10278.0000,6852.0000,"SOLES",20250331
"BID 4","DIGITALIZACIÓN EMPRESARIAL - CATEGORÍA 2",2024,"822-PROINNOVATE-IMTEMDC2-2024","DIGITALIZACIÓN Y MEJORA DE LA GESTIÓN DE IPROJECT GROUP\, IMPLEMENTANDO HERRAMIENTAS DE INBOUND MARKETING\, PLATAFORMA E-LEARNING Y CRM PARA AUMENTAR LA ATRACCIÓN\, POSICIONAMIENTO Y CAPTACIÓN DE NUEVOS CLIENTES.",20250305,20260105,"IPROJECT CONSULTING GROUP S.A.C.","CHICLAYO","CHICLAYO","LAMBAYEQUE",140101,44970.0000,10278.0000,6852.0000,"SOLES",20250331
"BID 4","DIGITALIZACIÓN EMPRESARIAL - CATEGORÍA 2",2024,"823-PROINNOVATE-IMTEMDC2-2024","DIGITALIZACIÓN INTEGRAL DE DISTRIBUCIONES AGRONER S.A.C. MEDIANTE LA IMPLEMENTACIÓN DE UN SISTEMA ERP\, PLATAFORMA DE COMERCIO ELECTRÓNICO E INTEGRACIÓN DE UNA ESTRATEGIA DE MARKETING DIGITAL PARA LA VENTA DE PRODUCTOS AGROPECUARIOS.",20250127,20251227,"DISTRIBUCIONES AGRONER S.A.C.","CHICLAYO","CHICLAYO","LAMBAYEQUE",140101,45000.0000,10300.0000,6846.0000,"SOLES",20250331
"BID 4","DIGITALIZACIÓN EMPRESARIAL - CATEGORÍA 2",2024,"824-PROINNOVATE-IMTEMDC2-2024","OPTIMIZACIÓN DE PROCESOS DE OPERACIONES\, VENTAS\, LOGÍSTICO Y MARKETING A TRAVÉS DE LA APLICACIÓN DE UN CRM PERSONALIZADO PARA OBTENER MODERNIZACIÓN DE NEGOCIOS DE LA EMPRESA ENVIROCHEM INGENIEROS S.A.C.",20241211,20251111,"ENVIROCHEM INGENIEROS S.A.C.","VILLA MARIA DEL TRIUNFO","LIMA","LIMA",150143,45000.0000,10286.0000,6857.0000,"SOLES",20250331
"BID 4","DIGITALIZACIÓN EMPRESARIAL - CATEGORÍA 2",2024,"826-PROINNOVATE-IMTEMDC2-2024","IMPLEMENTACIÓN DE SOLUCIONES DIGITALES QUE INTEGREN GESTIÓN DE PROYECTOS\, ADMINISTRACIÓN DE RECURSOS Y MARKETING DIGITAL\, MEJORANDO LA COORDINACIÓN\, SEGUIMIENTO DE DESEMPEÑO Y PRESENCIA EN EL MERCADO PARA IMPULSAR EL CRECIMIENTO DE CNL ASESORES.",20241202,20251002,"CNL ASESORES S.A.C.","MORALES","SAN MARTIN","SAN MARTIN",220910,44970.0000,10278.0000,6852.0000,"SOLES",20250331
"BID 4","DIGITALIZACIÓN EMPRESARIAL - CATEGORÍA 1",2024,"827-PROINNOVATE-IMTEMDC1-2024","DESARROLLO DIGITAL PARA APAPHCEPES MEDIANTE LA INTEGRACIÓN DE SISTEMA DE GESTIÓN INTEGRAL Y PLATAFORMA DE COMERCIO ELECTRÓNICO PARA EL BIOL Y COMPOSTA GENERADA A PARTIR DE LAS VÍSCERAS DE PESCADO.",20250212,20260112,"ASOCIACION DE PROCESADORES ARTESANALES DE PRODUCTOS HIDROBIOLOGICOS DEL CENTRO PESQUERO APAPHCEPES","SANTA ROSA","CHICLAYO","LAMBAYEQUE",140114,65000.0000,15431.0000,10285.0000,"SOLES",20250331
"BID 4","DESAFÍOS DE INNOVACIÓN EN CADENAS DE VALOR MODALIDAD B - CAMBIO CLIMÁTICO",2024,"828-PROINNOVATE-DICVMBCC-2024","DESAFÍOS AGROAMBIENTALES DE PEQUEÑOS AGRICULTORES DEL CULTIVO DE ARÁNDANOS FRESCOS EN LA REGIÓN LA LIBERTAD PARA MEJORAR LA PRODUCTIVIDAD\, SOSTENIBILIDAD Y ADAPTACIÓN AL CAMBIO CLIMÁTICO",20250128,20260928,"INSTITUTO TECNOLÓGICO DE LA PRODUCCIÓN","SAN ISIDRO","LIMA","LIMA",150131,550000.0000,0.0000,90000.0000,"SOLES",20250331
"BID 4","VALIDACIÓN DE LA INNOVACIÓN PARA MICROEMPRESAS Y ASOCIACIONES - CAMBIO CLIMÁTICO",2024,"829-PROINNOVATE-PVECC-2024","VALIDACION TÉCNICA\, COMERCIAL Y EMPAQUETAMIENTO DE HORNOS ECOLÓGICOS DE ALTO RENDIMIENTO PARA LA PRODUCCIÓN SUSTENTABLE DE CARBÓN VEGETAL\, BIOCHAR Y LÍQUIDO PIROLEÑOSO DE ALTA CALIDAD DE BIO ENERGY INGENIEROS E.I.R.L.",20241122,20260522,"BIO ENERGY INGENIEROS E.I.R.L.","MAZAMARI","SATIPO","JUNIN",120604,265983.0700,50916.9300,81000.0000,"SOLES",20250331
"BID 4","DIGITALIZACIÓN EMPRESARIAL - CATEGORÍA 2",2024,"833-PROINNOVATE-IMTEMDC2-2024","DIGITALIZACIÓN EMPRESARIAL DE AGROINDUSTRIA EL CALLAYUJANO PERÚ MEDIANTE LA IMPLEMENTACIÓN DE UN SISTEMA DE MONITOREO Y CONTROL DE PARÁMETROS EN LA FERMENTACIÓN Y E-COMMERCE PARA LA COMERCIALIZACIÓN DE BEBIDAS TRADICIONALES ANDINAS A BASE DE CAÑA DE AZUCAR",20241211,20251111,"AGROINDUSTRIA EL CALLAYUJANO PERU E.I.R.L.","JAEN","JAEN","CAJAMARCA",060801,45000.0000,10350.0000,6850.0000,"SOLES",20250331
"BID 4","PROGRAMA DE INNOVACIÓN MODERNIZACIÓN TECNOLÓGICA Y EMPRENDIMIENTO - MIPYMES DE CALIDAD - CAMBIO CLIMÁTICO",2024,"834-PROINNOVATE-IMTEMCCC-2024","IMPLEMENTACIÓN Y CERTIFICACIÓN DE LA NORMA ISO 14001:2015\, PARA EL SERVICIO DE TRANSPORTE TERRESTRE EN LA \"EMPRESA TRANS DE LA PEÑA S.A.C.\"",20241211,20260111,"TRANS DE LA PEÑA SOCIEDAD ANONIMA CERRADA - TRANS DE LA PEÑA S.A.C.","ATE","LIMA","LIMA",150103,45000.0000,10285.7100,6857.1400,"SOLES",20250331
"BID 4","DIGITALIZACIÓN EMPRESARIAL - CATEGORÍA 2",2024,"835-PROINNOVATE-IMTEMDC2-2024","IMPLEMENTACIÓN DE UNA ESTRATEGIA DE MARKETING DIGITAL Y DESARROLLO DE UNA SOLUCIÓN TECNOLÓGICA PARA MEJORAR LA GESTIÓN DE LOS PROCESOS OPERATIVOS\, LOGÍSTICOS Y COMERCIALES EN LA EMPRESA GRUPO JHAZEL S.R.L.",20241122,20251022,"GRUPO JHAZEL SRL","JAEN","JAEN","CAJAMARCA",060801,44550.0000,10170.0000,6780.0000,"SOLES",20250331
"BID 4","DIGITALIZACIÓN EMPRESARIAL - CATEGORÍA 2",2024,"836-PROINNOVATE-IMTEMDC2-2024","IMPLEMENTACIÓN DE SOLUCIONES TECNOLÓGICAS PARA OPTIMIZAR LA CAPTACIÓN DE CLIENTES\, AUTOMATIZAR PROCESOS CONTABLES Y FINANCIEROS; Y ESTABLECER UN SISTEMA DE EVALUACIÓN Y RETROALIMENTACIÓN QUE MEJORE LA CALIDAD DEL SERVICIO DE IMAGINA EIRL",20241122,20251022,"IMAGINA E.I.R.L.","SAN JUAN DE MIRAFLORES","LIMA","LIMA",150133,44970.0000,10278.0000,6852.0000,"SOLES",20250331
"BID 4","DIGITALIZACIÓN EMPRESARIAL - CATEGORÍA 2",2024,"837-PROINNOVATE-IMTEMDC2-2024","IMPLEMENTACIÓN DE UNA SOLUCIÓN TECNOLÓGICA INTEGRAL PARA LA GESTIÓN ADMINISTRATIVA\, COMERCIAL\, FINANCIERA Y SEGUIMIENTO DE LOS PROYECTOS DE CONSTRUCCIÓN QUE DESARROLLA LA EMPRESA ARAR CONSTRUCTORA Y SERVICIOS E.I.R.L.",20241122,20251022,"ARAR CONSTRUCTORA Y SERVICIOS E.I.R.L.","TARAPOTO","SAN MARTIN","SAN MARTIN",220901,44515.0000,10161.0000,6774.0000,"SOLES",20250331
"BID 4","DIGITALIZACIÓN EMPRESARIAL - CATEGORÍA 2",2024,"838-PROINNOVATE-IMTEMDC2-2024","IMPLEMENTACIÓN DE UNA SOLUCIÓN TECNOLÓGICA PARA LA GESTIÓN INTEGRAL DE LOS PROCESOS DE PRODUCCIÓN\, INVENTARIO\, TRAZABILIDAD Y ESTRATEGIA DE MARKETING DIGITAL EN LA EMPRESA INVERSIONES INDUSTRIALES MALQUI SAC",20241202,20251102,"INVERSIONES INDUSTRIALES MALQUI SOCIEDAD ANONIMA CERRADA  INVERSIONES INDUSTRIALES MALQUI SAC","VILLA EL SALVADOR","LIMA","LIMA",150142,44900.0000,10260.0000,6840.0000,"SOLES",20250331
"BID 4","DIGITALIZACIÓN EMPRESARIAL - CATEGORÍA 2",2024,"839-PROINNOVATE-IMTEMDC2-2024","IMPLEMENTACIÓN DE UNA PLATAFORMA BASADA EN ESTRATEGIAS DEL MARKETING DIGITAL 2.0 PARA EL POSICIONAMIENTO DE LA MARCA \"ECO-PALLET\" DE PRODUCCIÓN PROPIA\, EN LA EMPRESA ALIATH.",20241202,20251102,"INVERSIONES ALIATH E.I.R.L.","PUENTE PIEDRA","LIMA","LIMA",150125,45000.0000,13680.0000,7320.0000,"SOLES",20250331
"BID 4","DIGITALIZACIÓN EMPRESARIAL - CATEGORÍA 1",2024,"840-PROINNOVATE-IMTEMDC1-2024","IMPLEMENTACIÓN DE PLATAFORMA DIGITAL PARA COMERCIALIZACIÓN DE DERIVADOS LÁCTEOS\, E INTEGRACIÓN DE SISTEMA DE GESTIÓN CON MÓDULOS DE CONTROL GANADERO\, LOGÍSTICA Y COSTOS CON PLATAFORMA DE APRENDIZAJE EN LÍNEA PARA MEJORAR COMPETENCIAS PRODUCTIVAS Y DIGITALES",20250323,20260223,"ASOCIACION DE PRODUCTORES AGROPECUARIOS FORESTALES Y ECOLOGICOS DE PIRCAPAMPA","PISUQUIA","LUYA","AMAZONAS",010514,65000.0000,15600.0000,10185.0000,"SOLES",20250331
"BID 4","VALIDACIÓN DE LA INNOVACIÓN PARA MICROEMPRESAS Y ASOCIACIONES",2024,"841-PROINNOVATE-PVE-2024","VALIDACIÓN TÉCNICA\, COMERCIAL Y EMPAQUETAMIENTO DE UN PRODUCTO EDULCORANTE A BASE DE YACÓN\, EN PRESENTACIÓN GRANULADA\, CON ENFOQUE EN LA LUCHA MUNDIAL CONTRA LA DIABETES E INNOVACIÓN ALIMENTARIA.",20241122,20260222,"INGREDIENTES INNOVADORES S.A.C.","MIRAFLORES","LIMA","LIMA",150122,399932.0900,64920.0000,151291.9300,"SOLES",20250331
"BID 4","DIGITALIZACIÓN EMPRESARIAL - CATEGORÍA 2",2024,"842-PROINNOVATE-IMTEMDC2-2024","IMPLEMENTACIÓN DE UNA ESTRATEGIA DE MARKETING DIGITAL QUE PERMITA MEJORAR LA VENTA DE PRODUCTOS A TRAVÉS DE PÁGINA WEB Y EN TIENDA FÍSICA EN LA EMPRESA REPRESENTACIONES SHIJHO E.I.R.L.",20241211,20251111,"REPRESENTACIONES SHIJHO E.I.R.L.","LIRCAY","ANGARAES","HUANCAVELICA",090301,44900.0000,10260.0000,6840.0000,"SOLES",20250331
"BID 4","VALIDACIÓN DE LA INNOVACIÓN PARA MICROEMPRESAS Y ASOCIACIONES - CAMBIO CLIMÁTICO",2024,"843-PROINNOVATE-PVECC-2024","VALIDACIÓN TÉCNICA Y COMERCIAL DE UN BIOESTIMULANTE CON SÍLICE ACTIVO (SIA) BASADO EN RESIDUOS Y SUBPRODUCTOS DE LA INDUSTRIA ARROCERA Y CRIANZA EQUINA\, EN CULTIVOS DE LECHUGA Y TOMATE.",20250129,20260129,"MAROS GREEN S.A.C.","SAN ISIDRO","LIMA","LIMA",150131,342226.4400,103131.8000,239790.0000,"SOLES",20250331
"BID 4","DIGITALIZACIÓN EMPRESARIAL - CATEGORÍA 2",2024,"844-PROINNOVATE-IMTEMDC2-2024","IMPLEMENTACIÓN DE UNA SOLUCIÓN TECNOLÓGICA QUE AUTOMATICE LA GESTIÓN DE OPERACIONES\, ADMINISTRATIVAS\, COMERCIALES Y GESTIÓN DE SSOMA EN LA EMPRESA BLESSED CONSULTING E.I.R.L",20241211,20251111,"BLESSED CONSULTING E.I.R.L.","LIMA","LIMA","LIMA",150101,44900.0000,10260.0000,6840.0000,"SOLES",20250331
"BID 4","PROGRAMA DE INNOVACIÓN MODERNIZACIÓN TECNOLÓGICA Y EMPRENDIMIENTO - MIPYMES DE CALIDAD - CAMBIO CLIMÁTICO",2024,"845-PROINNOVATE-IMTEMCCC-2024","IMPLEMENTACION Y CERTIFICACION DEL SISTEMA DE GESTION DE CALIDAD BASADA EN LA NORMA ISO 9001:2015  EN LA EMPRESA GINMEDIC E.I.R.L.",20250127,20260227,"GINMEDIC E.I.R.L.","HUARAZ","HUARAZ","ANCASH",020101,43970.0000,10026.0000,6684.0000,"SOLES",20250331
"BID 4","DIGITALIZACIÓN EMPRESARIAL - CATEGORÍA 2",2024,"847-PROINNOVATE-IMTEMDC2-2024","DESARROLLO DE UNA PLATAFORMA DE COMERCIO DIGITAL PARA LA VENTA DE EQUIPAMIENTO MÉDICO HOSPITALARIO\, INSUMOS E INSTRUMENTAL MÉDICO\, HACIENDO USO DE LA INTELIGENCIA ARTIFICIAL PARA OPTIMIZAR SU CADENA DE SUMINISTRO\, DENOMINADA QURAGO",20241211,20251111,"ATAO GROUP SAC","LA MOLINA","LIMA","LIMA",150114,45000.0000,10286.0000,6857.0000,"SOLES",20250331
"BID 4","DIGITALIZACIÓN EMPRESARIAL - CATEGORÍA 2",2024,"848-PROINNOVATE-IMTEMDC2-2024","DESARROLLAR E IMPLEMENTAR UNA ESTRATEGIA DE MARKETING DIGITAL Y UN SISTEMA DE GESTIÓN AUTOMATIZADO QUE PERMITA MEJORAR LA ADMINISTRACIÓN DE LOS PROYECTOS DE LA CORPORACION DE INGENIEROS EN PROYECTOS Y CONSULTORIAS SAC",20241211,20251111,"CORPORACION DE INGENIEROS EN PROYECTOS Y CONSULTORIAS SAC","SAN MARTIN DE PORRES","LIMA","LIMA",150135,44970.0000,10278.0000,6852.0000,"SOLES",20250331
"BID 4","DIGITALIZACIÓN EMPRESARIAL - CATEGORÍA 2",2024,"849-PROINNOVATE-IMTEMDC2-2024","DESARROLLO DE UN MÓDULO AVANZADO DE GESTIÓN DE PROYECTOS INTEGRADO PARA OPTIMIZAR LA EFICIENCIA EN LA CONSTRUCCIÓN E IMPLEMENTACIÓN DE ERP EN SECTORES ESTRATÉGICOS",20241211,20251111,"AMELDATANET S.A.C.","COMAS","LIMA","LIMA",150110,45000.0000,10285.7200,6857.1400,"SOLES",20250331
"BID 4","VALIDACIÓN DE LA INNOVACIÓN PARA MICROEMPRESAS Y ASOCIACIONES",2024,"850-PROINNOVATE-PVE-2024","VALIDACIÓN DE UN PAQUETE TECNOLÓGICO BASADO EN EL MANEJO OPTIMIZADO DE REBROTES DE BOLAINA BLANCA\, PARA LA PRODUCCIÓN SOSTENIBLE DE MADERA DE ALTA CALIDAD\, REDUCIENDO EL TIEMPO DE 8 A 5 AÑOS PARA SU APROVECHAMIENTO Y EL COSTO DE MANEJO FORESTAL EN 38%.",20241211,20260611,"REFORESTANDO SOCIEDAD ANONIMA","PUERTO INCA","PUERTO INCA","HUANUCO",100901,389499.1600,64923.8400,146400.0000,"SOLES",20250331
"BID 4","DIGITALIZACIÓN EMPRESARIAL - CATEGORÍA 2",2024,"852-PROINNOVATE-IMTEMDC2-2024","IMPLEMENTACIÓN DE SOFTWARE ERP INTEGRADO A FINTECH INTELIGENTE QUE AUTOMATIZA LOS DESEMBOLSOS POR CICLOS PRODUCTIVOS DE CLIENTES AGRICULTORES LOGRANDO INCREMENTAR LA PRODUCTIVIDAD DE CCARPA EN LA VENTA DE PRODUCTOS FINANCIEROS AGRÍCOLAS",20241211,20251111,"CCARPA E.I.R.L.","TARAPOTO","SAN MARTIN","SAN MARTIN",220901,45000.0000,13680.0000,7320.0000,"SOLES",20250331
"BID 4","DIGITALIZACIÓN EMPRESARIAL - CATEGORÍA 2",2024,"853-PROINNOVATE-IMTEMDC2-2024","DISEÑO E IMPLEMENTACIÓN DE UN SISTEMA ERP A MEDIDA\, PARA EL CONTROL DE CLIENTES\, LA GESTIÓN DE VENTAS Y LA OPTIMIZACIÓN DE PROCESOS ADMINISTRATIVOS QUE AFIANCEN LA OPERACIÓN\, ESTANDARICE PROCESOS\, Y FACILITE LA EXPANSIÓN DE GRUPO MERAK S.A.C.",20241226,20251126,"GRUPO MERAK S.A.C.","BARRANCO","LIMA","LIMA",150104,45000.0000,10285.7100,6857.1400,"SOLES",20250331
"BID 4","DIGITALIZACIÓN EMPRESARIAL - CATEGORÍA 2",2024,"854-PROINNOVATE-IMTEMDC2-2024","IMPLEMENTACIÓN DE SERVICIOS TECNOLÓGICOS PARA OPTIMIZAR LA GESTIÓN OPERATIVA Y VENTAS ONLINE\, POTENCIANDO EL CRECIMIENTO DE BABY LOLI",20241226,20251126,"LOLI CO. S.A.C.","SANTIAGO DE SURCO","LIMA","LIMA",150140,45000.0000,10285.7100,6857.1400,"SOLES",20250331
"BID 4","DIGITALIZACIÓN EMPRESARIAL - CATEGORÍA 2",2024,"855-PROINNOVATE-IMTEMDC2-2024","IMPLEMENTACIÓN DE SOLUCIONES DIGITALES Y MARKETING ESTRATÉGICO PARA OPTIMIZAR LA ATENCIÓN AL CLIENTE\, MEJORAR LA EFICIENCIA OPERATIVA Y POSICIONAR LA PRESENCIA EN EL MERCADO DE REMANSO DEL COLCA S.R.L",20241211,20251111,"REMANSO DEL COLCA SRL","CHIVAY","CAYLLOMA","AREQUIPA",040501,45000.0000,10285.7100,6857.1400,"SOLES",20250331
"BID 4","DIGITALIZACIÓN EMPRESARIAL - CATEGORÍA 2",2024,"856-PROINNOVATE-IMTEMDC2-2024","DESARROLLO DE UN APLICATIVO PARA LA GESTIÓN INTEGRAL DE ENTREGAS\, RECEPCIÓN Y MANTENIMIENTO DE FLOTAS VEHICULARES\, EQUIPOS Y MAQUINARIA; ASEGURANDO UN SEGUIMIENTO DETALLADO DE SU ESTADO\, HISTORIAL\, Y OPERACIONES EN LA EMPRESA KYK AUTOMOTRIZ SAC",20241219,20251119,"K & K AUTOMOTRIZ S.A.C.","SAN MARTIN DE PORRES","LIMA","LIMA",150135,45000.0000,10285.7100,6857.1400,"SOLES",20250331
"BID 4","DIGITALIZACIÓN EMPRESARIAL - CATEGORÍA 2",2024,"857-PROINNOVATE-IMTEMDC2-2024","DESARROLLO E IMPLEMENTACIÓN DE UNA ESTRATEGIA DIGITAL INTEGRAL CON OPTIMIZACIÓN DE SEO\, GESTIÓN AVANZADA DE CRM Y PUBLICIDAD DIGITAL PARA EXPANDIR EL MERCADO\, MEJORAR LA GESTIÓN COMERCIAL Y FORTALECER LA PRESENCIA ONLINE DE DIESELMOTOREN PERU E.I.R.L",20250129,20251229,"DIESELMOTOREN PERU EIRL","SAN BORJA","LIMA","LIMA",150130,45000.0000,10285.7100,6857.1400,"SOLES",20250331
"BID 4","DIGITALIZACIÓN EMPRESARIAL - CATEGORÍA 2",2024,"858-PROINNOVATE-IMTEMDC2-2024","IMPLEMENTACIÓN DE SOLUCIONES DIGITALES PARA LA OPTIMIZACIÓN Y COMPETITIVIDAD DE SIGNATURE PERU S.A.C.",20250127,20251227,"SIGNATURE PERU SOCIEDAD ANONIMA CERRADA - SIGNATURE PERU S.A.C.","JESUS MARIA","LIMA","LIMA",150113,45000.0000,10285.7200,6857.1400,"SOLES",20250331
"BID 4","PROGRAMA DE INNOVACIÓN MODERNIZACIÓN TECNOLÓGICA Y EMPRENDIMIENTO - MIPYMES DE CALIDAD - CAMBIO CLIMÁTICO",2024,"859-PROINNOVATE-IMTEMCCC-2024","IMPLEMENTACIÓN DE LA CERTIFICACIÓN GLOBAL GAP PARA MEJORAR COMPETITIVIDAD\, SOSTENIBILIDAD Y ACCESO A NUEVOS MERCADOS EN AGROINDUSTRIAS NASER SAC\, INCREMENTANDO VENTAS Y OPORTUNIDADES COMERCIALES",20250127,20260227,"AGROINDUSTRIAS NASER SAC","TAMBO GRANDE","PIURA","PIURA",200114,45000.0000,10286.0000,6857.0000,"SOLES",20250331
"BID 4","DIGITALIZACIÓN EMPRESARIAL - CATEGORÍA 2",2024,"860-PROINNOVATE-IMTEMDC2-2024","DIGITALIZACIÓN INTEGRAL PARA EL INCREMENTO DE LA PRODUCTIVIDAD EN ISUIZA LOGISTICA EIRL",20250129,20251229,"ISUIZA LOGISTICA EIRL","CARABAYLLO","LIMA","LIMA",150106,45000.0000,10285.7200,6857.1400,"SOLES",20250331
"BID 4","DIGITALIZACIÓN EMPRESARIAL - CATEGORÍA 2",2024,"861-PROINNOVATE-IMTEMDC2-2024","DIGITALIZACIÓN INTEGRAL DE LOS PROCESOS DE PLANIFICACIÓN\, MANTENIMIENTO Y FACTURACIÓN PARA INCREMENTAR LA PRODUCTIVIDAD EN BIOINGEMED S.R.L.",20241211,20251111,"BIOINGEMED S.R.L.","LA MOLINA","LIMA","LIMA",150114,45000.0000,10285.7200,6857.1400,"SOLES",20250331
"BID 4","DIGITALIZACIÓN EMPRESARIAL - CATEGORÍA 2",2024,"862-PROINNOVATE-IMTEMDC2-2024","IMPLEMENTACIÓN DE HERRAMIENTAS TECNOLÓGICAS DE GESTIÓN OPERATIVA Y FORTALECIMIENTO DE CANALES VIRTUALES POSEÍDOS\, QUE PERMITAN LA INTEGRACIÓN Y SIMPLIFICACIÓN DE PROCESOS ORGANIZACIONALES EN CANTO DEL RÍO\, LODGE ECOTURÍSTICO DE LA REGIÓN DE SAN MARTÍN.",20250127,20251227,"AMIGOS WASI SAC","TARAPOTO","SAN MARTIN","SAN MARTIN",220901,40000.0000,15285.7100,6857.1400,"SOLES",20250331
"BID 4","INCUBADORAS Y ACELERADORAS DE EMPRENDIMIENTOS INNOVADORES EN REGIONES",2024,"863-PROINNOVATE-IEIR-2024","BIOINNOVA SAN MARTÍN: INCUBADORA AMAZÓNICA PARA PONER EN VALOR EL USO SOSTENIBLE DE LA BIODIVERSIDAD",20250107,20260707,"UNIVERSIDAD NACIONAL DE SAN MARTIN","TARAPOTO","SAN MARTIN","SAN MARTIN",220901,685000.0000,85625.0000,65625.0000,"SOLES",20250331
"BID 4","DIGITALIZACIÓN EMPRESARIAL - CATEGORÍA 2",2024,"864-PROINNOVATE-IMTEMDC2-2024","DISEÑO\, DESARROLLO E IMPLEMENTACIÓN DE UN SISTEMA INTEGRAL DE GESTIÓN EMPRESARIAL PARA LA OPTIMIZACIÓN DE PROCESOS DE ALMACÉN\, PRODUCCIÓN Y COMERCIALIZACIÓN EN ADYSA NUTRICIÓN EIRL",20250129,20251229,"ADYSA NUTRICION E.I.R.L.","JOSE LEONARDO ORTIZ","CHICLAYO","LAMBAYEQUE",140105,45000.0000,11285.7200,6857.1400,"SOLES",20250331
"BID 4","DIGITALIZACIÓN EMPRESARIAL - CATEGORÍA 2",2024,"865-PROINNOVATE-IMTEMDC2-2024","TRANSFORMACIÓN DIGITAL DE LA PÁGINA WEB DE A&R ASESORES E INCLUSIÓN DE NUEVAS FUNCIONALIDADES QUE PERMITAN INCREMENTAR LA PRODUCTIVIDAD\, OPTIMIZAR LA GESTIÓN DE DATOS Y AUMENTAR EL VALOR ENTREGADO A LOS CLIENTES",20250127,20251227,"A & R ASESORES S.A.C.","SANTIAGO DE SURCO","LIMA","LIMA",150140,44200.0000,10080.0000,6720.0000,"SOLES",20250331
"BID 4","DIGITALIZACIÓN EMPRESARIAL - CATEGORÍA 2",2024,"866-PROINNOVATE-IMTEMDC2-2024","IMPLEMENTACIÓN DE ESTRATEGIAS DE MARKETING DIGITAL PARA CAPTACIÓN DE NUEVOS CLIENTES Y UN SISTEMA DE COBRANZAS AUTOMATIZADO PARA DIGITALIZAR Y AGILIZAR EL CICLO COMERCIAL DE AGOTECNOVA\, MEJORANDO SU RENTABILIDAD Y PRODUCTIVIDAD.",20250129,20251229,"AGO TECNOVA E.I.R.L.","JUANJUI","MARISCAL CACERES","SAN MARTIN",220601,45000.0000,10286.0000,6857.0000,"SOLES",20250331
"BID 4","DIGITALIZACIÓN EMPRESARIAL - CATEGORÍA 2",2024,"867-PROINNOVATE-IMTEMDC2-2024","IMPLEMENTACIÓN DE PLATAFORMA DE E-COMMERCE CON PASARELA DE PAGOS Y SISTEMA INTEGRAL ERP PARA LA OPTIMIZACIÓN DE PROCESOS DE IMPORTACIONES\, INVENTARIOS Y COMERCIALIZACIÓN",20250414,20260314,"IMPORTACIONES E INVERSIONES DEL NORTE S.R.L.","CHICLAYO","CHICLAYO","LAMBAYEQUE",140101,45000.0000,10300.0000,6857.0000,"SOLES",20250331
"BID 4","DIGITALIZACIÓN EMPRESARIAL - CATEGORÍA 2",2024,"868-PROINNOVATE-IMTEMDC2-2024","OPTIMIZACIÓN DEL PROCESO DE VENTAS Y GESTIÓN DE CLIENTES MEDIANTE LA IMPLEMENTACIÓN DE UN SISTEMA INTEGRAL DE LOTEO E INVENTARIADO\, UN E-COMMERCE Y ESTRATEGIAS DE MARKETING DIGITAL",20250212,20260112,"AGRONEGOCIOS NESTOR JAVIERCITO SOCIEDAD ANONIMA CERRADA","LAMBAYEQUE","LAMBAYEQUE","LAMBAYEQUE",140301,45000.0000,10288.0000,6857.0000,"SOLES",20250331
"BID 4","DIGITALIZACIÓN EMPRESARIAL - CATEGORÍA 2",2024,"869-PROINNOVATE-IMTEMDC2-2024","IMPLEMENTACIÓN UNA PLATAFORMA INTEGRADA DE GESTIÓN DE PROYECTOS PARA AUTOMATIZAR LOS PROCESOS DE LA EMPRESA ALMA INDUSTRIA CREATIVA QUE ASEGURE UNA MAYOR CAPACIDAD DE VENTAS Y MEJORAR LA EXPERIENCIA DEL USUARIO",20241211,20251111,"ALMA INDUSTRIA CREATIVA EIRL","AREQUIPA","AREQUIPA","AREQUIPA",040101,45000.0000,10286.0000,6857.0000,"SOLES",20250331
"BID 4","DIGITALIZACIÓN EMPRESARIAL - CATEGORÍA 2",2024,"870-PROINNOVATE-IMTEMDC2-2024","IMPLEMENTACIÓN DE UNA SOLUCIÓN DIGITAL PARA LA OPTIMIZACIÓN DE LOS PROCESOS OPERATIVOS/COMERCIALES DE ADMINISTRACIÓN Y MANTENIMIENTO DE INMUEBLES",20250205,20260105,"MERCURY FACILITIES MANAGEMENT SAC","MIRAFLORES","LIMA","LIMA",150122,45000.0000,10285.7100,6857.1400,"SOLES",20250331
"BID 4","PROGRAMA DE INNOVACIÓN MODERNIZACIÓN TECNOLÓGICA Y EMPRENDIMIENTO - MIPYMES DE CALIDAD - CAMBIO CLIMÁTICO",2024,"871-PROINNOVATE-IMTEMCCC-2024","IMPLEMENTACIÓN DE SISTEMA DE GESTIÓN DE SEGURIDAD Y SALUD EN EL TRABAJO Y CERTIFICACIÓN PARA ALCANZAR ESTÁNDARES INTERNACIONALES EN SEGURIDAD",20241211,20260111,"SISCOG INGENIEROS EIRL","PUENTE PIEDRA","LIMA","LIMA",150125,45000.0000,10285.7100,6857.1400,"SOLES",20250331
"BID 4","DIGITALIZACIÓN EMPRESARIAL - CATEGORÍA 2",2024,"872-PROINNOVATE-IMTEMDC2-2024","POTENCIANDO LA OPERATIVIDAD EN EL NEGOCIO DE JOYAS PERSONALIZADAS\, IMPLEMENTANDO TECNOLOGÍAS DIGITALES: UN ENFOQUE INTEGRADO DE GESTIÓN DE PEDIDOS",20250205,20260105,"NB MODA SAC","MIRAFLORES","LIMA","LIMA",150122,45000.0000,10286.0000,6857.0000,"SOLES",20250331
"BID 4","DIGITALIZACIÓN EMPRESARIAL - CATEGORÍA 2",2024,"873-PROINNOVATE-IMTEMDC2-2024","DIGITALIZACIÓN DE LOS PROCESOS DE ATENCIÓN AL PACIENTE DE SALUD OFTALMOLÓGICA DE LA SELVA SAC",20250127,20251227,"SALUD OFTALMOLOGICA DE LA SELVA SOCIEDAD ANONIMA CERRADA","LA BANDA DE SHILCAYO","SAN MARTIN","SAN MARTIN",220909,45000.0000,10300.0000,6858.0000,"SOLES",20250331
"BID 4","DIGITALIZACIÓN EMPRESARIAL - CATEGORÍA 2",2024,"875-PROINNOVATE-IMTEMDC2-2024","IMPLEMENTACIÓN DE HERRAMIENTAS DE CRM Y GESTIÓN DE SERVICIOS\, CON LA FINALIDAD DE INCREMENTAR LA PRODUCTIVIDAD DE LA EMPRESA ALRA SOLUTIONS SAC",20241211,20251111,"ALRA SOLUTIONS S.A.C.","LA MOLINA","LIMA","LIMA",150114,45000.0000,10285.7200,6857.1400,"SOLES",20250331
"BID 4","PROGRAMA DE INNOVACIÓN MODERNIZACIÓN TECNOLÓGICA Y EMPRENDIMIENTO - MIPYMES DE CALIDAD - CAMBIO CLIMÁTICO",2024,"876-PROINNOVATE-IMTEMCCC-2024","IMPLEMENTACIÓN Y CERTIFICACIÓN DEL SISTEMA INTEGRADO DE GESTIÓN DE CALIDAD Y ANTISOBORNO SEGÚN LA NORMA ISO 9001:2015 E ISO 37001:2016 DE GESTIONA Y APRENDE S.A.C. CONSOLIDACIÓN DE UN MODELO DE TELETRABAJO EN EL MARCO DE LA ADAPTACIÓN AL CAMBIO CLIMÁTICO.",20250127,20260227,"GESTIONA Y APRENDE SOCIEDAD ANONIMA CERRADA","SAN ISIDRO","LIMA","LIMA",150131,45000.0000,10286.0000,6857.0000,"SOLES",20250331
"BID 4","DIGITALIZACIÓN EMPRESARIAL - CATEGORÍA 2",2024,"877-PROINNOVATE-IMTEMDC2-2024","IMPLEMENTACIÓN DE SISTEMA DE GESTIÓN QUE PERMITA OPTIMIZAR LOS PROCESOS DE PEDIDOS\, INVENTARIOS\, GESTIÓN ADMINISTRATIVA-FINANCIERA\, REDUCIR ERRORES Y MEJORAR LA COMUNICACIÓN CON CLIENTES\, CONTRIBUYENDO A GENERAR EFICIENCIA EN LA GESTIÓN  DE FAS COLOR SAC",20250205,20260105,"FAS COLOR S.A.C. - FAS COLOR S.A.C.","LA VICTORIA","LIMA","LIMA",150115,44970.0000,10278.0000,6852.0000,"SOLES",20250331
"BID 4","DIGITALIZACIÓN EMPRESARIAL - CATEGORÍA 2",2024,"878-PROINNOVATE-IMTEMDC2-2024","TRANSFORMACIÓN DIGITAL PARA LA GESTIÓN AUTOMATIZADA DE PEDIDOS Y PRODUCCIÓN SISTEMATIZADA DESDE UNA PLATAFORMA VIRTUAL EN LA EMPRESA DERMOFARMACIA BELLA CURET S.A.C",20241212,20251112,"DERMOFARMACIA BELLA CURET S.A.C.","MIRAFLORES","LIMA","LIMA",150122,45000.0000,10285.7100,6857.1400,"SOLES",20250331
"BID 4","DIGITALIZACIÓN EMPRESARIAL - CATEGORÍA 2",2024,"879-PROINNOVATE-IMTEMDC2-2024","IMPLEMENTACIÓN DE UNA HERRAMIENTA DIGITAL PARA EL MONITOREO Y GESTIÓN DE CONTRATACIONES PÚBLICAS Y PRIVADAS A LÍMITE DE VENCIMIENTO PARA REDUCIR PÉRDIDAS Y CONTRIBUIR A LA EFICIENCIA DEL PROCESO Y CALIDAD DE POSTORES.",20250129,20251229,"UNION DE EMPRESAS CONTRATISTAS E.I.R.L.","JESUS MARIA","LIMA","LIMA",150113,45000.0000,10285.7100,6857.1400,"SOLES",20250331
"BID 4","DIGITALIZACIÓN EMPRESARIAL - CATEGORÍA 2",2024,"880-PROINNOVATE-IMTEMDC2-2024","DESARROLLO E IMPLEMENTACIÓN DE UN SISTEMA LOGÍSTICO INTEGRADO PARA LA OPTIMIZACIÓN DE PROCESOS INTERNOS Y MEJORA EN LA EFICIENCIA OPERATIVA Y ANÁLISIS DE DATOS EN LA EMPRESA TEAM INNOVATION",20250226,20260126,"TEAM INNOVATION SYCT SOCIEDAD ANONIMA CERRADA","SAN ANTONIO","MARISCAL NIETO","MOQUEGUA",180107,45000.0000,10286.0000,6857.0000,"SOLES",20250331
"BID 4","DIGITALIZACIÓN EMPRESARIAL - CATEGORÍA 2",2024,"882-PROINNOVATE-IMTEMDC2-2024","INTEGRACIÓN DE IA EN LA PLATAFORMA DIGITAL DE LA EMPRESA CHOCOPRO PARA PROMOVER EL CROSS-SELLING DE CURSOS FÍSICOS Y DIGITALES",20241226,20251126,"CHOCOPRO S.A.C.","SAN ISIDRO","LIMA","LIMA",150131,45000.0000,10285.7100,6857.1400,"SOLES",20250331
"BID 4","DIGITALIZACIÓN EMPRESARIAL - CATEGORÍA 2",2024,"883-PROINNOVATE-IMTEMDC2-2024","DESARROLLO DE SOLUCIÓN TECNOLÓGICA INTEGRAL PARA LA OPTIMIZACIÓN DE SERVICIOS DE PARKING Y MANTENIMIENTO DE AUTOS\, INCLUYENDO ESTRATEGIAS DE COMUNICACIÓN Y MARKETING DIGITAL PARA POSICIONAMIENTO A NIVEL REGIONAL.",20250205,20260105,"RENYCAR PARKING CIX SAC","CHICLAYO","CHICLAYO","LAMBAYEQUE",140101,45000.0000,10300.0000,6846.0000,"SOLES",20250331
"BID 4","DIGITALIZACIÓN EMPRESARIAL - CATEGORÍA 2",2024,"884-PROINNOVATE-IMTEMDC2-2024","OPTIMIZACIÓN DEL PROCESO DE CONFECCIÓN Y COMERCIALIZACIÓN DE UNA FÁBRICA TEXTIL GENERAL MARCO MARÍA POLOS SAC  DEL DEPARTAMENTO DE LAMBAYEQUE UTILIZANDO UN SISTEMA ERP Y CRM DE CÓDIGO LIBRE CON ALERTAS DE INTELIGENCIA ARTIFICIAL",20241211,20251111,"FABRICA DE CONFECCIONES TEXTILES Y COMERCIALIZACION EN GENERAL MARCO MARIA POLOS S.A.C.","JOSE LEONARDO ORTIZ","CHICLAYO","LAMBAYEQUE",140105,45000.0000,10286.0000,6857.0000,"SOLES",20250331
"BID 4","PROGRAMA DE INNOVACIÓN MODERNIZACIÓN TECNOLÓGICA Y EMPRENDIMIENTO - MIPYMES DE CALIDAD - CAMBIO CLIMÁTICO",2024,"885-PROINNOVATE-IMTEMCCC-2024","PROYECTO ECO-AGRO: IMPLEMENTACIÓN DE LA NORMA ISO 14001:2015 PARA LA CERTIFICACIÓN EN LA FABRICACIÓN Y DISTRIBUCIÓN DE PLAGUICIDAS Y ABONOS DE LA EMPRESA MASTER AGRO BUSINESS S.A.C.",20250205,20260305,"MASTER AGRO BUSINESS S.A.C.","SURQUILLO","LIMA","LIMA",150141,43800.0000,9990.0000,6660.0000,"SOLES",20250331
"BID 4","DIGITALIZACIÓN EMPRESARIAL - CATEGORÍA 2",2024,"886-PROINNOVATE-IMTEMDC2-2024","OPTIMIZACIÓN DEL EMBUDO DE MARKETING DIGITAL Y DEL CRM PARA AUMENTAR LA EFICIENCIA COMERCIAL Y LA TASA DE CONVERSIÓN DE CLIENTE DE SMILEDU.COM\, PLATAFORMA DE GESTIÓN EDUCATIVA.",20241226,20251126,"SOFTHY SOLUCIONES EN SOFTWARE S.A.C. - SOFTHY S.A.C.","SANTIAGO DE SURCO","LIMA","LIMA",150140,45000.0000,10285.7200,6857.1400,"SOLES",20250331
"BID 4","VALIDACIÓN DE LA INNOVACIÓN PARA MICROEMPRESAS Y ASOCIACIONES",2024,"887-PROINNOVATE-PVE-2024","VALIDACION TÉCNICA Y COMERCIAL DEL PROTOTIPO DE ESPUMANTE DE UVAS PATROMINALES\, MARACUYÁ Y HIERBAS AROMATICAS USANDO MÉTODOS ANCESTRALES DE INVERSIONES WAKIY S.A.C.",20241227,20260627,"INVERSIONES WAKIY S.A.C.","LA JOYA","AREQUIPA","AREQUIPA",040108,399766.7700,71368.3900,54000.0000,"SOLES",20250331
"BID 4","DIGITALIZACIÓN EMPRESARIAL - CATEGORÍA 2",2024,"888-PROINNOVATE-IMTEMDC2-2024","IMPLEMENTACIÓN DE MARKETING DIGITAL PARA LA EMPRESA PAICO\, PARA EL FORTALECIMIENTO DE LA PRESENCIA DIGITAL Y AUMENTO EN LA CAPTACIÓN DE LEADS POTENCIALES.",20250129,20251229,"MVS INFRAESTRUCTURA Y SISTEMAS EMPRESA INDIVIDUAL DE RESPONSABILIDAD LIMITADA","CHICLAYO","CHICLAYO","LAMBAYEQUE",140101,45000.0000,10285.7100,6857.1400,"SOLES",20250331
"BID 4","DIGITALIZACIÓN EMPRESARIAL - CATEGORÍA 2",2024,"889-PROINNOVATE-IMTEMDC2-2024","FORTALECIMIENTO DIGITAL CON LA ADOPCIÓN DE MÓDULOS TECNOLÓGICOS PRODUCTIVOS\, ADMINISTRATIVOS Y COMERCIALES PARA MEJORA DE EFICIENCIA ORGANIZACIONAL DE LA EMPRESA CAFETERÍA LA GELA EIRL. CAFÉS DE ESPECIALIDAD  Y PARRILLAS EN ZONA CENTRO DE BAGUA GRANDE",20250129,20251229,"CAFETERIA LA GELA EIRL","BAGUA GRANDE","UTCUBAMBA","AMAZONAS",010701,45000.0000,10285.7100,6857.1400,"SOLES",20250331
"BID 4","DIGITALIZACIÓN EMPRESARIAL - CATEGORÍA 2",2024,"890-PROINNOVATE-IMTEMDC2-2024","OPTIMIZAR LA GESTIÓN DE LA CARTERA DE CLIENTES DE LA EMPRESA  GESTION HOGAR E.I.R.L. MEDIANTE LA IMPLEMENTACIÓN DE UN SISTEMA CRM QUE CONTRIBUYA CON EL AUMENTO DE LAS VENTAS Y LOS NIVELES DE FIDELIZACIÓN.",20250205,20260105,"GESTION HOGAR E.I.R.L.","CERRO COLORADO","AREQUIPA","AREQUIPA",040104,45000.0000,10286.0000,6857.0000,"SOLES",20250331
"BID 4","DIGITALIZACIÓN EMPRESARIAL - CATEGORÍA 2",2024,"891-PROINNOVATE-IMTEMDC2-2024","FORTALECIMIENTO INTEGRAL Y AVANZADO DE LA SEGURIDAD INFORMÁTICA EN DC TECH SAC: PROTECCIÓN DE INFORMACIÓN EMPRESARIAL Y SEGURIDAD DE SERVIDORES PARA GARANTIZAR LA CONFIDENCIALIDAD Y LA INTEGRIDAD DE LOS DATOS",20241226,20251126,"DC TECH SAC","LIMA","LIMA","LIMA",150101,45000.0000,10285.7200,6857.1400,"SOLES",20250331
"BID 4","DIGITALIZACIÓN EMPRESARIAL - CATEGORÍA 2",2024,"892-PROINNOVATE-IMTEMDC2-2024","IMPLEMENTACIÓN DE UN SISTEMA ERP CLOUD QUE PERMITA AGILIZAR LOS PROCESOS CORE DEL NEGOCIO\, Y UNA WEB ECOMMERCE DE FÁCIL ADMINISTRACIÓN QUE PERMITA INCREMENTAR LAS VENTAS DE PEREZOSO",20250127,20251227,"MANUFACTURAS PANDA DEL PERU S.R.L.","SAN JUAN DE LURIGANCHO","LIMA","LIMA",150132,44990.0200,10283.1500,6855.4300,"SOLES",20250331
"BID 4","PROGRAMA DE INNOVACIÓN MODERNIZACIÓN TECNOLÓGICA Y EMPRENDIMIENTO - MIPYMES DE CALIDAD - CAMBIO CLIMÁTICO",2024,"894-PROINNOVATE-IMTEMCCC-2024","IMPLEMENTACION DE UNA ESTRATEGIA DE COMERCIALIZACION MEDIANTE LA CERTIFICACION ORGANICA PARA EL ACCESO A MERCADOS NACIONALES E INTERNACIONALES DEL CAFE PRODUCIDO POR LA COOPERATIVA DE SERVICIOS MULTIPLES INPROCAFE \, REGION CAJAMARCA.",20250212,20260312,"COOPERATIVA AGRARIA INTEGRACION DE PRODUCTORES CAFETALEROS","JAEN","JAEN","CAJAMARCA",060801,45000.0000,10285.7100,6857.1400,"SOLES",20250331
"BID 4","VALIDACIÓN DE LA INNOVACIÓN PARA MICROEMPRESAS Y ASOCIACIONES",2024,"895-PROINNOVATE-PVE-2024","VALIDACIÓN TÉCNICO-COMERCIAL DE UN DISPOSITIVO PARA LA VAPORIZACIÓN DE DERIVADOS DEL CANNABIS MEDICINAL (“CONDOR CANNA”)\, QUE OFREZCA A LOS PACIENTES UNA EXPERIENCIA SEGURA\, EFECTIVA\, CONVENIENTE Y CUMPLIENDO CON LAS EXPECTATIVAS DE LOS MÉDICOS TRATANTES.",20241211,20260611,"CANNFARM PERU S.A.C.","SAYAN","HUAURA","LIMA",150811,399853.3600,79272.3200,179100.0400,"SOLES",20250331
"BID 4","DIGITALIZACIÓN EMPRESARIAL - CATEGORÍA 2",2024,"896-PROINNOVATE-IMTEMDC2-2024","OPTIMIZACIÓN DE LA GESTIÓN DE CLIENTES MEDIANTE LA DIGITALIZACIÓN EN GSYSTEMLA S.A.C.",20250129,20251229,"GSYSTEMLA S.A.C.","LIMA","LIMA","LIMA",150101,45000.0000,10285.7200,6857.1400,"SOLES",20250331
"BID 4","DIGITALIZACIÓN EMPRESARIAL - CATEGORÍA 2",2024,"897-PROINNOVATE-IMTEMDC2-2024","IMPLEMENTACIÓN DE HERRAMIENTAS DIGITALES PARA LA MEJORA DEL DESARROLLO DE CONTENIDO\, PÁGINA WEB Y CRM\, DE LA LÍNEA DEL CUIDADO DEL CABELLO Y LA PIEL\, UTILIZANDO FRUTOS AMAZÓNICOS EN LA EMPRESA FARIA NATURALS S.A.C.",20241211,20251111,"FARIA NATURALS S.A.C.","SAN LUIS","LIMA","LIMA",150134,45000.0000,10285.7200,6857.1400,"SOLES",20250331
"BID 4","PROGRAMA DE INNOVACIÓN MODERNIZACIÓN TECNOLÓGICA Y EMPRENDIMIENTO - MIPYMES DE CALIDAD - CAMBIO CLIMÁTICO",2024,"898-PROINNOVATE-IMTEMCCC-2024","INNOVACIÓN Y SOSTENIBILIDAD EN LA PRODUCCIÓN DE MANGO: IMPLEMENTACIÓN DE LA CERTIFICACIÓN GLOBAL GAP EN LA COOPERATIVA AGRARIA DE PRODUCTORES AGROPECUARIOS DE PEDREGAL",20250127,20260227,"COOPERATIVA AGRARIA DE PRODUCTORES AGROPECUARIOS DE PEDREGAL - CAPAPE","TAMBO GRANDE","PIURA","PIURA",200114,45000.0000,10286.0000,6857.0000,"SOLES",20250331
"BID 4","DIGITALIZACIÓN EMPRESARIAL - CATEGORÍA 1",2024,"899-PROINNOVATE-IMTEMDC1-2024","OPTIMIZACIÓN DE LA GESTIÓN OPERATIVA Y ADMINISTRATIVA DEL NEGOCIO ACUÍCOLA DE LA ASOCIACIÓN  SOLANDINO\, JAÉN MEDIANTE LA IMPLEMENTACIÓN DE SOFTWARE PARA LA DIGITALIZACIÓN DE PROCESOS INTERNOS: ACOPIO\, CONTROL DE STOCK\, FACTURACIÓN ELECTRÓNICA Y COBRANZA.",20241226,20251126,"ASOCIACION AGROPECUARIA SOLANDINO","JAEN","JAEN","CAJAMARCA",060801,65000.0000,15428.5700,10285.7100,"SOLES",20250331
"BID 4","DIGITALIZACIÓN EMPRESARIAL - CATEGORÍA 2",2024,"900-PROINNOVATE-IMTEMDC2-2024","AUTOMATIZACIÓN Y DIGITALIZACIÓN INTEGRAL DE PROCESOS PARA LA OPTIMIZACIÓN OPERATIVA Y COMERCIAL EN GRUPO FSR PERU S.A.C.",20241211,20251111,"GRUPO FSR PERU S.A.C.","JESUS MARIA","LIMA","LIMA",150113,45000.0000,10285.7200,6857.1400,"SOLES",20250331
"BID 4","DIGITALIZACIÓN EMPRESARIAL - CATEGORÍA 2",2024,"902-PROINNOVATE-IMTEMDC2-2024","IMPLEMENTACIÓN DE UNA SOLUCIÓN DIGITAL EN LA EMPRESA MULTISERVICIOS FINA QUE PERMITA LA GESTIÓN DE CLIENTES Y MEJORE EL POSICIONAMIENTO.",20241211,20251111,"MULTISERVICIOS FINA S.R.L.","CUSCO","CUSCO","CUSCO",080101,45000.0000,10286.0000,6857.0000,"SOLES",20250331
"BID 4","DIGITALIZACIÓN EMPRESARIAL - CATEGORÍA 1",2024,"903-PROINNOVATE-IMTEMDC1-2024","IMPLEMENTACIÓN DE UNA SOLUCIÓN DIGITAL EN LA ENTIDAD ACIDE QUE MIDA EL DESEMPEÑO DE LAS ÁREAS INVOLUCRADAS GARANTIZANDO LA COMUNICACIÓN\, COLABORACIÓN\, SEGURIDAD Y CONFIDENCIALIDAD DE LOS DATOS.",20241211,20251111,"ASOCIACION CIVIL DE INVESTIGACION PARA EL DESARROLLO Y LA EMPRESA - ACIDE","MIRAFLORES","AREQUIPA","AREQUIPA",040110,65000.0000,15428.6000,10285.7000,"SOLES",20250331
"BID 4","DIGITALIZACIÓN EMPRESARIAL - CATEGORÍA 2",2024,"904-PROINNOVATE-IMTEMDC2-2024","TRANSFORMACIÓN INTEGRAL DE LA GESTIÓN LOGÍSTICA E INVENTARIOS MEDIANTE HERRAMIENTAS AVANZADAS Y ESTRATEGIAS DE MARKETING PARA LA EXPANSIÓN DE FAMELM E.I.R.L.",20250130,20251230,"FABRICACIONES METALICAS L. MENDOZA EIRL","PAUCARPATA","AREQUIPA","AREQUIPA",040112,45000.0000,10286.0000,6857.0000,"SOLES",20250331
"BID 4","DIGITALIZACIÓN EMPRESARIAL - CATEGORÍA 2",2024,"905-PROINNOVATE-IMTEMDC2-2024","IMPLEMENTACIÓN DE ESTRATEGIAS DE MARKETING DIGITAL Y UNA PLATAFORMA MULTIFUNCIONAL DE COMERCIO DIGITAL Y COMUNICACIÓN EN LÍNEA PARA INCREMENTAR LA PRODUCTIVIDAD DEL CONSULTOR DE SIX SIGMA CONSULTORES Y SE CAPTEN MÁS SERVICIOS VIRTUALES EN LA MACROREGION CENTRO",20241211,20251111,"SIX SIGMA CONSULTORES SRL","HUANCAYO","HUANCAYO","JUNIN",120101,45000.0000,10286.0000,6857.0000,"SOLES",20250331
"BID 4","DIGITALIZACIÓN EMPRESARIAL - CATEGORÍA 2",2024,"906-PROINNOVATE-IMTEMDC2-2024","FORTALECIMIENTO TECNOLÓGICO Y OPTIMIZACIÓN DEL APLICATIVO MÓVIL LLAMADO \"FINANGHER\" (DE DIGITALIZACIÓN EN LA GESTIÓN FINANCIERA) PARA MEJORAR LA EXPERIENCIA DEL USUARIO Y ACELERAR SU ADOPCIÓN EN EL SEGMENTO MYPE\, EN LA PROVINCIA DE RIOJA-REGIÓN SAN MARTIN",20250127,20251227,"KEPLER INNOVATION SAC","PARDO MIGUEL","RIOJA","SAN MARTIN",220805,45000.0000,10600.0000,6900.0000,"SOLES",20250331
"BID 4","DIGITALIZACIÓN EMPRESARIAL - CATEGORÍA 2",2024,"907-PROINNOVATE-IMTEMDC2-2024","ADECUACIÓN E IMPLEMENTACIÓN DE UN CRM INTEGRADO A UN API DE PROCESAMIENTO DE INFORMACIÓN PARA OPTIMIZAR LA GESTIÓN DE DATOS\, LOS FLUJOS DE TRABAJO EN UN ENTORNO DE CONECTIVIDAD COLABORATIVA Y POTENCIAR LA GESTIÓN COMERCIAL DE LA EMPRESARADICALCORP",20250127,20251227,"RADICAL CORP SAC","SANTIAGO DE SURCO","LIMA","LIMA",150140,45000.0000,12171.4200,7114.2900,"SOLES",20250331
"BID 4","DIGITALIZACIÓN EMPRESARIAL - CATEGORÍA 1",2024,"909-PROINNOVATE-IMTEMDC1-2024","IMPLEMENTACIÓN DE PLATAFORMA DIGITAL PARA TURISMO VIVENCIAL ECOLÓGICO Y ARQUEOLÓGICO CON MODULO PARA COORDINACIÓN Y DESARROLLO DE ESTRATEGIA DE MARKETING DIGITAL PARA EL INCREMENTO DEL TURISMO EN EL DISTRITO DE PROVIDENCIA",20241123,20251023,"ASOCIACION DE PRODUCTORES AGROECOLOGICOS LA CATARATA RUMI RUMI DE GRAMALOTE-PROVIDENCIA","PROVIDENCIA","LUYA","AMAZONAS",010515,64800.0000,15500.0000,10250.0000,"SOLES",20250331
"BID 4","DIGITALIZACIÓN EMPRESARIAL - CATEGORÍA 2",2024,"910-PROINNOVATE-IMTEMDC2-2024","IMPLEMENTACIÓN DE UNA PLATAFORMA E-LEARNING CON ASISTENTE VIRTUAL INTELIGENTE PARA TRANSFORMAR EL SERVICIO DE CAPACITACIÓN ONLINE EN RURA CONSULTORES.",20250226,20260126,"GENERAL CONSULTING PERU S.A.C.","LIMA","LIMA","LIMA",150101,45000.0000,10285.7100,6857.1400,"SOLES",20250331
"BID 4","DIGITALIZACIÓN EMPRESARIAL - CATEGORÍA 2",2024,"911-PROINNOVATE-IMTEMDC2-2024","DIGITALIZACIÓN DE LOS PROCESOS PRODUCTIVOS DE LA EMPRESA VIYAMAR S.A.C\, IMPLEMENTADO TECNOLOGÍAS DE INFORMACIÓN QUE FACILITEN LA GESTIÓN EFICIENTE DE SUS OPERACIONES Y OPTIMIZACIÓN DE LOS FLUJOS DE TRABAJO.",20250129,20251229,"VIYAMAR S.A.C.","CASTILLA","PIURA","PIURA",200104,45000.0000,10292.0000,6858.0000,"SOLES",20250331
"BID 4","DIGITALIZACIÓN EMPRESARIAL - CATEGORÍA 2",2024,"915-PROINNOVATE-IMTEMDC2-2024","DIGITALIZACIÓN DE VENTAS VÍA PLATAFORMA WEB CON MÓDULOS CRM INTEGRADOS PARA AUTOMATIZAR LA GESTIÓN COMERCIAL Y EXPANDIRNOS CON CAMPAÑAS DE MARKETING MULTICANAL EN LOS MERCADOS B2B/B2C DE ESTRUCTURAS DE MOTOTAXIS Y MOTOS LINEALES EN TARAPOTO\, REGIÓN SAN MARTÍN",20250319,20260219,"MULTISERVICIOS VACOMAQ E.I.R.L.","MORALES","SAN MARTIN","SAN MARTIN",220910,45000.0000,10286.0000,6857.0000,"SOLES",20250331
"BID 4","DIGITALIZACIÓN EMPRESARIAL - CATEGORÍA 2",2024,"916-PROINNOVATE-IMTEMDC2-2024","DESARROLLO E IMPLEMENTACIÓN DE UN SISTEMA ERP Y ESTRATEGIA DE MARKETING DIGITAL PARA M & Q SERVICIOS TURÍSTICOS S.A.C. - LA ALMOHADA DEL REY PARA OPTIMIZAR LOS PROCESOS OPERATIVOS Y MEJORAR LA PRESENCIA DIGITAL",20241226,20251126,"M & Q SERVICIOS TURISTICOS S.A.C.","AREQUIPA","AREQUIPA","AREQUIPA",040101,45000.0000,10286.0000,6857.0000,"SOLES",20250331
"BID 4","DIGITALIZACIÓN EMPRESARIAL - CATEGORÍA 2",2024,"917-PROINNOVATE-IMTEMDC2-2024","IMPLEMENTACIÓN Y PLAN DE LANZAMIENTO COMERCIAL DE LA PLATAFORMA E-LEARNING B2B DIRIGIDO A LAS MYPES CON CURSOS INTERACTIVOS DE SISTEMAS DE GESTIÓN DE CALIDAD\, MEDIO AMBIENTE\, SEGURIDAD Y SALUD OCUPACIONAL\, SOSTENIBILIDAD Y ECONOMÍA CIRCULAR",20241226,20251126,"AJAD E.I.R.L.","SAN ISIDRO","LIMA","LIMA",150131,44900.0000,10260.0000,6840.0000,"SOLES",20250331
"BID 4","DIGITALIZACIÓN EMPRESARIAL - CATEGORÍA 2",2024,"918-PROINNOVATE-IMTEMDC2-2024","MEJORA DE LA PRODUCTIVIDAD OPERATIVA Y COMERCIAL CON LA IMPLEMENTACIÓN DE UN SOFTWARE DE RESTAURANTES PARA SISTEMATIZAR LA CALIDAD DE RECETAS Y LOS TIEMPOS EN COCINA; Y ESTRATEGIAS DE ALCANCE Y PROMOCIÓN DIGITAL PARA AUMENTAR LAS VENTAS DE YATIRI BUSINESS",20241211,20251111,"YATIRI BUSINESS SAC","CHACHAPOYAS","CHACHAPOYAS","AMAZONAS",010101,45000.0000,10286.0000,6857.0000,"SOLES",20250331
"BID 4","DIGITALIZACIÓN EMPRESARIAL - CATEGORÍA 1",2024,"919-PROINNOVATE-IMTEMDC1-2024","ADECUACIÓN E IMPLEMENTACIÓN DE UNA PLATAFORMA DE E-COMMERCE PARA OPTIMIZAR EL DESARROLLO COMERCIAL Y OPERACIONAL DE LA ASOCIACIÓN DE JÓVENES EMPRENDEDORES DEL TURISMO SANTA FE POTENCIANDO SU COMPETITIVIDAD Y MEJORANDO LA EXPERIENCIA DE COMPRA DEL CLIENTE",20241226,20251126,"ASOCIACION DE JOVENES EMPRENDEDORES DEL TURISMO SANTA FE","JAEN","JAEN","CAJAMARCA",060801,65000.0000,17314.1600,10542.8400,"SOLES",20250331
"BID 4","DIGITALIZACIÓN EMPRESARIAL - CATEGORÍA 1",2024,"920-PROINNOVATE-IMTEMDC1-2024","TRANSFORMACIÓN DIGITAL INTEGRAL PARA POTENCIAR LA COMUNIDAD DE TECNOLOGÍAS DE INFORMACIÓN: IMPLEMENTACIÓN DE CANALES DIGITALES EN COMMON PERU",20250221,20260121,"COMMON PERU  ASOCIACION DE USUARIOS DE TECNOLOGIAS DE INFORMACION IBM Y COMPATIBLES","MIRAFLORES","LIMA","LIMA",150122,65000.0000,15428.5700,10285.7100,"SOLES",20250331
"BID 4","PROGRAMA DE INNOVACIÓN MODERNIZACIÓN TECNOLÓGICA Y EMPRENDIMIENTO - MIPYMES DE CALIDAD - CAMBIO CLIMÁTICO",2024,"921-PROINNOVATE-IMTEMCCC-2024","IMPLEMENTACIÓN Y CERTIFICACIÓN ORGÁNICA EN LA COOPERATIVA AGRARIA AGROINDUSTRIAL INTERCULTURAL ECOLÓGICA SAN JUAN DE VALLE CHENI LTDA PARA INCREMENTAR  LA OFERTA PRODUCTIVA ORGÁNICA SOSTENIBLE DE GRANOS DE CACAO  FINO DE AROMA",20250127,20260227,"COOPERATIVA AGRARIA AGROINDUSTRIAL INTERCULTURAL ECOLÓGICA SAN JUAN VALLE CHENI LTDA-COOP CHENI LTDA","RIO NEGRO","SATIPO","JUNIN",120607,45000.0000,10285.7100,6857.1400,"SOLES",20250331
"BID 4","DIGITALIZACIÓN EMPRESARIAL - CATEGORÍA 2",2024,"922-PROINNOVATE-IMTEMDC2-2024","SAMPLING AI PLATAFORMA INTELIGENTE DE ESTIMACIÓN DE BIOMASA.",20250129,20251229,"VEOX S.A.C.","PAUCARPATA","AREQUIPA","AREQUIPA",040112,45000.0000,10285.7100,6857.1400,"SOLES",20250331
"BID 4","DIGITALIZACIÓN EMPRESARIAL - CATEGORÍA 2",2024,"923-PROINNOVATE-IMTEMDC2-2024","SISTEMA DE MEJORA Y FACILIDAD PARA LA IDENTIFICACIÓN DE OFERTANTES Y COMPRADORES A TRAVÉS DE UN SISTEMA DE GESTIÓN DE RUEDA DE NEGOCIOS AUTOMATIZADA EN TIEMPO REAL",20250224,20260124,"FULL BUSINESS GLOBAL EIRL","MIRAFLORES","LIMA","LIMA",150122,33000.0000,7200.0000,4800.0000,"SOLES",20250331
"BID 4","DIGITALIZACIÓN EMPRESARIAL - CATEGORÍA 2",2024,"924-PROINNOVATE-IMTEMDC2-2024","DESARROLLO DE PLATAFORMA ERP PERSONALIZADO\, PARA MEJORA EN ATENCIÓN Y/O AUTOMATIZACIÓN DE PROCESOS PRODUCTIVOS\, COMERCIALES\, ADMINISTRATIVOS Y FINANCIEROS; EN CONCORDANCIA CON EXPANSIÓN EN EL FLUJO Y ALCANCE OPERATIVO DE RESTAURANTE CULTURAL EL MESON DEL INCA",20241226,20251126,"COMPAÑIA CULINARIA ORION S.A.C.","LOS OLIVOS","LIMA","LIMA",150117,40000.0000,15285.7100,6857.1400,"SOLES",20250331
"BID 4","DIGITALIZACIÓN EMPRESARIAL - CATEGORÍA 2",2024,"925-PROINNOVATE-IMTEMDC2-2024","FORTALECIMIENTO DIGITAL EMPRESARIAL\, MEDIANTE DESARROLLO DE SISTEMA DE GESTIÓN ORGANIZACIONAL ENLAZADO CON CANALES VIRTUALES PROPIOS\, QUE PERMITAN OPTIMIZAR LA PROVISIÓN DE EXPERIENCIA CULINARIA DE ALTA GASTRONOMÍA MARINA BRINDADO POR PIEDRA COCINA LIBRE.",20250221,20260121,"PIEDRITA GOURMET S.A.C.","SURQUILLO","LIMA","LIMA",150141,40000.0000,15285.7100,6857.1400,"SOLES",20250331
"BID 4","DIGITALIZACIÓN EMPRESARIAL - CATEGORÍA 2",2024,"926-PROINNOVATE-IMTEMDC2-2024","MEJORAR LOS SERVICIOS DE CONSULTORIA DE GESTIÓN DE MANTENIMIENTO EN LA EMPRESA AGROTEC\, PARA GENERAR UN NUEVO MODELO DE NEGOCIO INCORPORANDO TECNOLOGÍAS DE INFORMACIÓN.",20250127,20251227,"AGRICULTURA TECNOLOGICA Y SERVICIOS SOCIEDAD ANONIMA CERRADA","PIURA","PIURA","PIURA",200101,45000.0000,10292.0000,6858.0000,"SOLES",20250331
"BID 4","DIGITALIZACIÓN EMPRESARIAL - CATEGORÍA 2",2024,"927-PROINNOVATE-IMTEMDC2-2024","COSECHA ECOMMERCE - EXPANSIÓN DEL COMERCIO ELECTRONICO DEL CAFÉ DE ESPECIALIDAD Y FORTALECIMIENTO DE LA PRESENCIA DIGITAL DE MARCA.",20250129,20251229,"INDIGO PARTNERS S.A.C. - INDPART S.A.C.","JESUS MARIA","LIMA","LIMA",150113,45000.0000,10600.0000,6900.0000,"SOLES",20250331
"BID 4","DIGITALIZACIÓN EMPRESARIAL - CATEGORÍA 2",2024,"928-PROINNOVATE-IMTEMDC2-2024","DIGITALIZACIÓN INTEGRAL DE QHALIKAY SAC MEDIANTE LA IMPLEMENTACIÓN DE UN SOFTWARE ERP QUE ASEGURE LA AUTOMATIZACIÓN DE PROCESOS EMPRESARIALES Y LA GESTIÓN EFICIENTE DE PEDIDOS GENERADOS POR NUESTRA RED DE BODEGAS-CLIENTES EN TIEMPO REAL",20250129,20251229,"QHALI KAY DEL PERU COMPANY SAC","MORALES","SAN MARTIN","SAN MARTIN",220910,45000.0000,13680.0000,7320.0000,"SOLES",20250331
"BID 4","DIGITALIZACIÓN EMPRESARIAL - CATEGORÍA 2",2024,"929-PROINNOVATE-IMTEMDC2-2024","IMPLEMENTACIÓN DE UN SISTEMA ERP PARA AUTOMATIZAR PROCESOS QUE OPTIMICEN LA EFICIENCIA COMERCIAL EN NUESTRA EMPRESA ESPECIALIZADA EN LA VENTA MASIVA B2C Y B2B DE PRODUCTOS PARA EL CUIDADO PERSONAL\, PROYECTADO A ELEVAR NUESTRA COMPETITIVIDAD Y CUOTA DE MERCADO",20241226,20251126,"VITE OPERATIONS SAC","MIRAFLORES","LIMA","LIMA",150122,45000.0000,10286.0000,6857.0000,"SOLES",20250331
"BID 4","DIGITALIZACIÓN EMPRESARIAL - CATEGORÍA 2",2024,"930-PROINNOVATE-IMTEMDC2-2024","DESARROLLO DE UN CRM PARA LA CENTRALIZACIÓN DE DATOS\, AUTOMATIZACIÓN DEL SEGUIMIENTO Y OPTIMIZACIÓN EN LA PERSONALIZACIÓN DE CAMPAÑAS PROMOCIONALES EN IMVERSO E.I.R.L. MEDIANTE INTELIGENCIA DE NEGOCIOS Y HERRAMIENTAS DE MACHINE LEARNING",20250124,20251224,"IMPULSA INVERSIONES Y SOLUCIONES E.I.R.L. - IMVERSO E.I.R.L.","JOSE LUIS BUSTAMANTE Y RIVERO","AREQUIPA","AREQUIPA",040129,45000.0000,10286.0000,6857.0000,"SOLES",20250331
"BID 4","DIGITALIZACIÓN EMPRESARIAL - CATEGORÍA 2",2024,"931-PROINNOVATE-IMTEMDC2-2024","IMPLEMENTACIÓN DE UNA PLATAFORMA DE GESTIÓN EDUCATIVA Y ADMINISTRATIVA PARA MEJORAR LA PRODUCTIVIDAD DE LOS PROCESOS DE GESTIÓN DE MATRÍCULA\, GESTIÓN DE NOTAS Y ASISTENCIA PARA LA ESCUELA DE ADUANAS SAC",20250310,20260210,"ESCUELA DE ADUANAS PERU S.A.C.","SAN MIGUEL","LIMA","LIMA",150136,45000.0000,10285.7200,6857.1400,"SOLES",20250331
"BID 4","PROGRAMA DE INNOVACIÓN MODERNIZACIÓN TECNOLÓGICA Y EMPRENDIMIENTO - MIPYMES DE CALIDAD - CAMBIO CLIMÁTICO",2024,"932-PROINNOVATE-IMTEMCCC-2024","IMPLEMENTACIÓN Y CERTIFICACIÓN DE LA NORMA DE CERTIFICACIÓN ORGÁNICA\, EN LAS INSTALACIONES DE ACOPIO PARA LA COMERCIALIZACIÓN DE CAFÉ ORGÁNICO\, EN LA EMPRESA AGRO CONSULTING PERÚ SAC\, CON ENFOQUE A LA CONSERVACIÓN DE LA BIODIVERSIDAD Y LA MITIGACIÓN DEL CAMBIO",20250127,20260227,"AGRO CONSULTING PERU S.A.C.","PICHANAQUI","CHANCHAMAYO","JUNIN",120303,45000.0000,10285.7100,6857.1400,"SOLES",20250331
"BID 4","DIGITALIZACIÓN EMPRESARIAL - CATEGORÍA 2",2024,"933-PROINNOVATE-IMTEMDC2-2024","OPTIMIZACIÓN DE LOS PROCESOS OPERATIVOS EN \"AMAZON ANDEAN TRAVEL AGENCY S.A.C.\"\, MEDIANTE LA IMPLEMENTACIÓN DE UN SOFTWARE ESPECIALIZADO PARA TOUR OPERADORES.",20250129,20251229,"AMAZON ANDEAN TRAVEL AGENCY SOCIEDAD ANONIMA CERRADA","PUEBLO LIBRE","LIMA","LIMA",150121,45000.0000,10285.7200,6857.1400,"SOLES",20250331
"BID 4","PROGRAMA DE INNOVACIÓN MODERNIZACIÓN TECNOLÓGICA Y EMPRENDIMIENTO - MIPYMES DE CALIDAD - CAMBIO CLIMÁTICO",2024,"934-PROINNOVATE-IMTEMCCC-2024","IMPLEMENTACIÓN Y CERTIFICACIÓN DE LA ISO 14001:2015 EN SEPTI CLEAN E.I.R.L.: GESTIÓN SOSTENIBLE EN SERVICIOS DE HIGIENIZACIÓN\, SANITIZACIÓN Y MANEJODERESIDUOS",20250127,20260227,"SEPTI CLEAN E.I.R.L.","PIURA","PIURA","PIURA",200101,44850.0000,10272.8600,6848.5700,"SOLES",20250331
"BID 4","DIGITALIZACIÓN EMPRESARIAL - CATEGORÍA 2",2024,"935-PROINNOVATE-IMTEMDC2-2024","IMPLEMENTACIÓN DE UN SISTEMA DE GESTIÓN EMPRESARIAL (ERP) PARA RESTAURANTE EN LA EMPRESA \"INVERSIONES ROSARIO E.I.R.L.\"",20250129,20251229,"INVERSIONES ROSARIO E.I.R.L.","AYACUCHO","HUAMANGA","AYACUCHO",050101,45000.0000,10285.7200,6857.1400,"SOLES",20250331
"BID 4","PROGRAMA DE INNOVACIÓN MODERNIZACIÓN TECNOLÓGICA Y EMPRENDIMIENTO - MIPYMES DE CALIDAD - CAMBIO CLIMÁTICO",2024,"936-PROINNOVATE-IMTEMCCC-2024","PROCESO DE IMPLEMENTACIÓN Y CERTIFICACIÓN DE COMERCIO JUSTO EN LA PRODUCCIÓN Y COMERCIALIZACIÓN DE CAFÉ CON LA FINALIDAD DE AMPLIAR HORIZONTES COMERCIALES Y CONTRIBUIR A LA REDUCCIÓN DEL CAMBIO CLIMÁTICO\, EN LA ASOCIACIÓN AGRO RURAL COFFEE\, CAJAMARCA",20250205,20260305,"ASOCIACION DE PRODUCTORES CAFETALEROS AGRO RURAL COFFEE","JAEN","JAEN","CAJAMARCA",060801,45000.0000,10285.7100,6857.1400,"SOLES",20250331
"BID 4","PROGRAMA DE INNOVACIÓN MODERNIZACIÓN TECNOLÓGICA Y EMPRENDIMIENTO - MIPYMES DE CALIDAD - CAMBIO CLIMÁTICO",2024,"937-PROINNOVATE-IMTEMCCC-2024","IMPLEMENTACIÓN Y CERTIFICACIÓN DE LA NORMA COMERCIO JUSTO PARA LA PRODUCCIÓN Y COMERCIALIZACIÓN DE CAFÉ QUE PERMITA EL ACCESO A MERCADO INTERNACIONALES Y MINIMIZAR EL IMPACTO AMBIENTAL EN LA COOP. LOS ÁNGELES COFFEE\, CAJAMARCA",20241211,20260111,"COOPERATIVA AGRARIA LOS ANGELES COFFEE","LA COIPA","SAN IGNACIO","CAJAMARCA",060904,45000.0000,10285.7100,6857.1400,"SOLES",20250331
"BID 4","DIGITALIZACIÓN EMPRESARIAL - CATEGORÍA 2",2024,"938-PROINNOVATE-IMTEMDC2-2024","DISEÑO Y FORTALECIMIENTO DE NUEVOS CANALES DE VENTA Y FIDELIZACIÓN DIGITAL DE CLIENTES EN LA EMPRESA \"AGROINDUSTRIAS SYPZEMID E.I.R.L.\"",20250129,20251229,"AGROINDUSTRIAS SYPZEMID E.I.R.L.","MARIANO MELGAR","AREQUIPA","AREQUIPA",040109,45000.0000,10285.7200,6857.1300,"SOLES",20250331
"BID 4","DIGITALIZACIÓN EMPRESARIAL - CATEGORÍA 2",2024,"939-PROINNOVATE-IMTEMDC2-2024","ADECUACIÓN E IMPLEMENTACIÓN DE LA PLATAFORMA E-COMMERCE DE LA EMPRESA FLORISTERÍ INTEGRADO A UN SISTEMA ERP QUE PERMITA AUTOMATIZAR LA GESTIÓN DE DATOS COMERCIALES Y OPERACIONALES PARA INCREMENTAR LAS VENTAS B2C Y MEJORE LA EXPERIENCIA DE COMPRA DEL CLIENTE.",20241211,20251111,"FLOWERCORP SAC","SAN BORJA","LIMA","LIMA",150130,45000.0000,12171.4200,7114.2900,"SOLES",20250331
"BID 4","PROGRAMA DE INNOVACIÓN MODERNIZACIÓN TECNOLÓGICA Y EMPRENDIMIENTO - MIPYMES DE CALIDAD - CAMBIO CLIMÁTICO",2024,"940-PROINNOVATE-IMTEMCCC-2024","DESARROLLO DE UN SISTEMA DE GESTIÓN DE LA SEGURIDAD DE LA INFORMACIÓN (SGSI) EN LAGUITOS: CUMPLIMIENTO CON LA ISO 27001 Y CONSIDERACIONES AMBIENTALES PARA LA PROTECCIÓN DE LA INFORMACIÓN Y DIGITALIZACIÓN.",20250205,20260305,"LAGUITOS PERU E.I.R.L.","HUANCAYO","HUANCAYO","JUNIN",120101,32900.0000,7200.0000,4800.0000,"SOLES",20250331
"BID 4","PROGRAMA DE INNOVACIÓN MODERNIZACIÓN TECNOLÓGICA Y EMPRENDIMIENTO - MIPYMES DE CALIDAD - CAMBIO CLIMÁTICO",2024,"941-PROINNOVATE-IMTEMCCC-2024","IMPLEMENTACIÓN DE UN SISTEMA DE CONTROL DIGITAL DE INFORMACIÓN PARA LA OPTIMIZACIÓN DE RECURSOS Y GESTIÓN DE PROCESOS\, GENERANDO IMPACTOS MEDIOAMBIENTALES FAVORABLES.",20250127,20260227,"A & K SERVICIOS MULTIPLES INGENIERIA SRL","CALLERIA","CORONEL PORTILLO","UCAYALI",250101,33000.0000,7200.0000,4800.0000,"SOLES",20250331
"BID 4","DIGITALIZACIÓN EMPRESARIAL - CATEGORÍA 2",2024,"942-PROINNOVATE-IMTEMDC2-2024","DIGITALIZACIÓN Y OPTIMIZACIÓN DE PROCESOS EN MULTISERVICIOS EXAR E.I.R.L. PARA INCREMENTAR LA PRODUCTIVIDAD Y COMPETITIVIDAD EMPRESARIAL",20250129,20251229,"MULTISERVICIOS EXAR E.I.R.L.","CASTILLA","PIURA","PIURA",200104,45000.0000,10285.7200,6857.1400,"SOLES",20250331
"BID 4","DIGITALIZACIÓN EMPRESARIAL - CATEGORÍA 2",2024,"943-PROINNOVATE-IMTEMDC2-2024","OPTIMIZACIÓN DE PROCESOS OPERATIVOS  MEDIANTE LA DIGITALIZACIÓN Y LA IMPLEMENTACIÓN DE TECNOLOGÍAS DE GESTIÓN EN CMORALESC CONTRATISTAS GENERALES E.I.R.L.",20250127,20251227,"CMORALESC CONTRATISTAS GENERALES E.I.RL.","INDEPENDENCIA","HUARAZ","ANCASH",020105,45000.0000,10285.7200,6857.1400,"SOLES",20250331
"BID 4","DIGITALIZACIÓN EMPRESARIAL - CATEGORÍA 2",2024,"944-PROINNOVATE-IMTEMDC2-2024","DIGITALIZACIÓN DE RESULTADOS DE LA UNIDAD DE EXÁMENES ESPECIALIZADOS DE LA EMPRESA SALUD OFTALMOLÓGICA COMUNITARIO EIRL",20250205,20260105,"SALUD OFTALMOLOGICA COMUNITARIO E.I.R.L.","LA BANDA DE SHILCAYO","SAN MARTIN","SAN MARTIN",220909,45000.0000,10300.0000,6858.0000,"SOLES",20250331
"BID 4","DIGITALIZACIÓN EMPRESARIAL - CATEGORÍA 2",2024,"945-PROINNOVATE-IMTEMDC2-2024","IMPLEMENTACIÓN DE UNA SOLUCIÓN TECNOLÓGICA INTEGRAL PARA LA GESTIÓN\, SUPERVISIÓN\, CONTROL Y OPTIMIZACIÓN DE LA TRAZABILIDAD DE LOS PROCESOS DE PRODUCCIÓN Y COMERCIALIZACIÓN DE CAFÉ VERDE EN LA EMPRESA HULLKA COFFEE TRADE S.A.C.",20250205,20260105,"HULLKA COFFEE TRADE S.A.C.","JAEN","JAEN","CAJAMARCA",060801,45000.0000,12171.4200,7114.2900,"SOLES",20250331
"BID 4","DIGITALIZACIÓN EMPRESARIAL - CATEGORÍA 2",2024,"946-PROINNOVATE-IMTEMDC2-2024","IMPLEMENTACIÓN DE HERRAMIENTAS DE MARKETING DIGITAL Y UN SISTEMA DE GESTIÓN PARA OPTIMIZAR LA PRODUCCIÓN\, DISTRIBUCIÓN Y PROMOCIÓN\, MEJORANDO EL RENDIMIENTO OPERATIVO Y EL POSICIONAMIENTO DE LA EMPRESA VOCES SERVICIOS GENERALES DE COMUNICACIONES E.I.R.",20241211,20251111,"VOCES SERVICIOS GENERALES DE COMUNICACIONES E.I.R.L.","TARAPOTO","SAN MARTIN","SAN MARTIN",220901,44970.0000,10278.0000,6852.0000,"SOLES",20250331
"BID 4","DIGITALIZACIÓN EMPRESARIAL - CATEGORÍA 2",2024,"947-PROINNOVATE-IMTEMDC2-2024","IMPLEMENTACIÓN DE UNA SOLUCIÓN TENOLÓGICA INTEGRAL AGRITECH PARA MEJORAR LA GESTIÓN DE LOS PROCESOS DE ASISTENCIA Y MONITOREO TÉCNICO QUE REALIZA LA EMPRESA PROYECTO TERRA VIVA S.A.C.\, MINIMIZANDO COSTOS E IMPACTO AMBIENTAL.",20250205,20260105,"PROYECTO TERRA VIVA S.A.C.","TARAPOTO","SAN MARTIN","SAN MARTIN",220901,45000.0000,10285.8000,6857.1000,"SOLES",20250331
"BID 4","DIGITALIZACIÓN EMPRESARIAL - CATEGORÍA 2",2024,"948-PROINNOVATE-IMTEMDC2-2024","IMPLEMENTACIÓN DE UNA SOLUCIÓN DIGITAL INTEGRAL PARA MEJORAR LA GESTIÓN DE LA PRODUCCIÓN\, ALMACÉN\, PERSONAL Y VENTAS EN LA CORPORACION PAULET S.A.C.",20250205,20260105,"CORPORACION PAULET SOCIEDAD ANONIMA CERRADA  CORPORACION PAULET SAC","CAYMA","AREQUIPA","AREQUIPA",040103,44900.0000,10260.0000,6840.0000,"SOLES",20250331
"BID 4","PROGRAMA DE INNOVACIÓN MODERNIZACIÓN TECNOLÓGICA Y EMPRENDIMIENTO - MIPYMES DE CALIDAD - CAMBIO CLIMÁTICO",2024,"949-PROINNOVATE-IMTEMCCC-2024","FORTALECIMIENTO DE LA COMPETITIVIDAD AGRÍCOLA A TRAVÉS DE LA CERTIFICACIÓN GLOBAL GAP EN LA COOPERATIVA DE PRODUCTORES DE BANANO Y CACAO ORGÁNICO DE MORROPÓN.",20241211,20260111,"COOPERATIVA AGRARIA DE PRODUCTORES DE BANANO\, CACAO ORGANICO Y OTROS CULTIVOS AGRARIOS LTDA","BUENOS AIRES","MORROPON","PIURA",200402,45000.0000,10286.0000,6857.0000,"SOLES",20250331
"BID 4","INNOVACIÓN EMPRESARIAL - CAMBIO CLIMÁTICO",2024,"951-PROINNOVATE-PIEC1CC-2024","DESARROLLO E IMPLEMENTACIÓN DE UN MÓDULO GENERADOR DE ENERGÍA ELÉCTRICA A TRAVÉS DE ENERGÍA SOLAR\, MÓVIL Y DESPLEGABLE INTEGRADO EN UN CONTAINER DE 20 PIES\, SIN EMISIONES DE CO2\, CON UNA POTENCIA INSTALADA DE 60 KWP Y UNA PRODUCCIÓN DE APROX. 250-300 KWH/DÍA.",20250129,20260129,"1KD SOCIEDAD ANONIMA CERRADA","LIMA","LIMA","LIMA",150101,358623.4900,92158.2300,146940.0000,"SOLES",20250331
"BID 4","DIGITALIZACIÓN EMPRESARIAL - CATEGORÍA 1",2024,"952-PROINNOVATE-IMTEMDC1-2024","DISEÑO E IMPLEMENTACIÓN DE UNA PLATAFORMA DIGITAL DE GESTIÓN GANADERA BAJO UN MODELO ASOCIATIVO CON TRAZABILIDAD COMPLETA Y GENERACIÓN DE DATOS RELEVANTES CON INDICADORES DE GESTIÓN\, PARA MEJORAR LA EFICIENCIA ORGANIZACIONAL Y DE SUS ASOCIADOS.",20250127,20251227,"ASOCIACION VINA DE LOS ALPES","MOYOBAMBA","MOYOBAMBA","SAN MARTIN",220101,64920.0000,15408.0000,10272.0000,"SOLES",20250331
"BID 4","DIGITALIZACIÓN EMPRESARIAL - CATEGORÍA 2",2024,"953-PROINNOVATE-IMTEMDC2-2024","TRANSFORMACIÓN DIGITAL DE LA CASONA AMAZONICA A TRAVÉS DE LA IMPLEMENTACIÓN DE UN SISTEMA DE GESTIÓN EMPRESARIAL AD HOC CON MÓDULOS ESPECIALIZADOS EN SUS ÁREAS OPERATIVAS INTERNAS PARA FORTALECER LA PRODUCTIVIDAD LABORAL\, VENTAS Y SEGURIDAD DEL CLIENTE",20241226,20251126,"LA CASONA AMAZONICA SAC","TARAPOTO","SAN MARTIN","SAN MARTIN",220901,45000.0000,10285.8000,6857.1000,"SOLES",20250331
"BID 4","DIGITALIZACIÓN EMPRESARIAL - CATEGORÍA 2",2024,"954-PROINNOVATE-IMTEMDC2-2024","DISEÑO E IMPLEMENTACIÓN DE PLAN DE MARKETING DIGITAL PARA AUMENTAR LA CAPTACIÓN DE LEADS Y OPTIMIZACIÓN DE FUNCIONALIDADES PARA UNA MEJOR EXPERIENCIA DEL USUARIO DE JAGUAR SOFT\, SOFTWARE DE GESTIÓN ACADÉMICA",20250212,20260112,"JAGUAR SOFT S.A.C.","SANTIAGO DE SURCO","LIMA","LIMA",150140,45000.0000,10285.7200,6857.1400,"SOLES",20250331
"BID 4","DIGITALIZACIÓN EMPRESARIAL - CATEGORÍA 2",2024,"955-PROINNOVATE-IMTEMDC2-2024","DESARROLLO DE UN SOFTWARE DE MONITOREO FITOSANITARIO MEDIANTE EL USO DE IMÁGENES SATELITALES DE ALTA RESOLUCIÓN CON COMBINACIONES DE BANDAS ESPECTRALES QUE INTEGRE LA GENERACIÓN DE MAPAS DE ALTA RESOLUCIÓN Y OPTIMIZACIÓN DEL MANEJO FORESTAL.",20241211,20251111,"SOLUCIONES EN PROYECTOS INTEGRALES S.A.C.","CHACLACAYO","LIMA","LIMA",150107,45000.0000,10285.7100,6857.1400,"SOLES",20250331
"BID 4","DIGITALIZACIÓN EMPRESARIAL - CATEGORÍA 2",2024,"956-PROINNOVATE-IMTEMDC2-2024","CREACIÓN DE UN SISTEMA DE GESTIÓN DE COSTOS EN TIEMPO REAL\, CON ALMACENAMIENTO EN LA NUBE PARA POTENCIAR LA PRODUCTIVIDAD Y MEJORAR LA CALIDAD DEL SERVICIO\, EN LA EMPRESA COADABEC SAC.",20250114,20251214,"CONTADORES ADMINISTRADORES ABOGADOS Y ECONOMISTAS SOCIEDAD ANONIMA CERRADA","CASTILLA","PIURA","PIURA",200104,45000.0000,10292.0000,6858.0000,"SOLES",20250331
"BID 4","DIGITALIZACIÓN EMPRESARIAL - CATEGORÍA 2",2024,"958-PROINNOVATE-IMTEMDC2-2024","DIGITALIZACIÓN DEL PROCESO PRODUCTIVO Y FORTALECIMIENTO COMERCIAL EN RVM SUMINISTROS Y FABRICACIONES EIRL\, PARA MEJORAR SU EFICIENCIA PRODUCTIVA Y POSICIONAMIENTO COMERCIAL",20250331,20260228,"RVM SUMINISTROS Y FABRICACIONES EMPRESA INDIVIDUAL DE RESPONSABILIDAD LIMITADA","PIURA","PIURA","PIURA",200101,45000.0000,10292.0000,6858.0000,"SOLES",20250331
"BID 4","PROGRAMA DE INNOVACIÓN MODERNIZACIÓN TECNOLÓGICA Y EMPRENDIMIENTO - MIPYMES DE CALIDAD - CAMBIO CLIMÁTICO",2024,"959-PROINNOVATE-IMTEMCCC-2024","IMPLEMENTACIÓN DE LA ISO 9001:2015 EN LA EMPRESA AMAZONAS C Y M MADERERA EIRL PARA LA GESTIÓN DE CALIDAD Y SOSTENIBILIDAD EN LA FABRICACIÓN DE PRODUCTOS DE MADERA Y MATERIALES NATURALES EN EL MARCO DEL CAMBIO CLIMÁTICO.",20250205,20260305,"AMAZONAS C Y M MADERERA EIRL","CERRO COLORADO","AREQUIPA","AREQUIPA",040104,45000.0000,10285.7100,6857.1400,"SOLES",20250331
"BID 4","DIGITALIZACIÓN EMPRESARIAL - CATEGORÍA 2",2024,"960-PROINNOVATE-IMTEMDC2-2024","OPTIMIZACIÓN INTEGRAL DE OPERACIONES\, LOGÍSTICA Y DIAGNÓSTICOS VEHICULARES EN FULL MECANICA EIRL MEDIANTE LA IMPLEMENTACIÓN DE UN SISTEMA ERP\, ACOMPAÑADO DE UN SOFTWARE ESPECIALIZADO DEL RUBRO AUTOMOTRIZ\, PARA MEJORAR EFICIENCIA OPERATIVA Y SERVICIO AL CLIENTE",20250205,20260105,"FULL MECANICA EIRL","CHICLAYO","CHICLAYO","LAMBAYEQUE",140101,44970.0000,10278.0000,6852.0000,"SOLES",20250331
"BID 4","DIGITALIZACIÓN EMPRESARIAL - CATEGORÍA 2",2024,"961-PROINNOVATE-IMTEMDC2-2024","DESARROLLO DE UN SISTEMA INTEGRAL PARA LA GESTIÓN DE ALMACÉN Y CONTROL DE PRODUCCIÓN DE PRENDAS ARTESANALES\, CON PLATAFORMA DE COMERCIO ELECTRÓNICO Y MARKETING DIGITAL PARA PROMOVER LOS PRODUCTOS ECO-AMIGABLES DE PUSKI.",20241226,20251126,"PUSKI S.A.C.","SACHACA","AREQUIPA","AREQUIPA",040117,45000.0000,10286.0000,6857.0000,"SOLES",20250331
"BID 4","DIGITALIZACIÓN EMPRESARIAL - CATEGORÍA 2",2024,"962-PROINNOVATE-IMTEMDC2-2024","IMPLEMENTACIÓN DE CRM PARA AUTOMATIZAR LA GESTIÓN DE CLIENTES Y DESARROLLO DE ESTRATEGIA DE MARKETING DIGITAL PARA ALCANZAR EFICIENCIAS EN LA EXPOSICIÓN Y POSICIONAMIENTO DE LA MARCA\, A FIN DE AUMENTAR LA PRODUCTIVIDAD COMERCIAL DE TREMOLADAS",20250127,20251227,"TREMOLADAS E.I.R.L.","MIRAFLORES","LIMA","LIMA",150122,45000.0000,10286.0000,6857.0000,"SOLES",20250331
"BID 4","PROGRAMA DE INNOVACIÓN MODERNIZACIÓN TECNOLÓGICA Y EMPRENDIMIENTO - MIPYMES DE CALIDAD - CAMBIO CLIMÁTICO",2024,"964-PROINNOVATE-IMTEMCCC-2024","CONTRIBUCIÓN A LA MITIGACIÓN DEL CAMBIO CLIMÁTICO MEDIANTE UNA ADECUADA GESTIÓN DE LOS RESIDUOS SÓLIDOS E IDENTIFICACIÓN DE LOS ASPECTOS E IMPACTOS AMBIENTALES A TRAVÉS DE LA IMPLEMENTACIÓN Y CERTIFICACIÓN DE LA NORMA ISO 14001 EN LA EMPRESA SATIBA THERAPY",20250205,20260305,"SATIBA THERAPY SOCIEDAD ANONIMA CERRADA","YANAHUARA","AREQUIPA","AREQUIPA",040126,44998.0000,10286.0000,6856.0000,"SOLES",20250331
"BID 4","DIGITALIZACIÓN EMPRESARIAL - CATEGORÍA 2",2024,"965-PROINNOVATE-IMTEMDC2-2024","TRANSFORMACIÓN DIGITAL CON UN ENFOQUE DE SOSTENIBILIDAD INTEGRAL PARA OPTIMIZAR LA CADENA DE SUMINISTRO\, EXPANDIR CANALES DE VENTA DIGITAL Y MEJORAR LA GESTIÓN AMBIENTAL DE LA EMPRESA CHOCOLATERA REYCAL BAJO SU MARCA \"KUYAY\" UBICADA EN BAGUA GRANDE - AMAZONAS.",20250129,20251229,"REYCAL COMPANY S.A.C.","BAGUA GRANDE","UTCUBAMBA","AMAZONAS",010701,45000.0000,10800.0000,6500.0000,"SOLES",20250331
"BID 4","DIGITALIZACIÓN EMPRESARIAL - CATEGORÍA 2",2024,"966-PROINNOVATE-IMTEMDC2-2024","DESARROLLO DE UNA PÁGINA WEB DINÁMICA E IMPLEMENTACIÓN DE UNA ESTRATEGIA DE MARKETING DIGITAL INTEGRAL PARA ATRAER NUEVOS CLIENTES Y POSICIONAR LA PRESENCIA EN LÍNEA DE SUMA CONTADORES E.I.R.L.",20250226,20260126,"SUMA CONTADORES E.I.R.L.","SAN BORJA","LIMA","LIMA",150130,45000.0000,10285.7100,6857.1400,"SOLES",20250331
"BID 4","DIGITALIZACIÓN EMPRESARIAL - CATEGORÍA 2",2024,"967-PROINNOVATE-IMTEMDC2-2024","MAYOR PRODUCTIVIDAD OPERATIVA Y COMERCIAL MEDIANTE LA IMPLEMENTACIÓN DE UN SISTEMA DE GESTIÓN HOTELERA PARA AUTOMATIZAR EL PROCESO DE RESERVA Y ATENCIÓN AL CLIENTE\, JUNTO A ESTRATEGIAS DE MARKETING DIGITAL PARA AUMENTAR EL POSICIONAMIENTO DE HOTEL LOS DELFINES",20250127,20251227,"SCORPIO INVERSIONES SRL","TRUJILLO","TRUJILLO","LA LIBERTAD",130101,45000.0000,10286.0000,6857.0000,"SOLES",20250331
"BID 4","DIGITALIZACIÓN EMPRESARIAL - CATEGORÍA 2",2024,"968-PROINNOVATE-IMTEMDC2-2024","OPTIMIZACIÓN DE PROCESOS CORPORATIVOS EN PERUCONTROL E.I.R.L. MEDIANTE LA IMPLEMENTACIÓN DE UN SISTEMA ERP PARA LA INTEGRACIÓN DE FLUJOS OPERATIVOS Y LA AUTOMATIZACIÓN DE RECURSOS EMPRESARIALES",20241226,20251126,"PERUCONTROLCOM EIRL","JOSE LUIS BUSTAMANTE Y RIVERO","AREQUIPA","AREQUIPA",040129,45000.0000,10286.0000,6857.0000,"SOLES",20250331
"BID 4","DIGITALIZACIÓN EMPRESARIAL - CATEGORÍA 2",2024,"969-PROINNOVATE-IMTEMDC2-2024","IMPLEMENTACIÓN DE SOLUCIONES DIGITALES PARA LA OPTIMIZACIÓN COMERCIAL\, FINANCIERA Y OPERATIVA EN CHIRAPA MANTA S.A.C.\, EMPRESA DEDICADA AL TURISMO SOSTENIBLE Y DE BIENESTAR",20250129,20251229,"CHIRAPA MANTA S.A.C.","SAN ROQUE DE CUMBAZA","LAMAS","SAN MARTIN",220508,44900.0000,10500.0000,6700.0000,"SOLES",20250331
"BID 4","PROGRAMA DE INNOVACIÓN MODERNIZACIÓN TECNOLÓGICA Y EMPRENDIMIENTO - MIPYMES DE CALIDAD - CAMBIO CLIMÁTICO",2024,"970-PROINNOVATE-IMTEMCCC-2024","IMPLEMENTACIÓN Y CERTIFICACIÓN DEL ESTÁNDAR DE AGRICULTURA SOSTENIBLE RAINFOREST ALLIANCE PARA CAFÉ QUE PERMITA MEJORAR SU PRODUCTIVIDAD\, ACCEDER A NUEVOS MERCADOS\, Y A LA VEZ CONTRIBUIR A LA SOSTENIBILIDAD AMBIENTAL\, EN ASOCIACIÓN EL AYLLU  DE CAJAMARCA",20250127,20260227,"ASOCIACION AGROPECUARIA DE PRODUCTORES ECOLOGICOS EL AYLLU","JAEN","JAEN","CAJAMARCA",060801,45000.0000,10285.7100,6857.1400,"SOLES",20250331
"BID 4","PROGRAMA DE INNOVACIÓN MODERNIZACIÓN TECNOLÓGICA Y EMPRENDIMIENTO - MIPYMES DE CALIDAD - CAMBIO CLIMÁTICO",2024,"972-PROINNOVATE-IMTEMCCC-2024","CERTIFICACIÓN ISO 9001:2015 SISTEMAS DE GESTIÓN DE CALIDAD CON ACCIONES RELATIVAS AL CAMBIO CLIMÁTICO EN AGRÍCOLA Y SERVICIOS GENERALES COROCAS SRL",20250127,20260227,"AGRICOLA Y SERVICIOS GENERALES COROCAS SOCIEDAD COMERCIAL DE RESPONSABILIDAD LIMITADA","IGNACIO ESCUDERO","SULLANA","PIURA",200603,34750.0000,7650.0000,5100.0000,"SOLES",20250331
"BID 4","DIGITALIZACIÓN EMPRESARIAL - CATEGORÍA 2",2024,"973-PROINNOVATE-IMTEMDC2-2024","IMPLEMENTACIÓN DE UNA PLATAFORMA DE GESTIÓN DOCUMENTAL (DMS) PARA AUTOMATIZAR NUESTROS FLUJOS DE TRABAJO DE CONSULTORÍA\, PROGRAMAS EDUCATIVOS Y PASANTÍAS MEDIOAMBIENTALES\, FORTALECIÉNDONOS EN EL MERCADO\, MIENTRAS PROMOVEMOS LA CONCIENTIZACIÓNAMBIENTAL.",20250205,20260105,"ECODELI S.A.C.","MIRAFLORES","LIMA","LIMA",150122,45000.0000,10286.0000,6857.0000,"SOLES",20250331
"BID 4","DIGITALIZACIÓN EMPRESARIAL - CATEGORÍA 2",2024,"975-PROINNOVATE-IMTEMDC2-2024","DIGITALIZAR E INTEGRAR LA INFORMACIÓN DE LOS PROCESOS PRODUCTIVOS DE CERTIFICACIONES DE LA EMPRESA AGRICULTURAL SOLUTIONS SRL\, EN UNA PLATAFORMA SAAS\, QUE PERMITA MEJORAR LA CALIDAD DE SERVICIO Y CAPACIDAD DE RESPUESTA",20241211,20251111,"AGRICULTURAL SOLUTIONS SOCIEDAD COMERCIAL DE RESPONSABILIDAD LIMITADA","CASTILLA","PIURA","PIURA",200104,45000.0000,10292.0000,6858.0000,"SOLES",20250331
"BID 4","DIGITALIZACIÓN EMPRESARIAL - CATEGORÍA 2",2024,"977-PROINNOVATE-IMTEMDC2-2024","IMPLEMENTACIÓN DE ERP PARA AUTOMATIZAR PROCESOS CLAVES ODONTOLÓGICOS Y DESARROLLO DE ESTRATEGIAS DE MARKETING PARA UN MEJOR POSICIONAMIENTO EN CANALES DIGITALES\, QUE PERMITA UNA MAYOR PRODUCTIVIDAD OPERATIVA Y AMPLIAR LA CARTERA ACTUAL DE PACIENTES",20241211,20251111,"HEALTH SMILING SOCIEDAD ANONIMA CERRADA","MIRAFLORES","LIMA","LIMA",150122,45000.0000,10286.0000,6857.0000,"SOLES",20250331
"BID 4","DIGITALIZACIÓN EMPRESARIAL - CATEGORÍA 2",2024,"978-PROINNOVATE-IMTEMDC2-2024","IMPLEMENTACIÓN DE UN SISTEMA DIGITAL PARA LA APERTURA DE NUEVOS CANALES DE VENTA Y AUTOMATIZACIÓN DEL FLUJO COMERCIAL\, INCREMENTANDO EL POSICIONAMIENTO Y RENTABILIDAD  DE VITIVINÍCOLA LA PAMPA S.A.C.",20241226,20251126,"VITIVINICOLA LA PAMPA S.A.C.","LOS AQUIJES","ICA","ICA",110103,45000.0000,10286.0000,6857.0000,"SOLES",20250331
"BID 4","DIGITALIZACIÓN EMPRESARIAL - CATEGORÍA 2",2024,"979-PROINNOVATE-IMTEMDC2-2024","IMPLEMENTACIÓN DE UNA PLATAFORMA E-COMMERCE COMPLEMENTADO CON ESTRATEGIAS DE MARKETING DIGITAL 2.0 ESPECIALIZADO EN TURISMO ORNITOLÓGICO\, PARA AGREGAR VALOR A LOS DESTINOS TURISTICOS DEL ALTO MAYO Y ELEVAR LAS BUENAS EXPERIENCIAS DEL TURISTA.",20250221,20260121,"KAY PACHA CORPORATION SAC","NUEVA CAJAMARCA","RIOJA","SAN MARTIN",220804,44900.0000,10260.0000,6840.0000,"SOLES",20250331
"BID 4","DIGITALIZACIÓN EMPRESARIAL - CATEGORÍA 2",2024,"980-PROINNOVATE-IMTEMDC2-2024","TRANSFORMACIÓN INTEGRAL DE LA GESTIÓN DE PROYECTOS CON LA IMPLEMENTACIÓN DE UN SISTEMA AVANZADO PARA OPTIMIZAR EL SEGUIMIENTO DE HITOS\, MEJORAR EL BALANCE DEL AVANCE Y EVALUAR EL RENDIMIENTO REAL DEL PERSONAL PARA LA EMPRESA VIESGLO S.A.C.",20250129,20251229,"VISION ESTRATEGICA GLOBAL SOCIEDAD ANONIMA CERRADA - VIESGLO S.A.C.","CERRO COLORADO","AREQUIPA","AREQUIPA",040104,45000.0000,10286.0000,6857.0000,"SOLES",20250331
"BID 4","PROGRAMA DE INNOVACIÓN MODERNIZACIÓN TECNOLÓGICA Y EMPRENDIMIENTO - MIPYMES DE CALIDAD - CAMBIO CLIMÁTICO",2024,"981-PROINNOVATE-IMTEMCCC-2024","IMPLEMENTACIÓN Y CERTIFICACIÓN DE UN SISTEMA DE GESTIÓN DE MEDIO AMBIENTE BASADO EN LA NORMA ISO 14001: 2015\, CON ENFOQUE EN ADAPTACION AL CAMBIO CLIMATICO\, EN LA EMPRESA BIOSLAF CONSULTING S.A.C.",20241219,20260119,"BIOSLAF CONSULTING SAC","LIMA","LIMA","LIMA",150101,45000.0000,11000.0000,6500.0000,"SOLES",20250331
"BID 4","DIGITALIZACIÓN EMPRESARIAL - CATEGORÍA 2",2024,"982-PROINNOVATE-IMTEMDC2-2024","OPTIMIZACIÓN DE LA GESTIÓN COMERCIAL Y FINANCIERA MEDIANTE LA ADECUACIÓN E IMPLEMENTACIÓN DE UN ERP HOMOLOGADO E INTEGRADO CON API EN LA PLATAFORMA DIGITAL DE ÓPALO ESPIRAL S.A.C.",20250319,20251219,"OPALO ESPIRAL S.A.C.","SURQUILLO","LIMA","LIMA",150141,45000.0000,12171.4200,7114.2900,"SOLES",20250331
"BID 4","DIGITALIZACIÓN EMPRESARIAL - CATEGORÍA 2",2024,"983-PROINNOVATE-IMTEMDC2-2024","DIGITALIZACIÓN DE “CONECTA PERÚ”\, MEDIANTE EL DESARROLLO DE UNA PLATAFORMA WEB Y ENTRENAMIENTO EN MARKETING DIGITAL PARA OFERTAR BIOPRODUCTOS Y SERVICIOS DE MISIONES TÉCNICAS E INCREMENTAR EL NUMERO DE CLIENTES",20250221,20260121,"INNOVA DESTINO PERU SAC","NUEVA CAJAMARCA","RIOJA","SAN MARTIN",220804,45000.0000,10285.7100,6857.1400,"SOLES",20250331
"BID 4","PROGRAMA DE INNOVACIÓN MODERNIZACIÓN TECNOLÓGICA Y EMPRENDIMIENTO - MIPYMES DE CALIDAD - CAMBIO CLIMÁTICO",2024,"984-PROINNOVATE-IMTEMCCC-2024","CERTIFICACIÓN DEL SISTEMA DE GESTIÓN AMBIENTAL EN GARA SOLUCIONES E.I.R.L. PARA FOMENTAR LA ECONOMÍA CIRCULAR MEDIANTE LA REUTILIZACIÓN DE RESIDUOS DE TEJIDO DE ALPACA EN LA FABRICACIÓN DE ACCESORIOS PEQUEÑOS Y LA GESTIÓN DE OTROS RESIDUOS DE LA EMPRESA",20250205,20260305,"GARA SOLUCIONES E.I.R.L.","CERRO COLORADO","AREQUIPA","AREQUIPA",040104,44999.0000,10286.0000,6857.0000,"SOLES",20250331
"BID 4","PROGRAMA DE INNOVACIÓN MODERNIZACIÓN TECNOLÓGICA Y EMPRENDIMIENTO - MIPYMES DE CALIDAD - CAMBIO CLIMÁTICO",2024,"985-PROINNOVATE-IMTEMCCC-2024","IMPLEMENTACIÓN\, ACREDITACIÓN Y ADECUACIÓN A MODIFICACIÓN TÉCNICA SOBRE ACCIONES RELATIVAS AL CAMBIO CLIMÁTICO NTP ISO 27001:2022/MT 1:2024 EN INNOVARE E-BUSINESS S.A.C.",20241211,20260111,"INNOVARE E-BUSINESS S.A.C.","JESUS MARIA","LIMA","LIMA",150113,45000.0000,10285.7100,6857.1400,"SOLES",20250331
"BID 4","DIGITALIZACIÓN EMPRESARIAL - CATEGORÍA 2",2024,"986-PROINNOVATE-IMTEMDC2-2024","IMPLEMENTACIÓN DE UN SISTEMA ERP\, ESTRATEGIAS DE BRANDING 2.0 Y PLATAFORMA WEB PARA LA OPTIMIZACIÓN OPERATIVA Y EL FORTALECIMIENTO DEL POSICIONAMIENTO COMERCIAL EN LA CIUDAD DE CHICLAYO DE CAPULETO CAFÉ COMO UN REFERENTE GASTRONÓMICO EN EL RUBRO.",20250310,20260210,"VALDIVAL CORP E.I.R.L.","CHICLAYO","CHICLAYO","LAMBAYEQUE",140101,44900.0000,10260.0000,6840.0000,"SOLES",20250331
"BID 4","DIGITALIZACIÓN EMPRESARIAL - CATEGORÍA 2",2024,"987-PROINNOVATE-IMTEMDC2-2024","IMPLEMENTACIÓN E INTEGRACIÓN DE HERRAMIENTAS DE CRM\, BRANDING\, LANDING PAGE Y POSICIONAMIENTO SEM-SEO PARA OPTIMIZAR GESTIÓN DE CLIENTES\, MEJORAR LA CAPTACIÓN DE LEADS\, FORTALECER VISIBILIDAD ONLINE Y POTENCIAR CRECIMIENTO COMERCIAL DE WORLD SOFTWARE PERU EIRL",20241226,20251126,"WORLD SOFTWARE PERU E.I.R.L.","CHICLAYO","CHICLAYO","LAMBAYEQUE",140101,44970.0000,10278.0000,6852.0000,"SOLES",20250331
"BID 4","DIGITALIZACIÓN EMPRESARIAL - CATEGORÍA 1",2024,"989-PROINNOVATE-IMTEMDC1-2024","DIGITALIZACIÓN Y AUTOMATIZACIÓN DEL SISTEMA INTERNO DE CONTROL (SIC) MEDIANTE EL DESARROLLO A MEDIDA DE SOFTWARE ERP Y APP MOBILE OFLINE QUE PERMITA MAYOR PRODUCTIVIDAD Y CUMPLIMIENTO DE LA NORMA ORGÁNICA Y COMERCIO JUSTO EN LA ASOCIACIÓN RÍO BLANCO\, CAJAMARCA",20250205,20260105,"ASOCIACION DE PRODUCTORES CAFETALEROS CUENCAS DEL RIO BLANCO","NAMBALLE","SAN IGNACIO","CAJAMARCA",060905,65000.0000,15428.5700,10285.7100,"SOLES",20250331
"BID 4","DIGITALIZACIÓN EMPRESARIAL - CATEGORÍA 2",2024,"990-PROINNOVATE-IMTEMDC2-2024","IMPLEMENTAR UNA SOLUCIÓN DE GESTIÓN DIGITAL PARA EL CONTROL DE MANTENIMIENTO Y LOGÍSTICA DE LOS CLIENTES DE LA EMPRESA","","","SERFINTEL SOCIEDAD ANONIMA CERRADA","MIRAFLORES","LIMA","LIMA",150122,45000.0000,10720.4900,6857.1400,"SOLES",20250331
"BID 4","DIGITALIZACIÓN EMPRESARIAL - CATEGORÍA 2",2024,"991-PROINNOVATE-IMTEMDC2-2024","IMPLEMENTACIÓN DE UNA SOLUCIÓN DIGITAL PARA MEJORAR LA GESTIÓN DE OPERACIONES\, LOGÍSTICA\, INVENTARIOS\, E INCORPORAR HERRAMIENTAS DE MARKETING DIGITAL QUE PERMITAN IMPULSAR LA COMERCIALIZACIÓN DE LOS SERVICIOS QUE OFRECE LA CORPORACION LA MAMITA MASHE.",20241226,20251126,"CORPORACION LA MAMITA MASHE E.I.R.L.","HUAMACHUCO","SANCHEZ CARRION","LA LIBERTAD",130901,44970.0000,10278.0000,6852.0000,"SOLES",20250331
"BID 4","PROGRAMA DE INNOVACIÓN MODERNIZACIÓN TECNOLÓGICA Y EMPRENDIMIENTO - MIPYMES DE CALIDAD - CAMBIO CLIMÁTICO",2024,"992-PROINNOVATE-IMTEMCCC-2024","FORTALECIENDO LA SOSTENIBILIDAD AMBIENTAL PARA LA EMPRESA CONSORCIO ANAYA HERMANOS SAC DE LA REGIÓN JUNÍN MEDIANTE LAS CERTIFICACIONES ISO 9001: 2015 E ISO 14001:2015",20250127,20260227,"CONSORCIO ANAYA HERMANOS SOCIEDAD ANONIMA CERRADA","YAULI","YAULI","JUNIN",120810,45000.0000,10500.0000,6645.0000,"SOLES",20250331
"BID 4","DIGITALIZACIÓN EMPRESARIAL - CATEGORÍA 2",2024,"993-PROINNOVATE-IMTEMDC2-2024","IMPLEMENTACIÓN DE UN SISTEMA MARKETPLACE LOGÍSTICO CON LA INTEGRACIÓN DE ESTRATEGIAS DE MARKETING QUE TRANSFORMEN LA COMERCIALIZACIÓN DENTRO DE LA EMPRESA TIKAY ORGANICO",20250127,20251227,"TIKAY ORGANICO S.A.C.","SOCABAYA","AREQUIPA","AREQUIPA",040122,45000.0000,10286.0000,6857.0000,"SOLES",20250331
"BID 4","DIGITALIZACIÓN EMPRESARIAL - CATEGORÍA 2",2024,"994-PROINNOVATE-IMTEMDC2-2024","DESARROLLO E IMPLEMENTACIÓN DEL MODELO DE NEGOCIO DARK STORE PARA LA EXPANSIÓN Y OPTIMIZACIÓN DE LA TIENDA CON ESTRATEGIA DE MARKETING DIGITAL PARA SU POSICIONAMIENTO REGIONAL.",20250217,20260117,"SUMINISTROS DE ALIMENTOS DEL VALLE SAC","LA VICTORIA","CHICLAYO","LAMBAYEQUE",140106,45000.0000,10300.0000,6857.0000,"SOLES",20250331
"BID 4","PROGRAMA DE INNOVACIÓN MODERNIZACIÓN TECNOLÓGICA Y EMPRENDIMIENTO - MIPYMES DE CALIDAD - CAMBIO CLIMÁTICO",2024,"995-PROINNOVATE-IMTEMCCC-2024","CERTIFICACIÓN ORGÁNICA PARA MEJORAR LA COMPETITIVIDAD Y ACCESO A NUEVOS NICHOS DEL MERCADO INTERNACIONAL DE CAFÉ (ORGÁNICO JAS) DE LA ASOCIACIÓN DE PRODUCTORES CAFETALEROS VALLE CHINGAMA",20250205,20260305,"ASOCIACION DE PRODUCTORES CAFETALEROS VALLE CHINGAMA","JAEN","JAEN","CAJAMARCA",060801,45000.0000,10285.7100,6857.1400,"SOLES",20250331
"BID 4","DIGITALIZACIÓN EMPRESARIAL - CATEGORÍA 2",2024,"996-PROINNOVATE-IMTEMDC2-2024","IMPLEMENTACIÓN DE LA PLATAFORMA E-COMMERCE DE GRUPO 27 S.A.C. INTEGRADO A UN PLAN ESTRATÉGICO DE MARKETING DIGITAL 2.0 PARA OPTIMIZAR EL DESARROLLO COMERCIAL\, OPERACIONAL Y POTENCIAR LA COMPETITIVIDAD DE LA MARCA MEJORANDO LA EXPERIENCIA DE COMPRA DEL CLIENTE",20250127,20251227,"GRUPO 27 S.A.C.","SURQUILLO","LIMA","LIMA",150141,45000.0000,12171.4200,7114.2900,"SOLES",20250331
"BID 4","PROGRAMA DE INNOVACIÓN MODERNIZACIÓN TECNOLÓGICA Y EMPRENDIMIENTO - MIPYMES DE CALIDAD - CAMBIO CLIMÁTICO",2024,"997-PROINNOVATE-IMTEMCCC-2024","IMPLEMENTACIÓN Y CERTIFICACIÓN DE LA NORMA ISO 14001:2015  EN LA EMPRESA JMC GERENCIA Y CONSTRUCCION S.A.C. TOMANDO  EN  CUENTA  LAS  ENMIENDAS  PARA  INCLUIR  CONSIDERACIONES  SOBRE  CAMBIO  CLIMÁTICO",20250127,20260227,"JMC GERENCIA Y CONSTRUCCION SOCIEDAD ANONIMA CERRADA  JMC GERENCIA Y CONSTRUCCION SAC","WANCHAQ","CUSCO","CUSCO",080108,45000.0000,10285.7100,6857.1400,"SOLES",20250331
"BID 4","DIGITALIZACIÓN EMPRESARIAL - CATEGORÍA 2",2024,"998-PROINNOVATE-IMTEMDC2-2024","IMPLEMENTACIÓN Y OPTIMIZACIÓN DE HERRAMIENTAS DE MARKETING DIGITAL PARA MEJORAR LA PRESENCIA EN LÍNEA Y POTENCIAR EL ALCANCE DE LA MARCA.",20250205,20260105,"VIVE PERU ESCUELA DE SALUD NATURAL Y TROFOLOGIA S.A.C.","LOS OLIVOS","LIMA","LIMA",150117,45000.0000,10286.0000,6857.0000,"SOLES",20250331
"BID 4","PROGRAMA DE INNOVACIÓN MODERNIZACIÓN TECNOLÓGICA Y EMPRENDIMIENTO - MIPYMES DE CALIDAD - CAMBIO CLIMÁTICO",2024,"999-PROINNOVATE-IMTEMCCC-2024","IMPLEMENTACIÓN DE LA NORMA ISO 14001:2015 PARA LA MEJORA DE LA SOSTENIBILIDAD AMBIENTAL Y LA RENTABILIDAD DE LA EMPRESA SAIU EXPORT S.A.C. DEL SECTOR DE AGRICULTURA SOSTENIBLE DE LA REGIÓN UCAYALI",20250205,20260305,"SAIU EXPORT S.A.C.","YARINACOCHA","CORONEL PORTILLO","UCAYALI",250105,45000.0000,10500.0000,6645.0000,"SOLES",20250331
"BID 4","DIGITALIZACIÓN EMPRESARIAL - CATEGORÍA 2",2024,"1000-PROINNOVATE-IMTEMDC2-2024","IMPLEMENTACIÓN DE UNA ESTRATEGIA DE TRANSFORMACIÓN DIGITAL PARA LA MEJORA DE LOS PROCESOS OPERATIVOS Y DE MARKETING Y CAPACITACIÓN EN HERRAMIENTAS DE INTELIGENCIA ARTIFICIAL EN UN HOTEL BOUTIQUE DE CHACHAPOYAS EN LA EMPRESA GRUPO HOTELERO DORDEAN S.A.C.",20250129,20251229,"GRUPO HOTELERO DORDEAN S.A.C.","CHACHAPOYAS","CHACHAPOYAS","AMAZONAS",010101,44900.0000,10260.0000,6840.0000,"SOLES",20250331
"BID 4","DIGITALIZACIÓN EMPRESARIAL - CATEGORÍA 2",2024,"1001-PROINNOVATE-IMTEMDC2-2024","RDSP PUBLICIDAD - MEJORAMIENTO EN LA IMAGEN DIGITAL Y POSICIONAMIENTO EN MEDIOS DIGITALES Y REDES SOCIALES",20250129,20251229,"RDSP EIRL","SAN BORJA","LIMA","LIMA",150130,45000.0000,10720.4900,6857.1400,"SOLES",20250331
"BID 4","DIGITALIZACIÓN EMPRESARIAL - CATEGORÍA 2",2024,"1002-PROINNOVATE-IMTEMDC2-2024","TRANSFORMACIÓN DIGITAL INTEGRAL PARA LA OPTIMIZACIÓN DE LA GESTIÓN CONTABLE\, RESERVAS Y ATENCIÓN AL CLIENTE MEDIANTE LA IMPLEMENTACIÓN DE ERP\, CRM Y MEJORA DE LA PÁGINA WEB EN PUKUPUKU TRAVEL S.R.L. DE LA REGIÓN CUSCO",20250129,20251229,"PUKUPUKU TRAVEL SOCIEDAD COMERCIAL DE RESPONSABILIDAD LIMITADA-PUKUPUKU TRAVEL S.R.L.","WANCHAQ","CUSCO","CUSCO",080108,45000.0000,10500.0000,6645.0000,"SOLES",20250331
"BID 4","DINAMIZACIÓN DEL ECOSISTEMA REGIONAL DE INNOVACIÓN Y EMPRENDIMIENTO",2024,"1003-PROINNOVATE-DER-2024","DINAMIZACIÓN DEL ECOSISTEMA DE INVESTIGACIÓN\, DESARROLLO\, INNOVACIÓN Y EMPRENDIMIENTO (I+D+I+E) PARA FORTALECER LA ARTICULACIÓN\, COMPETITIVIDAD Y SOSTENIBILIDAD EN LA REGIÓN CAJAMARCA",20241212,20260712,"CENTRO ECUMENICO DE PROMOCION Y ACCION SOCIAL NORTE","TRUJILLO","TRUJILLO","LA LIBERTAD",130101,2547068.0000,217142.8600,519285.7100,"SOLES",20250331
"BID 4","DIGITALIZACIÓN EMPRESARIAL - CATEGORÍA 2",2024,"1004-PROINNOVATE-IMTEMDC2-2024","IMPLEMENTACIÓN DE UN SISTEMA ERP PARA MEJORAR LA GESTIÓN DE LA INFORMACIÓN EN LOS PROCESOS PRODUCTIVOS\, COMERCIALES Y ADMINISTRATIVOS EN LA EMPRESA PASIÓN Y CHOCOLATE PUCALLPA SAC\, EN LA REGIÓN UCAYALI",20241226,20251126,"PASION Y CHOCOLATE PUCALLPA S.A.C.","CALLERIA","CORONEL PORTILLO","UCAYALI",250101,44999.7900,10286.0000,6857.0000,"SOLES",20250331
"BID 4","DIGITALIZACIÓN EMPRESARIAL - CATEGORÍA 2",2024,"1006-PROINNOVATE-IMTEMDC2-2024","MEJORA EN LA ATENCIÓN DE PROCESOS DE PRODUCCIÓN\, GESTIÓN DE INVENTARIOS Y DESPACHO POSTERIOR DE SERVICIOS GENERALES AGROINDUSTRIALES JINKAI ENENTAI E.I.R.L.\, CON EL DESARROLLO DE PLATAFORMAS DIGITALES DE GESTIÓN INTEGRADO.",20250205,20260105,"SERVICIOS GENERALES AGROINDUSTRIALES JINKAI ENENTAI EIRL  JINKAI ENENTAI EIRL","BAGUA GRANDE","UTCUBAMBA","AMAZONAS",010701,45000.0000,10285.7100,6857.1400,"SOLES",20250331
"BID 4","DIGITALIZACIÓN EMPRESARIAL - CATEGORÍA 2",2024,"1007-PROINNOVATE-IMTEMDC2-2024","?MEJORAMIENTO CON PLATAFORMA E-LEARNING E IMPLEMENTACIÓN DE CRM PARA INCREMENTAR EL POSICIONAMIENTO Y CAPTACIÓN DE NUEVOS CLIENTES DE LA CORDINADORA NACIONAL DE CAPACITACION Y ESTUDIOS DE POSTGRADO S.A.C.?",20250205,20260105,"CORDINADORA NACIONAL DE CAPACITACION Y ESTUDIOS DE POSTGRADO S.A.C.","TARAPOTO","SAN MARTIN","SAN MARTIN",220901,45000.0000,10285.7100,6857.1400,"SOLES",20250331
"BID 4","PROGRAMA DE INNOVACIÓN MODERNIZACIÓN TECNOLÓGICA Y EMPRENDIMIENTO - MIPYMES DE CALIDAD - CAMBIO CLIMÁTICO",2024,"1008-PROINNOVATE-IMTEMCCC-2024","IMPLEMENTACIÓN DE UN SISTEMA DE GESTIÓN DE CALIDAD ISO 9001:2015 EN PRODENPEX E.I.R.L\, QUE NOS PERMITA ESTANDARIZAR NUESTROS PROCESOS OPERATIVOS CON EL FIN DE LOGRAR LA ESTANDARIZACIÓN\, OPTIMIZANDO NUESTROS RECURSOS Y DISMINUYENDO NUESTRAS EMISIONES DE CARBONO",20250205,20260305,"PRODENPEX E.I.R.LTDA","HUAYOPATA","LA CONVENCION","CUSCO",080903,44999.0000,10286.0000,6857.0000,"SOLES",20250331
"BID 4","VALIDACIÓN DE LA INNOVACIÓN PARA MICROEMPRESAS Y ASOCIACIONES",2024,"1009-PROINNOVATE-PVE-2024","VALIDACIÓN TÉCNICO-COMERCIAL DE UN SISTEMA DE MONITOREO AGRÍCOLA BASADO EN TECNOLOGÍA IOT PARA OPTIMIZAR LA GESTIÓN DE NUTRIENTES NPK Y DEL RIEGO\, EN LOS CULTIVOS DE UVA DE MESA (AREQUIPA) Y CULTIVO PALTO (MOQUEGUA).",20241211,20260611,"ATLAS SOLUTIONS E.I.R.L.","JOSE LUIS BUSTAMANTE Y RIVERO","AREQUIPA","AREQUIPA",040129,280325.5700,46874.4300,44360.0000,"SOLES",20250331
"BID 4","DIGITALIZACIÓN EMPRESARIAL - CATEGORÍA 2",2024,"1010-PROINNOVATE-IMTEMDC2-2024","IMPLEMENTACIÓN DE UN SISTEMA ERP PARA OPTIMIZAR LA GESTIÓN DE DATOS\, LA INTEROPERABILIDAD Y LA GESTIÓN COMERCIAL DE LA EMPRESA CAFETERÍA 6:30 DE LA CIUDAD DE JAÉN CONTRIBUYENDO A LA MEJORA DE SU COMPETITIVIDAD Y MEJORANDO LA EXPERIENCIA DE COMPRADELCLIENTE",20250129,20251229,"6:30 COFFEE COMPANY S.A.C.","JAEN","JAEN","CAJAMARCA",060801,45000.0000,12171.4200,7114.2900,"SOLES",20250331
"BID 4","DIGITALIZACIÓN EMPRESARIAL - CATEGORÍA 2",2024,"1011-PROINNOVATE-IMTEMDC2-2024","IMPLEMENTACIÓN DE UN SISTEMA DE GESTIÓN INTEGRAL ERP PARA AUTOMATIZAR LA GESTIÓN DE DATOS Y DOCUMENTOS Y OPTIMIZAR EL ANÁLISIS DE INFORMACIÓN DEL PROCESO DE PRODUCCIÓN DE CERVEZAS ARTESANALES DE LA EMPRESA LA ETIQUETA BOUTIQUE MEJORANDO SU GESTIÓN COMERCIAL",20250129,20251229,"LA ETIQUETA BOUTIQUE S.A.C","JAEN","JAEN","CAJAMARCA",060801,45000.0000,12171.4200,7114.2900,"SOLES",20250331
"BID 4","DIGITALIZACIÓN EMPRESARIAL - CATEGORÍA 2",2024,"1012-PROINNOVATE-IMTEMDC2-2024","TRANSFORMACIÓN DIGITAL EN LA GESTIÓN DE LA PRODUCCIÓN PARA MEJORAR LA EFICIENCIA OPERATIVA EN LA EMPRESA INTI SNACKS",20250205,20260105,"INTI SNACKS SOCIEDAD COMERCIAL DE RESPONSABILIDAD LIMITADA","AMARILIS","HUANUCO","HUANUCO",100102,45000.0000,10285.7100,6857.1400,"SOLES",20250331
"BID 4","DIGITALIZACIÓN EMPRESARIAL - CATEGORÍA 2",2024,"1013-PROINNOVATE-IMTEMDC2-2024","IMPLEMENTACIÓN DE UN SOFTWARE ERP INTEGRADO CON UNA IA DE PROCESAMIENTO DE INFORMACIÓN PARA OPTIMIZAR LA GESTIÓN DE DATOS Y OPERACIONES EN TODOS LOS PROCESOS DE TRAZABILIDAD DE LA EMPRESA EXPERIMENTAL SEED MEJORANDO SU COMPETITIVIDAD COMERCIAL EN EL MERCADO",20250129,20251229,"EXPERIMENTAL SEED E.I.R.L.","JAEN","JAEN","CAJAMARCA",060801,45000.0000,12171.4200,7114.2900,"SOLES",20250331
"BID 4","DIGITALIZACIÓN EMPRESARIAL - CATEGORÍA 2",2024,"1014-PROINNOVATE-IMTEMDC2-2024","ADAPTACIÓN E IMPLEMENTACIÓN DE UN SISTEMA ERP EN ASTETE ASESORES DE SEGUROS: UNA HERRAMIENTA DIGITAL PARA EL INCREMENTO DE LA PRODUCTIVIDAD\, LA GESTIÓN EFICIENTE DE LOS DATOS Y LA GENERACIÓN DE INFORMACIÓN ESTRATÉGICA PARA LA TOMA DE DECISIONES.",20250212,20260112,"ASTETE CORREDORES DE SEGUROS SOCIEDAD ANONIMA CERRADA  ASTETE CORREDORES DE SEGUROS SAC","SAN MIGUEL","LIMA","LIMA",150136,45000.0000,10286.0000,6857.0000,"SOLES",20250331
"BID 4","DIGITALIZACIÓN EMPRESARIAL - CATEGORÍA 2",2024,"1015-PROINNOVATE-IMTEMDC2-2024","FORTALECIMIENTO DE LAS CAPACIDADES DE PROMOCIÓN DIGITAL Y SERVICIOS TURÍSTICOS INTERNOS DE LA EMPRESA APU SAMAY A TRAVÉS DE LA IMPLEMENTACIÓN DE SOLUCIONES DIGITALES PARA ALCANZAR UNA MAYOR PRODUCTIVIDAD\, VENTAS Y SERVICIOS MEJORADOS",20250212,20260112,"APU SAMAY E.I.R.L.","LA BANDA DE SHILCAYO","SAN MARTIN","SAN MARTIN",220909,45000.0000,10285.8000,6857.1000,"SOLES",20250331
"BID 4","DIGITALIZACIÓN EMPRESARIAL - CATEGORÍA 2",2024,"1016-PROINNOVATE-IMTEMDC2-2024","DESARROLLO E IMPLEMENTACIÓN DE UN SISTEMA DIGITAL PARA LA GESTIÓN DE CLIENTES\, Y CREACIÓN DE ESTRATEGIAS DE MARKETING DIGITAL PARA AUMENTAR EL ALCANCE DE LOS PROSPECTOS DE RODELAB?",20250205,20260105,"RODELAB SOCIEDAD ANONIMA CERRADA  RODELAB SAC","SURQUILLO","LIMA","LIMA",150141,45000.0000,10286.0000,6857.0000,"SOLES",20250331
"BID 4","DIGITALIZACIÓN EMPRESARIAL - CATEGORÍA 2",2024,"1017-PROINNOVATE-IMTEMDC2-2024","IMPLEMENTACIÓN DE UN SISTEMA ERP INTEGRAL QUE PERMITA DIGITALIZAR Y OPTIMIZAR LOS PROCESOS ADMINISTRATIVOS\, OPERATIVOS Y COMERCIALES EN AMFLEX SOLUCIONES VIALES S.A.C.",20250317,20260217,"AMFLEX SOLUCIONES VIALES S.A.C.","SAN JUAN DE LURIGANCHO","LIMA","LIMA",150132,45000.0000,10285.7100,6857.1400,"SOLES",20250331
"BID 4","DIGITALIZACIÓN EMPRESARIAL - CATEGORÍA 2",2024,"1018-PROINNOVATE-IMTEMDC2-2024","IMPLEMENTACIÓN DE APLICACIÓN WEB PROGRESIVA PARA POTENCIAR LA PESCA SOSTENIBLE\, FOMENTANDO LA CONCIENCIA AMBIENTAL DE LOS TURISTAS",20250127,20251227,"GRUPO AVENTOUR PERU SAC","TARAPOTO","SAN MARTIN","SAN MARTIN",220901,45000.0000,15000.0000,7500.0000,"SOLES",20250331
"BID 4","VALIDACIÓN DE LA INNOVACIÓN PARA MICROEMPRESAS Y ASOCIACIONES - CAMBIO CLIMÁTICO",2024,"1021-PROINNOVATE-PVECC-2024","VALIDACIÓN Y EMPAQUETAMIENTO TÉCNICO-COMERCIAL\, DE UN REACTOR PRODUCTOR DE BIOCHAR CON CAPTURA DE ENERGÍA TÉRMICA\, PARA REDUCIR EL USO DE FERTILIZANTES SINTÉTICOS Y PARA SECAR PRODUCTOS AGRÍCOLAS\, CON LA FINALIDAD DE MITIGAR EL CAMBIO CLIMÁTICO.",20241211,20260611,"INKAN NEGRO S.A.C.","LURIN","LIMA","LIMA",150119,246935.6000,43504.4000,101280.0000,"SOLES",20250331
"BID 4","DIGITALIZACIÓN EMPRESARIAL - CATEGORÍA 2",2024,"1022-PROINNOVATE-IMTEMDC2-2024","IMPLEMENTACIÓN DE UN SOFTWARE ERP CLOUD COMPUTING PARA LA OPTIMIZACIÓN DE LOS PROCESOS DE VENTAS\, FACTURACIÓN\, ALMACENES Y FINANZAS EN UNA FABRICA DE ALIMENTOS UTILIZANDO COMO METODOLOGÍA DE GESTIÓN DE PROYECTOS KANBAN",20241223,20251123,"OMEGALIFE EIRL","PUEBLO LIBRE","LIMA","LIMA",150121,44900.0000,10260.0000,6840.0000,"SOLES",20250331
"BID 4","DIGITALIZACIÓN EMPRESARIAL - CATEGORÍA 2",2024,"1023-PROINNOVATE-IMTEMDC2-2024","\"IMPLEMENTACIÓN DE TECNOLOGÍAS DE INFORMACIÓN\, PARA MEJORAR LOS PROCESOS PRODUCTIVOS DE LA EMPRESA AGROINDUSTRIAS CHAPICA S.A.C.\"",20250205,20260105,"AGROINDUSTRIAS CHAPICA S.A.C.","PIURA","PIURA","PIURA",200101,45000.0000,10292.0000,6858.0000,"SOLES",20250331
"BID 4","DIGITALIZACIÓN EMPRESARIAL - CATEGORÍA 2",2024,"1024-PROINNOVATE-IMTEMDC2-2024","DESARROLLO DE PLATAFORMA DE SUBASTAS MÚLTIPLES A TRAVÉS DE INTEGRACIÓN DE TECNOLOGÍAS DIGITALES AVANZADAS PARA OPTIMIZAR LA EXPERIENCIA USUARIO\, AUMENTAR EFICIENCIA OPERATIVA Y LOGRAR RECONOCIMIENTO DE MARCA A NIVEL INTERNACIONAL DE LA EMPRESA PASA LA POSTA.",20250205,20260105,"PROFIT SOLUTIONS SOCIEDAD ANONIMA CERRADA-PROFIT SOLUTIONS S.A.C.","SANTIAGO DE SURCO","LIMA","LIMA",150140,45000.0000,10286.0000,6857.0000,"SOLES",20250331
"BID 4","DIGITALIZACIÓN EMPRESARIAL - CATEGORÍA 2",2024,"1025-PROINNOVATE-IMTEMDC2-2024","DESARROLLO E IMPLEMENTACIÓN DE ESTRATEGIAS COMERCIALES DIGITALES ESPECIALIZADAS EN JOYERÍAS PARA INCREMENTAR LAS VENTAS Y EL POSICIONAMIENTO DE LA EMPRESA JOYAS PISFIL COMO UNAMARCAPREMIUN EN LA REGIÓN",20250221,20260121,"JOYAS PISFIL DIEZ CREATIVOS E.I.R.L.","CASTILLA","PIURA","PIURA",200104,45000.0000,10287.0000,6857.3200,"SOLES",20250331
"BID 4","DIGITALIZACIÓN EMPRESARIAL - CATEGORÍA 2",2024,"1026-PROINNOVATE-IMTEMDC2-2024","IMPLEMENTACIÓN DE UN SISTEMA ESPECIALIZADO EN SERVICIOS DE INTERNET PARA AUTOMATIZAR E INTEGRAR LOS PROCESOS OPERACIONALES DE COBRANZA\, RECONEXIÓN Y SOPORTE TÉCNICO EN LA EMPRESA NEXSATEL\, QUE PERMITA ALCANZAR EFICIENCIA EN LA PRODUCTIVIDAD",20250221,20260121,"NEXSATEL SOCIEDAD ANONIMA CERRADA - NEXSATEL S.A.C.","LURIN","LIMA","LIMA",150119,45000.0000,10286.0000,6857.0000,"SOLES",20250331
"BID 4","DIGITALIZACIÓN EMPRESARIAL - CATEGORÍA 2",2024,"1027-PROINNOVATE-IMTEMDC2-2024","TRANSFORMACIÓN DIGITAL EN AGRONEGOCIOS AGRÍCOLA E.I.R.L. MEDIANTE LA IMPLEMENTACIÓN DE UN SISTEMA AUTOMATIZADO E INTEGRAL PARA OPTIMIZAR LA COMERCIALIZACIÓN DE LOS PRODUCTOS Y LOS SERVICIOS AGRÍCOLAS",20250310,20260210,"AGRONEGOCIOS AGRICOLA E.I.R.L.","CHICLAYO","CHICLAYO","LAMBAYEQUE",140101,45000.0000,10300.0000,6846.0000,"SOLES",20250331
"BID 4","DIGITALIZACIÓN EMPRESARIAL - CATEGORÍA 2",2024,"1028-PROINNOVATE-IMTEMDC2-2024","IMPLEMENTACIÓN DE UNB SISTEMA AUTOMATIZADO PARA MEJORAR LA EFICIENCIA DE LOS PROCESOS: COMERCIAL\, PRODUCCIÓN Y ADMINISTRATIVO EN LIBRERIA E IMPRENTA EL PARQUE SRLTDA",20250226,20260126,"LIBRERIA E IMPRENTA EL PARQUE SRLTDA","TRUJILLO","TRUJILLO","LA LIBERTAD",130101,45000.0000,10286.0000,6857.0000,"SOLES",20250331
"BID 4","DIGITALIZACIÓN EMPRESARIAL - CATEGORÍA 2",2024,"1029-PROINNOVATE-IMTEMDC2-2024","IMPLEMENTACIÓN DE UNA PLATAFORMA QUE AUTOMATICE LA GESTIÓN DE TAREAS\, FEEDBACK PERSONALIZADO\, RETROALIMENTACIÓN DE TAREAS\, SOPORTE Y SEGUIMIENTO DE ESTUDIANTES EN PROGRAMAS DE CAPACITACIÓN.",20241226,20251126,"FUTUREMIN S.A.C.","MIRAFLORES","LIMA","LIMA",150122,44450.0000,10800.0000,6500.0000,"SOLES",20250331
"BID 4","DIGITALIZACIÓN EMPRESARIAL - CATEGORÍA 2",2024,"1031-PROINNOVATE-IMTEMDC2-2024","ACTUALIZACIÓN Y MEJORA DE UN SOFTWARE DE GESTIÓN INTEGRAL ESPECIALIZADO EN SALONES DE BELLEZA PARA AUMENTAR LA PRODUCTIVIDAD OPERATIVA\, REDUCIR COSTOS Y MEJORAR LA RETENCIÓN DE CLIENTES EN LA EMPRESA INVERSIONES ESTELAR S.A.C.",20250221,20260121,"INVERSIONES ESTELAR S.A.C.","LINCE","LIMA","LIMA",150116,45000.0000,10286.0000,6857.0000,"SOLES",20250331
"BID 4","DIGITALIZACIÓN EMPRESARIAL - CATEGORÍA 2",2024,"1032-PROINNOVATE-IMTEMDC2-2024","OPTIMIZACIÓN DE SOFTWARE DE GESTIÓN CONTABLE PARA MEJORAR LA EXPERIENCIA USUARIO DE LOS CLIENTES DE LA EMPRESA SCE SAC\, CON MIRAS A POSICIONAR SU MARCA A TRAVÉS DE UNA ESTRATEGIA INTEGRAL DE COMUNICACIÓN\, MARKETING DIGITAL Y AUTOMATIZACIÓN DEL FLUJO COMERCIAL.",20250205,20260105,"SCE CONSULTING & BUSINESS SOCIEDAD ANONIMA CERRADA","MIRAFLORES","LIMA","LIMA",150122,45000.0000,10286.0000,6857.0000,"SOLES",20250331
"BID 4","DIGITALIZACIÓN EMPRESARIAL - CATEGORÍA 2",2024,"1033-PROINNOVATE-IMTEMDC2-2024","IMPLEMENTACIÓN DE SOFTWARE DE GESTIÓN DE PROYECTOS PARA DIGITALIZAR Y GESTIONAR VARIOS PROYECTOS EN UNA PLATAFORMA UNIFICADA Y GESTIÓN COMERCIAL (CRM) PARA APLICAR ESTRATEGIAS DE MARKETING\, VENTAS Y FIDELIZACIÓN DE CLIENTES EN LA EMPRESA QUAMA GROUP LATAM SAC",20241226,20251126,"QUAMA GROUP LATAM S.A.C.","JESUS MARIA","LIMA","LIMA",150113,45000.0000,10285.7200,6857.1400,"SOLES",20250331
"BID 4","DIGITALIZACIÓN EMPRESARIAL - CATEGORÍA 2",2024,"1034-PROINNOVATE-IMTEMDC2-2024","IMPLEMENTAR HERRAMIENTAS DE OPTIMIZACIÓN DE LOS PROCESOS DE PROSPECCIÓN Y VENTAS\, ASÍ COMO EL REFORZAMIENTO DE LA GESTIÓN DE OPERACIONES MEDIANTE EL USO DE HERRAMIENTAS DIGITALES",20241226,20251126,"URBANAS GESCON S.A.C.","SANTIAGO DE SURCO","LIMA","LIMA",150140,45000.0000,10285.7200,6857.1400,"SOLES",20250331
"BID 4","PROGRAMA DE INNOVACIÓN MODERNIZACIÓN TECNOLÓGICA Y EMPRENDIMIENTO - MIPYMES DE CALIDAD - CAMBIO CLIMÁTICO",2024,"1035-PROINNOVATE-IMTEMCCC-2024","IMPLEMENTACIÓN Y CERTIFICACIÓN DE LA BINORMA ISO 9001 Y 14001 EN HV ELECTRIC SERVICES S.A.C.\, PARA MEJORAR LA CALIDAD DE LOS SERVICIOS Y EL APROVECHAMIENTO DE LOS RESIDUOS PARA OTRAS CADENAS DE VALOR\, PROMOVIENDO LA SOSTENIBILIDAD Y EFICIENCIA OPERATIVA",20250212,20260312,"HV ELECTRIC SERVICES S.A.C.","YANAHUARA","AREQUIPA","AREQUIPA",040126,45000.0000,10286.0000,6857.0000,"SOLES",20250331
"BID 4","DIGITALIZACIÓN EMPRESARIAL - CATEGORÍA 2",2024,"1036-PROINNOVATE-IMTEMDC2-2024","DISEÑO E IMPLEMENTACIÓN DE UN INTERFAZ DE FACTURACIÓN DIGITAL Y CONTROL DE PAGOS EN INNGRESA SAC\, PARA MEJORAR LOS FLUJOS DE TRABAJO.",20241226,20251126,"INNGRESA S.A.C.","LOS OLIVOS","LIMA","LIMA",150117,45000.0000,10292.0000,6858.0000,"SOLES",20250331
"BID 4","DIGITALIZACIÓN EMPRESARIAL - CATEGORÍA 2",2024,"1037-PROINNOVATE-IMTEMDC2-2024","ACTUALIZACIÓN DEL WEBSITE CON INTEGRACIÓN DE ECOMMERCE Y ESTRATEGIAS DE MARKETING DIGITAL PARA EL POSICIONAMIENTO DE MARCA\, MEJORA EN LA EXPERIENCIA DEL CLIENTE Y AMPLIACIÓN DEL ALCANCE DEL CANAL DIGITAL EN LA EMPRESA SINCHI ALIMENTOS SAC",20250319,20260219,"SINCHI ALIMENTOS S.A.C.","LOS OLIVOS","LIMA","LIMA",150117,45000.0000,10286.0000,6857.0000,"SOLES",20250331
"BID 4","DIGITALIZACIÓN EMPRESARIAL - CATEGORÍA 2",2024,"1040-PROINNOVATE-IMTEMDC2-2024","AUTOMATIZACIÓN DE LOS PROCESOS PRODUCTIVOS Y FORTALECIMIENTO DE LAS ESTRATEGIAS DE MARKETING DIGITAL EN LA EMPRESA NEROGA DISEÑO & ARQUITECTURA E.I.R.L. PARA POTENCIAR SU COMPETITIVIDAD\, OPTIMIZAR RECURSOS Y MEJORAR LA CALIDAD DE SUS SERVICIOS.",20250218,20260118,"NEROGA DISEÑO & ARQUITECTURA E.I.R.L.","PAITA","PAITA","PIURA",200501,45000.0000,10292.0000,6858.0000,"SOLES",20250331
"BID 4","PROGRAMA DE INNOVACIÓN MODERNIZACIÓN TECNOLÓGICA Y EMPRENDIMIENTO - MIPYMES DE CALIDAD - CAMBIO CLIMÁTICO",2024,"1041-PROINNOVATE-IMTEMCCC-2024","IMPLEMENTACIÓN Y CERTIFICACIÓN DE LA NORMA COMERCIO JUSTO QUE PERMITA APERTURA COMERCIAL EN MERCADOS INTERNACIONALES Y CONTRIBUYA A LA MITIGACIÓN DEL CAMBIO CLIMÁTICO EN LA ASOCIACIÓN COFFEE LAND\, CAJAMARCA",20251227,20270127,"ASOCIACION DE PRODUCTORES AGROPECUARIOS COFFEE LAND PERU","JAEN","JAEN","CAJAMARCA",060801,45000.0000,10285.7100,6857.1400,"SOLES",20250331
"BID 4","DIGITALIZACIÓN EMPRESARIAL - CATEGORÍA 2",2024,"1042-PROINNOVATE-IMTEMDC2-2024","DIGITALIZACION DE LOS SISTEMAS DE CALIDAD Y PERSONALIZACION DEL ERP/CRM/IOT PARA MEJORAR LA GESTION INTERNA Y EXTERNA ATRAVES DE LA ADAPTACION PRECISA A NUESTROS PROCESOS.",20241028,20250928,"CERVECERIA COSTERA S.A.C.","MOCHE","TRUJILLO","LA LIBERTAD",130107,33000.0000,7200.0000,4800.0000,"SOLES",20250331
"BID 4","PROGRAMA DE INNOVACIÓN MODERNIZACIÓN TECNOLÓGICA Y EMPRENDIMIENTO - MIPYMES DE CALIDAD - CAMBIO CLIMÁTICO",2024,"1043-PROINNOVATE-IMTEMCCC-2024","IMPLEMENTACIÓN Y CERTIFICACIÓN BRC PARA LA LÍNEA DE PROCESAMIENTO DE CONCENTRADOS EN ANDEAN ROOTS SRL PARA LA MEJORAR EN LA CALIDAD ALIMENTARIA Y EXPANSIÓN INTERNACIONAL",20250205,20260305,"ANDEAN ROOTS SRL","AMBO","AMBO","HUANUCO",100201,45000.0000,10285.7200,6857.1400,"SOLES",20250331
"BID 4","DIGITALIZACIÓN EMPRESARIAL - CATEGORÍA 2",2024,"1045-PROINNOVATE-IMTEMDC2-2024","INCREMENTO DE LA PRODUCTIVIDAD DE SMART DISEÑO\, A TRAVÉS DE LA IMPLEMENTACIÓN DE UN SISTEMA ERP Y MEJORA DE LA EXPERIENCIA DE LOS CLIENTES CON LA INCLUSIÓN DE REALIDAD VIRTUAL Y HERRAMIENTAS DE MARKETING DIGITAL.",20250212,20260112,"SMART DISEÑO S.A.C.","YANAHUARA","AREQUIPA","AREQUIPA",040126,45000.0000,10500.0000,6850.0000,"SOLES",20250331
"BID 4","DIGITALIZACIÓN EMPRESARIAL - CATEGORÍA 1",2024,"1046-PROINNOVATE-IMTEMDC1-2024","IMPLEMENTACIÓN DE SOLUCIONES DIGITALES PARA LA OPTIMIZACIÓN DE PROCESOS Y GESTIÓN COMERCIAL EN LA ASOCIACIÓN DE PRODUCTORES BLUE COFFEE DE UBIRIKI: ENFOQUE EN TRAZABILIDAD DEL CAFÉ Y VALORIZACIÓN DE RESIDUOS",20250226,20260126,"ASOCIACION DE PRODUCTORES BLUE COFFEE DE UBIRIKI","PICHANAQUI","CHANCHAMAYO","JUNIN",120303,64800.0000,17000.0000,9500.0000,"SOLES",20250331
"BID 4","DIGITALIZACIÓN EMPRESARIAL - CATEGORÍA 2",2024,"1048-PROINNOVATE-IMTEMDC2-2024","DIGITALIZACIÓN DEL ÁREA PRODUCTIVA Y CREACIÓN DE UNA TIENDA VIRTUAL PARA LA MARCA DE CALZADO INFANTIL BAREFOOT PURI: POTENCIANDO LAS VENTAS EN EL MERCADO NORTEAMERICANO",20241028,20250928,"PURIY DEL PERU S.A.C.","MIRAFLORES","LIMA","LIMA",150122,45000.0000,10500.0000,6700.0000,"SOLES",20250331
"BID 4","DIGITALIZACIÓN EMPRESARIAL - CATEGORÍA 2",2024,"1049-PROINNOVATE-IMTEMDC2-2024","IMPLEMENTACIÓN DE CRM Y PLATAFORMA EDUCATIVA CON AUTOMATIZACIÓN DE PROCESOS MEDIANTE INTELIGENCIA ARTIFICIAL - IA",20250205,20260105,"MANAGEMENT STRATEGIC GROUP 360° S.A.C.","CHICLAYO","CHICLAYO","LAMBAYEQUE",140101,45000.0000,10286.0000,6857.0000,"SOLES",20250331
"BID 4","DIGITALIZACIÓN EMPRESARIAL - CATEGORÍA 2",2024,"1050-PROINNOVATE-IMTEMDC2-2024","OPTIMIZACIÓN INTEGRAL DE PLATAFORMA DE CONTENIDOS B2B PARA MICROEMPRESARIOS CON ENFOQUE INTERNACIONAL MEDIANTE UNA ESTRATEGIA DE MARKETING Y AUTOMATIZACIÓN DE FLUJOS COMERCIALES EN T4B GROUP S.A.C.",20250127,20251227,"T4B GROUP S.A.C.","PUEBLO LIBRE","LIMA","LIMA",150121,45000.0000,10286.0000,6857.0000,"SOLES",20250331
"BID 4","DIGITALIZACIÓN EMPRESARIAL - CATEGORÍA 2",2024,"1051-PROINNOVATE-IMTEMDC2-2024","IMPLEMENTACIÓN DE UN SISTEMA DE GESTION ERP CLOUD COMPUTING PARA EL CONTROL\, PLANIFICACION DE LA CRIANZA DE TILAPIA Y DEL STOCK EN LINEA DE LOS PRODUCTOS TERMINADOS QUE CONLLEVE A UN INCREMENTO DE LA EFICIENCIA OPERATIVA UNA EMPRESA ACUICULTURA DE RIOJA",20250218,20260118,"CONSTRUCCIONES Y ACUICULTURA SAC","NUEVA CAJAMARCA","RIOJA","SAN MARTIN",220804,45000.0000,10285.7100,6857.1400,"SOLES",20250331
"BID 4","DIGITALIZACIÓN EMPRESARIAL - CATEGORÍA 2",2024,"1052-PROINNOVATE-IMTEMDC2-2024","CALZADOS LAGUNA: TRANSFORMACIÓN DIGITAL PARA LA OPTIMIZACIÓN PRODUCTIVA Y FINANCIERA",20250319,20260219,"CREACIONES LAGUNA E I R L","SAN JUAN DE LURIGANCHO","LIMA","LIMA",150132,45000.0000,10500.0000,6700.0000,"SOLES",20250331
"BID 4","DIGITALIZACIÓN EMPRESARIAL - CATEGORÍA 1",2024,"1054-PROINNOVATE-IMTEMDC1-2024","DESARROLLAR UN APLICATIVO WEB DE TRAZABILIDAD PARA LA ASOCIACIÓN QUE DIGITALICE SU INFORMACIÓN PRODUCTIVA\, QUE LA TRANSFORME EN INDICADORES CLAVE Y PERMITA A CLIENTES Y STAKEHOLDERS VISIBILIZAR EL COMPROMISO CON LA SOSTENIBILIDAD EN LA PRODUCCIÓN DE CAFÉ ORO.",20250313,20260213,"ASOCIACION DE PRODUCTORES AGROPECUARIOS PERFILES COFFEE PERU","JAEN","JAEN","CAJAMARCA",060801,63450.0000,15030.0000,10020.0000,"SOLES",20250331
"BID 4","DIGITALIZACIÓN EMPRESARIAL - CATEGORÍA 2",2024,"1055-PROINNOVATE-IMTEMDC2-2024","IMPLEMENTACIÓN DE UNA PLATAFORMA DIGITAL EDUCATIVA PARA LA OPTIMIZACIÓN DE GESTIÓN DE PROCESOS Y APRENDIZAJE EN SST EN LA EMPRESA ASESORES DE SEGURIDAD Y SALUD OCUPACIONAL ASOCIADOS S.A.C.",20250205,20260105,"ASESORES DE SEGURIDAD Y SALUD OCUPACIONAL ASOCIADOS SAC","PUEBLO LIBRE","LIMA","LIMA",150121,44950.0000,11441.0000,6138.0000,"SOLES",20250331
"BID 4","DIGITALIZACIÓN EMPRESARIAL - CATEGORÍA 2",2024,"1057-PROINNOVATE-IMTEMDC2-2024","INCORPORACIÓN DE SOLUCIONES TECNOLÓGICAS PARA LA GESTIÓN DE INVENTARIOS Y LOGÍSTICA EN COMERCIOS RUSTIKA E.I.R.L PARA OPTIMIZAR SUS OPERACIONES\, GARANTIZAR LA SATISFACCIÓN DEL CLIENTE Y PROMOVER EL CRECIMIENTO SOSTENIBLE.",20241209,20251109,"COMERCIOS RUSTIKA E.I.R.L.","SECHURA","SECHURA","PIURA",200801,45000.0000,10292.0000,6858.0000,"SOLES",20250331
"BID 4","DIGITALIZACIÓN EMPRESARIAL - CATEGORÍA 2",2024,"1058-PROINNOVATE-IMTEMDC2-2024","IMPLEMENTACIÓN DE LA PLATAFORMA E-LEARNING DE LA EMPRESA NUAM INTEGRANDO UN SISTEMA DE GESTIÓN ERP PARA AUTOMATIZAR Y FACILITAR LA GESTIÓN DE DATOS Y DOCUMENTOS A TRAVÉS DE UN API DE PROCESAMIENTO DE INFORMACIÓN PARA MEJORAR LA EDUCACIÓN DE LOS ALUMNOS DE JAÉN",20250129,20251229,"EDUCANDO FUTURO AMANECER EIRL","JAEN","JAEN","CAJAMARCA",060801,45000.0000,12171.4200,7114.2900,"SOLES",20250331
"BID 4","DIGITALIZACIÓN EMPRESARIAL - CATEGORÍA 2",2024,"1059-PROINNOVATE-IMTEMDC2-2024","DESARROLLO E IMPLEMENTACIÓN DE LA PLATAFORMA WEB GOVELIAEMPRENDE.ORG\, ESCUELA ONLINE PARA LA CAPACITACIÓN Y EMPODERAMIENTO DE MUJERES EMPRENDEDORAS EN SITUACIÓN DE VULNERABILIDAD EN PERÚ.",20250127,20251227,"TALENT CONSULTING ASOCIADOS SAC  ASOCIADOS TC SAC","SANTIAGO DE SURCO","LIMA","LIMA",150140,45000.0000,10285.7200,6857.1400,"SOLES",20250331
"BID 4","DIGITALIZACIÓN EMPRESARIAL - CATEGORÍA 2",2024,"1060-PROINNOVATE-IMTEMDC2-2024","DESARROLLO E IMPLEMENTACIÓN DE UN CHATBOT IA (LLM-RAG) PARA OPTIMIZAR INTERACCIONES\, SOPORTE Y CAPACITACIÓN A CLIENTES EMPRESARIALES\, POTENCIANDO OPORTUNIDADES DE NEGOCIO PARA LOS CLIENTES DE YAQHA SAC",20250205,20260105,"YAQHA S.A.C.","IQUITOS","MAYNAS","LORETO",160101,45000.0000,10290.0000,6857.0000,"SOLES",20250331
"BID 4","DIGITALIZACIÓN EMPRESARIAL - CATEGORÍA 2",2024,"1061-PROINNOVATE-IMTEMDC2-2024","ADECUACIÓN E IMPLEMENTACIÓN DE UN ERP CON UN API DE PROCESAMIENTO DE DATOS PARA OPTIMIZAR LA GESTIÓN COMERCIAL DE CONSORCIO AYLLU SIMPLIFICANDO EL FLUJO DE TRABAJO EN UN ENTORNO DE CONECTIVIDAD COLABORATIVA MEJORANDO LA EXPERIENCIA DE COMPRA DEL CLIENTE",20250127,20251227,"CONSORCIO AYLLU S.A.C.","LIMA","LIMA","LIMA",150101,45000.0000,12171.4200,7114.2900,"SOLES",20250331
"BID 4","PROGRAMA DE INNOVACIÓN MODERNIZACIÓN TECNOLÓGICA Y EMPRENDIMIENTO - MIPYMES DE CALIDAD - CAMBIO CLIMÁTICO",2024,"1062-PROINNOVATE-IMTEMCCC-2024","INCREMENTO DEL NIVEL DE VENTAS Y ACCESO A NUEVOS DICHOS DE MERCADO CON LA IMPLEMENTACIÓN DEL CERTIFICADO RAINFOREST ALLIANCE EN LA ASOCIACIÓN DEL PRODUCTORES DEL NORTE - PRONOR",20250319,20260419,"\"ASOCIACION AGROPECUARIA DE PRODUCTORES DEL NORTE\"","SAN IGNACIO","SAN IGNACIO","CAJAMARCA",060901,45000.0000,10285.7100,6857.1400,"SOLES",20250331
"BID 4","DIGITALIZACIÓN EMPRESARIAL - CATEGORÍA 2",2024,"1063-PROINNOVATE-IMTEMDC2-2024","IMPLEMENTACIÓN DE TECNOLOGIAS DE INFORMACIÓN EN AGROINDUSTRIAS ECOVALLE SAC PARA MEJORAR LA EFICIENCIA DE LOS PROCESOS PRODUCTIVOS Y COMERCIALES.",20250127,20251227,"AGROINDUSTRIAS ECOVALLE S.A.C.","TACNA","TACNA","TACNA",230101,45000.0000,10350.0000,6800.0000,"SOLES",20250331
"BID 4","DIGITALIZACIÓN EMPRESARIAL - CATEGORÍA 2",2024,"1064-PROINNOVATE-IMTEMDC2-2024","DOTACIÓN DE INTELIGENCIA ARTIFICIAL PARA PROCESAMIENTO DE LENGUAJE NATURAL EN CONSULTAS AL ERP ODOO",20250129,20251229,"M Y R CONSULTORIA EN SISTEMAS S.A.C.","CHORRILLOS","LIMA","LIMA",150108,45000.0000,10286.0000,6857.0000,"SOLES",20250331
"BID 4","DIGITALIZACIÓN EMPRESARIAL - CATEGORÍA 2",2024,"1065-PROINNOVATE-IMTEMDC2-2024","MEJORAMIENTO DE LAS CAPACIDADES COMERCIALES DE AMAZONIA ORGANIC PRODUCTS A TRAVÉS DEL DESARROLLO DE UNA ESTRATEGIA DE MARKETING DIGITAL Y OPTIMIZACIÓN DE PÁGINA WEB AD HOC PARA USUARIOS DE COMPRAS DIGITALES PARA FORTALECER SU POSICIONAMIENTO WEB",20250221,20260121,"AMAZONIA ORGANIC PRODUCTS S.A.C.","SAN ANTONIO","SAN MARTIN","SAN MARTIN",220912,45000.0000,10285.8000,6857.1000,"SOLES",20250331
"BID 4","DIGITALIZACIÓN EMPRESARIAL - CATEGORÍA 2",2024,"1066-PROINNOVATE-IMTEMDC2-2024","IMPLEMENTACIÓN DE HERRAMIENTAS DIGITALES ÁGILES PARA LA GESTION EFICIENTE DE LOS PROCESOS PRODUCTIVOS DE MANTENIMIENTO DE INFRAESTRUCTURAS HOSPITALARIAS DE LA EMPRESA HERCONSA CONTRATISTAS GENERALES S.A.C.",20250205,20260105,"HERCONSA CONTRATISTAS GENERALES S.A.C.","PICSI","CHICLAYO","LAMBAYEQUE",140111,45000.0000,10292.0000,6858.0000,"SOLES",20250331
"BID 4","DIGITALIZACIÓN EMPRESARIAL - CATEGORÍA 2",2024,"1067-PROINNOVATE-IMTEMDC2-2024","DESARROLLO DE UN CONJUNTO DE ESTRATEGIAS DE MARKETING DIGITAL E IMPLEMENTACIÓN DE UN CRM PARA  INCREMENTAR LAS VENTAS DE AGROIN\, SOFTWARE ESPECIALIZADO DE LA EMPRESA INGESOFT",20250205,20260105,"INTELIGENCIA\, INNOVACION\, GEOGRAFIA Y SOFTWARE S.A.C.","JOSE LEONARDO ORTIZ","CHICLAYO","LAMBAYEQUE",140105,45000.0000,10287.0000,6857.3200,"SOLES",20250331
"BID 4","DIGITALIZACIÓN EMPRESARIAL - CATEGORÍA 2",2024,"1068-PROINNOVATE-IMTEMDC2-2024","DIGITALIZACIÓN DEL SISTEMA DE COMERCIALIZACIÓN EN LA AGENCIA DE VIAJES LAFAYETTE S.A.C.",20250129,20251229,"COMPANIA FRANCO PERUANA OPERADORA DE VIAJES Y SERVICIOS INTEGRALES DE TURISMO LAFAYETTE S.A.C.","TACNA","TACNA","TACNA",230101,45000.0000,10289.0000,6856.0000,"SOLES",20250331
"BID 4","PROGRAMA DE INNOVACIÓN MODERNIZACIÓN TECNOLÓGICA Y EMPRENDIMIENTO - MIPYMES DE CALIDAD - CAMBIO CLIMÁTICO",2024,"1069-PROINNOVATE-IMTEMCCC-2024","CERTIFICACIÓN DEL ESTÁNDAR RAINFOREST ALLIANCE PARA CAFÉ EN LA ASOCIACIÓN GOLD COFFEE DE CAJAMARCA\, FACILITANDO EL ACCESO A MERCADOS GLOBALES DE PRODUCTOS SOSTENIBLES Y CONTRIBUYENDO A LA CONSERVACIÓN DE LA BIODIVERSIDAD Y LA MITIGACIÓN DEL CAMBIO CLIMÁTICO",20250205,20260305,"ASOCIACION DE PRODUCTORES AGROPECUARIOS GOLD COFFEE PERU","JAEN","JAEN","CAJAMARCA",060801,45000.0000,14400.0000,25600.0000,"SOLES",20250331
"BID 4","DIGITALIZACIÓN EMPRESARIAL - CATEGORÍA 2",2024,"1070-PROINNOVATE-IMTEMDC2-2024","DESARROLLO Y PUESTA EN PRODUCCIÓN DE UN SISTEMA ERP CLOUD COMPUTING EN UNA MYPE PRODUCTORA DE ALIMENTOS DE CHACHAPOYAS QUE APOYE EN LA AUTOMATIZACIÓN DEL PROCESO DE GESTIÓN COMERCIAL\, ADMINISTRATIVA; ASI COMO LA IMPLEMENTACION DE SU WEB RESPONSIVE CON CHATBOT",20250205,20260105,"ANRUDI S.A.C.","CHACHAPOYAS","CHACHAPOYAS","AMAZONAS",010101,44900.0000,10260.0000,6840.0000,"SOLES",20250331
"BID 4","DIGITALIZACIÓN EMPRESARIAL - CATEGORÍA 2",2024,"1071-PROINNOVATE-IMTEMDC2-2024","DIGITALIZACIÓN\, OPTIMIZACIÓN Y GESTIÓN INTEGRAL DE LOS PROCESOS PRODUCTIVOS DE LA EMPRESA \"DISTRIBUIDORA JUAN JOSE EIRLTDA\" MEDIANTE LA IMPLEMENTACIÓN DE UNA HERRAMIENTA DIGITAL PARA LOGRAR MAYOR EFICIENCIA Y PRODUCTIVIDAD.",20250319,20260219,"DISTRIBUIDORA JUAN JOSE EIRLTDA","PIURA","PIURA","PIURA",200101,45000.0000,10292.0000,6858.0000,"SOLES",20250331
"BID 4","PROGRAMA DE INNOVACIÓN MODERNIZACIÓN TECNOLÓGICA Y EMPRENDIMIENTO - MIPYMES DE CALIDAD - CAMBIO CLIMÁTICO",2024,"1072-PROINNOVATE-IMTEMCCC-2024","GESTIÓN DE CALIDAD VERDE CON MEJORA CONTINUA Y CERTIFICACIÓN ISO 9001:2015 PARA LA SOSTENIBILIDAD DE \"PERÚ QUIMICOS S.AC.\"",20250127,20260227,"PERU QUIMICOS SOCIEDAD ANONIMA CERRADA","AREQUIPA","AREQUIPA","AREQUIPA",040101,45000.0000,10285.7200,6857.1400,"SOLES",20250331
"BID 4","DIGITALIZACIÓN EMPRESARIAL - CATEGORÍA 2",2024,"1073-PROINNOVATE-IMTEMDC2-2024","IMPLEMENTACIÓN DE SOLUCIONES PARA LA DIGITALIZACIÓN Y AUTOMATIZACIÓN DE LOS PROCESOS OPERATIVOS DE LA EMPRESA \"ELEMENTO CHOCOLATES S.A.C.\"",20250204,20260104,"ELEMENTO CHOCOLATES S.A.C","LINCE","LIMA","LIMA",150116,45000.0000,10285.7100,6857.1400,"SOLES",20250331
"BID 4","DIGITALIZACIÓN EMPRESARIAL - CATEGORÍA 2",2024,"1074-PROINNOVATE-IMTEMDC2-2024","OPTIMIZACIÓN OPERATIVA Y MEJORA DE EXPERIENCIA DEL CLIENTE MEDIANTE LA IMPLEMENTACIÓN DE UN SISTEMA DE GESTIÓN DE PROPIEDADES (PMS) INTEGRADO CON UNA WEB EN \"ZENTRA HOTEL EIRLTDA\".",20250212,20260112,"ZENTRA HOTEL EMPRESA INDIVIDUAL DE RESPONSABILIDAD LIMITADA","CHICLAYO","CHICLAYO","LAMBAYEQUE",140101,45000.0000,10285.7200,6857.1400,"SOLES",20250331
"BID 4","DIGITALIZACIÓN EMPRESARIAL - CATEGORÍA 2",2024,"1075-PROINNOVATE-IMTEMDC2-2024","DIGITALIZACIÓN Y OPTIMIZACIÓN DE LOS PROCESOS DE GESTIÓN DE PEDIDOS E INVENTARIOS EN LA EMPRESA \"CAF PERU SERVICIOS GENERALES E.I.R.L.\"",20250221,20260121,"CAF PERU SERVICIOS GENERALES E.I.R.L.","SANTIAGO DE SURCO","LIMA","LIMA",150140,45000.0000,10285.7200,6857.1400,"SOLES",20250331
"BID 4","DIGITALIZACIÓN EMPRESARIAL - CATEGORÍA 2",2024,"1076-PROINNOVATE-IMTEMDC2-2024","IMPLEMENTACIÓN DEL SOFTWARE  ERP ENFOCADO EN LA EFICIENCIA OPERATIVA Y LOGÍSTICA\, AUTOMATIZACIÓN DE PROCESOS\, GESTIÓN DE PROYECTOS Y SEGUIMIENTO DE KPIS EN LA EMPRESA \"ESTUDIO CONTABLE LORENZO RAMIREZ QUINTEROS S.A.C.\"",20250212,20260112,"ESTUDIO CONTABLE LORENZO RAMIREZ QUINTEROS S.A.C","CHORRILLOS","LIMA","LIMA",150108,44900.0000,10260.0000,6840.0000,"SOLES",20250331
"BID 4","DIGITALIZACIÓN EMPRESARIAL - CATEGORÍA 2",2024,"1077-PROINNOVATE-IMTEMDC2-2024","TRANSFORMACIÓN DIGITAL PARA LA OPTIMIZACIÓN DEL MARKETING\, DISEÑO PERSONALIZADO Y FIDELIZACIÓN DE CLIENTES EN THE PET BRAND",20250129,20251229,"THE PET BRAND S.A.C.","MIRAFLORES","LIMA","LIMA",150122,45000.0000,10285.7200,6857.1400,"SOLES",20250331
"BID 4","DIGITALIZACIÓN EMPRESARIAL - CATEGORÍA 2",2024,"1079-PROINNOVATE-IMTEMDC2-2024","DISEÑO E IMPLEMENTACIÓN DE PLATAFORMA DE E-LEARNING  PARA CURSOS Y PROGRAMAS ENFOCADOS A PROYECTOS DE NEGOCIOS\, CALIDAD\, INNOVACIÓN Y DESARROLLO DE ESTRATEGIAS; E IMPLEMENTACIÓN DE HERRAMIENTAS DE MARKETING DIGITAL PARA EL POSICIONAMIENTO DE LA MARCA QUALPE.",20250319,20260219,"COMERCIALIZADORA QUALPE DEL NORTE S.A.C.","JOSE LEONARDO ORTIZ","CHICLAYO","LAMBAYEQUE",140105,45000.0000,10292.0000,6858.0000,"SOLES",20250331
"BID 4","DIGITALIZACIÓN EMPRESARIAL - CATEGORÍA 2",2024,"1080-PROINNOVATE-IMTEMDC2-2024","OPTIMIZACIÓN Y AUTOMATIZACIÓN INTEGRAL DEL E-COMMERCE DE FORMAS CONECTADAS SAC MEDIANTE ESTRATEGIAS AVANZADAS DE SEO Y EL USO DE HERRAMIENTAS DIGITAL PARA AMPLIACIÓN DE MERCADO\, FIDELIZACIÓN DE CLIENTES Y AUTOMATIZACIÓN DE PROCESOS DE VENTA",20250127,20251227,"FORMAS CONECTADAS SAC","SAN ISIDRO","LIMA","LIMA",150131,45000.0000,10285.7200,6857.1400,"SOLES",20250331
"BID 4","DIGITALIZACIÓN EMPRESARIAL - CATEGORÍA 2",2024,"1082-PROINNOVATE-IMTEMDC2-2024","IMPLANTACIÓN DE ESTRATEGIA DE TRANSFORMACIÓN DIGITAL QUE CONTENGA UN CANAL DIGITAL DE VENTAS ECOMMERCE\, UNA CAMPAÑA DE MARKETING UTILIZANDO HERRAMIENTAS DE IA Y UN SISTEMA DE GESTIÓN DE VENTAS CLOUD COMPUTING EN COMERCIAL WALTER Y FABIAN KID'S E.I.RL",20250319,20260219,"COMERCIAL WALTER Y FABIANI KID'S E.I.R.L.","SAN NICOLAS","RODRIGUEZ DE MENDOZA","AMAZONAS",010601,44900.0000,10260.0000,6840.0000,"SOLES",20250331
"BID 4","PROGRAMA DE INNOVACIÓN MODERNIZACIÓN TECNOLÓGICA Y EMPRENDIMIENTO - MIPYMES DE CALIDAD - CAMBIO CLIMÁTICO",2024,"1083-PROINNOVATE-IMTEMCCC-2024","IMPLEMENTACIÓN Y CERTIFICACIÓN DEL SISTEMA DE GESTIÓN DE ENERGÍA\, BASADO EN LA ISO 50001:2018 EN ULITEX SOLE PERU SAC\, PARA REDUCIR EMISIONES DE GASES EFECTO INVERNADERO INCORPORANDO ENERGÍAS RENOVABLES QUE CONTRIBUYAN A LA EFICIENCIA ENERGÉTICA DE LA EMPRESA",20250205,20260305,"ULITEX SOLE PERU SOCIEDAD ANONIMA CERRADA - ULITEX SOLE PERU S.A.C.","CERRO COLORADO","AREQUIPA","AREQUIPA",040104,45000.0000,10285.7200,6857.1400,"SOLES",20250331
"BID 4","DIGITALIZACIÓN EMPRESARIAL - CATEGORÍA 2",2024,"1084-PROINNOVATE-IMTEMDC2-2024","IMPLEMENTACIÓN DE UN SISTEMA INTEGRADO DE GESTIÓN DE TALLERES AUTOMOTRICES EN SOLAR AUTOMOTRIZ EIRL",20250319,20251119,"SOLAR AUTOMOTRIZ EIRL","SANTIAGO DE SURCO","LIMA","LIMA",150140,32934.7900,7237.2000,4780.0000,"SOLES",20250331
"BID 4","DIGITALIZACIÓN EMPRESARIAL - CATEGORÍA 2",2024,"1085-PROINNOVATE-IMTEMDC2-2024","DISEÑO E IMPLEMENTACIÓN DE UNA ESTRATEGIA DE TRANSFORMACION DIGITAL A TRAVÉS DE LA IMPLEMENTACIÓN DE UN MARKETPLACE\, INTEGRACIÓN DE PROCESOS DE MARKETING\, FACTURACION Y LOGISTICA CON UN ERP",20250217,20260117,"PACIFIC ALLIANCE TRADING COMPANY SAC","PIURA","PIURA","PIURA",200101,45000.0000,10300.0000,6859.0000,"SOLES",20250331
"BID 4","DIGITALIZACIÓN EMPRESARIAL - CATEGORÍA 2",2024,"1086-PROINNOVATE-IMTEMDC2-2024","DESARROLLO DE UNA PLATAFORMA DIGITAL INTELIGENTE PARA REGISTRAR CLIENTES CORPORATIVOS Y PROPIEDADES\, CONCRETAR TRANSACCIONES\, Y GESTIONAR INTEGRALMENTE CONTRATOS INMOBILIARIOS CON INTELIGENCIA ARTIFICIAL Y FIRMAS ELECTRÓNICAS EN KAY PACCHA SAC",20250129,20251229,"KAY PACCHA SOCIEDAD ANONIMA CERRADA","SAN ISIDRO","LIMA","LIMA",150131,45000.0000,10285.7100,6857.1400,"SOLES",20250331
"BID 4","DIGITALIZACIÓN EMPRESARIAL - CATEGORÍA 2",2024,"1087-PROINNOVATE-IMTEMDC2-2024","DESARROLLO E IMPLEMENTACIÓN DE UNA PLATAFORMA ÚNICA Y EFICAZ DE GESTIÓN DE SERVICIOS TURÍSTICOS EN PERÚ A TRAVÉS DE HERRAMIENTAS TECNOLÓGICAS INTERACTIVAS Y MARKETING DIGITAL PARA LA EMPRESA RUSSINKA TOURS S.A.C.",20250317,20260217,"RUSSINKA TOURS SOCIEDAD ANONIMA CERRADA","CUSCO","CUSCO","CUSCO",080101,44900.0000,10260.0000,6840.0000,"SOLES",20250331
"BID 4","DIGITALIZACIÓN EMPRESARIAL - CATEGORÍA 2",2024,"1088-PROINNOVATE-IMTEMDC2-2024","OPTIMIZACIÓN DE LOS PROCESOS COMERCIALES\, OPERATIVOS Y DE MARKETING DE LA EMPRESA A1 ESTRUCTURAS MARINA A TRAVÉS DE LA IMPLEMENTACIÓN UN SISTEMA INTEGRADO CON TECNOLOGÍAS DIGITALES PARA INCREMENTAR LAS VENTAS Y EL POSICIONAMIENTO DE LA MARCA.",20250205,20260105,"A1 ESTRUCTURAS MARINA S.A.C.","SAN ANTONIO","HUAROCHIRI","LIMA",150716,45000.0000,10286.0000,6857.0000,"SOLES",20250331
"BID 4","DIGITALIZACIÓN EMPRESARIAL - CATEGORÍA 2",2024,"1089-PROINNOVATE-IMTEMDC2-2024","TRANSFORMACIÓN DIGITAL INTEGRAL PARA GRUPO DE MERCADEO 360: REDISEÑO DE PÁGINA WEB CON ESTRATEGIA SEO\, DESARROLLO DE ERP PARA GESTIÓN DE PROYECTOS E INTEGRACIÓN CON CRM PARA OPTIMIZACIÓN DE LA COMUNICACIÓN Y COMPETITIVIDAD EN EL MERCADO",20250319,20260219,"GRUPO DE MERCADEO 360 SA","MIRAFLORES","LIMA","LIMA",150122,45000.0000,10285.7200,6857.1400,"SOLES",20250331
"BID 4","PROGRAMA DE INNOVACIÓN MODERNIZACIÓN TECNOLÓGICA Y EMPRENDIMIENTO - MIPYMES DE CALIDAD - CAMBIO CLIMÁTICO",2024,"1090-PROINNOVATE-IMTEMCCC-2024","CERTIFICACIÓN DEL SISTEMA DE GESTIÓN AMBIENTAL EN LA EMPRESA ALFA NEVADO S.A.C.\, CONTRIBUYENDO A LA MITIGACIÓN DEL CAMBIO CLIMÁTICO MEDIANTE UNA MEJORA DE NUESTROS PROCESOS OPERATIVOS Y LA IDENTIFICACIÓN DE NUESTROS ASPECTOS AMBIENTALES",20241028,20251128,"ALFA NEVADO S.A.C.","CERRO COLORADO","AREQUIPA","AREQUIPA",040104,44999.0000,10286.0000,6857.0000,"SOLES",20250331
"BID 4","PROGRAMA DE INNOVACIÓN MODERNIZACIÓN TECNOLÓGICA Y EMPRENDIMIENTO - MIPYMES DE CALIDAD - CAMBIO CLIMÁTICO",2024,"1092-PROINNOVATE-IMTEMCCC-2024","DESARROLLO\, PLANIFICACIÓN Y PUESTA EN MARCHA DEL SISTEMA DE GESTIÓN DE CALIDAD CONFORME A LA NORMA ISO 9001:2015 EN SEMILLERA ROSAS S.A.C.",20250127,20260227,"SEMILLERA ROSAS S.A.C.","AREQUIPA","AREQUIPA","AREQUIPA",040101,45000.0000,10285.7100,6857.1400,"SOLES",20250331
"BID 4","PROGRAMA DE INNOVACIÓN MODERNIZACIÓN TECNOLÓGICA Y EMPRENDIMIENTO - MIPYMES DE CALIDAD - CAMBIO CLIMÁTICO",2024,"1093-PROINNOVATE-IMTEMCCC-2024","DISEÑO\, PLANIFICACIÓN\, IMPLEMENTACIÓN E INTEGRACIÓN DEL SISTEMA DE GESTIÓN BASADO EN LA NORMA ISO 45001:2018 EN LA CLÍNICA DENTAL GROUP QHALI KAY C & O S.A.C.",20250205,20260305,"GROUP QHALI KAY C & O S.A.C","AREQUIPA","AREQUIPA","AREQUIPA",040101,45000.0000,10285.7100,6857.1400,"SOLES",20250331
"BID 4","DIGITALIZACIÓN EMPRESARIAL - CATEGORÍA 2",2024,"1094-PROINNOVATE-IMTEMDC2-2024","TRANSFORMACIÓN DIGITAL MEDIANTE LA IMPLEMENTACIÓN DE UN ERP AVANZADO MODELO AD HOC PARA LA OPTIMIZACIÓN LOGÍSTICA\, GESTIÓN DE COTIZACIONES Y DE COSTOS EN LA EMPRESA CORPORACION IGG SAC",20250129,20251229,"CORPORACIÓN IGG S.A.C.","TARAPOTO","SAN MARTIN","SAN MARTIN",220901,44900.0000,10260.0000,6840.0000,"SOLES",20250331
"BID 4","DIGITALIZACIÓN EMPRESARIAL - CATEGORÍA 2",2024,"1095-PROINNOVATE-IMTEMDC2-2024","TRANSFORMACIÓN DIGITAL DE SOLUCIONES PERSONALIZADAS: EXPANSIÓN DE SOFTWARE DE GESTIÓN DOCUMENTAL Y FLUJO DE TRABAJO PARA CONSTRUCTORAS MEDIANTE ESTRATEGIAS DE MARKETING DIGITAL Y REDES SOCIALES.",20250310,20260210,"LCP LIDERES EN COMPETENCIA PERSONAL E.I.R.L. - LCP E.I.R.L.","JESUS MARIA","LIMA","LIMA",150113,45000.0000,10285.7200,6857.1400,"SOLES",20250331
"BID 4","DIGITALIZACIÓN EMPRESARIAL - CATEGORÍA 2",2024,"1096-PROINNOVATE-IMTEMDC2-2024","“DESARROLLO E IMPLEMENTACIÓN DE MÓDULOS DE GESTIÓN DE INVENTARIOS\, INTEGRACIONES TRIBUTARIAS Y CRM PARA POTENCIAR EL SAAS DE GESTIÓN CONTABLE IMPULSACONTABILIDAD.PE PARA PYMES Y ESTUDIOS CONTABLES”.",20250129,20251229,"IMPULSA STARTUP STUDIO S.A.C.","SANTIAGO DE SURCO","LIMA","LIMA",150140,45000.0000,10285.7200,6857.1400,"SOLES",20250331
"BID 4","DIGITALIZACIÓN EMPRESARIAL - CATEGORÍA 2",2024,"1097-PROINNOVATE-IMTEMDC2-2024","IMPLEMENTACIÓN DE PLATAFORMA AUTOMATIZADA E INTEGRAL PARA GARANTIZAR EL ADECUADO CONTROL\, VALORIZACIÓN Y PLANIFICACIÓN DE LOS PROYECTOS DE LA EMPRESA NEUROSYSTEM SAC PARA AFIANZAR EL POSICIONAMIENTO Y RECONOCIMIENTO DE LA EMPRESA A NIVEL NACIONAL",20250221,20260121,"CONSULTORA CONSTRUCTORA NEUROSYSTEM PERU SAC","HUANUCO","HUANUCO","HUANUCO",100101,45000.0000,10286.0000,6857.0000,"SOLES",20250331
"BID 4","DIGITALIZACIÓN EMPRESARIAL - CATEGORÍA 2",2024,"1098-PROINNOVATE-IMTEMDC2-2024","DIGITALIZACIÓN DE LA GESTIÓN EMPRESARIAL DE POLICLÍNICO OCUPACIONAL CHALLHUAHUACHO SAC A  TRAVÉS DE LA IMPLEMENTACIÓN DE UN SISTEMA ERP MEDICO.",20241202,20251102,"POLICLINICO OCUPACIONAL CHALLHUAHUACHO SOCIEDAD ANONIMA CERRADA","CHALLHUAHUACHO","COTABAMBAS","APURIMAC",030506,45000.0000,10300.0000,6858.0000,"SOLES",20250331
"BID 4","DIGITALIZACIÓN EMPRESARIAL - CATEGORÍA 2",2024,"1100-PROINNOVATE-IMTEMDC2-2024","PLATAFORMA VIRTUAL A MEDIDA PARA LA GESTIÓN INTEGRAL DE CURSOS DE PROGRAMACIÓN JAVA EN LATAM",20250319,20260219,"CJAVA PERU EMPRESA INDIVIDUAL DE RESPONSABILIDAD LIMITADA - CJAVA PERU E.I.R.L.","SAN MIGUEL","LIMA","LIMA",150136,45000.0000,10285.7200,6857.1400,"SOLES",20250331
"BID 4","VALIDACIÓN DE LA INNOVACIÓN PARA MICROEMPRESAS Y ASOCIACIONES - CAMBIO CLIMÁTICO",2024,"1101-PROINNOVATE-PVECC-2024","VALIDACIÓN Y EMPAQUETAMIENTO DE E-GRASS: PRIMER DISPOSITIVO DEL MUNDO QUE GENERA ELECTRICIDAD DEL GRASS PARA LUMINARIAS.",20250420,20260620,"INNOVACION EN PROCESOS DIGITALES S.A.C.","TRUJILLO","TRUJILLO","LA LIBERTAD",130101,254660.2400,9667.8000,69500.0000,"SOLES",20250331
"BID 4","VALIDACIÓN DE LA INNOVACIÓN PARA MICROEMPRESAS Y ASOCIACIONES - CAMBIO CLIMÁTICO",2024,"1102-PROINNOVATE-PVECC-2024","ADAPTACIÓN DEL PROCESO DE CULTIVO DE PITAHAYA CON LA IMPLEMENTACIÓN DE UN SISTEMA DE LUCES LED PARA CONTROLAR (ACELERAR O RETRASAR) EL TIEMPO DE COSECHA DE PITAHAYA IMPULSADOS POR ENERGÍA RENOVABLES CON LA MIGRACIÓN DE ENERGÍA ELÉCTRICA A MIXTA (SOLAR+EÓLICA)",20250129,20260429,"EPIC FARMS S.A.C.","SAN ISIDRO","LIMA","LIMA",150131,350000.0000,105000.0000,245000.0000,"SOLES",20250331
"BID 4","DIGITALIZACIÓN EMPRESARIAL - CATEGORÍA 2",2024,"1104-PROINNOVATE-IMTEMDC2-2024","SMARTSTEAK:  SOTWARE INTEGRAL PARA LA OPTIMIZACIÓN OPERATIVA DE CARNES FINAS STEACKHOUSE S.A.C.\, CHANCHAMAYO\, JUNIN",20250129,20251229,"STEACKHOUSE S.A.C.","CHANCHAMAYO","CHANCHAMAYO","JUNIN",120301,45000.0000,10285.7100,6857.1400,"SOLES",20250331
"BID 4","DIGITALIZACIÓN EMPRESARIAL - CATEGORÍA 2",2024,"1105-PROINNOVATE-IMTEMDC2-2024","IMPLEMENTACIÓN DE UNA PLATAFORMA E-COMMERCE CON ESTRATEGIAS DE MARKETING DIGITAL 2.0 PARA LA COMERCIALIZACIÓN Y POSICIONAMIENTO DE AGROINDUSTRIAS CAMPOS DEL VALLE: POTENCIANDO EL VALOR DEL CHOCOLATE TREE TO BAR PRODUCIDO EN EL VRAEM",20241028,20250928,"AGROINDUSTRIAS CAMPOS DEL VALLE S.R.L","PICHARI","LA CONVENCION","CUSCO",080910,44900.0000,10260.0000,6840.0000,"SOLES",20250331
"BID 4","DIGITALIZACIÓN EMPRESARIAL - CATEGORÍA 2",2024,"1107-PROINNOVATE-IMTEMDC2-2024","DESARROLLO DE UNA TIENDA VIRTUAL QUE CUENTE CON UN ESPACIO INTERACTIVO PARA QUE EL CLIENTE PUEDA CO-DISEÑAR Y COTIZAR DE FORMA PERSONALIZADA PRENDAS CON DISEÑOS DE CAFÉ Y GASTRONÓMICOS EN LA EMPRESA GRUPO RODRIGUEZ CARRASCO S.A.C.",20250205,20260105,"GRUPO RODRIGUEZ CARRASCO SOCIEDAD ANONIMA CERRADA - GRUPO RODRIGUEZ CARRASCO S.A.C.","PACHACAMAC","LIMA","LIMA",150123,44900.0000,10260.0000,6840.0000,"SOLES",20250331
"BID 4","VALIDACIÓN DE LA INNOVACIÓN PARA MICROEMPRESAS Y ASOCIACIONES",2024,"1108-PROINNOVATE-PVE-2024","VALIDAR Y EMPAQUETAR LA PLATAFORMA \"REBECA\"\, BASADA EN IA PARA ASISTIR Y HACER RECOMENDACIONES PERSONALIZADAS A VIAJEROS\, Y AYUDAR A LOS ALOJAMIENTOS DE CORTA ESTADÍA Y HOTELES DE LAS REGIONES ICA\, LIMA Y CUSCO A CONOCER Y GESTIONAR MEJOR A SUS CLIENTES.",20250129,20260329,"EULER INNOVATIONS S.A.","MIRAFLORES","LIMA","LIMA",150122,364940.6700,136559.3300,233800.0000,"SOLES",20250331
"BID 4","DIGITALIZACIÓN EMPRESARIAL - CATEGORÍA 2",2024,"1109-PROINNOVATE-IMTEMDC2-2024","IMPLEMENTACIÓN DE ERP PARA AUMENTAR LA PRODUCTIVIDAD OPERACIONAL\, Y UN CHATBOT CON RESPUESTAS AUTOMATIZADAS EN CANALES DIGITALES PARA MEJORAR EL TIEMPO DE ATENCIÓN Y CIERRE DE VENTA PARA MAYOR PRODUCTIVIDAD COMERCIAL EN LA EMPRESA COMPIPRO S.A.C.",20250319,20260219,"COMPIPRO SAC","SAN JUAN DE LURIGANCHO","LIMA","LIMA",150132,45000.0000,10286.0000,6857.0000,"SOLES",20250331
"BID 4","PROGRAMA DE INNOVACIÓN MODERNIZACIÓN TECNOLÓGICA Y EMPRENDIMIENTO - MIPYMES DE CALIDAD - CAMBIO CLIMÁTICO",2024,"1110-PROINNOVATE-IMTEMCCC-2024","IMPLEMENTACIÓN DE UN SISTEMA INTEGRADO BINORMA ISO 9001:2015 Y 14001:2015 EN LA EMPRESA NDT TECHNOLOGIES S.A.C.\, A FIN DE OPTIMIZAR LA CALIDAD DE LOS SERVICIOS QUE OFRECE\, ADEMÁS DE MEJORAR SUS CONDICIONES DE EMISIÓN DE GEI",20250205,20260305,"NDT TECHNOLOGIES S.A.C.","MARIANO MELGAR","AREQUIPA","AREQUIPA",040109,45000.0000,10286.0000,6857.0000,"SOLES",20250331
"BID 4","DIGITALIZACIÓN EMPRESARIAL - CATEGORÍA 2",2024,"1111-PROINNOVATE-IMTEMDC2-2024","TECNOLOGÍAS DIGITALES DE GESTIÓN DE CICLO DE VENTA Y SEGUIMIENTO DE CONTRATOS Y PROYECTOS DE EQUIPOS DE TECNOLOGÍAS IOT PARA MONITOREO DE COBERTURA\, RENDIMIENTO Y DESVIACIONES DE TIEMPO Y PRESUPUESTO EN LA EMPRESA LORATECH S.A.C",20250129,20251229,"LORATECH S.A.C.","MAGDALENA DEL MAR","LIMA","LIMA",150120,45000.0000,10285.7100,6857.1400,"SOLES",20250331
"BID 4","DIGITALIZACIÓN EMPRESARIAL - CATEGORÍA 2",2024,"1112-PROINNOVATE-IMTEMDC2-2024","DESARROLLO DE UN SOFTWARE INTEGRADO DE GESTIÓN ACADÉMICA Y ADMINISTRATIVA PARA CI HEMINGWAY",20250129,20251229,"CORPORACIÓN INTERNACIONAL HEMINGWAY S.A.C.","HUANCAYO","HUANCAYO","JUNIN",120101,45000.0000,10285.7100,6857.1400,"SOLES",20250331
"BID 4","DIGITALIZACIÓN EMPRESARIAL - CATEGORÍA 2",2024,"1113-PROINNOVATE-IMTEMDC2-2024","OPTIMIZAR LOS CANALES COMERCIALES\, IMPLEMENTANDO TECNOLOGÍA IVR Y ESTRATEGIAS DE MARKETING DIGITAL PARA INCREMENTAR LAS VENTAS DEL CANAL DIGITAL Y AUMENTAR LA PRODUCTIVIDAD COMERCIAL EN LA EMPRESA CLARNOVA SAC.",20250205,20260105,"CLARNOVA SOCIEDAD ANONIMA CERRADA","HUANCAYO","HUANCAYO","JUNIN",120101,45000.0000,10286.0000,6857.0000,"SOLES",20250331
"BID 4","DIGITALIZACIÓN EMPRESARIAL - CATEGORÍA 2",2024,"1114-PROINNOVATE-IMTEMDC2-2024","MEJORAMIENTO DE LA EFICIENCIA DEL PROCESO PRODUCTIVO MEDIANTE LA IMPLEMENTACIÓN DE UN SISTEMA ERP ESPECIALIZADO EN LA GESTIÓN DE COSTOS DE PRODUCCIÓN PARA LA EMPRESA ESTRATEGIAS & NEGOCIOS EMMANUEL S.A.C",20250129,20251229,"ESTRATEGIAS & NEGOCIOS EMMANUEL S.A.C.","SANTA ANITA","LIMA","LIMA",150137,45000.0000,10285.8000,6857.1000,"SOLES",20250331
"BID 4","DIGITALIZACIÓN EMPRESARIAL - CATEGORÍA 2",2024,"1115-PROINNOVATE-IMTEMDC2-2024","DESARROLLO E IMPLEMENTACIÓN DE UNA PLATAFORMA DIGITAL INTEGRAL PARA LA GESTIÓN DE CLIENTES\, PRODUCTIVIDAD DEL PERSONAL TÉCNICO Y MONITOREO DE RECURSOS OPERATIVOS INVERTIDOS EN LOS PORTAFOLIOS DE PROYECTOS DE LA EMPRESA TOTEM MULTIMEDIA",20250317,20260217,"TOTEM MULTIMEDIA E.I.R.L","TRUJILLO","TRUJILLO","LA LIBERTAD",130101,45000.0000,10285.7100,6857.1400,"SOLES",20250331
"BID 4","DIGITALIZACIÓN EMPRESARIAL - CATEGORÍA 2",2024,"1116-PROINNOVATE-IMTEMDC2-2024","IMPLEMENTACIÓN DE SISTEMA ERP\, PLATAFORMA E-COMMERCE Y UN CRM PARA OPTIMIZAR LA GESTIÓN DE INVENTARIOS\, IMPULSAR VENTAS EN LÍNEA Y PERSONALIZAR LA ATENCIÓN AL CLIENTE\, FORTALECIENDO LA RENTABILIDAD Y EL SERVICIO DE T & S SAC EN LA MACRO REGIÓN NORTE",20250319,20260219,"T & S REPRESENTACIONES S.A.C.","CHICLAYO","CHICLAYO","LAMBAYEQUE",140101,44970.0000,10278.0000,6852.0000,"SOLES",20250331
"BID 4","DIGITALIZACIÓN EMPRESARIAL - CATEGORÍA 2",2024,"1117-PROINNOVATE-IMTEMDC2-2024","IMPLEMENTACIÓN DE UNA SOLUCIÓN DIGITAL EN LA EMPRESA INSUMOS MEDICOS GENERALES E.I.R.L. - INSUMED PERU CON EL FIN DE AUMENTAR LA EFICIENCIA\, LA SATISFACCIÓN DEL CLIENTE Y LA COMPETITIVIDAD EN EL MERCADO DE EQUIPAMIENTO MÉDICO.",20250205,20260105,"INSUMOS MEDICOS GENERALES E.I.R.L.","PIMENTEL","CHICLAYO","LAMBAYEQUE",140112,45000.0000,10286.0000,6857.0000,"SOLES",20250331
"BID 4","PROGRAMA DE INNOVACIÓN MODERNIZACIÓN TECNOLÓGICA Y EMPRENDIMIENTO - MIPYMES DE CALIDAD - CAMBIO CLIMÁTICO",2024,"1118-PROINNOVATE-IMTEMCCC-2024","FORTALECIMIENTO COMERCIAL A TRAVÉS DE LA CERTIFICACIÓN RAINFOREST ALLIANCE DE LA COOPERATIVA AGRARIA SOL DEL NORTE PARA ACCEDER A NUEVOS NICHOS DEL MERCADO INTERNACIONAL DEL CAFÉ",20250127,20260227,"COOPERATIVA AGRARIA EL SOL DEL NORTE","JAEN","JAEN","CAJAMARCA",060801,45000.0000,11428.5700,5714.2800,"SOLES",20250331
"BID 4","DIGITALIZACIÓN EMPRESARIAL - CATEGORÍA 2",2024,"1119-PROINNOVATE-IMTEMDC2-2024","IMPLEMENTACIÓN DE UNA SOLUCIÓN TECNOLÓGICA PARA OPTIMIZAR LOS PROCESOS LOGÍSTICOS\, COMERCIALES Y ADMINISTRATIVOS DEL SISTEMA DE COMERCIO DIGITAL DE LA MARCA LA PLUME\, IMPULSANDO LA EFICIENCIA OPERATIVA Y LA EXPERIENCIA DEL CLIENTE EN LA EMPRESA ESPROTEX S.A.C.",20250310,20260210,"ESPROTEX SAC","LA MOLINA","LIMA","LIMA",150114,45000.0000,12171.4200,7114.2900,"SOLES",20250331
"BID 4","DIGITALIZACIÓN EMPRESARIAL - CATEGORÍA 2",2024,"1120-PROINNOVATE-IMTEMDC2-2024","IMPLEMENTACIÓN DE ESTRATEGIAS DE DIGITALIZACIÓN PARA EL FORTALECIMIENTO OPERATIVO DE LA EMPRESA \"VALER CONTRATISTAS GENERALES S.A.C.\"",20241230,20251130,"VALER CONTRATISTAS GENERALES S.A.C.","VILLA MARIA DEL TRIUNFO","LIMA","LIMA",150143,45000.0000,10285.7200,6857.1400,"SOLES",20250331
"BID 4","PROGRAMA DE INNOVACIÓN MODERNIZACIÓN TECNOLÓGICA Y EMPRENDIMIENTO - MIPYMES DE CALIDAD - CAMBIO CLIMÁTICO",2024,"1122-PROINNOVATE-IMTEMCCC-2024","IMPLEMENTACIÓN Y CERTIFICACIÓN DE UN SISTEMA DE GESTIÓN AMBIENTAL BASADA EN LA NORMA ISO 14001 EN CIFUMIGA E.I.R.L.\, CON LA FINALIDAD DE MEJORAR LOS PROCESOS\, EL DESEMPEÑO AMBIENTAL Y ADOPTAR PRÁCTICAS SOSTENIBLES PARA COMBATIR EL CAMBIO CLIMÁTICO",20250224,20260324,"CIFUMIGA E.I.R.L.","PAUCARPATA","AREQUIPA","AREQUIPA",040112,44999.0000,10286.0000,6857.0000,"SOLES",20250331
"BID 4","PROGRAMA DE INNOVACIÓN MODERNIZACIÓN TECNOLÓGICA Y EMPRENDIMIENTO - MIPYMES DE CALIDAD - CAMBIO CLIMÁTICO",2024,"1123-PROINNOVATE-IMTEMCCC-2024","CERTIFICACIÓN DE LA NORMA ISO 14001 - SISTEMA DE GESTIÓN AMBIENTAL EN LA EMPRESA \"VIERDES S.A.C.\"\, PARA MEJORAR LOS PROCESOS OPERATIVOS Y GESTIONAR ADECUADAMENTE NUESTROS RESIDUOS PARA SU REAPROVECHAMIENTO.",20250212,20260312,"VIERDES S.A.C.","SACHACA","AREQUIPA","AREQUIPA",040117,45000.0000,10286.0000,6857.0000,"SOLES",20250331
"BID 4","DIGITALIZACIÓN EMPRESARIAL - CATEGORÍA 2",2024,"1125-PROINNOVATE-IMTEMDC2-2024","IMPLEMENTACIÓN DE PLATAFORMA PARA LA MEJORA DEL POSICIONAMIENTO COMERCIAL DE LA EMPRESA ADHITIVOS E INDUSTRIAS SAN MARTIN SAC.",20241221,20251121,"ADHITIVOS E INDUSTRIAS SAN MARTIN S.A.C","TARAPOTO","SAN MARTIN","SAN MARTIN",220901,44900.0000,10260.0000,6840.0000,"SOLES",20250331
"BID 4","DIGITALIZACIÓN EMPRESARIAL - CATEGORÍA 2",2024,"1126-PROINNOVATE-IMTEMDC2-2024","IMPLEMENTACIÓN DE ESTRATEGIAS AVANZADAS DE MARKETING DIGITAL Y AUTOMATIZACIÓN DEL PROCESO DE COTIZACIÓN ONLINE Y DESPACHO EN FALU SUSTAINABLE COTTON FASHION S.A.C. PARA POTENCIAR LA CAPTACIÓN DE NUEVOS CLIENTES Y ACELERAR LA EXPANSIÓN COMERCIAL",20250221,20260121,"FALU SUSTAINABLE COTTON FASHION S.A.C.","SAN JUAN DE LURIGANCHO","LIMA","LIMA",150132,45000.0000,10285.7100,6857.1400,"SOLES",20250331
"BID 4","PROGRAMA DE INNOVACIÓN MODERNIZACIÓN TECNOLÓGICA Y EMPRENDIMIENTO - MIPYMES DE CALIDAD - CAMBIO CLIMÁTICO",2024,"1127-PROINNOVATE-IMTEMCCC-2024","CERTIFICACIÓN COMERCIO JUSTO EN LA PRODUCCIÓN Y COMERCIALIZACIÓN DE CAFÉ PARA APROVECHAR VENTANAS COMERCIALES INTERNACIONALES CON ENFOQUE DE CONTRIBUCIÓN A LA REDUCCIÓN DEL IMPACTO AMBIENTAL\, EN LA COOPERATIVA EL CHAUPE DE CAJAMARCA",20250212,20260312,"COOPERATIVA AGRARIA FRUTOS DEL CHAUPE LTDA","SAN IGNACIO","SAN IGNACIO","CAJAMARCA",060901,45000.0000,10285.7100,6857.1400,"SOLES",20250331
"BID 4","DIGITALIZACIÓN EMPRESARIAL - CATEGORÍA 2",2024,"1128-PROINNOVATE-IMTEMDC2-2024","IMPLEMENTACIÓN E INTEGRACIÓN DE TIENDA VIRTUAL\, CRM Y SISTEMA DE GESTIÓN PRODUCTIVO\, QUE PERMITA EL DESARROLLO DE UNA EXPANSIÓN OPERATIVA Y COMERCIAL IDÓNEA DE PK AGROINDUSTRIAL EIRL",20250205,20260105,"PK AGROINDUSTRIA EIRL","LA PECA","BAGUA","AMAZONAS",010206,45000.0000,10285.7100,6857.1400,"SOLES",20250331
"BID 4","DIGITALIZACIÓN EMPRESARIAL - CATEGORÍA 2",2024,"1131-PROINNOVATE-IMTEMDC2-2024","DESARROLLO DE CANALES DE MARKETING DIGITAL E IMPLEMENTACIÓN DE UN SISTEMA DE GESTIÓN EMPRESARIAL PARA MEJORAR LA EFICIENCIA OPERATIVA\, AUMENTAR LA VISIBILIDAD Y MEJORAR LOS SERVICIOS EN LA TIENDA AGRÍCOLA \"SIAGRO SAC\".",20250212,20260112,"SERVICIOS INTEGRALES PARA EL AGRO S.A.C.","TARAPOTO","SAN MARTIN","SAN MARTIN",220901,45000.0000,10285.8000,6857.1000,"SOLES",20250331
"BID 4","DIGITALIZACIÓN EMPRESARIAL - CATEGORÍA 2",2024,"1132-PROINNOVATE-IMTEMDC2-2024","IMPLEMENTACIÓN DE UN SISTEMA DE GESTIÓN EMPRESARIAL PARA EL ACOPIO Y COMERCIALIZACIÓN DE CAFÉ PERGAMINO EN LA EMPRESA FINCA VILLA VERDE SRL.",20250205,20260105,"FINCA VILLA VERDE S.R.L.","SAN IGNACIO","SAN IGNACIO","CAJAMARCA",060901,45000.0000,10285.7100,6857.1400,"SOLES",20250331
"BID 4","PROGRAMA DE INNOVACIÓN MODERNIZACIÓN TECNOLÓGICA Y EMPRENDIMIENTO - MIPYMES DE CALIDAD - CAMBIO CLIMÁTICO",2024,"1133-PROINNOVATE-IMTEMCCC-2024","CERTIFICACIÓN DEL ESTÁNDAR RAINFOREST ALLIANCE PARA CAFÉ SOSTENIBLE QUE PRODUCE Y COMERCIALIZA LA COOP. FLOR DE HUABAL COFFEE -JAÉN-CAJAMARCA QUE PERMITA POTENCIAR ACCESOS A MERCADOS INTERNACIONALES Y CONTRIBUYA A LA MITIGACIÓN Y ADAPTACIÓN AL CAMBIO CLIMÁTICO",20250127,20260227,"COOPERATIVA DE SERVICIOS MÚLTIPLES LA FLOR DE HUABAL COFFEE","JAEN","JAEN","CAJAMARCA",060801,45000.0000,10285.7100,6857.1400,"SOLES",20250331
"BID 4","DIGITALIZACIÓN EMPRESARIAL - CATEGORÍA 2",2024,"1134-PROINNOVATE-IMTEMDC2-2024","IMPLEMENTACION DE UN SISTEMA EN LA NUBE PARA EL CONTROL DE OPERACIONES DE ACON SOFT",20250205,20260105,"ACON SOFT S.A.C","SAN ISIDRO","LIMA","LIMA",150131,45000.0000,10285.7200,6857.1400,"SOLES",20250331
"BID 4","PROGRAMA DE INNOVACIÓN MODERNIZACIÓN TECNOLÓGICA Y EMPRENDIMIENTO - MIPYMES DE CALIDAD - CAMBIO CLIMÁTICO",2024,"1135-PROINNOVATE-IMTEMCCC-2024","DIAGNOSTICO\, IMPLEMENTACION Y CERTIFICACION DE UN SISTEMA DE GESTION DE CALIDAD ISO 9001:2015 EN LA EMPRESA INSPIRA CREA ESPACIOS S.A.C.",20250212,20260312,"INSPIRA CREA ESPACIOS S.A.C.","SAN MARTIN DE PORRES","LIMA","LIMA",150135,43935.0000,10017.0000,6678.0000,"SOLES",20250331
"BID 4","DIGITALIZACIÓN EMPRESARIAL - CATEGORÍA 2",2024,"1136-PROINNOVATE-IMTEMDC2-2024","DIGITALIZACIÓN INTEGRAL DE PROCESOS EN GRUPO SOTO CONTADORES E.I.R.L.",20241216,20251116,"GRUPO SOTO CONTADORES E.I.R.L.","LIMA","LIMA","LIMA",150101,45000.0000,10285.7200,6857.1400,"SOLES",20250331
"BID 4","DIGITALIZACIÓN EMPRESARIAL - CATEGORÍA 2",2024,"1137-PROINNOVATE-IMTEMDC2-2024","DESARROLLO DE ESTRATEGIAS DIGITALES PARA LA OPTIMIZACION DE RECURSOS EMPRESARIALES Y REDUCCION DE COSTOS OPERATIVOS EN LA EMPRESA  E QUELLE E.I.R.L. A TRAVES DE UN SOFTWARE ERP",20250205,20260105,"E QUELLE E.I.R.L.","YANAHUARA","AREQUIPA","AREQUIPA",040126,45000.0000,10285.7100,6857.1400,"SOLES",20250331
"BID 4","DIGITALIZACIÓN EMPRESARIAL - CATEGORÍA 2",2024,"1138-PROINNOVATE-IMTEMDC2-2024","TRANSFORMACIÓN DIGITAL DE CORPORACIÓN DE ALIMENTOS VAPA S.A.C. MEDIANTE UN SISTEMA ERP INTEGRAL Y ESTRATEGIAS DE BRANDING 2.0\, ENFOCADA EN LA OPTIMIZACIÓN DE PROCESOS\, CRECIMIENTO SOSTENIBLE Y FORTALECIMIENTO DEL POSICIONAMIENTO COMPETITIVO EN EL MERCADO.",20250129,20251229,"CORPORACION DE ALIMENTOS VAPA S.A.C.","LA BANDA DE SHILCAYO","SAN MARTIN","SAN MARTIN",220909,44970.0000,10278.0000,6852.0000,"SOLES",20250331
"BID 4","DIGITALIZACIÓN EMPRESARIAL - CATEGORÍA 2",2024,"1139-PROINNOVATE-IMTEMDC2-2024","IMPLEMENTACIÓN DE UNA SOLUCIÓN DIGITAL EN LA EMPRESA ITTACCA EXPERIENCE S.A.C. CON EL FIN DE INCREMENTAR LAS VENTAS Y LA COMPETITIVIDAD.",20250205,20260105,"ITTACCA EXPERIENCE S.A.C.","MIRAFLORES","LIMA","LIMA",150122,45000.0000,10285.7100,6857.1400,"SOLES",20250331
"BID 4","DIGITALIZACIÓN EMPRESARIAL - CATEGORÍA 2",2024,"1140-PROINNOVATE-IMTEMDC2-2024","IMPLEMENTACIÓN DE UNA SOLUCIÓN DIGITAL DE LA COCINA AL CLIENTE QUE MEJORE LA EFICIENCIA Y SATISFACCIÓN EN EL RESTAURANTE TURÍSTICO CIELO AREQUIPEÑO.",20250212,20260112,"RESTAURANTE TURISTICO CIELO AREQUIPENO SOCIEDAD COMERCIAL DE RESPONSABILIDAD LIMITADA","CERRO COLORADO","AREQUIPA","AREQUIPA",040104,45000.0000,10286.0000,6857.0000,"SOLES",20250331
"BID 4","DIGITALIZACIÓN EMPRESARIAL - CATEGORÍA 2",2024,"1141-PROINNOVATE-IMTEMDC2-2024","IMPLEMENTACIÓN DE UNA SOLUCIÓN DIGITAL EN LA EMPRESA ILLAY PERU E.I.R.L. CON LA FINALIDAD DE OPTIMIZAR LA GESTIÓN Y EL INCREMENTO DE VENTAS.",20250221,20260121,"ILLAY PERU EMPRESA INDIVIDUAL DE RESPONSABILIDAD LIMITADA - ILLAY PERU E.I.R.L.","WANCHAQ","CUSCO","CUSCO",080108,45000.0000,10285.7100,6857.1400,"SOLES",20250331
"BID 4","DIGITALIZACIÓN EMPRESARIAL - CATEGORÍA 2",2024,"1142-PROINNOVATE-IMTEMDC2-2024","IMPLEMENTACIÓN DE UNA SOLUCIÓN DIGITAL EN LA EMPRESA INCA PERU TRAVEL TOUR OPERATOR E.I.R.L.  CON EL FIN DE OPTIMIZAR LA EFICIENCIA E INCREMENTAR LA PRODUCTIVIDAD.",20250205,20260105,"INCA PERU TRAVEL TOUR OPERATOR EMPRESA INDIVIDUAL DE RESPONSABILIDAD LIMITADA","SANTIAGO","CUSCO","CUSCO",080106,45000.0000,10285.7100,6857.1400,"SOLES",20250331
"BID 4","DIGITALIZACIÓN EMPRESARIAL - CATEGORÍA 2",2024,"1143-PROINNOVATE-IMTEMDC2-2024","IMPLEMENTACIÓN DE UNA SOLUCIÓN DIGITAL EN LA EMPRESA TRES PECES SERVICIOS AGROPECUARIOS SAC CON FINES DE MEJORAR LA GESTIÓN DE LA INFORMACIÓN DEL PROCESO OPERATIVO\, ADMINISTRATIVO\, CONTABLE Y FINANCIERO.",20250221,20260121,"TRES PECES SERVICIOS AGROPECUARIOS S.A.C.","CHACHAPOYAS","CHACHAPOYAS","AMAZONAS",010101,45000.0000,10285.7100,6857.1400,"SOLES",20250331
"BID 4","DIGITALIZACIÓN EMPRESARIAL - CATEGORÍA 2",2024,"1144-PROINNOVATE-IMTEMDC2-2024","IMPLEMENTACIÓN DE UNA SOLUCIÓN DIGITAL EN LA EMPRESA AGROFISH INGENIEROS SAC QUE PERMITA INCREMENTAR PRODUCTIVIDAD Y COMPETITIVIDAD DEL NEGOCIO.",20250205,20260105,"AGROFISH INGENIEROS SAC","JAEN","JAEN","CAJAMARCA",060801,45000.0000,10285.7100,6857.1400,"SOLES",20250331
"BID 4","DIGITALIZACIÓN EMPRESARIAL - CATEGORÍA 2",2024,"1145-PROINNOVATE-IMTEMDC2-2024","IMPLEMENTACIÓN DE UNA SOLUCIÓN DIGITAL EN LA EMPRESA FENIX CONSULTORIA INTEGRAL DE NEGOCIOS E.I.R.L. CON LA FINALIDAD DE MEJORAR LA EFICIENCIA E INCREMENTAR LA PRODUCTIVIDAD DE LA EMPRESA.",20250205,20260105,"FENIX CONSULTORIA INTEGRAL DE NEGOCIOS E.I.R.L.","SURQUILLO","LIMA","LIMA",150141,45000.0000,10285.7100,6857.1400,"SOLES",20250331
"BID 4","DIGITALIZACIÓN EMPRESARIAL - CATEGORÍA 2",2024,"1146-PROINNOVATE-IMTEMDC2-2024","IMPLEMENTACIÓN DE UNA SOLUCIÓN DIGITAL EN LA EMPRESA FW LOGISTICS S.A.C. CON EL FIN DE MEJORAR LA CALIDAD DEL SERVICIO\, REDUCIR MERMAS Y DESPERDICIOS E INCREMENTAR LAS VENTAS.",20250221,20260121,"FW LOGISTICS S.A.C.","LA MOLINA","LIMA","LIMA",150114,45000.0000,10285.7100,6857.1400,"SOLES",20250331
"BID 4","PROGRAMA DE INNOVACIÓN MODERNIZACIÓN TECNOLÓGICA Y EMPRENDIMIENTO - MIPYMES DE CALIDAD - CAMBIO CLIMÁTICO",2024,"1147-PROINNOVATE-IMTEMCCC-2024","IMPLEMENTACIÓN Y CERTIFICACIÓN DE LA NORMA ISO 14001:2015 EN BUYER PERU S.A.C. CON EL FIN DE MITIGAR SUS IMPACTOS AMBIENTALES Y EMISIONES DE GEI\, A TRAVÉS DE LA GESTIÓN EFICIENTE DE RESIDUOS Y OPTIMIZACIÓN DEL CONSUMO DE COMBUSTIBLE",20250212,20260312,"BUYER PERU S.A.C.","AREQUIPA","AREQUIPA","AREQUIPA",040101,45000.0000,10286.0000,6857.0000,"SOLES",20250331
"BID 4","DIGITALIZACIÓN EMPRESARIAL - CATEGORÍA 2",2024,"1148-PROINNOVATE-IMTEMDC2-2024","IMPLEMENTACIÓN DE UN SOFTWARE ERP 100% WEB PARA LA GESTIÓN INTEGRAL DE VENTAS\, ÓRDENES DE COMPRA\, FACTURACIÓN Y REPORTES DIARIOS EN REPUESTOS ORIGINALES DEL NORTE PARA MEJORAR LA TOMA DE DECISIONES Y LA ESTRATEGIA COMERCIAL",20250221,20260121,"REPUESTOS ORIGINALES DEL NORTE S.A.C.","TRUJILLO","TRUJILLO","LA LIBERTAD",130101,45000.0000,10285.7100,6857.1400,"SOLES",20250331
"BID 4","DIGITALIZACIÓN EMPRESARIAL - CATEGORÍA 2",2024,"1150-PROINNOVATE-IMTEMDC2-2024","?DESARROLLO E IMPLEMENTACIÓN DE UN SISTEMA DE TICKETS INTEGRADO CON CRM BAJO NORMAS ITIL PARA OPTIMIZAR EL SERVICIO DE SOPORTE TÉCNICO QUE BRINDA ZOLUCIONES SAC A EMPRESAS?.",20250127,20251227,"R2J ZOLUCIONES S.A.C.","RIMAC","LIMA","LIMA",150128,45000.0000,10285.7200,6857.1400,"SOLES",20250331
"BID 4","DIGITALIZACIÓN EMPRESARIAL - CATEGORÍA 2",2024,"1151-PROINNOVATE-IMTEMDC2-2024","DISEÑO E IMPLEMENTACIÓN DE PLATAFORMA DE COMERCIO ELECTRÓNICO TRANSFRONTERIZO PARA ATENDER AL CANAL HORECA INTERNACIONAL QUE REQUIEREN DE PRODUCTOS PERUANOS",20250205,20260105,"ANDINA GARDEN PERU EIRL","LAMBAYEQUE","LAMBAYEQUE","LAMBAYEQUE",140301,45000.0000,10285.7100,6857.1400,"SOLES",20250331
"BID 4","PROGRAMA DE INNOVACIÓN MODERNIZACIÓN TECNOLÓGICA Y EMPRENDIMIENTO - MIPYMES DE CALIDAD - CAMBIO CLIMÁTICO",2024,"1152-PROINNOVATE-IMTEMCCC-2024","DIAGNÓSTICO\, IMPLEMENTACIÓN Y CERTIFICACIÓN DE LA NORMA ISO 9001:2015 DE ALTAMURA S.A.C CON UN ENFOQUE DE ECONOMÍA CIRCULAR QUE MEJORE LA PRODUCTIVIDAD\, AUMENTE LA CARTERA DE CLIENTES Y CONTRIBUYA A LA ADAPTACIÓN Y MITIGACIÓN DEL CAMBIO CLIMÁTICO",20250127,20260227,"ALTAMURA SOCIEDAD ANOMINA CERRADA - ALTAMURA S.A.C.","MIRAFLORES","LIMA","LIMA",150122,39000.0000,12000.0000,3000.0000,"SOLES",20250331
"BID 4","DIGITALIZACIÓN EMPRESARIAL - CATEGORÍA 2",2024,"1153-PROINNOVATE-IMTEMDC2-2024","DESARROLLO DE UN SISTEMA LOGÍSTICO INTEGRADO PARA MEJORAR LA GESTIÓN DE COSTOS Y OPTIMIZAR EL CONTROL DE INVENTARIO DE CONDE DE LEMOS E.I.R.L.\, JUNTO CON UN CRM PARA FORTALECER LAS RELACIONES CON LOS CLIENTES Y AUMENTAR LA FIDELIZACIÓN",20250129,20251229,"EMPRESA DE SERVICIOS TURISTICOS CONDE DE LEMOS E.I.R.L.","PUNO","PUNO","PUNO",210101,45000.0000,10286.0000,6857.0000,"SOLES",20250331
"BID 4","DIGITALIZACIÓN EMPRESARIAL - CATEGORÍA 1",2024,"1154-PROINNOVATE-IMTEMDC1-2024","DISEÑO E IMPLEMENTACIÓN DE PLATAFORMA COMERCIAL PARA CAFÉ MOLIDO Y TOSTADO DE ALTA CALIDAD\, SISTEMA INTEGRADO PARA TRAZABILIDAD\, GESTIÓN Y CALIDAD DE CAFÉ DE ESPECIALIDAD POR MICROLOTES DE LOS ASOCIADOS JUNTO CON PLATAFORMA COLABORATIVA PARA PROYECTOS",20250218,20260118,"ASOCIACIÓN DE AGRICULTORES PIRCAPAMPA BROWN COFEE","PISUQUIA","LUYA","AMAZONAS",010514,65000.0000,15500.0000,10270.0000,"SOLES",20250331
"BID 4","DIGITALIZACIÓN EMPRESARIAL - CATEGORÍA 2",2024,"1155-PROINNOVATE-IMTEMDC2-2024","INTEGRACIÓN DIGITAL DE ÁREAS OPERATIVAS Y ADMINISTRATIVAS PARA LA OPTIMIZACIÓN DE PROCESOS EN LOS SERVICIOS DE REVISIÓN TÉCNICA VEHICULAR A TRAVÉS DE LA APLICACIÓN DE ERP PERSONALIZADO E IMPLEMENTACIÓN DE ESTRATEGIAS DE MARKETING DIGITAL PARA CAPTAR CLIENTES",20250317,20260217,"REVISIONES TECNICAS MOQUEGUA SOCIEDAD ANONIMA CERRADA  REVIMOQ SAC","SAN ANTONIO","MARISCAL NIETO","MOQUEGUA",180107,45000.0000,10285.7500,6857.1500,"SOLES",20250331
"BID 4","PROGRAMA DE INNOVACIÓN MODERNIZACIÓN TECNOLÓGICA Y EMPRENDIMIENTO - MIPYMES DE CALIDAD - CAMBIO CLIMÁTICO",2024,"1157-PROINNOVATE-IMTEMCCC-2024","IMPLEMENTACIÓN Y CERTIFICACIÓN DE UN SISTEMA DE GESTIÓN AMBIENTAL EN TALENTUM INNOVA PARA DESARROLLAR OPERACIONES SOSTENIBLES MEJORANDO LA GESTION DE RECURSOS Y CONTROLANDO EL CONSUMO DE AGUA",20250218,20260318,"TALENTUM INNOVA PERU S.R.L.","AREQUIPA","AREQUIPA","AREQUIPA",040101,44999.0000,10286.0000,6857.0000,"SOLES",20250331
"BID 4","PROGRAMA DE INNOVACIÓN MODERNIZACIÓN TECNOLÓGICA Y EMPRENDIMIENTO - MIPYMES DE CALIDAD - CAMBIO CLIMÁTICO",2024,"1158-PROINNOVATE-IMTEMCCC-2024","IMPLEMENTACIÓN Y CERTIFICACIÓN DE LA NORMA ISO 14001:2015 EN LA EMPRESA\, CON EL OBJETIVO DE GESTIONAR ADECUADAMENTE NUESTROS IMPACTOS Y CONTRIBUIR A LA MITIGACIÓN DEL CAMBIO CLIMATICO EN LA EMPRESA CHARLIE¨S CATARINDO",20250127,20260227,"EDGAR AUGUSTO RIVERA CERVERA EMPRESA INDIVIDUAL DE RESPONSABILIDAD LIMITADA","MOLLENDO","ISLAY","AREQUIPA",040701,45000.0000,10286.0000,6857.0000,"SOLES",20250331
"BID 4","DIGITALIZACIÓN EMPRESARIAL - CATEGORÍA 2",2024,"1159-PROINNOVATE-IMTEMDC2-2024","PLATAFORMA INTEGRAL DE DIGITALIZACIÓN Y SOSTENIBILIDAD PARA RESTAURANTES DEL GRUPO ALMAREST",20250205,20260105,"ALMAREST S.A.C.","MIRAFLORES","LIMA","LIMA",150122,45000.0000,10285.7200,6857.1400,"SOLES",20250331
"BID 4","DIGITALIZACIÓN EMPRESARIAL - CATEGORÍA 2",2024,"1160-PROINNOVATE-IMTEMDC2-2024","TRANSFORMACIÓN DIGITAL DE PARQUE ECOTURÍSTICO ARENAL EXTREMO SAC.\, CON LA ADOPCIÓN DE MÓDULOS PERSONALIZADOS PARA FORTALECIMIENTO EN REGISTRO\, GESTIÓN Y PROMOCIÓN DE ACTIVIDADES DE AGENCIA TURÍSTICA EN LA PROVINCIA DE BAGUA - AMAZONAS.",20250218,20260118,"PARQUE ECOTURISTICO ARENAL EXTREMO SAC","LA PECA","BAGUA","AMAZONAS",010206,45000.0000,10285.7100,6857.1400,"SOLES",20250331
"BID 4","DIGITALIZACIÓN EMPRESARIAL - CATEGORÍA 2",2024,"1162-PROINNOVATE-IMTEMDC2-2024","DESARROLLO E IMPLEMENTACIÓN DE UNA SOLUCIÓN WEB2PRINT (W2P) PARA ARKOPRINT: INCREMENTO DE LA PRODUCTIVIDAD A TRAVÉS DE LA OPTIMIZACIÓN DE PROCESOS\, LA GESTIÓN EFICIENTE DE VENTAS Y LA MEJORA EN LA EXPERIENCIA DEL CLIENTE DIGITAL.",20250205,20260105,"ARKO PRINT SOLUTIONS E.I.R.L.","PUEBLO LIBRE","LIMA","LIMA",150121,45000.0000,10286.0000,6857.0000,"SOLES",20250331
"BID 4","DIGITALIZACIÓN EMPRESARIAL - CATEGORÍA 2",2024,"1163-PROINNOVATE-IMTEMDC2-2024","DESARROLLO EMPRESARIAL PARA LA EMPRESA SAEB REPRESENTACIONES COMERCIALES S.R.L.A TRAVÉS DE LA IMPLEMENTACIÓN DE UN SISTEMA ERP PARA LA MEJORA DE LA EFICIENCIA EN LOS PROCESOS PRODUCTIVOS Y COMERCIALES",20250110,20251210,"SAEB REPRESENTACIONES COMERCIALES S.R.L.","ALTO SELVA ALEGRE","AREQUIPA","AREQUIPA",040102,45000.0000,10285.7100,6857.1400,"SOLES",20250331
"BID 4","PROGRAMA DE INNOVACIÓN MODERNIZACIÓN TECNOLÓGICA Y EMPRENDIMIENTO - MIPYMES DE CALIDAD - CAMBIO CLIMÁTICO",2024,"1164-PROINNOVATE-IMTEMCCC-2024","IMPLEMENTACIÓN Y CERTIFICACIÓN DEL SISTEMA DE CALIDAD SEGÚN LA NORMA ISO 9001:2015 EN LA EMPRESA TODO IAGUAS S.A.C. CON ENFOQUE MITIGACION CAMBIO CLIMATICO",20250320,20260420,"TODO IAGUAS S.A.C.","SAN MARTIN DE PORRES","LIMA","LIMA",150135,45000.0000,10285.7200,6857.1400,"SOLES",20250331
"BID 4","DIGITALIZACIÓN EMPRESARIAL - CATEGORÍA 2",2024,"1165-PROINNOVATE-IMTEMDC2-2024","IMPLEMENTACIÓN DE UN ERP TRANSACCIONAL PARA LOS PROCESOS DE CONSULTORÍA CONTABLE\, ASESORÍA LEGAL\, TRIBUTARIA Y LABORAL EN LA EMPRESA J&M ASESORES",20250218,20260118,"J  M ASESORES EMPRESARIALES SAC","SAN BORJA","LIMA","LIMA",150130,45000.0000,10285.7200,6857.1400,"SOLES",20250331
"BID 4","DIGITALIZACIÓN EMPRESARIAL - CATEGORÍA 2",2024,"1168-PROINNOVATE-IMTEMDC2-2024","IMPLEMENTACIÓN DE SISTEMA ERP PARA OPTIMIZAR PROCESOS\, UN CRM PARA GESTIÓN AVANZADA DE CLIENTES Y HERRAMIENTAS DE MARKETING DIGITAL PARA INCREMENTAR VISIBILIDAD ONLINE Y MEJORAR LA COMERCIALIZACIÓN DE SISTEMAS DE SEGURIDAD ELECTRÓNICA DE LA EMPRESA A&TEL SAC",20250218,20260118,"ALARMAS & TELECOMUNICACIONES S.A.C.","SAN JUAN DE MIRAFLORES","LIMA","LIMA",150133,44900.0000,10260.0000,6840.0000,"SOLES",20250331
"BID 4","DIGITALIZACIÓN EMPRESARIAL - CATEGORÍA 2",2024,"1169-PROINNOVATE-IMTEMDC2-2024","TRANSFORMACIÓN INTEGRAL DE LA GESTIÓN EMPRESARIAL EN ENERGÍAS RENOVABLES DE CB ENERGÍAS RENOVABLES EIRL MEDIANTE LA INTEGRACIÓN DE UN SOFTWARE MODULAR DE GESTIÓN DE DATOS PARA OPTIMIZACIÓN DE VENTAS\, GESTIÓN DE CLIENTES Y AUTOMATIZACIÓN DE PROCESOS INTERNOS",20250218,20260118,"CB ENERGIAS RENOVABLES E.I.R.L","CHEPEN","CHEPEN","LA LIBERTAD",130401,45000.0000,10285.7100,6857.1400,"SOLES",20250331
"BID 4","DIGITALIZACIÓN EMPRESARIAL - CATEGORÍA 2",2024,"1171-PROINNOVATE-IMTEMDC2-2024","TRANSFORMACIÓN DIGITAL EN UNA FABRICA TEXTIL DE PRENDAS DE ALPACA \"CREACIONES ALIZ E.I.R.L.\" QUE INCLUYA LA IMPLEMENTACIÓN DE UNA TIENDA E-COMMERCE Y ERP PARA LA GESTIÓN DE VENTAS Y ALMACENES UTILIZANDO METODOLOGÍAS LEAN.",20250226,20260126,"CREACIONES ALIZ E.I.R.L","CHORRILLOS","LIMA","LIMA",150108,44900.0000,10260.0000,6840.0000,"SOLES",20250331
"BID 4","DIGITALIZACIÓN EMPRESARIAL - CATEGORÍA 2",2024,"1172-PROINNOVATE-IMTEMDC2-2024","IMPLEMENTACIÓN DE UNA PLATAFORMA DIGITAL INTEGRAL PARA OPTIMIZAR LA GESTIÓN DE COTIZACIONES Y PEDIDOS EN \"LEONARI E.I.R.L\"\, PROMOVIENDO LA EFICIENCIA OPERATIVA Y MEJORANDO LA EXPERIENCIA DEL CLIENTE.",20250212,20260112,"LEONARI EMPRESA INDIVIDUAL DE RESPONSABILIDAD LIMITADA","CALLAO","PROV. CONST. DEL CALLAO","CALLAO",070101,45000.0000,10500.0000,6645.0000,"SOLES",20250331
"BID 4","DIGITALIZACIÓN EMPRESARIAL - CATEGORÍA 2",2024,"1173-PROINNOVATE-IMTEMDC2-2024","DIGITALIZACIÓN INTEGRAL PARA LA MEJORA DE LA PRODUCTIVIDAD EN \"COMERCIAL FLOR & LF S.A.C.\"",20250221,20260121,"COMERCIAL FLOR & LF S.A.C.","ILO","ILO","MOQUEGUA",180301,45000.0000,10285.7200,6857.1400,"SOLES",20250331
"BID 4","DIGITALIZACIÓN EMPRESARIAL - CATEGORÍA 2",2024,"1176-PROINNOVATE-IMTEMDC2-2024","IMPLEMENTACIÓN DE UNA ESTRATEGIA COMERCIAL DIGITAL EN LA EMPRESA \"RUDRA ELECTRIC BIKES\" PARA POTENCIAR EL POSICIONAMIENTO DE LA MARCA EN EL MERCADO NACIONAL.",20250319,20260219,"FUNGI TERRAE S.R.L.","MIRAFLORES","LIMA","LIMA",150122,45000.0000,10720.4900,6857.1400,"SOLES",20250331
"BID 4","PROGRAMA DE INNOVACIÓN MODERNIZACIÓN TECNOLÓGICA Y EMPRENDIMIENTO - MIPYMES DE CALIDAD - CAMBIO CLIMÁTICO",2024,"1177-PROINNOVATE-IMTEMCCC-2024","IMPLEMENTACIÓN DE CERTIFICACIÓN ORGÁNICA PARA LA ADAPTACIÓN AL CAMBIO CLIMÁTICO Y EXPANSIÓN DE MERCADOS DE LA COOPERATIVA AGRARIA VICÚS CHULUCANAS.",20250127,20260227,"COOPERATIVA AGRARIA VICUS CHULUCANAS","CASTILLA","PIURA","PIURA",200104,45000.0000,10286.0000,6857.0000,"SOLES",20250331
"BID 4","DIGITALIZACIÓN EMPRESARIAL - CATEGORÍA 2",2024,"1178-PROINNOVATE-IMTEMDC2-2024","IMPLEMENTACIÓN DE UN SOFTWARE DE GESTIÓN HOTELERA PARA AUTOMATIZAR LAS RESERVAS Y ESTRATEGÍA DE MARKETING DIGITAL PARA MAYOR EXPOSICIÓN Y POSICIONAMIENTO DE MARCA EN EL MERCADO EXTRANJERO\, MEJORANDO LA PRODUCTIVIDAD COMERCIAL Y OPERATIVA DE \"UNUWASI E.I.R.L.\"",20250212,20260112,"UNUWASI E.I.R.L.","CALCA","CALCA","CUSCO",080401,45000.0000,10286.0000,6857.0000,"SOLES",20250331
"BID 4","DIGITALIZACIÓN EMPRESARIAL - CATEGORÍA 2",2024,"1180-PROINNOVATE-IMTEMDC2-2024","IMPLEMENTACIÓN DE TECNOLOGÍAS DE LA INFORMACIÓN Y TECNOLOGÍAS DIGITALES PARA INCREMENTAR LA COMPETITIVIDAD Y PRODUCTIVIDAD EN LA EMPRESA GRUPO INMOBILIARIO C.H. S.A.C.",20250212,20260112,"GRUPO INMOBILIARIO C.H. S.A.C.","SANTIAGO DE SURCO","LIMA","LIMA",150140,45000.0000,10289.0000,6856.0000,"SOLES",20250331
"BID 4","DIGITALIZACIÓN EMPRESARIAL - CATEGORÍA 2",2024,"1183-PROINNOVATE-IMTEMDC2-2024","FORTALECIMIENTO DE HERRAMIENTA CAMPOTEC CON INTEGRACIÓN DE MÓDULOS DE FACTURACIÓN Y REGISTROS CONTABLES- FINANCIEROS\, CON MIRAS A OPTIMIZAR SU MANEJO EN  PRODUCTORES AGRARIOS\, EN MARCO DE SERVICIOS BRINDADOS POR M&R ASESORES-SOLUCIONES SOSTENIBLES EIRL.",20250221,20260121,"M & R ASESORES-SOLUCIONES SOSTENIBLES E.I.R.L","JUANJUI","MARISCAL CACERES","SAN MARTIN",220601,45000.0000,10285.7100,6857.1400,"SOLES",20250331
"BID 4","DIGITALIZACIÓN EMPRESARIAL - CATEGORÍA 2",2024,"1184-PROINNOVATE-IMTEMDC2-2024","IMPLEMENTACIÓN DIGITAL EN NEGOCIOS Y MECÁNICA VIAL EIRL MEDIANTE LA IMPLEMENTACIÓN DE UN SISTEMA ERP INTEGRAL\, SOFTWARE DE DIAGNÓSTICO AUTOMOTRIZ AVANZADO Y ESTRATEGIAS DE SOCIAL MEDIA PARA LIDERAR EL MERCADO AUTOMOTRIZ EN LA REGIÓN AMAZONAS.",20250129,20251229,"NEGOCIOS Y MECANICA VIAL EIRL","BAGUA GRANDE","UTCUBAMBA","AMAZONAS",010701,44900.0000,10260.0000,6840.0000,"SOLES",20250331
"BID 4","DIGITALIZACIÓN EMPRESARIAL - CATEGORÍA 2",2024,"1185-PROINNOVATE-IMTEMDC2-2024","IMPLEMENTACIÓN UN ERP PARA EL SECTOR DE TELECOMUNICACIONES A FIN DE OPTIMIZAR LOS PROCESOS DE VENTA\, GESTIÓN DE CLIENTES\, OPERACIONES E INSTALACIÓN\, COBRANZA Y POST VENTA EN \"ELECTRÓNICA GONZALES EIRL\"; MEJORANDO LA EFICIENCIA OPERACIONAL Y COMERCIAL.",20250212,20260112,"ELECTRONICA GONZALES E.I.R.L.","AYACUCHO","HUAMANGA","AYACUCHO",050101,45000.0000,10286.0000,6857.0000,"SOLES",20250331
"BID 4","DIGITALIZACIÓN EMPRESARIAL - CATEGORÍA 2",2025,"001-PROINNOVATE-IMTEMDEC2-2025","IMPLEMENTACIÓN DE UNA SOLUCIÓN DIGITAL EN LA EMPRESA COFFEE FRIENDS SAC CON LA FINALIDAD DE OPTIMIZAR EL CICLO DE VENTAS PARA CAFÉS DE ESPECIALIDAD DE LA MARCA KAPHI KAYKI",20250205,20260105,"COFFEE FRIENDS S.A.C","JAEN","JAEN","CAJAMARCA",060801,45000.0000,10285.7100,6857.1400,"SOLES",20250331
"BID 4","PROGRAMA DE INNOVACIÓN MODERNIZACIÓN TECNOLÓGICA Y EMPRENDIMIENTO - MIPYMES DE CALIDAD - CAMBIO CLIMÁTICO",2025,"002-PROINNOVATE-IMTEMCCC-2025","IMPLEMENTACION Y CERTIFICACION DE LA NORMAS DE RAINFOREST ALLIANCE PARA LA MEJORA DE LA COMERCIALIZACION DE CAFE DE LOS SOCIOS DE LA COOPERATIVA AGRARIA DE PRODUCTORES SOSTENIBLES SELVA CENTRAL - CAPS SELVA CENTRAL",20250127,20260227,"COOPERATIVA AGRARIA DE PRODUCTORES SOSTENIBLES SELVA CENTRAL  - CAPS SELVA CENTRAL","PICHANAQUI","CHANCHAMAYO","JUNIN",120303,33000.0000,7200.0000,4800.0000,"SOLES",20250331
"BID 4","DIGITALIZACIÓN EMPRESARIAL - CATEGORÍA 2",2025,"003-PROINNOVATE-IMTEMDC2-2025","IMPLEMENTACIÓN DE UNA SOLUCIÓN PARA DIGITALIZAR LA ATENCIÓN DE LOS SERVICIOS DE RECLUTAMIENTO Y SELECCIÓN PARA AGILIZAR LOS PROCESOS COMERCIALES Y OPERATIVOS DE LA EMPRESA Y FORTALECER LA RELACIÓN CON NUESTROS CLIENTES",20250218,20260118,"ALWA TALENTO MY S.A.C.","ATE","LIMA","LIMA",150103,45000.0000,10285.7100,6857.1400,"SOLES",20250331
"BID 4","DIGITALIZACIÓN EMPRESARIAL - CATEGORÍA 1",2025,"004-PROINNOVATE-IMTEMDC1-2025","DIGITALIZACIÓN Y CENTRALIZACIÓN DE LOS PROCESOS INTERNOS: GESTIÓN PRODUCTIVA\, ALMACÉN\, ADMINISTRATIVO Y VENTAS MEDIANTE LA IMPLEMENTACIÓN DE SOFTWARE PERSONALIZADO QUE PERMITA UN CONTROL DE LA TRAZABILIDAD EN LA ASOCIACIÓN NUEVO HORIZONTE\, CAJAMARCA.",20250218,20260118,"ASOCIACIÓN DE PRODUCTORES AGROPECUARIOS SOLIDARIOS NUEVO HORIZONTE DEL PERÚ","CHIRINOS","SAN IGNACIO","CAJAMARCA",060902,65000.0000,15428.5700,10285.7100,"SOLES",20250331
"BID 4","DIGITALIZACIÓN EMPRESARIAL - CATEGORÍA 2",2025,"005-PROINNOVATE-IMTEMDC2-2025","IMPLEMENTACIÓN DE UNA SOLUCIÓN DIGITAL EN LA EMPRESA MACHUPICCHU VIPTOURS SRL PARA LA GESTIÓN INTEGRAL DE RESERVAS\, CONTABILIDAD Y CLIENTES.",20250205,20260105,"MACHUPICCHU VIPTOURS SOCIEDAD COMERCIAL DE RESPONSABILIDAD LIMITADA - MAVIPTOURS S.R.L.","CUSCO","CUSCO","CUSCO",080101,45000.0000,10285.7100,6857.1400,"SOLES",20250331
"BID 4","DIGITALIZACIÓN EMPRESARIAL - CATEGORÍA 2",2025,"008-PROINNOVATE-IMTEMDC2-2025","DESARROLLO A MEDIDA DE UN SOFTWARE ADAPTADO A LAS NECESIDADES ESPECÍFICAS DEL RUBRO DE CONSULTORÍA CONTABLE CON EL OBJETIVO DE CENTRALIZAR\, SISTEMATIZAR Y PROCESAR LA INFORMACIÓN FINANCIERA PARA AUMENTAR LA EFICIENCIA OPERATIVA DE ESTUDIO CONTABLE FREEMIUM",20250310,20260210,"FREEMIUM PERU S.A.C.","ANCON","LIMA","LIMA",150102,45000.0000,10286.0000,6857.0000,"SOLES",20250331
"BID 4","DIGITALIZACIÓN EMPRESARIAL - CATEGORÍA 2",2025,"009-PROINNOVATE-IMTEMDC2-2025","IMPLEMENTACIÓN DE UNA PLATAFORMA PARA AUTOMATIZAR PROCESOS EN LA EMPRESA IMAC CONSULTORES E INGENIERIA.",20250212,20260112,"IMAC CONSULTORES E INGENIERIA S.A.C.","PUEBLO LIBRE","LIMA","LIMA",150121,45000.0000,10286.0000,6857.0000,"SOLES",20250331
"BID 4","DIGITALIZACIÓN EMPRESARIAL - CATEGORÍA 2",2025,"010-PROINNOVATE-IMTEMDC2-2025","OPTIMIZACIÓN INTEGRAL DE PROCESOS EN CONSTRUCCIONES HUANCAS E.I.R.L: IMPLEMENTACIÓN DE ERP Y ESTRATEGIAS AVANZADAS DE MARKETING DIGITAL.",20250328,20260228,"CONSTRUCCIONES HUANCAS E.I.R.L.","JOSE LEONARDO ORTIZ","CHICLAYO","LAMBAYEQUE",140105,44900.0000,10260.0000,6840.0000,"SOLES",20250331
"BID 4","DIGITALIZACIÓN EMPRESARIAL - CATEGORÍA 2",2025,"012-PROINNOVATE-IMTEMDC2-2025","PROYECTO DE DIGITALIZACIÓN DEL CONTROL DE PEDIDOS E INVENTARIOS PARA LA EMPRESA LACTEOS NIQUEN EIRL",20250221,20260121,"LACTEOS NIQUEN SAC","LAMBAYEQUE","LAMBAYEQUE","LAMBAYEQUE",140301,45000.0000,10285.7100,6857.1400,"SOLES",20250331
"BID 4","DIGITALIZACIÓN EMPRESARIAL - CATEGORÍA 2",2025,"013-PROINNOVATE-IMTEMDC2-2025","IMPLEMENTACIÓN DE UN SISTEMA ERP CLOUD PARA LA OPTIMIZACIÓN Y CONTROL EN TIEMPO REAL DE LOS PROCESOS DE GESTIÓN DE CARGA Y ALMACENAMIENTO EN LA EMPRESA NAVIERA JULY DORIS E.I.R.L.",20250221,20260121,"NAVIERA JULY DORIS E.I.R.L.","YURIMAGUAS","ALTO AMAZONAS","LORETO",160201,44900.0000,10260.0000,6840.0000,"SOLES",20250331
"BID 4","DIGITALIZACIÓN EMPRESARIAL - CATEGORÍA 1",2025,"016-PROINNOVATE-IMTEMDC1-2025","DESARROLLO DE SISTEMA INTEGRAL PARA GESTIÓN DE COSTOS DE CAMPO\, TRAZABILIDAD\, ALMACENAMIENTO\, GESTIÓN DE PROYECTOS Y CALIDAD DE CAFÉ ESPECIALES ACOMPAÑADO DE UNA PLATAFORMA ONLINE DE COMERCIAO DE VARIEDADES DE CAFÉ DE LA ASOCIACIÓN DE MUJERES CAFETALERAS.",20250130,20251230,"ASOCIACION DE PRODUCTORES AGROPECUARIOS MUJERES EMPRENDEDORAS DE TABLONCILLO LA COIPA","JAEN","JAEN","CAJAMARCA",060801,65000.0000,15430.0000,10285.0000,"SOLES",20250331
"BID 4","DIGITALIZACIÓN EMPRESARIAL - CATEGORÍA 1",2025,"017-PROINNOVATE-IMTEMDC1-2025","IMPLEMENTACIÓN DE UNA SOLUCIÓN DIGITAL EN LA ASOCIACION DE PRODUCTORES AGROPERU MANDOVA CON LA FINALIDAD DE INTEGRACIÓN DE PROCESOS Y MEJORA DE LA GESTIÓN DE LA TRAZABILIDAD DEL CAFÉ PERGAMINO SECO\, DESDE EL ACOPIO HASTA SU COMERCIALIZACIÓN.",20250221,20260121,"ASOCIACION DE PRODUCTORES AGROPERU MANDOVA","JAEN","JAEN","CAJAMARCA",060801,65000.0000,15428.5700,10285.7100,"SOLES",20250331
"BID 4","DIGITALIZACIÓN EMPRESARIAL - CATEGORÍA 2",2025,"018-PROINNOVATE-IMTEMDC2-2025","IMPLEMENTACIÓN DE UNA SOLUCIÓN TECNOLÓGICA PARA MEJORAR LA EXPERIENCIA DEL USUARIO (UX)\, INCREMENTAR LOS CLIENTES Y GENERAR MAYORES VENTAS DIGITALES EN LA EMPRESA SOLUCIONES INTEGRALES EASY S.A.C",20250305,20260205,"SOLUCIONES INTEGRALES EASY S.A.C","SAN MIGUEL","LIMA","LIMA",150136,45000.0000,12171.4200,7114.2900,"SOLES",20250331
"BID 4","DIGITALIZACIÓN EMPRESARIAL - CATEGORÍA 2",2025,"019-PROINNOVATE-IMTEMDC2-2025","FORTALECIMIENTO DE LA IDENTIDAD DIGITAL DE AUTOMOTRIZ VICTOR MANUEL S.A.C. MEDIANTE LA IMPLEMENTACIÓN DE ESTRATEGIAS DE CONTENT MARKETING (WEB Y REDES SOCIALES) Y LA INTEGRACIÓN DE WHATSAPP BUSINESS Y GOOGLE MY BUSINESS PARA IMPULSAR SU EXPANSIÓN COMERCIAL",20250210,20260110,"AUTOMOTRIZ VICTOR MANUEL S.A.C.","VILLA EL SALVADOR","LIMA","LIMA",150142,45000.0000,10285.7100,6857.1400,"SOLES",20250331
"BID 4","DIGITALIZACIÓN EMPRESARIAL - CATEGORÍA 2",2025,"020-PROINNOVATE-IMTEMDC2-2025","IMPLEMENTACIÓN DE UNA PLATAFORMA DIGITAL (APLICACIÓN WEB Y MÓVIL) QUE AUTOMATICE Y OPTIMICE LA ASIGNACIÓN DE CONDUCTORES\, EL SEGUIMIENTO EN TIEMPO REAL Y LA GESTIÓN DE PAGOS\, AUMENTANDO ASÍ LA EFICIENCIA OPERATIVA Y COMPETITIVIDAD EN TRANSILVER TOURS",20250328,20260228,"TRANSILVER TOURS S.A.C.","JESUS MARIA","LIMA","LIMA",150113,45000.0000,10285.7100,6857.1400,"SOLES",20250331
"BID 4","DIGITALIZACIÓN EMPRESARIAL - CATEGORÍA 2",2025,"021-PROINNOVATE-IMTEMDC2-2025","IMPLEMENTACIÓN DE UNA PLATAFORMA DE E-COMMERCE CON ERP\, CRM Y MARKETING DIGITAL 4.0 PARA OPTIMIZAR LA TRAZABILIDAD PRODUCTIVO-COMERCIAL E INCREMENTAR LAS VENTAS B2C-B2B DEL CAFÉ DE ESPECIALIDAD DE ROCKAFE PRODUCIDO EN PUNO\, AYACUCHO Y JUNÍN",20250404,20260304,"AS SUPPORT S.R.L.","PUEBLO LIBRE","LIMA","LIMA",150121,45000.0000,10285.7100,6857.1400,"SOLES",20250331
"BID 4","DIGITALIZACIÓN EMPRESARIAL - CATEGORÍA 2",2025,"022-PROINNOVATE-IMTEMDC2-2025","DESARROLLO E IMPLEMENTACIÓN DE UN SISTEMA PERSONALIZADO ORIENTADO AL DESARROLLO DE PROYECTOS DE IMPLEMENTACIÓN DE MUEBLES MODULARES EN LA EMPRESA MODULARE SAC",20250128,20251228,"MODULARE S.A.C.","CHORRILLOS","LIMA","LIMA",150108,45000.0000,10285.7200,6857.1400,"SOLES",20250331
"BID 4","DIGITALIZACIÓN EMPRESARIAL - CATEGORÍA 2",2025,"023-PROINNOVATE-IMTEMDC2-2025","DESARROLLO DE UNA SOLUCIÓN DIGITAL INTEGRAL PARA FORTALECER LAS CAPACIDADES TECNOLÓGICAS DE DYT INTEGRA S.A.C. EN EL SECTOR LOGÍSTICO Y DE TRANSPORTE.",20241216,20251116,"DYT INTEGRA S.A.C.","AREQUIPA","AREQUIPA","AREQUIPA",040101,45000.0000,10285.7200,6857.1300,"SOLES",20250331
"BID 4","DIGITALIZACIÓN EMPRESARIAL - CATEGORÍA 2",2025,"024-PROINNOVATE-IMTEMDC2-2025","IMPLEMENTACIÓN DE UNA SOLUCIÓN DIGITAL EN LA EMPRESA AGROINDUSTRIAL LUPITA SRL CON LA FINALIDAD DE AUTOMATIZACIÓN DE PROCESOS\, LA GESTIÓN INTELIGENTE DE DATOS Y LA TOMA DE DECISIONES ESTRATÉGICAS EN LA EMPRESA.",20250317,20260217,"AGROINDUSTRIAL LUPITA SRL","SANTA ROSA","MELGAR","PUNO",210808,45000.0000,10286.0000,6857.0000,"SOLES",20250331
"BID 4","DIGITALIZACIÓN EMPRESARIAL - CATEGORÍA 2",2025,"025-PROINNOVATE-IMTEMDC2-2025","IMPLEMENTACIÓN DE UNA SOLUCIÓN DIGITAL EN LA EMPRESA FORWARD GROUP S.A.C. CON LA FINALIDAD DE POTENCIAR LA PRESENCIA DIGITAL DE LA MARCA Y LA GESTIÓN DE CLIENTES.",20250221,20260121,"FORWARD GROUP S.A.C.","LA MOLINA","LIMA","LIMA",150114,45000.0000,10285.7100,6857.1400,"SOLES",20250331
"BID 4","DIGITALIZACIÓN EMPRESARIAL - CATEGORÍA 2",2025,"027-PROINNOVATE-IMTEMDC2-2025","IMPLEMENTACIÓN DE UNA SOLUCIÓN DIGITAL EN LA EMPRESA L105 E.I.R.L CON LA FINALIDAD DE MEJORAR EL POSICIONAMIENTO DE LA MARCA Y LA RENTABILIDAD DEL PRODUCTO.",20250221,20260121,"L105 E.I.R.L","SAN BORJA","LIMA","LIMA",150130,45000.0000,10285.7100,6857.1400,"SOLES",20250331
"BID 4","DIGITALIZACIÓN EMPRESARIAL - CATEGORÍA 2",2025,"028-PROINNOVATE-IMTEMDC2-2025","APLICACIÓN DE TECNOLOGÍAS DIGITALES PARA LA IMPLEMENTACIÓN DE DISEÑO COLABORATIVO Y ARQUITECTURA DE LA EXPERIENCIA DE USUARIO",20250221,20260121,"DILE CHAO SAC","TRUJILLO","TRUJILLO","LA LIBERTAD",130101,45000.0000,10290.0000,6855.0000,"SOLES",20250331
"BID 4","DIGITALIZACIÓN EMPRESARIAL - CATEGORÍA 2",2025,"029-PROINNOVATE-IMTEMDC2-2025","IMPLEMENTACIÓN DE UNA PLATAFORMA DIGITAL QUE PERMITA LA TRAZABILIDAD DE MUESTRAS DESDE LA RECOLECCIÓN HASTA LA OBTENCIÓN DE RESULTADOS PARA LA MEJORA DE LA PRODUCTIVIDAD Y EFICIENCIA OPERATIVA EN LA EMPRESA MICROSOLUTION LAB S.A.C.",20250226,20260126,"MICROSOLUTIONS LAB S.A.C.","TARAPOTO","SAN MARTIN","SAN MARTIN",220901,44550.0000,10170.0000,6780.0000,"SOLES",20250331
"BID 4","DIGITALIZACIÓN EMPRESARIAL - CATEGORÍA 2",2025,"030-PROINNOVATE-IMTEMDC2-2025","IMPLEMENTACIÓN DE HERRAMIENTAS DIGITALES PARA AUMENTAR LA PRODUCTIVIDAD DE LOS PROCESOS DE PRE ANALÍTICA Y POS ANALÍTICA DEL LABORATORIO CLÍNICO ROKA S.A.C.",20250221,20260121,"LABORATORIO CLINICO ROKA S.A.C.","TARAPOTO","SAN MARTIN","SAN MARTIN",220901,44480.0000,10152.0000,6768.0000,"SOLES",20250331
"BID 4","DIGITALIZACIÓN EMPRESARIAL - CATEGORÍA 2",2025,"031-PROINNOVATE-IMTEMDC2-2025","IMPLEMENTACIÓN DE UNA SOLUCIÓN DIGITAL PARA OPTIMIZAR LA EFICIENCIA OPERATIVA Y LA SATISFACCIÓN DEL CLIENTE\, MEDIANTE LA INTEGRACIÓN DE LA TOMA Y REGISTRO DE PEDIDOS\, Y LA COORDINACIÓN DE LA PRODUCCIÓN EN KAFI WASI S.R.L.",20250328,20260228,"KAFI WASI S.R.L.","AREQUIPA","AREQUIPA","AREQUIPA",040101,45000.0000,10286.0000,6857.0000,"SOLES",20250331
"BID 4","DIGITALIZACIÓN EMPRESARIAL - CATEGORÍA 2",2025,"034-PROINNOVATE-IMTEMDC2-2025","FORTALECIMIENTO DE LAS OPERACIONES INTERNAS DE C&C AUDITORES Y CONTADORES A TRAVÉS DE LA IMPLEMENTACIÓN DE UNA SOLUCIÓN DIGITAL CONTABLE INTEGRADA A SUS PROCESOS PARA OBTENER MAYORES CAPACIDADES DE PROCESAMIENTO DE DATOS\, SERVICIOS DE SEGURIDAD CONTABLE .",20250221,20260121,"C & C AUDITORES Y CONTADORES ASOCIADOS SAC","TARAPOTO","SAN MARTIN","SAN MARTIN",220901,45000.0000,10285.8000,6857.1000,"SOLES",20250331
"BID 4","DIGITALIZACIÓN EMPRESARIAL - CATEGORÍA 2",2025,"035-PROINNOVATE-IMTEMDC2-2025","IMPLEMENTACIÓN DE UNA SOLUCIÓN DIGITAL EN LA EMPRESA FLEXXOONE SAC CON LA FINALIDAD DE PROMOCIONAR INCREMENTAR LAS VENTAS Y POSICIONARNOS EN EL MERCADO LOCAL.",20250221,20260121,"FLEXXOONE SAC","SANTIAGO DE SURCO","LIMA","LIMA",150140,45000.0000,10287.0000,6857.3200,"SOLES",20250331
"BID 4","VALIDACIÓN DE LA INNOVACIÓN PARA MICROEMPRESAS Y ASOCIACIONES",2025,"036-PROINNOVATE-PVE-2025","VALIDACIÓN TÉCNICA\, COMERCIAL Y EMPAQUETAMIENTO DE UN PROCESO DE OZONIZACIÓN DE PRODUCTOS DE AGROEXPORTACIÓN PARA LA MEJORA EN LOS ATRIBUTOS DE CALIDAD DE ÍNDOLE MICROBIOLÓGICO Y COMERCIAL.",20250226,20260826,"BLUE SHARK CONSTRUCCIONES S.A.C.","CHORRILLOS","LIMA","LIMA",150108,189322.0600,59177.9400,132512.0000,"SOLES",20250331
"BID 4","DIGITALIZACIÓN EMPRESARIAL - CATEGORÍA 2",2025,"037-PROINNOVATE-IMTEMDC2-2025","IMPLEMENTACIÓN DE UNA SOLUCIÓN DIGITAL PARA POTENCIAR LA EFICIENCIA DEL PROCESO PRODUCTIVO Y COMERCIAL EN LA GESTIÓN DE LA SALUD OCUPACIONAL Y ESTRATEGIAS DE MARKETING 2.0 EN LA EMPRESA CORPORACION MEDICA SAN MARTIN S.A.C.",20250319,20260219,"CORPORACION MEDICA SAN MARTIN SAC","TARAPOTO","SAN MARTIN","SAN MARTIN",220901,44515.0000,10161.0000,6774.0000,"SOLES",20250331
"BID 4","VALIDACIÓN DE LA INNOVACIÓN PARA MICROEMPRESAS Y ASOCIACIONES - CAMBIO CLIMÁTICO",2025,"038-PROINNOVATE-PVECC-2025","VALIDACIÓN TÉCNICA Y COMERCIAL DE UN SISTEMA FOTOBIORREACTOR 4.0 PARA EL CULTIVO MASIVO Y SOSTENIBLE DE MICROALGAS COMO ALIMENTO EN HATCHERIES DE CONCHA DE ABANICO (ARGOPECTEN PURPURATUS)",20250319,20260619,"CENTRO DE INVESTIGACION Y CAPACITACION MARITIMO PESQUERO CIMAP SAC","JESUS MARIA","LIMA","LIMA",150113,325708.4700,74291.5300,99500.0000,"SOLES",20250331
"BID 4","DIGITALIZACIÓN EMPRESARIAL - CATEGORÍA 2",2025,"039-PROINNOVATE-IMTEMDC2-2025","PLATAFORMA INTEGRAL DE ADMINISTRACIÓN Y COMERCIO ELECTRÓNICO PARA FERRETERÍA MULTINEGOCIOS EL SOCOTINO CON GESTIÓN DE INVENTARIO\, FACTURACIÓN\, VENTAS Y ATENCIÓN AL CLIENTE MEDIANTE CHATBOT IA",20241028,20250928,"MULTINEGOCIOS EL SOCOTINO S.A.C.","JOSE LEONARDO ORTIZ","CHICLAYO","LAMBAYEQUE",140105,45000.0000,10286.0000,6857.0000,"SOLES",20250331
"BID 4","DIGITALIZACIÓN EMPRESARIAL - CATEGORÍA 1",2025,"040-PROINNOVATE-IMTEMDC1-2025","IMPLEMENTACIÓN DE UN SISTEMA DE COMERCIO ELECTRÓNICO Y MARKETING DIGITAL\, CON LA FINALIDAD DE AUTOMATIZAR EL PROCESO DE CAPTACIÓN DE NUEVOS CLIENTES Y LA DISTRIBUCIÓN DE LICOR DE PIÑA Y CAFÉ PIÑA PARA LA ASOCIACION AGROPECUARIA Y TURISTICA COPAPOR.",20250328,20260228,"ASOCIACION AGROPECUARIA Y TURISTICA COPAPOR","ARAMANGO","BAGUA","AMAZONAS",010202,65000.0000,15428.5800,10285.7100,"SOLES",20250331
"BID 4","DIGITALIZACIÓN EMPRESARIAL - CATEGORÍA 2",2025,"041-PROINNOVATE-IMTEMDC2-2025","IMPLEMENTACIÓN DE UNA SOLUCIÓN DIGITAL EN LA EMPRESA ADN BIOLOGICAL NUTRITION E.I.R.L CON LA FINALIDAD DE MEJORAR LAS VENTAS DE SUPLEMENTOS NUTRICIONALES FABRICADOS CON INSUMOS PERUANOS.",20250317,20260217,"ADN BIOLOGICAL NUTRITION E.I.R.L","MIRAFLORES","LIMA","LIMA",150122,45000.0000,10720.4900,6857.1400,"SOLES",20250331
"BID 4","DESAFÍOS DE INNOVACIÓN EN CADENAS DE VALOR MODALIDAD A - CAMBIO CLIMÁTICO",2025,"043-PROINNOVATE-DICVMACC-2025","DESARROLLO DE UN BIOFERTILIZANTE DE SEGUNDA GENERACIÓN (B2G)\, FORMULADO A BASE DE MICROORGANISMOS NATIVOS\, PARA MEJORAR EL RENDIMIENTO DEL CULTIVO DEL CAFÉ EN LA REGIÓN HUÁNUCO\, BAJO UN ENFOQUE DE ECONOMÍA CIRCULAR.",20250414,20260714,"INSTITUTO TECNOLÓGICO DE LA PRODUCCIÓN","SAN ISIDRO","LIMA","LIMA",150131,549847.0000,0.0000,136200.0000,"SOLES",20250331
"BID 4","DIGITALIZACIÓN EMPRESARIAL - CATEGORÍA 2",2025,"044-PROINNOVATE-IMTEMDC2-2025","IMPLEMENTACIÓN DE UNA SOLUCIÓN DIGITAL EN LA EMPRESA ANGELITOS PETS E.I.R.L. CON LA FINALIDAD DE FORTALECER LOS PROCESOS COMERCIALES.",20250317,20260217,"ANGELITOS PET´S E.I.R.L.","SAN BORJA","LIMA","LIMA",150130,45000.0000,10720.4900,6857.1400,"SOLES",20250331
"BID 4","DIGITALIZACIÓN EMPRESARIAL - CATEGORÍA 2",2025,"047-PROINNOVATE-IMTEMDC2-2025","IMPLEMENTACIÓN DE UNA PLATAFORMA COMERCIAL CON ESTRATEGIAS DE INBOUND MARKETING Y UN SISTEMA INTEGRAL DE GESTIÓN PARA LA PRODUCCIÓN DE PANELA\, INVENTARIOS\, VENTAS Y CRM  EN AGROINDUSTRIAS COMERCIO & CÍA",20250319,20260219,"AGROINDUSTRIAS COMERCIO & CIA EL GRAN PARATON S.A.C.","JAEN","JAEN","CAJAMARCA",060801,45000.0000,10300.0000,6850.0000,"SOLES",20250331
"BID 4","DIGITALIZACIÓN EMPRESARIAL - CATEGORÍA 2",2025,"048-PROINNOVATE-IMTEMDC2-2025","IMPLEMENTACIÓN DE SISTEMA INTEGRAL DE GESTIÓN Y E-COMMERCE PARA LA OPTIMIZACIÓN DE OPERACIONES EN MULTISERVICIOS CONSTRUCCIONES Y NEGOCIOS R & G E.I.R.L.",20250217,20260117,"MULTISERVICIOS CONSTRUCCIONES Y NEGOCIOS R & G EMPRESA INDIVIDUAL DE RESPONSABILIDAD LIMITADA","HUANCABAMBA","HUANCABAMBA","PIURA",200301,45000.0000,10286.0000,6857.0000,"SOLES",20250331
"BID 4","DIGITALIZACIÓN EMPRESARIAL - CATEGORÍA 2",2025,"049-PROINNOVATE-IMTEMDC2-2025","IMPLEMENTACIÓN DE UNA SOLUCIÓN DIGITAL COMPLETA EN DISTRIBUCIONES MD TECH SOLUTIONS S.R.L.\, QUE INCLUYE LA ADOPCIÓN DE UN SISTEMA ERP\, EL DESARROLLO DE UNA PLATAFORMA DE COMERCIO ELECTRÓNICO Y LA INTEGRACIÓN DE UNA ESTRATEGIA DE MARKETING DIGITAL",20250218,20260118,"MD TECH SOLUTIONS S.R.L.","CHICLAYO","CHICLAYO","LAMBAYEQUE",140101,45000.0000,10300.0000,6857.0000,"SOLES",20250331
"BID 4","DIGITALIZACIÓN EMPRESARIAL - CATEGORÍA 2",2025,"050-PROINNOVATE-IMTEMDC2-2025","ESTUDIO DE CONTADORES SILVANA PACHECO HACIA LA DIGITALIZACIÓN EMPRESARIAL COMO FACTOR DE ÉXITO PARA SU DESARROLLO COMPETITIVO A TRAVÉS DE UNA SOLUCIÓN TECNOLÓGICA PARA LA GESTIÓN DE DATOS INTELIGENTE DE SU CARTERA DE CLIENTES.",20250401,20260301,"SILVANA PACHECO CONTADORA EIRL","CORONEL GREGORIO ALBARRACIN LANCHIPA","TACNA","TACNA",230110,45000.0000,10285.7200,6857.1400,"SOLES",20250331
"BID 4","DIGITALIZACIÓN EMPRESARIAL - CATEGORÍA 2",2025,"052-PROINNOVATE-IMTEMDC2-2025","AUTOMATIZACIÓN Y DIGITALIZACIÓN EN LA EMPRESA MEDIANTE UN SISTEMA INTEGRAL PARA COTIZACIÓN\, GESTIÓN DE PEDIDOS DE ESTRUCTURAS METÁLICAS\, FACTURACIÓN\, CONTROL DE INVENTARIO Y COMPRAS ADEMÁS DE PLATAFORMA COMERCIAL PARA LOS PRODUCTOS Y SERVICIOS",20250425,20260325,"SERVICIOS GENERALES CRISTHIAN JOEL SOCIEDAD ANONIMA CERRADA","SONDORILLO","HUANCABAMBA","PIURA",200308,45000.0000,10300.0000,6846.0000,"SOLES",20250331
"BID 4","DIGITALIZACIÓN EMPRESARIAL - CATEGORÍA 2",2025,"054-PROINNOVATE-IMTEMDC2-2025","IMPLEMENTACIÓN DE TECNOLOGÍAS PARA AUTOMATIZACIÓN Y TRAZABILIDAD DE LA COMERCIALIZACIÓN DEL CALZADO",20250308,20260208,"SERVICIOS DELIVERY E.I.R.L.","TRUJILLO","TRUJILLO","LA LIBERTAD",130101,45000.0000,10850.0000,6930.0000,"SOLES",20250331
"BID 4","DIGITALIZACIÓN EMPRESARIAL - CATEGORÍA 2",2025,"055-PROINNOVATE-IMTEMDC2-2025","MEJORA DEL UX DEL SITIO WEB\, APLICACIÓN DE BRANDING\, MARKETING DIGITAL Y DESARROLLO PLATAFORMA VIRTUAL PARA FORTALECIMIENTO DE LA DIGITALIZACIÓN DE LOS PROGRAMAS DE PRE-INCUBACIÓN E INCUBACIÓN DE EMPRENDIMIENTOS.",20250325,20260225,"GRUPO ACCION Y EMPRENDIMIENTO S.A.C","CHICLAYO","CHICLAYO","LAMBAYEQUE",140101,45000.0000,10300.0000,6846.0000,"SOLES",20250331
"BID 4","DIGITALIZACIÓN EMPRESARIAL - CATEGORÍA 2",2025,"057-PROINNOVATE-IMTEMDC2-2025","IMPLEMENTACIÓN DE UNA SOLUCIÓN TECNOLÓGICA PARA OPTIMIZAR LA PLATAFORMA DE E-COMMERCE Y LOS CANALES DE COMUNICACIÓN CON LA IMPLEMENTACIÓN DE APIS DE INTELIGENCIA ARTIFICIAL  PARA OPTIMIZAR LOS PROCESOS DE DESARROLLO INFORMÁTICO Y OPERACIONAL EN TINKU NATURAL",20250319,20260219,"TINKU NATURAL S.A.C.","MIRAFLORES","LIMA","LIMA",150122,45000.0000,12171.4200,7114.2900,"SOLES",20250331
"BID 4","DIGITALIZACIÓN EMPRESARIAL - CATEGORÍA 2",2025,"059-PROINNOVATE-IMTEMDC2-2025","IMPLEMENTACIÓN DE UNA SOLUCIÓN TECNOLÓGICA PARA POTENCIAR LA CAPTACIÓN DE CLIENTES\, MEJORAR LA GESTIÓN ADMINISTRATIVA Y DESARROLLAR HERRAMIENTAS DE MARKETING DIGITAL EN LA EMPRESA NAVARRETE COMPANY E.I.R.L.",20250319,20260219,"NAVARRETE COMPANY EIRL","SUBTANJALLA","ICA","ICA",110112,44900.0000,10260.0000,6840.0000,"SOLES",20250331
"BID 4","DIGITALIZACIÓN EMPRESARIAL - CATEGORÍA 1",2025,"060-PROINNOVATE-IMTEMDC1-2025","IMPLEMENTACIÓN DE UNA SOLUCIÓN TECNOLÓGICA PARA GESTIONAR TODOS LOS PROCESOS Y ESTRATEGIAS DE IDENTIDAD DE MARCA MEJORANDO LA COMPETITIVIDAD EN MERCADOS INTERNACIONALES EN LA ASOCIACION DE PRODUCTORES AGROPECUARIOS CAFE DE ALTA MONTAÑA",20250319,20260219,"ASOCIACION DE PRODUCTORES AGROPECUARIOS CAFE DE ALTA MONTAÑA","SAN IGNACIO","SAN IGNACIO","CAJAMARCA",060901,44970.0000,10278.0000,6852.0000,"SOLES",20250331
"BID 4","PROGRAMA DE INNOVACIÓN MODERNIZACIÓN TECNOLÓGICA Y EMPRENDIMIENTO - MIPYMES DE CALIDAD - CAMBIO CLIMÁTICO",2025,"061-PROINNOVATE-IMTEMCCC-2025","IMPLEMENTACIÓN Y CERTIFICACIÓN DEL SISTEMA DE GESTIÓN AMBIENTAL ISO 14001:2015 PARA LA EMPRESA DE SERVICIOS MÉDICOS OCUPACIONALES CENTRO MEDICO S.A.C. BAJO EL ENFOQUE DE ENERGÍA LIMPIA",20250324,20260424,"CENTRO MEDICO SANTA ANITA SAC","SANTA ANITA","LIMA","LIMA",150137,44830.0000,10242.0000,6828.0000,"SOLES",20250331
"BID 4","PROGRAMA DE INNOVACIÓN MODERNIZACIÓN TECNOLÓGICA Y EMPRENDIMIENTO - MIPYMES DE CALIDAD - CAMBIO CLIMÁTICO",2025,"062-PROINNOVATE-IMTEMCCC-2025","IMPLEMENTACIÓN Y CERTIFICACIÓN DEL SISTEMA INTEGRADO DE GESTIÓN ISO 9001:2015 E ISO 14001:2015 EN LA EMPRESA METRINDUST S.A.C. CON EL FIN DE POSICIONARSE EN EL RUBRO INDUSTRIAL E INGRESAR AL MERCADO MINERO.",20250226,20260326,"METROLOGIA E INSTRUMENTACION INDUSTRIAL S.A.C. - METRINDUST S.A.C.","EL AGUSTINO","LIMA","LIMA",150111,44853.1000,10247.9400,6831.9600,"SOLES",20250331
"BID 4","DIGITALIZACIÓN EMPRESARIAL - CATEGORÍA 2",2025,"064-PROINNOVATE-IMTEMDC2-2025","IMPLEMENTACIÓN DE UNA SOLUCIÓN DIGITAL EN LA EMPRESA NATURA INN E.I.R.L. CON LA FINALIDAD DE LOGRAR UNA ADMINISTRACIÓN EFICIENTE DE HUÉSPEDES.",20250315,20260215,"NATURA INN E.I.R.L.","YANAHUARA","AREQUIPA","AREQUIPA",040126,45000.0000,10285.7100,6857.1400,"SOLES",20250331
"BID 4","PROGRAMA DE INNOVACIÓN MODERNIZACIÓN TECNOLÓGICA Y EMPRENDIMIENTO - MIPYMES DE CALIDAD - CAMBIO CLIMÁTICO",2025,"065-PROINNOVATE-IMTEMCCC-2025","IMPLEMENTACIÓN Y CERTIFICACIÓN DE LA NORMA ISO 14001:2015 EN LA EMPRESA HIKING AND ADVENTURES E.I.R.L. CON LA FINALIDAD DE FOMENTAR PRACTICAS SOSTENIBLES DENTRO DEL SECTOR TURÍSTICO Y APORTAR A LA MITIGACIÓN DEL CAMBIO CLIMÁTICO.",20250315,20260415,"HIKING AND ADVENTURES EMPRESA INDIVIDUAL DE RESPONSABILIDAD LIMITADA","CUSCO","CUSCO","CUSCO",080101,45000.0000,10286.0000,6857.0000,"SOLES",20250331
"BID 4","DIGITALIZACIÓN EMPRESARIAL - CATEGORÍA 2",2025,"066-PROINNOVATE-IMTEMDC2-2025","IMPLEMENTACIÓN DE UNA SOLUCIÓN DIGITAL EN LA EMPRESA AUTOMATIZACION INDUSTRIAL PERU E.I.R.L. CON LA FINALIDAD DE POTENCIAR LA VENTA Y OPERACIÓN EN EL MERCADO NACIONAL.",20250315,20260215,"AUTOMATIZACION INDUSTRIAL PERU E.I.R.L","SAN JUAN DE MIRAFLORES","LIMA","LIMA",150133,45000.0000,10720.4900,6857.1400,"SOLES",20250331
"BID 4","DIGITALIZACIÓN EMPRESARIAL - CATEGORÍA 2",2025,"069-PROINNOVATE-IMTEMDC2-2025","DIGITALIZACIÓN DE PROCESOS PRODUCTIVOS Y ADMINISTRATIVOS\, ASÍ COMO EXPERIENCIA COMERCIAL Y MECANISMOS DE MARKETING DENTRO DE CANALES VIRTUALES GESTIONADOS; PARA ADAPTACIÓN OPERATIVA DE PÍO PÍO POLLERÍA\, ESTABLECIMIENTO CON MÁS DE 40 AÑOS DE EXISTENCIA.",20250109,20251209,"SERVICIO GASTRONOMICO VAZSO SAC","SAN JUAN DE MIRAFLORES","LIMA","LIMA",150133,45000.0000,10285.7100,6857.1400,"SOLES",20250331
"BID 4","DIGITALIZACIÓN EMPRESARIAL - CATEGORÍA 2",2025,"070-PROINNOVATE-IMTEMDC2-2025","DIGITALIZACION DEL PROCESO PRODUCTIVO CON UN SISTEMA A MEDIDA Y DEL IMPULSO DE LAS VENTAS CON EL USO DE HERRAMIENTAS DE MARKETING DIGITAL E INTELIGENCIA ARTIFICIAL (CHATGPT Y OTROS)",20250303,20260203,"OMIA COFFEE E.I.R.L.","OMIA","RODRIGUEZ DE MENDOZA","AMAZONAS",010609,44900.0000,10260.0000,6840.0000,"SOLES",20250331
"BID 4","PROGRAMA DE INNOVACIÓN MODERNIZACIÓN TECNOLÓGICA Y EMPRENDIMIENTO - MIPYMES DE CALIDAD - CAMBIO CLIMÁTICO",2025,"071-PROINNOVATE-IMTEMCCC-2025","FORTALECIMIENTO DE LA CADENA AGRO COMERCIAL DEL CAFÉ DE LA ASOCIACIÓN DE PRODUCTORES AGROPECUARIOS BIO VERDE A TRAVÉS DE LA IMPLEMENTACIÓN DEL PROGRAMA DE CERTIFICACIÓN RAINFOREST ALLIANCE CON ENFOQUE DE ADAPTACIÓN AL CAMBIO CLIMÁTICO",20250224,20260324,"ASOCIACION DE PRODUCTORES AGROPECUARIOS BIO VERDE","JAEN","JAEN","CAJAMARCA",060801,45000.0000,10285.7100,6857.1400,"SOLES",20250331
"BID 4","DIGITALIZACIÓN EMPRESARIAL - CATEGORÍA 2",2025,"072-PROINNOVATE-IMTEMDC2-2025","IMPLEMENTACIÓN DE ESTRATEGIAS DE ALTO IMPACTO QUE INTEGREN MARKETING DIGITAL PARA IMPULSAR CAPTACIÓN DE CLIENTES\, SOFTWARE PARA OPTIMIZAR LAS OPERACIONES\, SISTEMATIZAR PROCESOS ADMINISTRATIVOS PARA INCREMENTAR EFICIENCIA Y FORTALECER COMPETITIVIDAD DE ETOV SRL",20250228,20260128,"GESTIONES AMBIENTALES-ETOV S.R.L.","CERRO COLORADO","AREQUIPA","AREQUIPA",040104,44900.0000,10260.0000,6840.0000,"SOLES",20250331
"BID 4","DIGITALIZACIÓN EMPRESARIAL - CATEGORÍA 2",2025,"073-PROINNOVATE-IMTEMDC2-2025","DESARROLLO E IMPLEMENTACIÓN DE UNA PLATAFORMA ECOMMERCE Y UN CRM INTEGRADO PARA OPTIMIZAR LA GESTIÓN DE VENTAS\, EL LIDERAZGO ONLINE Y EXPANDIR LA PRESENCIA DIGITAL DE PROIN CORPORATION SAC EN LA REGIÓN SAN MARTÍN.",20250319,20260219,"PROIN CORPORATION SAC","LA BANDA DE SHILCAYO","SAN MARTIN","SAN MARTIN",220909,44900.0000,10260.0000,6840.0000,"SOLES",20250331
"BID 4","PROGRAMA DE INNOVACIÓN MODERNIZACIÓN TECNOLÓGICA Y EMPRENDIMIENTO - MIPYMES DE CALIDAD - CAMBIO CLIMÁTICO",2025,"074-PROINNOVATE-IMTEMCCC-2025","IMPLEMENTACIÓN Y CERTIFICACIÓN ORGÁNICA DEL CAFÉ BAJO NOP-USDA Y CE 889/2008 PARA LAS PARCELAS DE LOS ASOCIADOS DE FINCA QORI CAFÉ CON ENFOQUE EN SOSTENIBILIDAD CLIMÁTICA",20250415,20260515,"ASOCIACIÓN FINCA QORI CAFE","PISUQUIA","LUYA","AMAZONAS",010514,45000.0000,10300.0000,6850.0000,"SOLES",20250331
"BID 4","DIGITALIZACIÓN EMPRESARIAL - CATEGORÍA 2",2025,"076-PROINNOVATE-IMTEMDC2-2025","DESARROLLO DE UNA PLATAFORMA DE COMERCIAL ENTORNO AL BRIEF DEL NEGOCIO E INTEGRAR UN SISTEMA DE GESTIÓN INTEGRAL PARA LA TRAZABILIDAD Y EXPORTACIÓN DE CAFÉ GRANO EN VERDE A EUROPA Y ESTADOS UNIDOS",20250228,20260128,"N & A AGROEXPORT E.I.R.L.","JAEN","JAEN","CAJAMARCA",060801,45000.0000,10290.0000,6856.0000,"SOLES",20250331
"BID 4","PROGRAMA DE INNOVACIÓN MODERNIZACIÓN TECNOLÓGICA Y EMPRENDIMIENTO - MIPYMES DE CALIDAD - CAMBIO CLIMÁTICO",2025,"077-PROINNOVATE-IMTEMCCC-2025","IMPLEMENTACIÓN Y CERTIFICACIÓN DE LA NORMA INTERNACIONAL ISO 9001:2015EN LA EMPRESA “HAWAI TOUR SRL” TOMANDO EN CUENTA LAS ENMIENDAS PARA INCLUIR CONSIDERACIONES SOBRE CAMBIO CLIMÁTICO EN ESTA NORMA DE GESTIÓN.",20250319,20260419,"HAWAI TOUR S.R.L.","ALTO SELVA ALEGRE","AREQUIPA","AREQUIPA",040102,45000.0000,10285.7100,6857.1400,"SOLES",20250331
"BID 4","DIGITALIZACIÓN EMPRESARIAL - CATEGORÍA 2",2025,"078-PROINNOVATE-IMTEMDC2-2025","IMPLEMENTACIÓN DE SOLUCIONES TECNOLÓGICAS PARA OPTIMIZAR OPERACIONES\, EXPERIENCIA Y ATENCIÓN AL CLIENTE Y GESTIÓN DOCUMENTAL EN LA NUBE PARA SU ALMACENAMIENTO Y ADMINISTRACIÓN CONTRIBUYENDO A NUESTRA META CERO PAPEL",20250319,20260219,"ABACONT ASESORES Y CONSULTORES EMPRESARIALES SAC","LA BANDA DE SHILCAYO","SAN MARTIN","SAN MARTIN",220909,44900.0000,10260.0000,6840.0000,"SOLES",20250331
"BID 4","PROYECTOS PARA LA ACREDITACIÓN DE ORGANISMOS DE EVALUACIÓN DE LA CONFORMIDAD - OEC",2025,"079-PROINNOVATE-OEC-2025","AMPLIACIÓN DE LA ACREDITACIÓN DE MÉTODOS DE ENSAYO PARA DETERMINAR LA CALIDAD Y CONTAMINANTES MICROBIOLÓGICOS MEDIANTE ENSAYOS QUE PROMUEVAN LA PRODUCCIÓN DE ALIMENTOS INOCUOS ASOCIADOS A DIVERSAS CADENAS PRODUCTIVAS",20250319,20260519,"INSPECCIONES\, CERTIFICACIONES Y LABORATORIOS DEL PERU S.A.C. - INCERLAB PERU S.A.C.","SAN MARTIN DE PORRES","LIMA","LIMA",150135,129928.7600,27354.2400,15991.5000,"SOLES",20250331
"BID 4","DIGITALIZACIÓN EMPRESARIAL - CATEGORÍA 2",2025,"080-PROINNOVATE-IMTEMDC2-2025","IMPLEMENTACION DE UN SISTEMA CRM PARA GESTIONAR RELACIONES CON LOS CLIENTES EN LA EMPRESA SOLUCIONES INTEGRALES EN INGENIERÍA E.I.R.L",20250318,20260218,"SOLUCIONES INTEGRALES EN INGENIERIA E.I.R.L","JESUS MARIA","LIMA","LIMA",150113,45000.0000,10285.7100,6857.1400,"SOLES",20250331
"BID 4","PROGRAMA DE INNOVACIÓN MODERNIZACIÓN TECNOLÓGICA Y EMPRENDIMIENTO - MIPYMES DE CALIDAD - CAMBIO CLIMÁTICO",2025,"081-PROINNOVATE-IMTEMCCC-2025","IMPLEMENTACIÓN Y CERTIFICACIÓN DE LA NORMA INTERNACIONAL ISO 9001:2015 EN LA EMPRESA “PACSI INGENIEROS S.A.C” TOMANDO EN CUENTA LAS ENMIENDAS PARA INCLUIR CONSIDERACIONES SOBRE CAMBIO CLIMÁTICO EN ESTA NORMA DE GESTIÓN.",20250324,20260424,"PACSI INGENIEROS S.A.C.","SOCABAYA","AREQUIPA","AREQUIPA",040122,45000.0000,10285.7100,6857.1400,"SOLES",20250331
"BID 4","DIGITALIZACIÓN EMPRESARIAL - CATEGORÍA 2",2025,"082-PROINNOVATE-IMTEMDC2-2025","OPTIMIZACION DE HERRAMIENTAS DIGITALES PARA FORTALECIMIENTO DE CAPACIDADES COMERCIALES Y OPERATIVAS DE LA EMPRESA GESTREM",20250328,20260228,"GESTREM IDI CONSULTING S.A.C.","CAYMA","AREQUIPA","AREQUIPA",040103,45000.0000,10285.7200,6857.1300,"SOLES",20250331
"BID 4","DIGITALIZACIÓN EMPRESARIAL - CATEGORÍA 2",2025,"084-PROINNOVATE-IMTEMDC2-2025","IMPLEMENTACIÓN DE UNA SOLUCIÓN TECNOLÓGICA PARA MEJORAR LA GESTIÓN OPERATIVA DE RESERVA\, ALOJAMIENTO Y FACTURACIONES DE LA EMPRESA DE SERVICIOS NINAWAYRA SAC Y DESARROLLO DE HERRAMIENTAS DE MARKETING DIGITAL",20250319,20260219,"EMPRESA DE SERVICIOS NINAWAYRA SAC","CHACHAPOYAS","CHACHAPOYAS","AMAZONAS",010101,44900.0000,10260.0000,6840.0000,"SOLES",20250331
"BID 4","DIGITALIZACIÓN EMPRESARIAL - CATEGORÍA 2",2025,"089-PROINNOVATE-IMTEMDC2-2025","DESARROLLO E IMPLEMENTACIÓN DE UN SISTEMA INTEGRAL PARA MEJORAR LA PRECISIÓN OPERATIVA Y LA EFICIENCIA EN EL PROCESAMIENTO DE TRANSACCIONES Y LA SATISFACCIÓN DEL CLIENTE.",20250314,20260214,"\"MULTIVENTAS EL MILAGRITO CAMINANTE S.A.C\"","JAEN","JAEN","CAJAMARCA",060801,45000.0000,10286.0000,6857.0000,"SOLES",20250331
