"FONDO","CONCURSO","ANIO","CONTRATO","TITULO","FECHA_INICIO","FECHA_FIN","NOMBRE_SOLICITANTE","DISTRITO","PROVINCIA","DEPARTAMENTO","UBIGEO","MONTO_RNR","MONTO_FINANCIERO","MONTO_NO_FINANCIERO","MONEDA","FECHA_CORTE"
"FOMITEC - PCSD","CAPITAL SEMILLA PARA EMPRENDIMIENTOS DINAMICOS",2019,"421-INNOVATEPERU-EDI-2019","INZONE PERU SAC",20200114,20210614,"INZONE PERU S.A.C.","SAN ISIDRO","LIMA","LIMA",150131,150000.0000,42857.14,21428.57,"SOLES",20260707
"MIPYME Emprendedor","PROGRAMA DE APOYO A CLUSTERS",2020,"326-INNOVATEPERU-PAC-2020","CLÚSTER BANANO DEL PERÚ",20201125,20231125,"CLUSTER BANANO DEL PERU","PIURA","PIURA","PIURA",200101,1350000.0000,417636.36,210085.89,"SOLES",20260707
"MIPYME Emprendedor","PROGRAMA DE APOYO A LA INTERNACIONALIZACIÓN MODALIDAD III - CONSOLIDACIÓN DE LA ACTIVIDAD EXPORTADORA",2022,"093-PROINNOVATE-PAIM3-2022","EXPORTACIÓN DE ACEITE DE SACHA INCHI AL MERCADO DE TAIWÁN",20220504,20240526,"FLO TRADING S.A.C.","SAN ISIDRO","LIMA","LIMA",150131,150000.0000,37500,0,"SOLES",20260707
"MIPYME Emprendedor","PROGRAMA DE APOYO A LA INTERNACIONALIZACIÓN MODALIDAD III - CONSOLIDACIÓN DE LA ACTIVIDAD EXPORTADORA",2022,"108-PROINNOVATE-PAIM3-2022","FORTALECIMIENTO DE LAS EXPORTACIONES DE CAFÉS NATURALES CERTIFICADOS FTO HACIA EL MERCADO AUSTRALIANO.",20220509,20250325,"FAICAL COFFEE S.A.C.","SAN IGNACIO","SAN IGNACIO","CAJAMARCA",060901,145000.0000,37000,0,"SOLES",20260707
"MIPYME Emprendedor","FORTALECIMIENTO DE INCUBADORAS DE NEGOCIOS Y ENTIDADES AFINES - REDES DE INVERSIONISTAS ÁNGELES",2022,"182-PROINNOVATE-RIA-2022","FORTALECIMIENTO DE LA RED DE INVERSIONISTAS ANGELES AVP",20220708,20250708,"ANGEL VENTURES PERU SOCIEDAD ANONIMA CERRADA - ANGEL VENTURES PERU S.A.C.","SAN ISIDRO","HUAYTARA","HUANCAVELICA",090612,642554.2400,210769.76,72000,"SOLES",20260707
"MIPYME Emprendedor","FORTALECIMIENTO DE INCUBADORAS DE NEGOCIOS Y ENTIDADES AFINES - REDES DE INVERSIONISTAS ÁNGELES",2022,"185-PROINNOVATE-RIA-2022","THE BOARD 2.0: FORTALECIMIENTO DE LA RED DE INVERSIONISTAS ÁNGELES",20220726,20251225,"THE BOARD SOCIEDAD GESTORA S.A.C.","MIRAFLORES","LIMA","LIMA",150122,642900.0000,0,71407.73,"SOLES",20260707
"MIPYME Emprendedor","PROGRAMA DE APOYO A CLUSTERS",2022,"189-PROINNOVATE-PAC-2022","INICIATIVA DE APOYO AL CLÚSTER DE LÁCTEOS EN CAJAMARCA",20220804,20250804,"CLÚSTER DE DERIVADOS LÁCTEOS DE CAJAMARCA","CAJAMARCA","CAJAMARCA","CAJAMARCA",060101,998190.8100,405524.77,59100,"SOLES",20260707
"MIPYME Emprendedor","FORTALECIMIENTO DE ENTIDADES DE SOPORTE AL EMPRENDIMIENTO - INCUBADORAS Y ACELERADORAS DE NEGOCIOS",2022,"248-PROINNOVATE-IAN-2022","INNOVAUL: CENTRO DE EMPRENDIMIENTO DE LA UNIVERSIDAD DE LIMA",20221006,20260705,"UNIVERSIDAD DE LIMA","SANTIAGO DE SURCO","LIMA","LIMA",150140,640227.6300,219424.37,90000,"SOLES",20260707
"MIPYME Emprendedor","EMPRENDIMIENTOS DINAMICOS",2022,"295-PROINNOVATE-EDI-2022","CLICKER\,  PLATAFORMA SAAS QUE AYUDA A LAS EMPRESAS DEL SECTOR AUTOMOTRIZ A INTEGRAR\, CONSOLIDAR Y PROCESAR DIVERSAS FUENTES DE LEADS CON EL OBJETIVO DE MEJORAR EL PERFORMANCE DE SUS CANALES DIGITALES Y SUS VENTAS",20220920,20240319,"STARTECH VENTURES S.A.C.","MAGDALENA DEL MAR","LIMA","LIMA",150120,150000.0000,27000,37285.7143,"SOLES",20260707
"MIPYME Emprendedor","FORTALECIMIENTO DE ENTIDADES DE SOPORTE AL EMPRENDIMIENTO - INCUBADORAS Y ACELERADORAS DE NEGOCIOS",2022,"297-PROINNOVATE-IAN-2022","SCALE\, INCUBADORA DE EMPRENDIMIENTOS DE IMPACTO",20220916,20260115,"SOSTENIBILIDAD & CAPACITACIONES EN LIDERAZGO EMPRESARIAL","LIMA","LIMA","LIMA",150101,642754.8700,0,0,"SOLES",20260707
"MIPYME Emprendedor","FORTALECIMIENTO DE ENTIDADES DE SOPORTE AL EMPRENDIMIENTO - INCUBADORAS Y ACELERADORAS DE NEGOCIOS",2022,"299-PROINNOVATE-IAN-2022","ZSPORTS LAB - INCUBADORA EMPRENDIMIENTOS DEPORTIVOS LATAM",20220907,20250907,"ZSPORTS SOCIEDAD ANONIMA CERRADA","MAGDALENA DEL MAR","LIMA","LIMA",150120,639887.0600,243118.64,99000,"SOLES",20260707
"MIPYME Emprendedor","FORTALECIMIENTO DE ENTIDADES DE SOPORTE AL EMPRENDIMIENTO - INCUBADORAS Y ACELERADORAS DE NEGOCIOS",2022,"353-PROINNOVATE-IAN-2022","IMPLEMENTACIÓN DEL MODELO VENTURE STUDIO EN LA INCUBADORA DE EMPRESAS INNICIA",20221114,20260513,"UNIVERSIDAD CATOLICA DE SANTA MARIA","AREQUIPA","AREQUIPA","AREQUIPA",040101,628105.3600,81657.73,77400,"SOLES",20260707
"MIPYME Emprendedor","PROGRAMA DE APOYO A LA INTERNACIONALIZACIÓN MODALIDAD III - CONSOLIDACIÓN DE LA ACTIVIDAD EXPORTADORA",2022,"451-PROINNOVATE-PAIM3-2022","EXPORTACIÓN DE CACAO EN GRANO GRADO I CON CERTIFICADO ORGÁNICO FAIR TRADE PARA EL MERCADO ITALIANO",20230919,20251206,"COOPERATIVA AGRARIA INDUSTRIAL ASPROC - NBT LTDA","TOCACHE","TOCACHE","SAN MARTIN",221001,150000.0000,37500,0,"SOLES",20260707
"MIPYME Emprendedor","FORTALECIMIENTO DE ENTIDADES DE SOPORTE AL EMPRENDIMIENTO - INCUBADORAS Y ACELERADORAS DE NEGOCIOS",2022,"493-PROINNOVATE-IAN-2022","CAJAMARCA INCUBA - FORTALECIMIENTO DE LA CÁMARA DE COMERCIO Y PRODUCCIÓN DE CAJAMARCA COMO INCUBADORA DE NEGOCIOS",20221201,20260228,"CAMARA DE COMERCIO Y PRODUCCION DE CAJAMARCA","CAJAMARCA","CAJAMARCA","CAJAMARCA",060101,642000.0000,160318.06,4900,"SOLES",20260707
"MIPYME Emprendedor","PROGRAMA DE APOYO A LA INTERNACIONALIZACIÓN MODALIDAD III - CONSOLIDACIÓN DE LA ACTIVIDAD EXPORTADORA",2022,"505-PROINNOVATE-PAIM3-2022","CONSOLIDACION DE LA EXPORTACION DE CAFÉ GRANO VERDE (COFFEA ARABICA) DIFERENCIADO\, DE LA ASOCIACION ALPES ANDINOS\, PARA EL MERCADO DE COREA DEL SUR",20230126,20250518,"ASOCIACION DE PRODUCTORES CAFETALEROS ALPES ANDINOS","JAEN","JAEN","CAJAMARCA",060801,150000.0000,37500,0,"SOLES",20260707
"MIPYME Emprendedor","PROGRAMA DE APOYO A LA INTERNACIONALIZACIÓN MODALIDAD III - CONSOLIDACIÓN DE LA ACTIVIDAD EXPORTADORA",2022,"513-PROINNOVATE-PAIM3-2022","EXPORTACIÓN DE CAFÉ GRANO VERDE ESPECIAL AL MERCADO AUSTRALIANO",20230201,20260706,"ASOCIACION DE PRODUCTORES CAFETALEROS ALTO SAN IGNACIO","SAN IGNACIO","SAN IGNACIO","CAJAMARCA",060901,150000.0000,37500,0,"SOLES",20260707
"MIPYME Emprendedor","PROGRAMA DE APOYO A LA INTERNACIONALIZACIÓN MODALIDAD II - POTENCIAMIENTO DE LAS EXPORTACIONES",2022,"517-PROINNOVATE-PAIM2-2022","INTERNACIONALIZACIÓN DEL CAFÉ ORO DE LA COOPERATIVA AGRARIA CAFETALERA PERÚ ANDINO A ESTADOS UNIDOS",20221222,20240802,"COOPERATIVA AGRARIA CAFETALERA PERÚ ANDINO","JAEN","JAEN","CAJAMARCA",060801,89999.9000,10000.1,0,"SOLES",20260707
"MIPYME Emprendedor","PROGRAMA DE APOYO A LA INTERNACIONALIZACIÓN MODALIDAD II - POTENCIAMIENTO DE LAS EXPORTACIONES",2022,"519-PROINNOVATE-PAIM2-2022","INCREMENTO DE LA OFERTA EXPORTABLE DE CAFÉS ESPECIALES CON CERTIFICACIÓN ORGÁNICA DE LA ASOCIACIÓN DE PRODUCTORES AGROPECUARIOS CAFÉ SOLIDARIO HACIA EL MERCADO DE ESTADOS UNIDOS",20230408,20250407,"ASOCIACION DE PRODUCTORES AGROPECUARIOS CAFE SOLIDARIO","JAEN","JAEN","CAJAMARCA",060801,89910.0000,9990,0,"SOLES",20260707
"MIPYME Emprendedor","PROGRAMA DE APOYO A LA INTERNACIONALIZACIÓN MODALIDAD III - CONSOLIDACIÓN DE LA ACTIVIDAD EXPORTADORA",2022,"540-PROINNOVATE-PAIM3-2022","CONSOLIDACIÓN DE LAS EXPORTACIONES DE CAFÉ ORGÁNICO PRODUCIDO POR LA COOPERATIVA AGRARIA LA PROSPERIDAD DE CHIRINOS EN EL MERCADO DE JAPÓN.",20231212,20260304,"COOPERATIVA AGRARIA CAFETALERA \"LA PROSPERIDAD\" DE CHIRINOS","CHIRINOS","SAN IGNACIO","CAJAMARCA",060902,150000.0000,40500,0,"SOLES",20260707
"BID 4","CONCURSO FORTALECIMIENTO ESTRATÉGICO DE CENTROS DE EXTENSIÓN Y TRANSFERENCIA TECNOLÓGICA (CET) - SEGUNDA FASE",2022,"569-PROINNOVATE-CETF2-2022","IMPLEMENTACIÓN DEL PLAN ESTRATÉGICO DEL CITE PESQUERO AMAZÓNICO PUCALLPA CON NUEVOS SERVICIOS PARA EL SECTOR PESCA Y ACUICULTURA DE LA REGIÓN UCAYALI",20230110,20260508,"INSTITUTO TECNOLÓGICO DE LA PRODUCCIÓN","SAN ISIDRO","LIMA","LIMA",150131,1165912.5000,0,381100,"SOLES",20260707
"BID 4","CONCURSO FORTALECIMIENTO ESTRATÉGICO DE CENTROS DE EXTENSIÓN Y TRANSFERENCIA TECNOLÓGICA (CET) - SEGUNDA FASE",2022,"570-PROINNOVATE-CETF2-2022","FORTALECIMIENTO ESTRATÉGICO DEL CITEACUÍCOLA PESQUERO AHUASHIYACU DE LA REGIÓN SAN MARTÍN",20230210,20260527,"INSTITUTO TECNOLÓGICO DE LA PRODUCCIÓN","SAN ISIDRO","LIMA","LIMA",150131,4800000.0000,0,1534000,"SOLES",20260707
"BID 4","CONCURSO FORTALECIMIENTO ESTRATÉGICO DE CENTROS DE EXTENSIÓN Y TRANSFERENCIA TECNOLÓGICA (CET) - SEGUNDA FASE",2022,"571-PROINNOVATE-CETF2-2022","\"FORTALECER EL CENTRO DE EXTENSIONISMO TECNOLÓGICO DE CUERO\, CALZADO E INDUSTRIAS CONEXAS DE AREQUIPA Y  LA REGIÓN SUR DEL PERÚ PARA ARTICULAR LA OFERTA DE SERVICIOS CON LA DEMANDA DEL SECTOR\"",20230123,20260721,"INSTITUTO TECNOLÓGICO DE LA PRODUCCIÓN","SAN ISIDRO","LIMA","LIMA",150131,1690815.0000,0,508921.67,"SOLES",20260707
"MIPYME Emprendedor","PROGRAMA DE APOYO A LA INTERNACIONALIZACIÓN MODALIDAD I - EMPRENDEDOR EXPORTADOR",2023,"001-PROINNOVATE-PAIM1-2023","EXPORTACIÓN DIRECTA DE BANANO ORGÁNICO DE CAFOM CYDEX HACIA EL MERCADO DE ALEMANIA",20230517,20250405,"COOPERATIVA AGRARIA DE FRUTAS ORGANICAS MALLARES CYDEX","MARCAVELICA","SULLANA","PIURA",200605,70000.0000,7777.34,0,"SOLES",20260707
"MIPYME Emprendedor","PROGRAMA DE APOYO A CLUSTERS",2023,"041-PROINNOVATE-PAC-2023","FASE II - FORTALECIMIENTO DE LA ASOCIACION CLUSTER DE QUINUA EN APURIMAC",20230516,20260516,"CLUSTER DE QUINUA Y PRODUCTOS ANDINOS DEL PERU","TAMBURCO","ABANCAY","APURIMAC",030109,1349459.9950,478023.09,96840,"SOLES",20260707
"BID 4","PROGRAMA DE INNOVACIÓN MODERNIZACIÓN TECNOLÓGICA Y EMPRENDIMIENTO - MIPYMES DE CALIDAD",2023,"245-PROINNOVATE-IMTEMC-2023","IMPLEMENTACIÓN Y CERTIFICACIÓN DEL SISTEMA DE GESTIÓN DE LA CALIDAD SEGÚN ISO 9001:2015 EN LA EMPRESA X DIEZ INGENIEROS S.A.C.",20230526,20240626,"X DIEZ INGENIEROS SOCIEDAD ANONIMA CERRADA","LA VICTORIA","LIMA","LIMA",150115,44900.0000,10582,6560,"SOLES",20260707
"BID 4","PROYECTOS DE VALIDACIÓN DE LA INNOVACIÓN",2023,"419-PROINNOVATE-PIEC2-2023","VALIDACIÓN TÉCNICA-COMERCIAL DE UAYKI\, SISTEMA PORTÁTIL INNOVADOR DE BAJO COSTO PARA ACORTAR LA BRECHA DIGITAL DE COMUNIDADES SIN ACCESO A INTERNET.",20230606,20241206,"UAYKI TECHNOLOGIES S.A.C","SANTIAGO DE SURCO","LIMA","LIMA",150140,400000.0000,66675.22,187399.5,"SOLES",20260707
"BID 4","PROGRAMA DE INNOVACIÓN MODERNIZACIÓN TECNOLÓGICA Y EMPRENDIMIENTO - MIPYMES DIGITALES",2023,"455-PROINNOVATE-IMTEMD-2023","IMPLEMENTACIÓN DE UNA PLATAFORMA DE VENTAS ONLINE PARA FOMENTAR EL COMERCIO ELECTRÓNICO Y MEJORAR LA OFERTA DE CENTRAL DE MEDICAMENTOS QF S.A.C.",20230717,20240617,"CENTRAL DE MEDICAMENTOS Q.F. S.A.C.","ANDAHUAYLAS","ANDAHUAYLAS","APURIMAC",030201,45000.0000,10285.71,6857.14,"SOLES",20260707
"BID 4","EMPRENDIMIENTOS DINAMICOS",2023,"474-PROINNOVATE-EDI-2023","SIMPPLEX\, PLATAFORMA DE SOLUCIONES MOBILIARIAS QUE ECONOMIZAN ESPACIOS",20230622,20240622,"SIMPPLEX DESIGN S.A.C.","SAN ISIDRO","LIMA","LIMA",150131,150000.0000,21428.5,42857,"SOLES",20260707
"BID 4","EMPRENDIMIENTOS DINAMICOS",2023,"480-PROINNOVATE-EDI-2023","OIL CONTROL\, ABSORBENTE ORGÁNICO DE HIDROCARBUROS",20230620,20240620,"MINERQUIM PERU S.A.C.","CHORRILLOS","LIMA","LIMA",150108,138833.2200,23417.98,40000,"SOLES",20260707
"BID 4","PROYECTOS DE VALIDACIÓN DE LA INNOVACIÓN",2023,"483-PROINNOVATE-PIEC2-2023","VALIDACIÓN Y EMPAQUETAMIENTO TÉCNICO Y COMERCIAL DE LA PLATAFORMA AGROS\, DE TRANSFORMACIÓN DIGITAL RESPALDADA EN BLOCKCHAIN PARA ORGANIZACIONES QUE TRABAJAN DIRECTAMENTE CON AGRICULTORES FAMILIARES DE SAN MARTÍN Y AREQUIPA.",20230914,20250713,"SINERGIA CENTRO DE INNOVACION Y NEGOCIOS S.A.C.","PIURA","PIURA","PIURA",200101,416127.1200,124972.88,291200,"SOLES",20260707
"BID 4","EMPRENDIMIENTOS DINAMICOS",2023,"490-PROINNOVATE-EDI-2023","CAMPO GRANDE PERU\, MERCADO MAYORISTA ONLINE DE ALIMENTOS B2B EN EL PERÚ",20230703,20240703,"CAMPO GRANDE PERU EMPRESA INDIVIDUAL DE RESPONSABILIDAD LIMITADA - CAMPO GRANDE PERU E.I.R.L","LA VICTORIA","LIMA","LIMA",150115,150000.0000,25200,41000,"SOLES",20260707
"BID 4","PROYECTOS DE VALIDACIÓN DE LA INNOVACIÓN",2023,"494-PROINNOVATE-PIEC2-2023","VALIDACIÓN TÉCNICA Y COMERCIAL DE EMBARCACIÓN DE PESCA ARTESANAL MULTIPROPÓSITO DE FIBRA DE VIDRIO IMPLEMENTADA CON UN SISTEMA DE FRÍO A BORDO BASADO EN ENERGÍA HÍBRIDA (SOLAR-MECÁNICA)\, PARA ACTIVIDADES DEDICADAS A LA PESCA DE POTA Y PERICO",20230714,20250114,"SUSTAINABLE FISHERY TRADE SOWING THE FUTURE S.A.C.","MIRAFLORES","LIMA","LIMA",150122,400000.0000,66666.67,126000,"SOLES",20260707
"BID 4","PROYECTOS DE INNOVACIÓN EMPRESARIAL",2023,"538-PROINNOVATE-PIEC1-2023","IMPLEMENTACIÓN Y VALIDACIÓN DE UN PROCESO DE TERMOCOMPRESIÓN PARA LA FABRICACIÓN SIMULTANEA DE TABLEROS DE 1.22 X 2.44 METROS A PARTIR DE RESIDUOS DE APARATOS ELÉCTRICOS Y ELECTRÓNICOS",20230803,20250803,"GREENDEAL S.A","CALLAO","CALLAO","CALLAO",070101,180000.0000,16800,23520,"SOLES",20260707
"BID 4","PROYECTOS DE INNOVACIÓN EMPRESARIAL",2023,"545-PROINNOVATE-PIEC1-2023","DESARROLLO A ESCALA PILOTO DE UN NUEVO PIENSO PARA GALLINAS PONEDORAS\, ENRIQUECIDO CON OMEGA 3 Y PROTEÍNAS OBTENIDAS DE LA REVALORIZACIÓN DE LA BORRA DE ACEITE DE PESCADO SUPLEMENTADA CON EXTRACTOS DE MICROALGAS CONTINENTALES Y MARINAS.",20230810,20250810,"MARINE FISH TRADING E.I.R.L.","NUEVO CHIMBOTE","SANTA","ANCASH",021809,360000.0000,39926.97,40800,"SOLES",20260707
"BID 4","EMPRENDIMIENTOS INNOVADORES",2023,"552-PROINNOVATE-EIN-2023","DEITAX SOLUTIONS\, TECNOLOGÍA RETROFIT PARA LA OPTIMIZACIÓN DE LOS SISTEMAS DE OPERACIÓN A TRAVÉS DE TELEMETRÍA DE EQUIPOS Y AMBIENTES SUBTERRÁNEOS EN TIEMPO REAL",20230810,20240510,"DEITAX SOLUTIONS S.A.C","CHICLAYO","CHICLAYO","LAMBAYEQUE",140101,63000.0000,11600,15461,"SOLES",20260707
"BID 4","EMPRENDIMIENTOS INNOVADORES",2023,"554-PROINNOVATE-EIN-2023","SKILLMAPPER\, CAPACITACIÓN DE EMPRESAS FLEXIBLE APOYADA POR IA",20230823,20240523,"CALDERON GALDOS MARIO FRANCISCO","SANTIAGO DE SURCO","LIMA","LIMA",150140,67000.0000,9700,19140,"SOLES",20260707
"BID 4","EMPRENDIMIENTOS INNOVADORES",2023,"566-PROINNOVATE-EIN-2023","AUTODEAL 360: SAAS DE GESTIÓN Y COMPRAS DE REPUESTOS PARA VEHÍCULOS ENTRE TALLERES Y VENDEDORES",20230803,20240709,"TALLERDIGITAL.PE S.A.C.","BARRANCO","LIMA","LIMA",150104,67000.0000,9600,19140,"SOLES",20260707
"BID 4","PROYECTOS DE INNOVACIÓN EMPRESARIAL",2023,"569-PROINNOVATE-PIEC1-2023","DESARROLLO DE UNA PLATAFORMA DIGITAL DE GOBERNANZA EFICIENTE E INTEGRAL DE LAS OPERACIONES Y \"STAKEHOLDERS\" EN LA \"FINTECH\" FENIX FACTORING\, BAJO UNA ORGANIZACIÓN AUTÓNOMA Y DESCENTRALIZADA-DAO\, BASADA EN \"SMART CONTRACTS\"\, \"BLOCKCHAIN\" Y GENERACIÓN DE TOKENS.",20230823,20250823,"FENIX FACTORING S.A.C.","MAGDALENA DEL MAR","LIMA","LIMA",150120,360000.0000,33600,80400,"SOLES",20260707
"BID 4","PROYECTOS DE INNOVACIÓN EMPRESARIAL",2023,"576-PROINNOVATE-PIEC1-2023","DESARROLLO DE UNA PLATAFORMA WEB Y MÓVIL PARA LOS ACTORES DEL SECTOR DE TRANSPORTE DE CARGA (CLIENTE MEDIANO/GRANDE\, TRANSPORTISTA-CONSOLIDADOR Y PEQUEÑO\, CONDUCTOR\, INVERSIONISTA)\, QUE FACILITE AL PEQUEÑO TRANSPORTISTA ACCEDER A SERVICIOS ESTABLES Y FORMALES.",20230803,20240803,"TRANSPORTES REY DEL NORTE S.A.C.","VICTOR LARCO HERRERA","TRUJILLO","LA LIBERTAD",130111,179999.0100,46800.99,133200,"SOLES",20260707
"BID 4","PROYECTOS DE INNOVACIÓN EMPRESARIAL",2023,"589-PROINNOVATE-PIEC1-2023","DESARROLLO DE UN MÓDULO PHOTOBOOT BASADO EN REALIDAD AUMENTADA QUE PERMITA MEJORAR LA EXPERIENCIA EN EL PROCESO DE PROMOCIÓN Y VENTA DE PRENDAS DE ALPACA",20230907,20250907,"CORPORACION NATIVA E.I.R.L.","AREQUIPA","AREQUIPA","AREQUIPA",040101,169450.8500,18749.15,18840,"SOLES",20260707
"BID 4","PROYECTOS DE VALIDACIÓN DE LA INNOVACIÓN",2023,"640-PROINNOVATE-PIEC2-2023","VALIDACIÓN TÉCNICA Y COMERCIAL DE ORGANNICAL\, PRIMERA PLATAFORMA QUE BRINDA EL SERVICIO DE TELEMEDICINA ESPECIALIZADA EN CANNABIS MEDICINAL EN LATAM",20231012,20250412,"ORGANICAL VENTURES S.A.C.","LIMA","LIMA","LIMA",150101,400000.0000,66670,192000,"SOLES",20260707
"MIPYME Emprendedor","PROGRAMA DE APOYO A LA INTERNACIONALIZACIÓN MODALIDAD II - POTENCIAMIENTO DE LAS EXPORTACIONES",2023,"684-PROINNOVATE-PAIM2-2023","INTERNACIONALIZACIÓN DE LA QUINUA Y MENESTRAS AL SECTOR FOOD SERVICE EN USA A TRAVÉS DE APLICACIONES DE VENTA ON LINE",20240131,20260627,"AC PERU INTERNACIONAL SAC","MIRAFLORES","LIMA","LIMA",150122,89999.0000,19985,0,"SOLES",20260707
"BID 4","PROGRAMA DE INNOVACIÓN MODERNIZACIÓN TECNOLÓGICA Y EMPRENDIMIENTO - MIPYMES DIGITALES",2023,"715-PROINNOVATE-IMTEMD-2023","POSICIONAMIENTO DIGITAL DE LA MARCA DE ACCESORIOS CORNELIO BORDA EN EL MERCADO DE MODA LOCAL E INTERNACIONAL\, A TRAVÉS DE LA IMPLEMENTACIÓN DE UN SISTEMA INTEGRADO QUE INCLUYE E-COMMERCE\, PROCESOS DE FACTURACIÓN ELECTRÓNICA E INTEGRACIÓN CON REDES SOCIALES.",20231006,20240906,"MONTELUPONE S.A.C.","MIRAFLORES","LIMA","LIMA",150122,44000.0000,10500,6700,"SOLES",20260707
"BID 4","PROYECTOS DE INNOVACIÓN EMPRESARIAL",2023,"764-PROINNOVATE-PIEC1-2023","AUTOMATIZACIÓN DEL PROCESO DE ELABORACIÓN DE PRODUCTOS DE VALOR AGREGADO (PELADOS) DE LANGOSTINOS EN TUMBES.",20231114,20251114,"ENGROUP HOLDING S.A.C.","MIRAFLORES","LIMA","LIMA",150122,315360.0700,223200.03,124999.93,"SOLES",20260707
"BID 4","CONCURSO DE PROYECTOS COLABORATIVOS DE INNOVACIÓN ABIERTA MODALIDAD A",2023,"810-PROINNOVATE-IAMA-2023","DESARROLLO DE UN PROYECTO DE INNOVACIÓN ABIERTA BASADA EN LA IMPLEMENTACIÓN DE UN SMART FACTORY SOSTENIBLE EN PROCESOS DE PREPARACIÓN\, TINTORERÍA Y ACABADO DE TELA PLANA EN LA EMPRESA CREDITEX",20231107,20261106,"CREDITEX S.A.A.","ATE","LIMA","LIMA",150103,1998767.8000,855902.2,1010999.68,"SOLES",20260707
"BID 4","CONCURSO DE PROYECTOS COLABORATIVOS DE INNOVACIÓN ABIERTA MODALIDAD A",2023,"826-PROINNOVATE-IAMA-2023","PROGRAMA DE INNOVACIÓN ABIERTA \"INCIMMET MINING LATAM\" PARA IMPULSAR UNA MINERÍA MÁS SOSTENIBLE Y DIGITAL",20231106,20260706,"INCIMMET S.A.","SANTIAGO DE SURCO","LIMA","LIMA",150140,2000000.0000,873740,1028000,"SOLES",20260707
"BID 4","EMPRENDIMIENTOS INNOVADORES",2023,"828-PROINNOVATE-EIN-2023","DATAPATH: ESCUELA ONLINE QUE POTENCIA Y ACELERA EL TALENTO EN DATA\, ANALYTICS & CLOUD.",20240305,20241205,"DISRUPTIVE TRAINING S.R.L.","SAN JUAN DE LURIGANCHO","LIMA","LIMA",150132,67000.0000,10831.45,19143.06,"SOLES",20260707
"BID 4","CONCURSO DE PROYECTOS COLABORATIVOS DE INNOVACIÓN ABIERTA MODALIDAD A",2023,"835-PROINNOVATE-IAMA-2023","SITECH 3.0 SOLUCIONES COLABORATIVAS PARA LOS GRANDES DESAFÍOS DE LA INDUSTRIA MINERA",20231103,20260703,"VIXORA SOCIEDAD ANONIMA - VIXORA S.A.","SANTIAGO DE SURCO","LIMA","LIMA",150140,1982731.2900,865974.07,927260,"SOLES",20260707
"BID 4","CONCURSO DE PROYECTOS COLABORATIVOS DE INNOVACIÓN ABIERTA MODALIDAD A",2023,"863-PROINNOVATE-IAMA-2023","INNOVACIÓN ABIERTA PARA EL DESARROLLO\, VALIDACIÓN Y ADOPCIÓN DE SOLUCIONES TECNOLÓGICAS DIGITALES PARA LA GESTIÓN DE SALUD PERSONALIZADA Y DE PRECISIÓN\, PROMOVIENDO Y CONSOLIDANDO LA SALUD PREVENTIVA EN UN ENTORNO DE SERVICIOS DE SALUD 4.0 DE PULSO SALUD",20231103,20260802,"PULSO CORPORACIÓN MÉDICA S.A.C.","SAN BORJA","LIMA","LIMA",150130,1999167.8000,869432.2,956000,"SOLES",20260707
"BID 4","PROYECTOS DE VALIDACIÓN DE LA INNOVACIÓN",2023,"874-PROINNOVATE-PIEC2-2023","VALIDACIÓN TÉCNICA COMERCIAL Y EMPAQUETAMIENTO DEL PROTOTIPO FINAL DE GENIO\, PRIMER CARGADOR PARA AUTOS ELÉCTRICOS AUTOSOSTENIBLE\, PARA SU LANZAMIENTO AL MERCADO INTERNACIONAL",20231103,20250503,"INTELLIGENIO SOCIEDAD ANONIMA CERRADA","BREÑA","LIMA","LIMA",150105,342608.4700,65841.53,156300,"SOLES",20260707
"BID 4","PROYECTOS DE VALIDACIÓN DE LA INNOVACIÓN",2023,"875-PROINNOVATE-PIEC2-2023","ESCALAMIENTO TECNICO COMERCIAL DE VEHICULO DE SUPERFICIE NO TRIPULADO (USV) PARA INSPECCION - DIGITALIZACION - DIAGNOSTICO MEDIOAMBIENTAL DE RECURSOS HIDRICOS",20231122,20251021,"FRANCISCO CUELLAR CORDOVA E.I.R.L.","SAN BORJA","LIMA","LIMA",150130,399999.8200,67163.98,126000,"SOLES",20260707
"MIPYME Emprendedor","PROGRAMA DE APOYO A LA INTERNACIONALIZACIÓN MODALIDAD II - POTENCIAMIENTO DE LAS EXPORTACIONES",2023,"884-PROINNOVATE-PAIM2-2023","FORTALECIMIENTO DE LAS EXPORTACIONES DE CAFÉ DE ORIGEN DE LA ASOCIACIÓN DE PRODUCTORES CAFETALEROS ANDINOS SIERRA VERDE AL MERCADO DE BÉLGICA",20231117,20251021,"\"ASOCIACION DE PRODUCTORES CAFETALEROS ANDINOS SIERRA VERDE\"","JAEN","JAEN","CAJAMARCA",060801,89910.0000,9990,0,"SOLES",20260707
"MIPYME Emprendedor","PROGRAMA DE APOYO A LA INTERNACIONALIZACIÓN MODALIDAD II - POTENCIAMIENTO DE LAS EXPORTACIONES",2023,"887-PROINNOVATE-PAIM2-2023","INTERNACIONALIZANDO LOS GRANOS DE CAFÉ DE ESPECIALIDAD CON CERTIFICACIÓN ORGÁNICA PERFIL DE TAZA SUPERIOR A 81 PUNTOS DE CAJAMARCA AL MERCADO DE COREA DEL SUR.",20231104,20250717,"INTEGRA COFFEE S.A.C.","JAEN","JAEN","CAJAMARCA",060801,89999.9800,10000.01,0,"SOLES",20260707
"BID 4","PROGRAMA DE INNOVACIÓN MODERNIZACIÓN TECNOLÓGICA Y EMPRENDIMIENTO - MIPYMES DIGITALES",2023,"892-PROINNOVATE-IMTEMD-2023","IMPLEMENTACIÓN DE SOFTWARE DE GESTIÓN DE LABORATORIOS PARA OPTIMIZAR LA TRAZABILIDAD\, LA GESTIÓN FINANCIERA Y EL MANEJO DE INFORMACIÓN EN LOS PROCESOS DE LA EMPRESA SERGEO EIRL DE LA REGIÓN MOQUEGUA",20231122,20241221,"SERGEO E.I.R.L.","MOQUEGUA","MARISCAL NIETO","MOQUEGUA",180101,45000.0000,10285.71,6857.14,"SOLES",20260707
"BID 4","CONCURSO DE PROYECTOS COLABORATIVOS DE INNOVACIÓN ABIERTA MODALIDAD A",2023,"907-PROINNOVATE-IAMA-2023","DESARROLLO DE UN PROGRAMA DE INNOVACIÓN ABIERTA QUE PERMITA LA OPTIMIZACIÓN DE LOS PROCESOS PRODUCTIVOS Y COMERCIALES DE TOPY TOP S A EN LA INDUSTRIA TEXTIL.",20231123,20260723,"TOPY TOP S A","SAN JUAN DE LURIGANCHO","LIMA","LIMA",150132,2000000.0000,867759.19,1004999.6,"SOLES",20260707
"BID 4","PROGRAMA DE INNOVACIÓN MODERNIZACIÓN TECNOLÓGICA Y EMPRENDIMIENTO - MIPYMES DE CALIDAD",2023,"921-PROINNOVATE-IMTEMC-2023","CERTIFICACIÓN DEL SISTEMA DE GESTIÓN DE CALIDAD DE YSA INGENIEROS BAJO ESTANDARES INTERNACIONALES",20240326,20250426,"Y.S.A. INGENIEROS S.A.C.","SAN MARTIN DE PORRES","LIMA","LIMA",150135,45000.0000,10285.71,6857.14,"SOLES",20260707
"BID 4","PROGRAMA DE INNOVACIÓN MODERNIZACIÓN TECNOLÓGICA Y EMPRENDIMIENTO - MIPYMES DE CALIDAD",2023,"944-PROINNOVATE-IMTEMC-2023","IMPLEMENTACIÓN Y CERTIFICACIÓN DEL SISTEMA DE GESTIÓN DE CALIDAD ISO 9001 EN LA EMPRESA IDEALISTAS MKT S.A.C.",20240213,20250313,"IDEALISTAS MKT S.A.C.","AREQUIPA","AREQUIPA","AREQUIPA",040101,45000.0000,10285.72,6857.14,"SOLES",20260707
"BID 4","PROYECTOS DE INNOVACIÓN EMPRESARIAL",2023,"946-PROINNOVATE-PIEC1-2023","VALLE DE LARES NUNA ANDINO: DESARROLLO DE UN NUEVO MODELO DE GESTIÓN OPERATIVA SOSTENIBLE PARA EL TURISMO REGENERATIVO DE AVENTURA\, NATURALEZA Y COMUNITARIO",20240201,20260201,"EXPLORANDINO TOUR OPERATOR E.I.R.L.","SANTIAGO","CUSCO","CUSCO",080106,140753.4000,17379.17,23960,"SOLES",20260707
"BID 4","Startup Perú PLUG - Atracción de Emprendedores Extranjeros",2023,"951-PROINNOVATE-AEE-2023","INSTASALUD: ECOSISTEMA DE SALUD DIGITAL (ATENCIÓN\, PRESCRIPCIÓN Y SEGUIMIENTO MÉDICO)",20240108,20250108,"INSTASALUD PERU S.A.C.","SAN ISIDRO","LIMA","LIMA",150131,154000.0000,22000,44000,"SOLES",20260707
"BID 4","PROGRAMA DE INNOVACIÓN MODERNIZACIÓN TECNOLÓGICA Y EMPRENDIMIENTO - MIPYMES DE CALIDAD",2023,"955-PROINNOVATE-IMTEMC-2023","IMPLEMENTACIÓN Y CERTIFICACIÓN DEL SISTEMA HACCP EN LAS LÍNEAS DE ELABORACIÓN DE EMBUTIDOS EN LA EMPRESA PRODUCTOS ALIMENTICIOS OCHOA EIR LTDA.",20240307,20250407,"PRODUCTOS ALIMENTICIOS OCHOA EIR LTDA.","COMAS","LIMA","LIMA",150110,44900.0000,10260,6840,"SOLES",20260707
"BID 4","PROYECTOS DE INNOVACIÓN EMPRESARIAL",2023,"956-PROINNOVATE-PIEC1-2023","DISEÑO\, CONSTRUCCIÓN Y PUESTA EN MARCHA DE UN MÓDULO FAMILIAR DE POSTCOSECHA DE CACAO\, UTILIZANDO MACHINE LEARNING\, EN LA COOPERATIVA AGRARIA CAFETALERA EL QUINACHO L 78\, EN EL DISTRITO DE SIVIA\, PROVINCIA DE HUANTA\, REGIÓN AYACUCHO.",20240111,20260111,"COOPERATIVA AGRARIA EL QUINACHO LTDA N° 078","SIVIA","HUANTA","AYACUCHO",050407,271106.7800,43483.22,51200,"SOLES",20260707
"BID 4","PROYECTOS DE INNOVACIÓN EMPRESARIAL",2023,"962-PROINNOVATE-PIEC1-2023","IMPLEMENTACIÓN DE UNA PLATAFORMA INTEGRADA DE EDGEIA&IIOT BASADA EN TECNOLOGÍAS DE INTELIGENCIA OPERATIVA CON ESTÁNDAR IDBOX\, PARA PRESTAR SERVICIOS DE EDGEIA\, AIIOT\, ANALÍTICA INDUSTRIAL A LAS EMPRESAS INDUSTRIALES Y DE SERVICIOS DEL PERÚ Y LATINOAMÉRICA.",20231129,20250928,"CONTROL SYSTEM INTEGRATION S.A.C.","SAN ISIDRO","LIMA","LIMA",150131,147779.6600,56220.34,95200,"SOLES",20260707
"BID 4","PROYECTOS DE INNOVACIÓN EMPRESARIAL",2023,"969-PROINNOVATE-PIEC1-2023","CONSTRUCCIÓN DE UN EQUIPO AUTOMATIZADO DE ELABORACIÓN DE BEBIDAS FUNCIONALES DE ALTO VALOR NUTRICIONAL EN BASE A PRODUCTOS LIOFILIZADOS (FRUTAS\, VERDURAS\, SEMILLAS): \"RITA HEALTHY\".",20231212,20251212,"FRUTAS INTELIGENTES S.A.C.","LIMA","LIMA","LIMA",150101,180000.0000,46800,133200,"SOLES",20260707
"BID 4","INCUBADORAS Y ACELERADORAS DE EMPRENDIMIENTOS INNOVADORES EN REGIONES",2023,"973-PROINNOVATE-IEIR-2023","INCUBA UNAS:  TRANSFORMANDO EL ECOSISTEMA EMPRENDEDOR DE LA AMAZONÍA",20240307,20261206,"UNIVERSIDAD NACIONAL AGRARIA DE LA SELVA","RUPA-RUPA","LEONCIO PRADO","HUANUCO",100601,685000.0000,86151,59119,"SOLES",20260707
"BID 4","INCUBADORAS Y ACELERADORAS DE EMPRENDIMIENTOS INNOVADORES EN REGIONES",2023,"994-PROINNOVATE-IEIR-2023","INCUBA UNTUMBES\, FORTALECIMIENTO DE LA INCUBADORA DE EMPRESAS DE LA UNIVERSIDAD NACIONAL DE TUMBES EN UN MARCO DE COLABORACIÓN BINACIONAL ENFOCADA EN LOS SECTORES DE PESCA-ACUICULTURA\, AGROINDUSTRIA Y COMERCIO DIGITAL.",20240308,20260908,"UNIVERSIDAD NACIONAL DE TUMBES","TUMBES","TUMBES","TUMBES",240101,608710.0000,93000,51300,"SOLES",20260707
"BID 4","CONCURSO DE PROYECTOS COLABORATIVOS DE INNOVACIÓN ABIERTA MODALIDAD A",2023,"1000-PROINNOVATE-IAMA-2023","DESARROLLO DE UN PROGRAMA DE INNOVACIÓN ABIERTA PARA LA EMPRESA RAINFOREST EXPEDITIONS SAC CON FINES DE PRESERVAR ESPECIES AUTÓCTONAS EN PELIGRO DE EXTINCIÓN EN LA REGIÓN DE MADRE DE DIOS.",20231213,20261212,"RAINFOREST EXPEDITIONS SAC","TAMBOPATA","TAMBOPATA","MADRE DE DIOS",170101,765000.0000,252744,366500,"SOLES",20260707
"BID 4","DINAMIZACIÓN DEL ECOSISTEMA REGIONAL DE INNOVACIÓN Y EMPRENDIMIENTO",2023,"1003-PROINNOVATE-DER-2023","ACELERACIÓN DEL ECOSISTEMA REGIONAL DE INNOVACIÓN Y EMPRENDIMIENTO (I+E)\, MEDIANTE UN ENFOQUE  COLABORATIVO DE ACTORES ESTRATÉGICOS EN LA REGIÓN AMAZONAS.",20240311,20270311,"UNIVERSIDAD NACIONAL TORIBIO RODRIGUEZ DE MENDOZA DE AMAZONAS","CHACHAPOYAS","CHACHAPOYAS","AMAZONAS",010101,3000000.0000,453046.37,724257.14,"SOLES",20260707
"BID 4","INCUBADORAS 2.0",2023,"1019-PROINNOVATE-INC20-2023","KAMAN 2.0: PROGRAMAS PARA EL FORTALECIMIENTO DEL ECOSISTEMA DE EMPRENDIMIENTO E INNOVACIÓN EN EL SUR DEL PAÍS.",20240117,20260717,"UNIVERSIDAD CATOLICA SAN PABLO","AREQUIPA","AREQUIPA","AREQUIPA",040101,1280000.0000,160000,123500,"SOLES",20260707
"BID 4","INCUBADORAS 2.0",2023,"1021-PROINNOVATE-INC20-2023","HUB UDEP\,  INCUBADORA REGIONAL 2.0",20240201,20260801,"UNIVERSIDAD DE PIURA","PIURA","PIURA","PIURA",200101,1448902.3600,206802.44,215000,"SOLES",20260707
"BID 4","VALIDACIÓN DE LA INNOVACIÓN - CAMBIO CLIMÁTICO",2023,"1022-PROINNOVATE-PIEC2CC-2023","VALIDACIÓN TÉCNICA Y COMERCIAL DE UN SISTEMA INTEGRAL DE MONITOREO DEL DESEMPEÑO DEL SISTEMA DE PROPULSIÓN EN TIEMPO REAL PARA EMBARCACIONES DE PESCA ARTESANAL\, CON ENFOQUE EN EFICIENCIA ENERGÉTICA",20240103,20250703,"MAQUINARIA ALEMANA S.A.C.","CHORRILLOS","LIMA","LIMA",150108,266940.6800,82059.32,187200,"SOLES",20260707
"BID 4","Startup Perú PLUG - Atracción de Emprendedores Extranjeros",2023,"1023-PROINNOVATE-AEE-2023","DATABOT\, TRANSFORMAMOS CONVERSACIONES EN VENTA A TRAVÉS DE ASISTENTES DE INTELIGENCIA ARTIFICIAL",20240319,20250319,"GRUPO DATABOT S.A.C.","SANTIAGO DE SURCO","LIMA","LIMA",150140,154000.0000,22000,44000,"SOLES",20260707
"BID 4","INCUBADORAS CAMBIO CLIMÁTICO",2023,"1024-PROINNOVATE-ICC-2023","USIL VENTURES: CLEANTECH HUB PARA LA ADAPTACIÓN Y/O MITIGACIÓN AL CAMBIO CLIMÁTICO",20240111,20260711,"ASOCIACION PRO BIENESTAR Y DESARROLLO","LA MOLINA","LIMA","LIMA",150114,500000.0000,62500,46200,"SOLES",20260707
"BID 4","Startup Perú PLUG - Atracción de Emprendedores Extranjeros",2023,"1025-PROINNOVATE-AEE-2023","CHECK WMS\, PLATAFORMA SAAS DE CONTROL DE INVENTARIO",20240208,20250208,"CHECK WMS S.A.C.","JESUS MARIA","LIMA","LIMA",150113,154000.0000,22330,43813,"SOLES",20260707
"BID 4","DINAMIZACIÓN DEL ECOSISTEMA REGIONAL DE INNOVACIÓN Y EMPRENDIMIENTO",2023,"1026-PROINNOVATE-DER-2023","DINAMIZACIÓN DEL ECOSISTEMA DE INVESTIGACIÓN\, DESARROLLO\, INNOVACIÓN Y EMPRENDIMIENTO (I+D+I+E) PARA FORTALECER LA ARTICULACIÓN\, COMPETITIVIDAD Y SOSTENIBILIDAD EN LA REGIÓN DE MADRE DE DIOS",20240311,20270311,"MUNICIPALIDAD PROVINCIAL DE TAMBOPATA","TAMBOPATA","TAMBOPATA","MADRE DE DIOS",170101,3000000.0000,428571.43,534942.85,"SOLES",20260707
"BID 4","INCUBADORAS CAMBIO CLIMÁTICO",2023,"1028-PROINNOVATE-ICC-2023","INCUBAGRARIA: HUB DE INNOVACION Y EMPRENDIMIENTO EN CAMBIO CLIMÁTICO",20240319,20260919,"UNIVERSIDAD NACIONAL AGRARIA LA MOLINA","LA MOLINA","LIMA","LIMA",150114,500000.0000,62500,41419,"SOLES",20260707
"BID 4","Startup Perú PLUG - Atracción de Emprendedores Extranjeros",2023,"1037-PROINNOVATE-AEE-2023","INTERBRAIN: TECNOLOGÍA DE APRENDIZAJE INMERSIVO\, GAMIFICACIÓN E IA DIRIGIDO A ENTIDADES PUB. O PRIV.",20240201,20250228,"INTERBRAIN PERU S.A.C.","SANTIAGO DE SURCO","LIMA","LIMA",150140,154000.0000,39979.68,26020.32,"SOLES",20260707
"BID 4","PROYECTOS DE VALIDACIÓN DE LA INNOVACIÓN",2023,"1041-PROINNOVATE-PIEC2-2023","VALIDACIÓN Y EMPAQUETAMIENTO TÉCNICO-COMERCIAL DE UNA TAPA QUE PERMITE TENER UNA BEBIDA DE MANDARINA DE AUTO PREPARACIÓN INSTANTÁNEA\, NATURAL Y SIN PRESERVANTES.",20240111,20251210,"AGRARIA SANTA ISABEL S.A.C.","VENTANILLA","CALLAO","CALLAO",070106,499466.1100,83883.89,129500,"SOLES",20260707
"BID 4","Startup Perú PLUG - Atracción de Emprendedores Extranjeros",2023,"1044-PROINNOVATE-AEE-2023","ECOMPAKE\,  MARCA MULTICATEGORIA DE PRODUCTOS 100% ECOLÓGICOS",20240208,20250208,"CMPK S.A.C.","CHORRILLOS","LIMA","LIMA",150108,154000.0000,30734.96,46180,"SOLES",20260707
"BID 4","Startup Perú PLUG - Atracción de Emprendedores Extranjeros",2023,"1045-PROINNOVATE-AEE-2023","INFOCONTROL: INTELIGENCIA ARTIFICIAL APLICADA AL CONTROL DOCUMENTAL PARA LA CONTRATACIÓN DE PERSONAL",20240305,20250205,"INFOCONTROL CO PERU S.A.C.","LIMA","LIMA","LIMA",150101,154000.0000,22000,44000,"SOLES",20260707
"BID 4","INCUBADORAS 2.0",2023,"1046-PROINNOVATE-INC20-2023","BIOINCUBA: IMPLEMENTACIÓN DE PROGRAMAS ORIENTADOS A PROMOVER\, DESCUBRIR\, E IMPULSAR EL DESARROLLO Y SALIDA AL MERCADO DE EMPRENDIMIENTOS CON TRIPLE IMPACTO BASADOS EN CIENCIA Y TECNOLOGÍA DE TODAS LAS REGIONES DEL PAÍS.",20240319,20260918,"UNIVERSIDAD PERUANA CAYETANO HEREDIA","SAN MARTIN DE PORRES","LIMA","LIMA",150135,1450000.0000,203005.16,168725.52,"SOLES",20260707
"BID 4","CONCURSO DE PROYECTOS COLABORATIVOS DE INNOVACIÓN ABIERTA MODALIDAD B",2023,"1047-PROINNOVATE-IAMB-2023","TRANSFORMACIÓN DE LA EXPERIENCIA DEL CLIENTE EN EL SECTOR RETAIL A TRAVÉS DE LA INNOVACIÓN ABIERTA PARA AUMENTAR LA CONVERSIÓN EN TIENDA",20240207,20270206,"PONTIFICIA UNIVERSIDAD CATOLICA DEL PERU","SAN MIGUEL","LIMA","LIMA",150136,799915.0000,273725,420000,"SOLES",20260707
"BID 4","CONCURSO DE PROYECTOS COLABORATIVOS DE INNOVACIÓN FASE 2 - CATEGORÍA 2",2023,"1051-PROINNOVATE-CPCC2F2-2023","TRANSFORMACIÓN DE RELAVES MINEROS EN MATERIALES PARA USO EN CONSTRUCCIÓN CON TRATAMIENTO DE ZEOLITAS: UNA ESTRATEGIA DE SOSTENIBILIDAD Y ECONOMÍA CIRCULAR EN COMPAÑÍA MINERA PODEROSA S.A.",20240117,20270116,"CIA MINERA PODEROSA S A","SANTIAGO DE SURCO","LIMA","LIMA",150140,1199999.9972,748851.6588,600000,"SOLES",20260707
"BID 4","DINAMIZACIÓN DEL ECOSISTEMA REGIONAL DE INNOVACIÓN Y EMPRENDIMIENTO",2023,"1053-PROINNOVATE-DER-2023","IMPULSANDO EL FORTALECIMIENTO Y DINAMIZACIÓN DEL ECOSISTEMA REGIONAL EN INNOVACIÓN Y EMPRENDIMIENTO - DER EN EL DEPARTAMENTO DE LORETO",20240409,20270409,"GOBIERNO REGIONAL DE LORETO","IQUITOS","MAYNAS","LORETO",160101,3000000.0000,451564.57,455157.14,"SOLES",20260707
"BID 4","CONCURSO DE PROYECTOS COLABORATIVOS DE INNOVACIÓN FASE 2 - CATEGORÍA 2",2023,"1059-PROINNOVATE-CPCC2F2-2023","IMPLEMENTAR LAS SOLUCIONES INNOVADORAS SELECCIONADAS EN LA FASE I DEL PROGRAMA DE INNOVACIÓN ABIERTA DE LA EMPRESA ONCOSALUD PARA LA PREVENCIÓN\, DETECCIÓN TEMPRANA\, TRATAMIENTO Y MONITOREO DE CÁNCER DE PULMÓN",20240327,20260526,"ONCOSALUD S.A.C.","SAN ISIDRO","LIMA","LIMA",150131,1165861.0000,590539,225394.33,"SOLES",20260707
"BID 4","CONCURSO DE PROYECTOS COLABORATIVOS DE INNOVACIÓN ABIERTA MODALIDAD A",2023,"1060-PROINNOVATE-IAMA-2023","DESARROLLO DE PROGRAMA DE INNOVACIÓN ABIERTA PARA AGROPECUARIA LA MOCHERITA SAC\, CON FINES DE LOGRAR UNA GANADERÍA 4.0 Y SOSTENIBLE",20240117,20260917,"AGROPECUARIA LA MOCHERITA SAC","MOCHE","TRUJILLO","LA LIBERTAD",130107,2000000.0000,871000,1020000,"SOLES",20260707
"BID 4","PROYECTOS DE VALIDACIÓN DE LA INNOVACIÓN",2023,"1061-PROINNOVATE-PIEC2-2023","DESARROLLO DE VALIDACIÓN DE LOS EQUIPOS TECNOLÓGICOS PARA EL PROCESAMIENTO DE LA FIBRA DE ALPACA.",20240117,20250717,"JCALDERON E.I.R.L.","PUNO","PUNO","PUNO",210101,349891.8600,60386.56,151200,"SOLES",20260707
"BID 4","INCUBADORAS CAMBIO CLIMÁTICO",2023,"1062-PROINNOVATE-ICC-2023","FORTALECIENDO LA INCUBADORA NEXUM - PUCP CON ENFOQUE EN CAMBIO CLIMATICO",20240223,20260823,"PONTIFICIA UNIVERSIDAD CATOLICA DEL PERU","SAN MIGUEL","LIMA","LIMA",150136,500000.0000,62500,0,"SOLES",20260707
"BID 4","Startup Perú PLUG - Atracción de Emprendedores Extranjeros",2023,"1067-PROINNOVATE-AEE-2023","SOYDELIVERY: VINCULAMOS TIENDAS\, MARKETPLACES\, HUBS\, CONDUCTORES Y TECNOLOGÍA.",20240207,20250207,"SOYDELIVERY PERU SOCIEDAD ANONIMA CERRADA","LA VICTORIA","LIMA","LIMA",150115,154000.0000,22000,44000,"SOLES",20260707
"BID 4","CONCURSO FORTALECIMIENTO ESTRATÉGICO DE CENTROS DE EXTENSIÓN Y TRANSFERENCIA TECNOLÓGICA (CET) - SEGUNDA FASE",2023,"1072-PROINNOVATE-CETF2-2023","IMPLEMENTACION DEL PLAN ESTRATEGICO DEL CITEFORESTAL PUCALLPA PARA EL FORTALECIMIENTO DE SERVICIOS QUE SE OFRECEN A LAS UNIDADES PRODUCTIVAS DEL SECTOR FORESTAL MADERABLE EN LA REGION UCAYALI",20240814,20261214,"INSTITUTO TECNOLÓGICO DE LA PRODUCCIÓN","SAN ISIDRO","LIMA","LIMA",150131,3602160.0000,0,763920,"SOLES",20260707
"BID 4","CONCURSO FORTALECIMIENTO ESTRATÉGICO DE CENTROS DE EXTENSIÓN Y TRANSFERENCIA TECNOLÓGICA (CET) - SEGUNDA FASE",2023,"1074-PROINNOVATE-CETF2-2023","FORTALECIMIENTO DE CITECCAL PARA LA CADENA CUERO\, CALZADO\, TEXTIL\, CONFECCIONES E INDUSTRIAS CONEXAS.",20240814,20261114,"INSTITUTO TECNOLÓGICO DE LA PRODUCCIÓN","SAN ISIDRO","LIMA","LIMA",150131,4155000.0000,0,1385000,"SOLES",20260707
"BID 4","DINAMIZACIÓN DEL ECOSISTEMA REGIONAL DE INNOVACIÓN Y EMPRENDIMIENTO",2023,"1075-PROINNOVATE-DER-2023","DINAMIZACIÓN DEL ECOSISTEMA DE INNOVACIÓN Y EMPRENDIMIENTO EN LA REGIÓN HUÁNUCO",20240423,20270423,"UNIV. NAC.  HERMILIO VALDIZAN  HUANUCO","PILLCO MARCA","HUANUCO","HUANUCO",100111,3000000.0000,286371.07,648933.85,"SOLES",20260707
"BID 4","INNOVACIÓN EMPRESARIAL - CAMBIO CLIMÁTICO",2023,"1076-PROINNOVATE-PIEC1CC-2023","OPTIMIZACIÓN DE LA HUELLA DE CARBONO Y EFICENCIA DE BIOCNPK EN ABONOS VIVOS S.A.C.",20240207,20260207,"ABONOS VIVOS S.A.C","CHORRILLOS","LIMA","LIMA",150108,233129.8300,39999.37,115630,"SOLES",20260707
"BID 4","CONCURSO DE PROYECTOS COLABORATIVOS DE INNOVACIÓN FASE 2 - CATEGORÍA 2",2023,"1077-PROINNOVATE-CPCC2F2-2023","IMPLEMENTACIÓN DE SOLUCIONES SISTÉMICAS DE FORMA COLABORATIVA ENTRE LOS DIFERENTES ACTORES DE LA CADENA DE VALOR DEL CACAO DE MACHU PICCHU FOODS S.A.C.",20240207,20261006,"MACHU PICCHU FOODS S.A.C.","SAN ISIDRO","LIMA","LIMA",150131,1163160.0000,581580,400680,"SOLES",20260707
"BID 4","CONCURSO DE PROYECTOS COLABORATIVOS DE INNOVACIÓN FASE 2 - CATEGORÍA 2",2023,"1082-PROINNOVATE-CPCC2F2-2023","IMPULSANDO LA EXCELENCIA EN EL SECTOR SALUD MEDIANTE UN SISTEMA DE MONITOREO AUTOMATIZADO PARA EL SEGUIMIENTO DE PROYECTOS DE SALUD A NIVEL NACIONAL Y UNA PLATAFORMA DE TELEMETRÍA DE EQUIPOS BIOMÉDICOS PARA IMPLEMENTAR MANTENIMIENTOS PREDICTIVOS.",20240207,20260607,"VITALTEC S.A.C.","SANTIAGO DE SURCO","LIMA","LIMA",150140,796850.0000,398425,358583,"SOLES",20260707
"BID 4","PROYECTOS DE INNOVACIÓN EMPRESARIAL",2023,"1083-PROINNOVATE-PIEC1-2023","DESARROLLO DE UNA LÍNEA PILOTO DE EMPACADO EN SECO DE BANANO (AQUASMART)  EN LA COOPERATIVA AGRARIA DE USUARIOS RIO Y VALLE\, PROVINCIA DE SULLANA\, REGIÓN PIURA\, CON FINES DE REDUCCIÓN DE LA HUELLA HÍDRICA EN EXPORTACIÓN DE BANANO.",20240207,20260207,"MUNDO RURAL SUSTENTABLE S.A.C.","CASTILLA","PIURA","PIURA",200104,179979.2100,17425.88,31200,"SOLES",20260707
"BID 4","PROGRAMA DE INNOVACIÓN MODERNIZACIÓN TECNOLÓGICA Y EMPRENDIMIENTO - MIPYMES DE CALIDAD",2023,"1098-PROINNOVATE-IMTEMC-2023","IMPLEMENTACIÓN Y CERTIFICACIÓN DEL SISTEMA HACCP EN EL SERVICIO DE RESTAURANTE DE LA EMPRESA DI LIMON S.A.C. PARA EL PROCESAMIENTO Y EXPENDION DE COMIDA TRADICIONAL LAMBAYECANA",20240318,20250418,"DI LIMON S.A.C.","LAMBAYEQUE","LAMBAYEQUE","LAMBAYEQUE",140301,45000.0000,10285.71,6857.14,"SOLES",20260707
"BID 4","PROGRAMA DE INNOVACIÓN MODERNIZACIÓN TECNOLÓGICA Y EMPRENDIMIENTO - MIPYMES DE CALIDAD",2024,"012-PROINNOVATE-IMTEMC-2024","IMPLEMENTACIÓN Y CERTIFICACIÓN DEL SISTEMA HACCP Y SUS PROGRAMAS PRERREQUISITOS EN LA LÍNEA DE PROCESAMIENTO DE CHOCOLATES A BASE DE PASTA PURA DE CACAO",20240401,20250501,"AGRO INDUSTRIAS PUMA REAL S.R.L.","SANTA ANA","LA CONVENCION","CUSCO",080901,45000.0000,10285.8,6857.1,"SOLES",20260707
"BID 4","PROGRAMA DE INNOVACIÓN MODERNIZACIÓN TECNOLÓGICA Y EMPRENDIMIENTO - MIPYMES DE CALIDAD",2024,"024-PROINNOVATE-IMTEMC-2024","IMPLEMENTACION DE UN SISTEMA DE CERTIFICACIÓN ORGANICA Y COMERCIO JUSTO TRAIDER PARA ACCEDER AL MERCADO EXTERIOR EN LA EMPRESA EYZBRIC PERU SOCIEDAD ANONIMA CERRADA",20240401,20250501,"EYZBRIC PERU SOCIEDAD ANONIMA CERRADA","RIO NEGRO","SATIPO","JUNIN",120607,45000.0000,10285.71,6857.14,"SOLES",20260707
"BID 4","CONVENIOS INTERINSTITUCIONALES - SEGUIMIENTO",2023,"003-2023-PRODUCE/PROINNOVATE-CI","CONVENIO DE TRANSFERENCIA DE RECURSOS PROYECTOS PARA LA IMPLEMENTACIÓN DEL MODELO DE GESTIÓN DE LA RED CITE BASADO EN RESULTADOS",20231229,20260629,"INSTITUTO TECNOLÓGICO DE LA PRODUCCIÓN","SAN ISIDRO","LIMA","LIMA",150131,18838738.0000,0,0,"SOLES",20260707
"BID 4","PROGRAMA DE INNOVACIÓN MODERNIZACIÓN TECNOLÓGICA Y EMPRENDIMIENTO - MIPYMES DE CALIDAD",2024,"039-PROINNOVATE-IMTEMC-2024","MEJORA DE CALIDAD EN BASE A LA IMPLEMENTACIÓN Y LOGRO DE CERTIFICACION DE LA NORMA ISO 9001:2015 EN LA EMPRESA CM BERAT",20240314,20250414,"CM BERAT CONSTRUCCION & MAQUINARIA PESADA S.A.C.","SAN MARTIN DE PORRES","LIMA","LIMA",150135,45000.0000,10285.72,6857.14,"SOLES",20260707
"BID 4","INNOVACIÓN EMPRESARIAL - CAMBIO CLIMÁTICO",2024,"061-PROINNOVATE-PIEC1CC-2024","DESARROLLO DE UN PROTOTIPO MODELO DE CARBONIZACIÓN CONTINUA DE BIOMASA CON TECNOLOGÍAS DE CAPTURA DE HUMO SEMI AUTOMATIZADO\, PARA LA EFICIENCIA Y SOSTENIBILIDAD EN LA CIRCULARIDAD DE LAS BIOMASAS EN PUCACACA-SAN MARTÍN DESARROLLADA POR ECOGUERREROS DEL PERU",20240314,20260314,"ECOGUERREROS DEL PERU Y EL MUNDO","MORALES","SAN MARTIN","SAN MARTIN",220910,358757.6500,52246.35,71500,"SOLES",20260707
"BID 4","CONCURSO DE BECAS PARA PROGRAMAS DE BOOTCAMPS DE CÓDIGO",2024,"065-PROINNOVATE-BCC-2024","CONTRATO BOOTCAMP DE CÓDIGO: LABORATORIA",20240329,20250329,"LABORATORIA","BARRANCO","LIMA","LIMA",150104,0.0000,0,0,"SOLES",20260707
"BID 4","CONCURSO DE BECAS PARA PROGRAMAS DE BOOTCAMPS DE CÓDIGO",2024,"066-PROINNOVATE-BCC-2024","CONTRATO BOOTCAMP DE CÓDIGO: MAKE IT REAL",20240102,20250302,"MAKE IT REAL CAMP - LA NUEVA EDUCACION SAS","N/D","N/D","N/D","",0.0000,0,0,"SOLES",20260707
"BID 4","CONCURSO DE BECAS PARA PROGRAMAS DE BOOTCAMPS DE CÓDIGO",2024,"067-PROINNOVATE-BCC-2024","CONTRATO BOOTCAMP DE CÓDIGO: LE WAGON",20240302,20250302,"BOOT CAMP CHILE SPA","N/D","N/D","N/D","",0.0000,0,0,"SOLES",20260707
"BID 4","PROGRAMA DE INNOVACIÓN MODERNIZACIÓN TECNOLÓGICA Y EMPRENDIMIENTO - MIPYMES DE CALIDAD",2024,"098-PROINNOVATE-IMTEMC-2024","IMPLEMENTACION Y CERTIFICACION DE UN SISTEMA DE GESTION DE CALIDAD ISO 9001:2015 Y SEGURIDAD Y SALUD EN EL TRABAJO ISO 45001:2018",20240405,20250505,"NEW ENERGY CORPORATION S.A.C.","YARINACOCHA","CORONEL PORTILLO","UCAYALI",250105,43820.0000,10008,6672,"SOLES",20260707
"BID 4","PROGRAMA DE INNOVACIÓN MODERNIZACIÓN TECNOLÓGICA Y EMPRENDIMIENTO - MIPYMES DE CALIDAD",2024,"126-PROINNOVATE-IMTEMC-2024","IMPLEMENTACIÓN DE TRINORMA PARA REPOTENCIAR LOS PROCESOS OPERATIVOS DE GRUPO MATIC S.A.C.",20240314,20250414,"GRUPO MATIC S.A.C.","SAN MARTIN DE PORRES","LIMA","LIMA",150135,45000.0000,10285.72,6857.14,"SOLES",20260707
"BID 4","PROGRAMA DE INNOVACIÓN MODERNIZACIÓN TECNOLÓGICA Y EMPRENDIMIENTO - MIPYMES DE CALIDAD",2024,"141-PROINNOVATE-IMTEMC-2024","IMPLEMENTACIÓN Y CERTIFICACIÓN DE LA NORMA INTERNACIONAL ISO 45001:2018 SISTEMA DE GESTIÓN DE SEGURIDAD Y SALUD EN EL TRABAJO EN LA EMPRESA FIDEMA MOVIT S.A.C.",20240520,20250620,"FIDEMA MOVIT S.A.C.","CERRO COLORADO","AREQUIPA","AREQUIPA",040104,45000.0000,10285.71,6857.14,"SOLES",20260707
"BID 4","PROGRAMA DE INNOVACIÓN MODERNIZACIÓN TECNOLÓGICA Y EMPRENDIMIENTO - MIPYMES DE CALIDAD",2024,"143-PROINNOVATE-IMTEMC-2024","IMPLEMENTACIÓN Y CERTIFICACIÓN DEL SISTEMA DE GESTIÓN SEGÚN ISO 9001:2015 EN LA EMPRESA INVERSIONES TRANSJAVIER S.A.C.",20240419,20250727,"INVERSIONES TRANSJAVIER SOCIEDAD ANONIMA CERRADA","HUARAL","HUARAL","LIMA",150601,44950.0000,10391,6765,"SOLES",20260707
"BID 4","PROGRAMA DE INNOVACIÓN MODERNIZACIÓN TECNOLÓGICA Y EMPRENDIMIENTO - MIPYMES DE CALIDAD",2024,"152-PROINNOVATE-IMTEMC-2024","PROYECTO DE IMPLEMENTACION Y CERTIFICACION DE UN SISTEMA DE GESTION DE CALIDAD BASADO EN LA NORMA ISO 9001:2015 EN LA EMPRESA GRUPO TORRE FUERTE CONSULTORA Y CONSTRUCTORA S.A.C.",20240417,20250517,"GRUPO TORRE FUERTE CONSULTORA Y CONSTRUCTORA S.A.C.","JOSE LUIS BUSTAMANTE Y RIVERO","AREQUIPA","AREQUIPA",040129,45000.0000,10285.71,6857.14,"SOLES",20260707
"BID 4","Startup Perú PLUG - Atracción de Emprendedores Extranjeros",2024,"155-PROINNOVATE-AEE-2024","LE WAGON:  BOOTCAMP DE PROGRAMACIÓN QUE CAPACITA A LAS PERSONAS EN HABILIDADES TECNOLÓGICAS.",20240320,20250518,"LE WAGON PERU S.A.C.","SANTIAGO DE SURCO","LIMA","LIMA",150140,154000.0000,42042.36,23957.64,"SOLES",20260707
"BID 4","PROGRAMA DE INNOVACIÓN MODERNIZACIÓN TECNOLÓGICA Y EMPRENDIMIENTO - MIPYMES DE CALIDAD",2024,"164-PROINNOVATE-IMTEMC-2024","IMPLEMENTACIÓN DEL SISTEMA GESTIÓN DE CALIDAD ISO 9001-2015 PARA LA EMPRESA TIC CORP SAC CON EL FIN DE MEJORAR LA EFICIENCIA DE LOS PROCESOS\, AUMENTAR LA SATISFACCIÓN DEL CLIENTE Y GARANTIZAR LA ENTREGA DE SERVICIOS DE ALTA CALIDAD",20240319,20250419,"TIC CORP S.A.C.","SAN ISIDRO","LIMA","LIMA",150131,45000.0000,10285.71,6857.14,"SOLES",20260707
"BID 4","PROGRAMA DE INNOVACIÓN MODERNIZACIÓN TECNOLÓGICA Y EMPRENDIMIENTO - MIPYMES DE CALIDAD",2024,"170-PROINNOVATE-IMTEMC-2024","IMPLEMENTACION Y CERTIFICACION DEL SISTEMA HACCP EN LA EMPRESA SERVICIOS ESPECIALES ALESAR SCRL",20240930,20251030,"SERVICIOS ESPECIALES ALESAR SCRL","SAN ISIDRO","LIMA","LIMA",150131,45000.0000,10285.72,6857.14,"SOLES",20260707
"BID 4","Startup Perú PLUG - Atracción de Emprendedores Extranjeros",2024,"193-PROINNOVATE-AEE-2024","XCAPIT\,  INFRAESTRUCTURA EFICIENTE DE PROCESAMIENTO Y OTORGAMIENTO DE CRÉDITOS BASADO EN BLOCKCHAIN.",20240320,20250320,"XCAPIT S.A.C.","SANTIAGO DE SURCO","LIMA","LIMA",150140,154000.0000,46200,23100,"SOLES",20260707
"BID 4","Startup Perú PLUG - Atracción de Emprendedores Extranjeros",2024,"194-PROINNOVATE-AEE-2024","SELYT: CAPTADORES FREELANCE TRAEN CLIENTES Y SELYT CIERRA LAS VENTAS",20240320,20250619,"SELYT S.A.C.","SANTIAGO DE SURCO","LIMA","LIMA",150140,154000.0000,22000,44000,"SOLES",20260707
"BID 4","PROYECTOS DE INNOVACIÓN EMPRESARIAL",2024,"200-PROINNOVATE-PIEC1-2024","DESARROLLO DE UN PROTOCOLO DE FERMENTACIÓN CONTROLADA CON TECNOLOGÍA DE INOCULACIÓN DE MICROORGANISMOS PRECURSORES DEL AROMA Y SABOR OBTENIDOS DEL CAFÉ PRODUCIDO EN HERMILIO VALDIZAN-HUÁNUCO PARA MEJORAR Y DIFERENCIAR LA CALIDAD SENSORIAL DEL CAFÉ EN TAZA.",20240405,20260405,"EL ABUELO VALDIZANO S.R.L.","RUPA-RUPA","LEONCIO PRADO","HUANUCO",100601,179989.9900,25270.21,19320,"SOLES",20260707
"BID 4","INCUBADORAS Y ACELERADORAS DE EMPRENDIMIENTOS INNOVADORES EN REGIONES",2024,"212-PROINNOVATE-IEIR-2024","TECNOLÓGICA: IMPULSANDO LOS EMPRENDIMIENTOS SOSTENIBLES DE LA REGIÓN",20240321,20261120,"CAMARA DE COMERCIO INDUSTRIA Y TURISMO DE ICA","ICA","ICA","ICA",110101,685000.0000,1625,14050,"SOLES",20260707
"BID 4","RED DE EMPRENDIMIENTO FEMENINO",2024,"217-PROINNOVATE-REF-2024","RED DE EMPRENDIMIENTOS EMPRESARIALES FEMENINOS QUE FOMENTA Y FORTALECE LA CULTURA EMPRENDEDORA  GENERANDO SINERGIA Y COMPETITIVIDAD EN LA REGIÓN SAN MARTÍN.",20240404,20250404,"UNIVERSIDAD NACIONAL DE SAN MARTIN","TARAPOTO","SAN MARTIN","SAN MARTIN",220901,117000.0000,0,29250,"SOLES",20260707
"BID 4","INNOVACIÓN EMPRESARIAL - CAMBIO CLIMÁTICO",2024,"218-PROINNOVATE-PIEC1CC-2024","DESARROLLO  E IMPLEMENTACIÓN DE UN SISTEMA PILOTO DE TRATAMIENTO DE AGUAS RESIDUALES CON TECNOLOGÍA ELECTROSTÁTICA CON LA FINALIDAD DE RECIRCULAR EL AGUA EN LOS PROCESOS PRODUCTIVOS DE LAVANDERÍAS ALBUS S.A.C",20240314,20260314,"LAVANDERIA ALBUS S.A.C.","SAN JUAN DE MIRAFLORES","LIMA","LIMA",150133,360000.0000,52724,64800,"SOLES",20260707
"BID 4","RED DE EMPRENDIMIENTO FEMENINO",2024,"219-PROINNOVATE-REF-2024","MUJERES EN ACCIÓN: TALLER PRESENCIAL Y PROGRAMA DE CAPACITACIÓN EN TEMAS DE EMPRENDIMIENTO\, FINANZAS PERSONALES Y EMPODERAMIENTO EN CAJAMARCA\, HUÁNUCO Y LIMA",20240604,20251203,"TAPPOYO FINTECH S.A.C","SANTIAGO DE SURCO","LIMA","LIMA",150140,115945.1100,16098.99,14671.57,"SOLES",20260707
"BID 4","Startup Perú PLUG - Atracción de Emprendedores Extranjeros",2024,"232-PROINNOVATE-AEE-2024","SAFETYMIND: MONITOREO DE FACTORES DE RIESGO LABORAL EN TIEMPO REAL CON INTELIGENCIA ARTIFICIAL",20240319,20250319,"SAFETYMIND TECH S.A.C.","MIRAFLORES","LIMA","LIMA",150122,154000.0000,22000,44000,"SOLES",20260707
"BID 4","Startup Perú PLUG - Atracción de Emprendedores Extranjeros",2024,"233-PROINNOVATE-AEE-2024","TELEKER: PLATAFORMA DE TELE SALUD PARA PRESTADORES CON ABORDAJE 360 UTILIZANDO IA",20240320,20250320,"TELEKER S.A.C.","SANTIAGO DE SURCO","LIMA","LIMA",150140,154000.0000,22000,44000,"SOLES",20260707
"BID 4","Startup Perú PLUG - Atracción de Emprendedores Extranjeros",2024,"245-PROINNOVATE-AEE-2024","PIGNUS: HERRAMIENTA PARA MEJORAR SEGURIDAD CONDUCTUAL USANDO REALIDAD VIRTUAL E IA",20240319,20250618,"PIGNUS VR TECH S.A.C.","SANTIAGO DE SURCO","LIMA","LIMA",150140,154000.0000,22000,44000,"SOLES",20260707
"BID 4","RED DE EMPRENDIMIENTO FEMENINO",2024,"247-PROINNOVATE-REF-2024","FORMACIÓN Y GESTIÓN DE UNA RED DE  EMPRENDEDORAS CIENTÍFICAS DE UNIVERSIDADES PERUANAS",20240502,20250914,"UNIVERSIDAD PERUANA CAYETANO HEREDIA","SAN MARTIN DE PORRES","LIMA","LIMA",150135,154000.0000,19404,19250,"SOLES",20260707
"BID 4","INNOVACIÓN EMPRESARIAL - CAMBIO CLIMÁTICO",2024,"251-PROINNOVATE-PIEC1CC-2024","DESARROLLO DE PROTOTIPOS DE ELEMENTOS ESTRUCTURALES ECOAMIGABLES Y DE ALTO DESEMPEÑO USANDO HORMIGÓN DE ULTRA ALTO RENDIMIENTO (UHPC) A PARTIR DE LA REUTILIZACIÓN DE LAS ARENAS FINAS DE LOS RELAVES MINEROS DESARROLLADO POR EXC ADMINISTRACION S.A.C.",20240320,20260320,"EXC ADMINISTRACION S.A.C.","SANTIAGO DE SURCO","LIMA","LIMA",150140,358163.3500,37109.41,71525,"SOLES",20260707
"BID 4","INCUBADORAS CAMBIO CLIMÁTICO",2024,"255-PROINNOVATE-ICC-2024","EMPRENDE UP\, INCUBADORA EN CAMBIO CLIMÁTICO: CLIMATECH POWERHOUSE.",20240405,20260805,"UNIVERSIDAD DEL PACIFICO","JESUS MARIA","LIMA","LIMA",150113,500000.0000,68819,42200,"SOLES",20260707
"BID 4","DINAMIZACIÓN DEL ECOSISTEMA REGIONAL DE INNOVACIÓN Y EMPRENDIMIENTO",2024,"261-PROINNOVATE-DER-2024","HUANCAVELICA DINAMIZADA EN INNOVACIÓN Y EMPRENDIMIENTO",20240319,20270319,"ASOCIACION CENTRO DE ESTUDIOS Y PROMOCION DEL DESARROLLO ANDINO AMAZONICO - DESCOCENTRO","HUANCAVELICA","HUANCAVELICA","HUANCAVELICA",090101,3000000.0000,415071.52,538249.26,"SOLES",20260707
"BID 4","Startup Perú PLUG - Atracción de Emprendedores Extranjeros",2024,"267-PROINNOVATE-AEE-2024","T-KED GLOBAL: PLATAFORMA DE EMPRENDIMIENTO EN ETAPA TEMPRANA PARA JÓVENES DE LATINOAMÉRICA",20240405,20250804,"TKED GLOBAL S.A.C.","SANTIAGO DE SURCO","LIMA","LIMA",150140,154000.0000,22000,44000,"SOLES",20260707
"BID 4","FOMENTO DE CAPITAL DE RIESGO EN EMPRENDIMIENTO DINÁMICOS Y DE ALTO IMPACTO",2024,"268-PROINNOVATE-FCR-2024","SEEDSTARS WINNIPEG EDTECH FUND: INVERSIÓN EN EMPRESAS CON ALTO CONTENIDO TECNOLÓGICO DE ALTO IMPACTO EN LATINOAMÉRICA EN TEMAS DE EDUCACIÓN Y TRABAJO",20240320,20260620,"WINNIPEG SOCIEDAD GESTORA DE FONDOS DE INVERSION S.A.C.","SAN ISIDRO","LIMA","LIMA",150131,150000.0000,18750,15000,"DOLARES",20260707
"BID 4","INNOVACIÓN EMPRESARIAL - CAMBIO CLIMÁTICO",2024,"277-PROINNOVATE-PIEC1CC-2024","DESARROLLO DE EMPAQUES DE CARTÓN GERMINABLES PARA ALIMENTOS FRESCOS",20240326,20260226,"IMPRENTA EDITORA GRAFICA REAL S.A.C.","HUANCHACO","TRUJILLO","LA LIBERTAD",130104,357232.5300,47561.87,73880,"SOLES",20260707
"BID 4","INNOVACIÓN EMPRESARIAL - CAMBIO CLIMÁTICO",2024,"279-PROINNOVATE-PIEC1CC-2024","DESARROLLO DE UNA CAJA PORTABLE PARA BOTELLAS DE VIDRIO (CERVEZA ARTESANAL Y LICORES EXÓTICOS NACIONALES) A BASE DE CARTÓN PRENSADO RECICLADO OBTENIDO CON EL REAPROVECHAMIENTO DE LAS MERMAS DE LA PRODUCCIÓN GRÁFICA PRINCIPAL DE LA EMPRESA \"CUENTA CONMIGO\"",20240405,20260705,"CUENTA CONMIGO INTERNATIONAL E.I.R.L.","BREÑA","LIMA","LIMA",150105,359934.2200,57137.78,56250,"SOLES",20260707
"BID 4","INCUBADORAS 2.0",2024,"283-PROINNOVATE-INC20-2024","INCUBAUNT 2.0\, FOMENTANDO STARTUPS DE ALTO IMPACTO",20240429,20260629,"UNIVERSIDAD NACIONAL DE TRUJILLO","TRUJILLO","TRUJILLO","LA LIBERTAD",130101,1450000.0000,181250,151250,"SOLES",20260707
"BID 4","PROGRAMA DE INNOVACIÓN MODERNIZACIÓN TECNOLÓGICA Y EMPRENDIMIENTO - MIPYMES DIGITALES - CAMBIO CLIMÁTICO",2024,"296-PROINNOVATE-IMTEMDCC-2024","INCORPORACIÓN DE TECNOLOGÍAS DIGITALES PARA LA AUTOMATIZACIÓN Y TRAZABILIDAD DEL REGISTRO DE PRODUCTOS Y PROCESOS PRODUCTIVOS CON ENFOQUE MEDIOAMBIENTAL DE LANA DE OVEJA.",20240520,20250420,"HILOS Y COLORES E.I.R.L.","AYACUCHO","HUAMANGA","AYACUCHO",050101,44900.0000,10260,6840,"SOLES",20260707
"BID 4","INNOVACIÓN EMPRESARIAL - CAMBIO CLIMÁTICO",2024,"297-PROINNOVATE-PIEC1CC-2024","DESARROLLO DEL PROCESO PRODUCTIVO DE PIEZAS CONSTRUCTIVAS A PARTIR DE RESIDUOS DE LA INDUSTRIA CEMENTERA Y OTROS RECURSOS NATURALES DE LA REGIÓN PIURA (ENFOQUE: ECONOMÍA CIRCULAR)",20240502,20260302,"3R CONTRATA PERÚ SOCIEDAD ANÓNIMA CERRADA DE BENEFICIO E INTERÉS COLECTIVO","CASTILLA","PIURA","PIURA",200104,359975.9300,43333.67,38080,"SOLES",20260707
"BID 4","FOMENTO DE CAPITAL DE RIESGO EN EMPRENDIMIENTO DINÁMICOS Y DE ALTO IMPACTO",2024,"300-PROINNOVATE-FCR-2024","FACILITECH-ALAYA CAPITAL: CAPITAL EMPRENDEDOR EN PERÚ",20240326,20260926,"FACILITECH GESTORA DE FONDOS SOCIEDAD ANONIMA CERRADA","SAN ISIDRO","LIMA","LIMA",150131,150000.0000,18750,14742,"DOLARES",20260707
"BID 4","INCUBADORAS SOFTLANDING - Acompañamiento",2024,"301-PROINNOVATE-AEE-2024","HUB UDEP\, ACOMPAÑAMIENTO A PROYECTOS DE PLUG 4G",20240401,20260801,"UNIVERSIDAD DE PIURA","PIURA","PIURA","PIURA",200101,69500.0000,0,0,"DOLARES",20260707
"BID 4","INNOVACIÓN EMPRESARIAL - CAMBIO CLIMÁTICO",2024,"304-PROINNOVATE-PIEC1CC-2024","DESARROLLO DE UNA PLATAFORMA UTILIZANDO MODELOS BIOESTADÍSTICOS DE DINÁMICAS POBLACIONALES QUE PERMITIRÁ MEJORAR LA ESTIMACIÓN DE CALIBRE Y VOLUMEN DE LA PALTA HASS\, IMPACTANDO EN LA REDUCCIÓN DE EMISIONES ASOCIADAS.",20240405,20260405,"PHRONESYS","SANTIAGO DE SURCO","LIMA","LIMA",150140,359999.9300,60000.07,179999.94,"SOLES",20260707
"BID 4","INNOVACIÓN EMPRESARIAL - CAMBIO CLIMÁTICO",2024,"306-PROINNOVATE-PIEC1CC-2024","DESARROLLO DE UN PIENSO ECO-SOSTENIBLE PARA GALLINAS DE LIBRE PASTOREO ELABORADO A PARTIR DE RESIDUOS AGROINDUSTRIALES E INSECTOS COMO ALTERNATIVA EN LA NUTRICIÓN AVÍCOLA DOMÉSTICA Y RURAL",20240418,20260518,"CARMELITAS PAN SAC","MIRAFLORES","LIMA","LIMA",150122,359997.4400,43145.56,43200,"SOLES",20260707
"BID 4","INNOVACIÓN EMPRESARIAL - CAMBIO CLIMÁTICO",2024,"318-PROINNOVATE-PIEC1CC-2024","DESARROLLO DE UN SISTEMA AUTOMATIZADO PARA LA OBTENCIÓN DE ORO ECOLÓGICO SIN UTILIZAR MERCURIO\, EN LA CONCESIÓN MINERA FORMALIZADA Y LIDERADA POR MUJER PERTENECIENTE A LA MINERÍA ARTESANAL Y DE PEQUEÑA ESCALA DEL DEPARTAMENTO DE MADRE DE DIOS.",20240530,20260730,"INVERSIONES DJL SOCIEDAD ANONIMA CERRADA-INVERSIONES DJL S.A.C.","INAMBARI","TAMBOPATA","MADRE DE DIOS",170102,295585.0700,16500,43200,"SOLES",20260707
"BID 4","INNOVACIÓN EMPRESARIAL - CAMBIO CLIMÁTICO",2024,"324-PROINNOVATE-PIEC1CC-2024","DESARROLLO DE UN PROTOTIPO DE DETERGENTE BIODEGRADABLE EN LÁMINAS (LAUNDRY SHEETS) ULTRA-CONCENTRADO A BASE DE SAPONINA OBTENIDA DE LA CÁSCARA DE LA QUINUA DE LA SIERRA DEL PERÚ GENERANDO MENOR IMPACTO AMBIENTAL Y REDUCIENDO LAS HUELLAS DE CARBONO E HÍDRICA",20240419,20260419,"QUIMICA VERDE S.A.C.","PACHACAMAC","LIMA","LIMA",150123,359921.9400,67724.05,77880,"SOLES",20260707
"BID 4","PROGRAMA DE INNOVACIÓN MODERNIZACIÓN TECNOLÓGICA Y EMPRENDIMIENTO - MIPYMES DIGITALES - CAMBIO CLIMÁTICO",2024,"328-PROINNOVATE-IMTEMDCC-2024","OPTIMIZACIÓN DE LAS ÁREAS DE PRODUCCIÓN Y COMERCIALIZACIÓN A TRAVÉS DE HERRAMIENTAS DIGITALES Y ECONOMÍA CIRCULAR EN LA INDUSTRIA DEL PISCO",20240620,20250520,"VIÑA  FAMILIA  URBINA SOCIEDAD ANONIMA CERRADA","SANTIAGO DE SURCO","LIMA","LIMA",150140,45000.0000,10288,6857,"SOLES",20260707
"BID 4","INCUBADORAS SOFTLANDING - Acompañamiento",2024,"341-PROINNOVATE-AEE-2024","EMPRENDE UP\, ACOMPAÑAMIENTO A PROYECTOS DE PLUG 4G",20240401,20261001,"UNIVERSIDAD DEL PACIFICO","JESUS MARIA","LIMA","LIMA",150113,30000.0000,0,0,"DOLARES",20260707
"BID 4","PROGRAMA DE INNOVACIÓN MODERNIZACIÓN TECNOLÓGICA Y EMPRENDIMIENTO - MIPYMES DIGITALES - CAMBIO CLIMÁTICO",2024,"342-PROINNOVATE-IMTEMDCC-2024","SOSTENIBILIDAD EN LA HOTELERÍA: INICIATIVAS DE HOTELES HACIENDA DEL PERÚ PARA HACER FRENTE AL CAMBIO CLIMÁTICO",20240620,20250520,"HHP HOTELES HACIENDA DEL PERU S.R.L.","MIRAFLORES","LIMA","LIMA",150122,45000.0000,10285.71,6857.14,"SOLES",20260707
"BID 4","PROGRAMA DE INNOVACIÓN MODERNIZACIÓN TECNOLÓGICA Y EMPRENDIMIENTO - MIPYMES DIGITALES - CAMBIO CLIMÁTICO",2024,"345-PROINNOVATE-IMTEMDCC-2024","IMPLEMENTACIÓN DE TECNOLOGÍAS DIGITALES PARA LA SOSTENIBILIDAD Y EFICIENCIA EN PROJECTS SERVICES INNOVATION S.A.C.",20240530,20250430,"PROJECTS SERVICES INNOVATION S.A.C.","TRUJILLO","TRUJILLO","LA LIBERTAD",130101,45000.0000,10286,6857,"SOLES",20260707
"BID 4","INCUBADORAS SOFTLANDING - Acompañamiento",2024,"348-PROINNOVATE-AEE-2024","USIL VENTURES - ACOMPAÑAMIENTO A PROYECTOS DE PLUG 4G",20240703,20260803,"ASOCIACION PRO BIENESTAR Y DESARROLLO","LA MOLINA","LIMA","LIMA",150114,6000.0000,0,0,"DOLARES",20260707
"BID 4","INCUBADORAS SOFTLANDING - Acompañamiento",2024,"349-PROINNOVATE-AEE-2024","NEXUM PUCP - ACOMPAÑAMIENTO A PROYECTOS DE PLUG 4G",20240703,20260803,"PONTIFICIA UNIVERSIDAD CATOLICA DEL PERU","SAN MIGUEL","LIMA","LIMA",150136,17500.0000,0,0,"DOLARES",20260707
"BID 4","INCUBADORAS Y ACELERADORAS DE EMPRENDIMIENTOS INNOVADORES EN REGIONES",2024,"355-PROINNOVATE-IEIR-2024","MEJORAR LAS COMPETENCIAS Y CAPACIDADES DE LA INCUBADORA PAQARINA WASI DE LA UNIVERSIDAD NACIONAL DE SAN ANTONIO ABAD DEL CUSCO",20240523,20261123,"UNIVERSIDAD NACIONAL DE SAN ANTONIO ABAD DEL CUSCO","CUSCO","CUSCO","CUSCO",080101,685000.0000,85625,55625,"SOLES",20260707
"BID 4","INCUBADORAS SOFTLANDING - Acompañamiento",2024,"377-PROINNOVATE-SOFT-2024","UTEC - SOFTLANDING ACOMPAÑAMIENTO A PROYECTOS DE PLUG 4G",20240719,20250719,"UNIVERSIDAD DE INGENIERIA Y TECNOLOGIA","BARRANCO","LIMA","LIMA",150104,9500.0000,0,0,"DOLARES",20260707
"BID 4","INCUBADORAS SOFTLANDING - Acompañamiento",2024,"380-PROINNOVATE-SOFT-2024","ENDEAVOR - SOFTLANDING",20240703,20250703,"ENDEAVOR PERU","SAN ISIDRO","LIMA","LIMA",150131,6000.0000,0,0,"DOLARES",20260707
"BID 4","INCUBADORAS SOFTLANDING - Acompañamiento",2024,"382-PROINNOVATE-SOFT-2024","ZSPORTS LAB - SOFTLANDING",20240517,20260517,"ZSPORTS SOCIEDAD ANONIMA CERRADA","MAGDALENA DEL MAR","LIMA","LIMA",150120,3000.0000,0,0,"DOLARES",20260707
"BID 4","INCUBADORAS SOFTLANDING - Acompañamiento",2024,"396-PROINNOVATE-SOFT-2024","UPT INCUBA - ACOMPAÑAMIENTO A PROYECTOS DE PLUG 4G",20240703,20260703,"UNIVERSIDAD PRIVADA DE TACNA","TACNA","TACNA","TACNA",230101,8000.0000,0,0,"DOLARES",20260707
"BID 4","INNOVACIÓN EMPRESARIAL - CAMBIO CLIMÁTICO",2024,"401-PROINNOVATE-PIEC1CC-2024","DESARROLLO DE UN SISTEMA PROTOTIPO DE BIOFERTILIZACIÓN PARA EL CULTIVO DE MANGO\, CON MACRONUTRIENTES ESENCIALES PROVENIENTES DE EFLUENTES DEL CULTIVO INTENSIVO DE TILAPIA Y MICROORGANISMOS NATIVOS BENÉFICOS DE LOS CULTIVOS DE MANGO \"KENT\" EN LA REGIÓN TUMBES.",20240507,20260507,"FRUTOS DE TUMBES S.A.C.","TUMBES","TUMBES","TUMBES",240101,360000.0000,54400.08,55000,"SOLES",20260707
"BID 4","PROGRAMA DE INNOVACIÓN MODERNIZACIÓN TECNOLÓGICA Y EMPRENDIMIENTO - MIPYMES DIGITALES - CAMBIO CLIMÁTICO",2024,"409-PROINNOVATE-IMTEMDCC-2024","\"DIGITALIZACIÓN SOSTENIBLE PARA LA MEJORA DE LA SALUD OCUPACIONAL Y LA ADAPTACIÓN AL CAMBIO CLIMÁTICO\"",20240620,20250520,"CLINICA ESTARBIEN S.A.C.","SANTIAGO DE SURCO","LIMA","LIMA",150140,45000.0000,10286,6857,"SOLES",20260707
"BID 4","PROGRAMA DE INNOVACIÓN MODERNIZACIÓN TECNOLÓGICA Y EMPRENDIMIENTO - MIPYMES DIGITALES - CAMBIO CLIMÁTICO",2024,"412-PROINNOVATE-IMTEMDCC-2024","INTEGRACIÓN DE TECNOLOGÍAS DIGITALES AVANZADAS Y PRÁCTICAS DE PRODUCCIÓN SOSTENIBLES EN LA PRODUCCIÓN DE TEXTILES\, ROPA DE CAMA Y ALMOHADAS EN ALSIMTEX S.A.C. PARA LA MEJORA LA EFICIENCIA OPERATIVA Y SOSTENIBILIDAD AMBIENTAL.",20240507,20250407,"ALSIMTEX S.A.C.","AREQUIPA","AREQUIPA","AREQUIPA",040101,45000.0000,10286,6857,"SOLES",20260707
"BID 4","PROGRAMA DE INNOVACIÓN MODERNIZACIÓN TECNOLÓGICA Y EMPRENDIMIENTO - MIPYMES DIGITALES - CAMBIO CLIMÁTICO",2024,"417-PROINNOVATE-IMTEMDCC-2024","IMPLEMENTACIÓN DE UN SISTEMA AUTOMÁTICO DE TELEDETECCIÓN EN CONTENEDORES PARA EL ASEGURAMIENTO DE LA SEGREGACIÓN EFICIENTE DE RESIDUOS SÓLIDOS\, EN LA EMPRESA QUISPE INGENIEROS.",20240722,20250622,"QUISPE INGENIEROS S.A.C.","MORALES","SAN MARTIN","SAN MARTIN",220910,45000.0000,13680,7320,"SOLES",20260707
"BID 4","INNOVACIÓN EMPRESARIAL - CAMBIO CLIMÁTICO",2024,"426-PROINNOVATE-PIEC1CC-2024","PROMOVIENDO LA DESCARBONIZACIÓN EN EL SECTOR CUERO: GENERACIÓN DE BIOENERGÍA A PARTIR DE RESIDUOS SÓLIDOS DE CURTICIÓN Y MUNICIPALES EN CURTIEMBRE FENIX PARA IMPULSAR SU PRODUCTIVIDAD Y COMPETITIVIDAD",20240530,20260530,"CURTIEMBRE FENIX S.R.L.","SAN JUAN DE LURIGANCHO","LIMA","LIMA",150132,275981.3000,40676.62,28700,"SOLES",20260707
"BID 4","Startup Perú PLUG - Atracción de Emprendedores Extranjeros",2024,"428-PROINNOVATE-AEE-2024","DOCMOVI: TELEMEDICINA DOMICILIARIA PREVENTIVA\, CONECTANDO MÉDICOS Y ENFERMEROS CON PACIENTES.",20240529,20250529,"CONEXAMEDICA S.A.C.","JESUS MARIA","LIMA","LIMA",150113,154000.0000,22000,44000,"SOLES",20260707
"BID 4","CONCURSO FORTALECIMIENTO ESTRATÉGICO DE CENTROS DE EXTENSIÓN Y TRANSFERENCIA TECNOLÓGICA (CET) - SEGUNDA FASE",2024,"437-PROINNOVATE-CETF2-2024","FORTALECIMIENTO ESTRATÉGICO DEL CITE AGROINDUSTRIAL OXAPAMPA Y DEL ECOSISTEMA DE INNOVACIÓN EN LAS REGIONES PASCO Y JUNÍN.",20240814,20261214,"INSTITUTO TECNOLÓGICO DE LA PRODUCCIÓN","SAN ISIDRO","LIMA","LIMA",150131,2741679.5300,0,745893.17,"SOLES",20260707
"BID 4","INNOVACION ABIERTA MODALIDAD A - CAMBIO CLIMATICO",2024,"441-PROINNOVATE-IAMACC-2024","PROGRAMA DE INNOVACIÓN ABIERTA PARA EL DESARROLLO DE SOLUCIONES TECNOLÓGICAS SOSTENIBLES EN EDIFICACIONES INTELIGENTES.",20240722,20261022,"TNC CONTRATISTAS SOCIEDAD ANONIMA CERRADA - TNC CONTRATISTAS S.A.C.","SANTIAGO DE SURCO","LIMA","LIMA",150140,1974494.0000,863306,975000,"SOLES",20260707
"BID 4","INNOVACION ABIERTA MODALIDAD A - CAMBIO CLIMATICO",2024,"446-PROINNOVATE-IAMACC-2024","DISEÑO E IMPLEMENTACIÓN DE UN PROGRAMA DE INNOVACIÓN ABIERTA PARA EL DESARROLLO DE SOLUCIONES SOSTENIBLES BAJO UN ENFOQUE DE ECONOMÍA CIRCULAR EN EL PROCESO PRODUCTIVO DE LA EMPRESA TEXTIL DEL VALLE SA BIC",20240722,20260922,"TEXTIL DEL VALLE SOCIEDAD ANONIMA DE BENEFICIO E INTERES COLECTIVO","CHINCHA BAJA","CHINCHA","ICA",110204,1962847.4600,863152.54,952000,"SOLES",20260707
"BID 4","EMPRENDIMIENTOS DINAMICOS",2024,"447-PROINNOVATE-EDI-2024","IOPTIMIZ: AUDITORÍAS AERONÁUTICAS GLOBALES A TARIFAS LOCALES",20240624,20250523,"LOIAL S.A.C.","SAN MIGUEL","LIMA","LIMA",150136,110250.0000,15759.23,31500,"SOLES",20260707
"BID 4","EMPRENDIMIENTOS INNOVADORES - PERÚ PRODUCE: INNOVACIÓN FRENTE AL CAMBIO CLIMÁTICO",2024,"458-PROINNOVATE-EINCC-2024","FAJA REUTILIZABLE: FUNCIÓN DEL MODELO STRECH FILM",20240801,20250501,"ILP SOLUCIONES LOGISTICA S.A.C.","COMAS","LIMA","LIMA",150110,67000.0000,9571.43,19142.86,"SOLES",20260707
"BID 4","EMPRENDIMIENTOS INNOVADORES - PERÚ PRODUCE: INNOVACIÓN FRENTE AL CAMBIO CLIMÁTICO",2024,"459-PROINNOVATE-EINCC-2024","QUICKBIO: AUTOMATIZA EL ANÁLISIS DE BIODIVERSIDAD",20240930,20250630,"BUITRON CAHUAS ITALO MARTIN","HUARAL","HUARAL","LIMA",150601,67000.0000,9653.3,19142.85,"SOLES",20260707
"BID 4","EMPRENDIMIENTOS DINAMICOS",2024,"462-PROINNOVATE-EDI-2024","DOMEIN:  PLATAFORMA DE FINANCIAMIENTO DE MOTOS",20240701,20250701,"DOMEIN S.A.C.","SAN ISIDRO","LIMA","LIMA",150131,140000.0000,27100,33400,"SOLES",20260707
"BID 4","CENTROS DE SERVICIOS DE TRANSFORMACIÓN DIGITAL - CATEGORIA I",2024,"464-PROINNOVATE-CSTD1-2024","HUB DE TRANSFORMACIÓN DIGITAL: CREACIÓN DEL \"CENTRO TEC PUCP\"\, PARA PROMOVER LA REVOLUCIÓN DIGITAL EN LOS SECTORES MANUFACTURA Y CONSTRUCCIÓN.",20240816,20260615,"PONTIFICIA UNIVERSIDAD CATOLICA DEL PERU","SAN MIGUEL","LIMA","LIMA",150136,500000.0000,77240,65952.85,"SOLES",20260707
"BID 4","PROGRAMA DE INNOVACIÓN MODERNIZACIÓN TECNOLÓGICA Y EMPRENDIMIENTO - MIPYMES DIGITALES - CAMBIO CLIMÁTICO",2024,"466-PROINNOVATE-IMTEMDCC-2024","IMPLEMENTACIÓN DE UN SOFTWARE CON ENFOQUE DE ECONOMÍA CIRCULAR PARA ACEITE RESIDUAL UTILIZADO EN LA  PRODUCCIÓN DE SNACK AMAZÓNICOS.",20240808,20250708,"FIRMA CONTABLE E.I.R.L.","MORALES","SAN MARTIN","SAN MARTIN",220910,45000.0000,10460,6840,"SOLES",20260707
"BID 4","EMPRENDIMIENTOS INNOVADORES",2024,"468-PROINNOVATE-EIN-2024","SEVEM:  ADMINISTRADOR DE EVENTOS SOCIALES CON IA",20240823,20250523,"TECHBIZ SOLUTIONS S.A.C","TACNA","TACNA","TACNA",230101,67000.0000,9580,19142,"SOLES",20260707
"BID 4","EMPRENDIMIENTOS DINAMICOS",2024,"470-PROINNOVATE-EDI-2024","GROWTOP: PLATAFORMA EDUCATIVA DEDICADA AL DIAGNÓSTICO Y DESARROLLO DE COMPETENCIAS.",20240711,20250711,"GROWTOP S.A.C.","SANTIAGO DE SURCO","LIMA","LIMA",150140,140000.0000,39306,24000,"SOLES",20260707
"BID 4","EMPRENDIMIENTOS INNOVADORES - PERÚ PRODUCE: INNOVACIÓN FRENTE AL CAMBIO CLIMÁTICO",2024,"475-PROINNOVATE-EINCC-2024","GOOGLENN RECYCLING: MÁQUINAS INTELIGENTES PARA RECICLAJE",20240801,20250501,"ALDAVE BENITES GLENN ROBERTO","COMAS","LIMA","LIMA",150110,67000.0000,9571.43,19142.85,"SOLES",20260707
"BID 4","EMPRENDIMIENTOS INNOVADORES - PERÚ PRODUCE: INNOVACIÓN FRENTE AL CAMBIO CLIMÁTICO",2024,"476-PROINNOVATE-EINCC-2024","MILAB1: EDTECH ENFOCADO EN LA REVALORIZACIÓN DE ALIMENTOS",20240801,20250501,"RAMÍREZ AYMA WOLFGANG JURGEN","VILLA EL SALVADOR","LIMA","LIMA",150142,67000.0000,9580.05,19135.08,"SOLES",20260707
"BID 4","EMPRENDIMIENTOS INNOVADORES",2024,"478-PROINNOVATE-EIN-2024","MICROFUDS: CONFITERÍA SALUDABLE",20240801,20250731,"BIOGENIA S.A.C.","CALLAO","CALLAO","CALLAO",070101,66685.0000,9530,19050,"SOLES",20260707
"BID 4","EMPRENDIMIENTOS INNOVADORES",2024,"479-PROINNOVATE-EIN-2024","VIAJAMAS: PLATAFORMA DE PLANIFICACIÓN DE VIAJES",20240816,20250516,"GALDO MELENDEZ BRYAN DARIO","LIMA","LIMA","LIMA",150101,67000.0000,10000,19000,"SOLES",20260707
"BID 4","INNOVACION ABIERTA MODALIDAD A - CAMBIO CLIMATICO",2024,"481-PROINNOVATE-IAMACC-2024","DESARROLLO DE UN PROGRAMA DE INNOVACIÓN ABIERTA CON ENFOQUE EN LA SOSTENIBILIDAD TEXTIL Y LA MITIGACIÓN DEL CAMBIO CLIMÁTICO\, EN LA EMPRESA CONFECCIONES TRENTO S.A.C.",20240703,20260903,"CONFECCIONES TRENTO S.A.C.","SAN LUIS","LIMA","LIMA",150134,1993514.3700,865295.63,992600,"SOLES",20260707
"BID 4","EMPRENDIMIENTOS INNOVADORES",2024,"482-PROINNOVATE-EIN-2024","MAKI ROBOTICS: PRÓTESIS PARA PERSONAS CON DISCAPACIDAD",20240911,20250611,"BORJA PARRA MIGUEL ANGEL","SIMON BOLIVAR","PASCO","PASCO",190109,62800.0000,10851.64,17000,"SOLES",20260707
"BID 4","EMPRENDIMIENTOS INNOVADORES",2024,"488-PROINNOVATE-EIN-2024","NANOPHARM: PASTA DENTAL PARA REMINERALIZAR EL ESMALTE.",20240911,20250611,"JUAN CARLOS MEDINA PANTOJA","SAN MARTIN DE PORRES","LIMA","LIMA",150135,67000.0000,9571.43,19142.86,"SOLES",20260707
"BID 4","INNOVACION ABIERTA MODALIDAD A - CAMBIO CLIMATICO",2024,"489-PROINNOVATE-IAMACC-2024","PROYECTO DE INNOVACIÓN ABIERTA PARA LA GESTIÓN INTEGRAL DE SOLUCIONES SOSTENIBLES EN LA CADENA DE VALOR DE LA INDUSTRIA TEXTIL EN LA EMPRESA TEXTILE SOURCING COMPANY S.A.C. BIC",20240725,20261025,"TEXTILE SOURCING COMPANY S.A.C. BIC","PUEBLO NUEVO","CHINCHA","ICA",110207,1999042.3700,863457.63,1005600,"SOLES",20260707
"BID 4","EMPRENDIMIENTOS INNOVADORES - PERÚ PRODUCE: INNOVACIÓN FRENTE AL CAMBIO CLIMÁTICO",2024,"490-PROINNOVATE-EINCC-2024","AVIB: GALPÓN MÓVIL AUTÓNOMO PARA LA PRODUCCIÓN AVÍCOLA",20240711,20250710,"GOMEZ LUJAN CARLOS ENRIQUE","CALLAO","CALLAO","CALLAO",070101,67000.0000,10841.43,19000,"SOLES",20260707
"BID 4","INCUBADORAS SOFTLANDING - Acompañamiento",2024,"493-PROINNOVATE-SOFT-2024","1551 INCUBADORA DE EMPRESAS INNOVADORAS UNMSM - ACOMPAÑAMIENTO A PROYECTOS DE PLUG 4G",20240621,20260721,"UNIVERSIDAD NACIONAL MAYOR DE SAN MARCOS","LIMA","LIMA","LIMA",150101,14000.0000,0,0,"DOLARES",20260707
"BID 4","EMPRENDIMIENTOS INNOVADORES",2024,"494-PROINNOVATE-EIN-2024","XPLORA: UNA APP QUE TE PERMITE DESCUBRIR NUEVOS LUGARES",20241018,20250718,"CHAMBILLA MAMANI EDGAR MOISES","BARRANCO","LIMA","LIMA",150104,67000.0000,9572,19142.28,"SOLES",20260707
"BID 4","EMPRENDIMIENTOS INNOVADORES",2024,"495-PROINNOVATE-EIN-2024","GANGA: MULTIPLATAFORMA GUÍA PARA CONSUMOS EN TU CIUDAD",20240711,20250411,"VARGAS YAÑEZ KEVIN STEVE","AYACUCHO","HUAMANGA","AYACUCHO",050101,67000.0000,14560,14400,"SOLES",20260707
"BID 4","EMPRENDIMIENTOS INNOVADORES",2024,"497-PROINNOVATE-EIN-2024","FREYA: PRODUCCIÓN DE COSMÉTICA NATURAL A BASE DE MATERIA ORGÁNICA",20240704,20250404,"LI RODRIGUEZ LUIS CARLOS","TRUJILLO","TRUJILLO","LA LIBERTAD",130101,67000.0000,13490,19140,"SOLES",20260707
"BID 4","EMPRENDIMIENTOS INNOVADORES",2024,"498-PROINNOVATE-EIN-2024","GUÍA PATEPERRO: PLATAFORMA WEB DE TURISMO DE EXPERIENCIAS",20240916,20250616,"CARBAJAL BARBOZA LUIS FERNANDO","CAJAMARCA","CAJAMARCA","CAJAMARCA",060101,67000.0000,12580,16723,"SOLES",20260707
"BID 4","EMPRENDIMIENTOS INNOVADORES",2024,"499-PROINNOVATE-EIN-2024","RASTRAR: TRAZABILIDAD AGROPECUARIA DIGITAL",20240916,20250815,"ZARATE SOUSA JOSE ARMANDO","SAN BORJA","LIMA","LIMA",150130,65246.1000,10860.3,17199,"SOLES",20260707
"BID 4","PROGRAMA DE INNOVACIÓN MODERNIZACIÓN TECNOLÓGICA Y EMPRENDIMIENTO - MIPYMES DIGITALES - CAMBIO CLIMÁTICO",2024,"500-PROINNOVATE-IMTEMDCC-2024","OPTIMIZACIÓN DE LA GESTIÓN DE PROCESOS DE LOS SERVICIOS 100% AMIGABLES CON EL MEDIO AMBIENTE DE LA EMPRESA MAIL ON BIKE A TRAVÉS DEL DESARROLLO DE NUEVOS MÓDULOS EN NUESTRA PLATAFORMA DE GESTIÓN Y UNA API PARA INTEGRACIÓN CON TERCEROS",20240911,20250811,"MAIL ON BIKE E.I.R.L. - MOBIKE E.I.R.L.","SANTIAGO DE SURCO","LIMA","LIMA",150140,45000.0000,10285.72,6857.13,"SOLES",20260707
"BID 4","INNOVACION ABIERTA MODALIDAD A - CAMBIO CLIMATICO",2024,"506-PROINNOVATE-IAMACC-2024","DESARROLLO DE UN PROGRAMA DE INNOVACIÓN ABIERTA\, CON ENFOQUE EN CAMBIO CLIMÁTICO\, PARA FORTALECER LA SOSTENIBILIDAD Y LA SEGURIDAD EN LA CADENA DE SUMINISTRO FARMACÉUTICA EN LA EMPRESA LABORATORIOS SIEGFRIED S.A.C.",20240722,20260722,"LABORATORIOS SIEGFRIED S.A.C.","MIRAFLORES","LIMA","LIMA",150122,1985923.7300,867576.27,978200,"SOLES",20260707
"BID 4","EMPRENDIMIENTOS INNOVADORES - PERÚ PRODUCE: INNOVACIÓN FRENTE AL CAMBIO CLIMÁTICO",2024,"507-PROINNOVATE-EINCC-2024","FORESLAB: PRODUCCIÓN MASIVA FORESTAL CON BIOTECNOLOGÍA",20240725,20250425,"FORESLAB S.A.C.","CHACHAPOYAS","CHACHAPOYAS","AMAZONAS",010101,67000.0000,9602.88,19135,"SOLES",20260707
"BID 4","EMPRENDIMIENTOS DINAMICOS",2024,"509-PROINNOVATE-EDI-2024","GROWBY: HUB DE ESPECIALISTAS DIGITALES",20240801,20250501,"HUB NEGOCIOS CREATIVOS S.A.C.","LIMA","LIMA","LIMA",150101,150000.0000,21935.59,42920,"SOLES",20260707
"BID 4","EMPRENDIMIENTOS INNOVADORES - PERÚ PRODUCE: INNOVACIÓN FRENTE AL CAMBIO CLIMÁTICO",2024,"510-PROINNOVATE-EINCC-2024","POOLFARM: ACUICULTURA INTELIGENTE",20240711,20250510,"GRUPO DE TECNOLOGIA E INNOVACION AGROINDUSTRIAL POOLFARM S.A.C.","SAN ISIDRO","LIMA","LIMA",150131,67000.0000,9571.94,19142.36,"SOLES",20260707
"BID 4","EMPRENDIMIENTOS INNOVADORES - PERÚ PRODUCE: INNOVACIÓN FRENTE AL CAMBIO CLIMÁTICO",2024,"511-PROINNOVATE-EINCC-2024","I AM BIOLIFE SAC: AÑADIR VIDA AL SUELO REDUCIENDO COSTOS",20240916,20250616,"I AM BIOLIFE S.A.C.","MIRAFLORES","LIMA","LIMA",150122,67000.0000,9750,19000,"SOLES",20260707
"BID 4","EMPRENDIMIENTOS DINÁMICOS - PERÚ PRODUCE: INNOVACIÓN FRENTE AL CAMBIO CLIMÁTICO",2024,"512-PROINNOVATE-EDICC-2024","SALPU: BIOCONVERSIÓN DE PLÁSTICOS USANDO MICROORGANISMOS",20240711,20250411,"NATURAL COMPANY E.I.R.L.","LA MOLINA","LIMA","LIMA",150114,150000.0000,21428.57,42857.14,"SOLES",20260707
"BID 4","EMPRENDIMIENTOS INNOVADORES",2024,"513-PROINNOVATE-EIN-2024","ICON HOUSE: GESTIÓN DE PROPIEDADES PARA RENTAS A CORTO PLAZO",20240930,20250630,"ICON HOUSE S.A.C.","SANTIAGO DE SURCO","LIMA","LIMA",150140,67000.0000,15600,20000,"SOLES",20260707
"BID 4","EMPRENDIMIENTOS DINAMICOS",2024,"514-PROINNOVATE-EDI-2024","QAYA CUERO: BIO MATERIALES CON ESCAMA DE PESCADO",20240808,20250808,"QAYA CUERO DE PESCADO PERUANO E.I.R.L.","VILLA MARIA DEL TRIUNFO","LIMA","LIMA",150143,150000.0000,21429,42857,"SOLES",20260707
"BID 4","EMPRENDIMIENTOS INNOVADORES - PERÚ PRODUCE: INNOVACIÓN FRENTE AL CAMBIO CLIMÁTICO",2024,"515-PROINNOVATE-EINCC-2024","BLUME: PESCA SOSTENIBLE CON ROBÓTICA E IA",20240911,20250810,"CASTRO CAMPOS OSCAR MIGUEL","CALLAO","CALLAO","CALLAO",070101,67000.0000,12510,18500,"SOLES",20260707
"BID 4","EMPRENDIMIENTOS INNOVADORES - PERÚ PRODUCE: INNOVACIÓN FRENTE AL CAMBIO CLIMÁTICO",2024,"516-PROINNOVATE-EINCC-2024","KAWÁT: ALIMENTO PARA ANIMALES EN BASE A INSECTOS",20240820,20250520,"KAWAT S.A.C.","NUEVA CAJAMARCA","RIOJA","SAN MARTIN",220804,67000.0000,12000,16800,"SOLES",20260707
"BID 4","CONCURSO DE PROYECTOS COLABORATIVOS DE INNOVACIÓN ABIERTA MODALIDAD A",2024,"520-PROINNOVATE-IAMA-2024","DESARROLLO DE UN PROGRAMA DE INNOVACIÓN ABIERTA EN LA EMPRESA LÁCTEA S.A. QUE PERMITA LA SOSTENIBILIDAD Y CIRCULARIDAD EN LA GANADERÍA LECHERA INTENSIVA\, CON IMPACTO SOCIAL\, AMBIENTAL Y ECONÓMICO FAVORABLE.",20240624,20270124,"LACTEA S.A","TRUJILLO","TRUJILLO","LA LIBERTAD",130101,1582086.6800,658182.32,751123,"SOLES",20260707
"BID 4","EMPRENDIMIENTOS INNOVADORES",2024,"527-PROINNOVATE-EIN-2024","KONTITI: CHOCOLATES CULTURALES DEL PERÚ",20240911,20250611,"HUALLPA ALVAREZ MAGALY FRECIA","SAN SEBASTIAN","CUSCO","CUSCO",080105,67000.0000,9571.43,19142.85,"SOLES",20260707
"BID 4","EMPRENDIMIENTOS DINAMICOS",2024,"529-PROINNOVATE-EDI-2024","VUÁ COSMETICS: CUIDADO CAPILAR ULTRAPERSONALIZADO",20240711,20250411,"VUA COSMETICS S.A.C.","SAN ISIDRO","LIMA","LIMA",150131,116830.3500,44535.65,7702.4,"SOLES",20260707
"BID 4","EMPRENDIMIENTOS INNOVADORES",2024,"530-PROINNOVATE-EIN-2024","WISECAI: PLATAFORMA ALL-IN-ONE CON IA PARA CONSTRUCCIÓN",20240911,20250611,"WISECAI S.A.C.S","COMAS","LIMA","LIMA",150110,67000.0000,10218,19260,"SOLES",20260707
"BID 4","EMPRENDIMIENTOS DINAMICOS",2024,"531-PROINNOVATE-EDI-2024","SURF PLACE: PLATAFORMA DIGITAL PARA ATENDER A LOS SURFISTAS",20240816,20250616,"VGLG PERU S.A.C.","SANTIAGO DE SURCO","LIMA","LIMA",150140,121500.0000,21400,35000,"SOLES",20260707
"BID 4","EMPRENDIMIENTOS INNOVADORES",2024,"536-PROINNOVATE-EIN-2024","NUTRIERA: ALIMENTOS INTELIGENTES CON INSUMOS PERUANOS",20240816,20250516,"NUTRIERA S.A.C.","SAN MIGUEL","LIMA","LIMA",150136,67000.0000,9571.43,19142.85,"SOLES",20260707
"BID 4","EMPRENDIMIENTOS INNOVADORES - PERÚ PRODUCE: INNOVACIÓN FRENTE AL CAMBIO CLIMÁTICO",2024,"537-PROINNOVATE-EINCC-2024","MOTOBROS: TRANSFORMAMOS EL ECOSISTEMA DE MOTOS EN EL PERÚ",20240808,20250508,"MOTOBROS S.A.C.","BARRANCO","LIMA","LIMA",150104,67000.0000,11609,17220,"SOLES",20260707
"BID 4","EMPRENDIMIENTOS INNOVADORES - PERÚ PRODUCE: INNOVACIÓN FRENTE AL CAMBIO CLIMÁTICO",2024,"539-PROINNOVATE-EINCC-2024","FERTINORT: SOLUCIONES INNOVADORAS AL SERVICIO DEL AGRO",20240725,20250425,"FERTINORT FORMULACIONES INDUSTRIALES Y SERVICIOS S.A.C.","PIURA","PIURA","PIURA",200101,67000.0000,11301,17420,"SOLES",20260707
"BID 4","PROGRAMA DE INNOVACIÓN MODERNIZACIÓN TECNOLÓGICA Y EMPRENDIMIENTO - MIPYMES DIGITALES - CAMBIO CLIMÁTICO",2024,"542-PROINNOVATE-IMTEMDCC-2024","OPTIMIZACIÓN DE LA EFICIENCIA Y SOSTENIBILIDAD EN EL TRANSPORTE DE CARGA: INTEGRACIÓN DE TECNOLOGÍAS DIGITALES PARA LA MITIGACIÓN DEL CAMBIO CLIMÁTICO EN TRANSPORTE Y FACTORIA MOTORS S.A.",20240930,20250830,"TRANSPORTE Y FACTORIA MOTORS S.A.","INDEPENDENCIA","HUARAZ","ANCASH",020105,45000.0000,10286,6857,"SOLES",20260707
"BID 4","EMPRENDIMIENTOS DINÁMICOS - PERÚ PRODUCE: INNOVACIÓN FRENTE AL CAMBIO CLIMÁTICO",2024,"546-PROINNOVATE-EDICC-2024","PLASTIC CORPORATION: FABRICACIÓN DE VIVIENDAS SOSTENIBLES",20240816,20250816,"PLASTIC CORPORATION S.A.C.","SULLANA","SULLANA","PIURA",200601,150000.0000,27910,36500,"SOLES",20260707
"BID 4","INNOVACIÓN EMPRESARIAL - CAMBIO CLIMÁTICO",2024,"560-PROINNOVATE-PIEC1CC-2024","DESARROLLO DE UN BIOFERTILIZANTE\, A BASE DE CONSORCIOS MICROBIANOS FUNCIONALES Y METABOLITOS\, QUE MAXIMIZA LA ABSORCIÓN DE FÓSFORO EN EL CULTIVO DE PALTO REDUCIENDO HASTA UN 35% EL USO DE FERTILIZANTES FOSFORADOS.",20240814,20260414,"SIMBIO PERU S.A.C.","BARRANCO","LIMA","LIMA",150104,270862.5500,48755.25,137000,"SOLES",20260707
"BID 4","CONCURSO DE PROYECTOS COLABORATIVOS DE INNOVACIÓN FASE 2 - CATEGORÍA 2",2024,"565-PROINNOVATE-CPCC2F2-2024","REDUCIENDO LA PÉRDIDA Y DESPERDICIO DE ALIMENTOS EN CADENAS DE SUPERMERCADOS DEL PERÚ A TRAVÉS DE SOLUCIONES DIGITALES INNOVADORAS QUE ASEGUREN LA TRAZABILIDAD DEL PRODUCTO\, SU COMERCIALIZACIÓN Y LA PROMOCIÓN DE UN CONSUMO RESPONSABLE",20240801,20261129,"CENCOSUD RETAIL PERU S.A.","MIRAFLORES","LIMA","LIMA",150122,662989.2300,344191.77,141600,"SOLES",20260707
"BID 4","EMPRENDIMIENTOS INNOVADORES - PERÚ PRODUCE: INNOVACIÓN FRENTE AL CAMBIO CLIMÁTICO",2024,"566-PROINNOVATE-EINCC-2024","COCARBON: CARBÓN ACTIVADO SOSTENIBLE",20241010,20251009,"GALLI OJEDA ALDO BRUNO","LIMA","LIMA","LIMA",150101,67000.0000,9600,19150,"SOLES",20260707
"BID 4","CONCURSO BECAS PARA PROGRAMAS DE BOOTCAMPS DE CÓDIGO - ETAPA 2",2024,"585-PROINNOVATE-BCCF2-2024","BOOTCAMP LE WAGON: ANÁLISIS DE DATOS",20240805,20250405,"SEIJAS LOPEZ ADRIANA ISABEL","MIRAFLORES","LIMA","LIMA",150122,5080.0000,0,0,"DOLARES",20260707
"BID 4","CONCURSO BECAS PARA PROGRAMAS DE BOOTCAMPS DE CÓDIGO - ETAPA 2",2024,"597-PROINNOVATE-BCCF2-2024","BOOTCAMP LE WAGON: ANÁLISIS DE DATOS",20240805,20250405,"CASTILLO PERALTA MIDORY JUDITH","SAN BORJA","LIMA","LIMA",150130,5080.0000,0,0,"DOLARES",20260707
"BID 4","EMPRENDIMIENTOS INNOVADORES - PERÚ PRODUCE: INNOVACIÓN FRENTE AL CAMBIO CLIMÁTICO",2024,"643-PROINNOVATE-EINCC-2024","CIRCULAR: FABRICAR PRODUCTOS A PARTIR DE PLÁSTICO RECICLADO",20240911,20250611,"CIRCULAR CORP SAC BIC","LA MOLINA","LIMA","LIMA",150114,67000.0000,13580,19200,"SOLES",20260707
"BID 4","CONCURSO BECAS PARA PROGRAMAS DE BOOTCAMPS DE CÓDIGO - ETAPA 2",2024,"651-PROINNOVATE-BCCF2-2024","BOOTCAMP MAKE IT REAL CAMP: TOP FULL STACK DEVELOPER",20240826,20250726,"ZARATE TIJERA LESLIE FIORELLY","PUNO","PUNO","PUNO",210101,5666.0000,0,0,"DOLARES",20260707
"BID 4","CONCURSO BECAS PARA PROGRAMAS DE BOOTCAMPS DE CÓDIGO - ETAPA 2",2024,"672-PROINNOVATE-BCCF2-2024","BOOTCAMP MAKE IT REAL CAMP: TOP FULL STACK DEVELOPER",20240826,20250726,"LOPEZ LOZANO LUIS FREDERICK","SAN BORJA","LIMA","LIMA",150130,5666.0000,0,0,"DOLARES",20260707
"BID 4","CONCURSO BECAS PARA PROGRAMAS DE BOOTCAMPS DE CÓDIGO - ETAPA 2",2024,"674-PROINNOVATE-BCCF2-2024","BOOTCAMP MAKE IT REAL CAMP: TOP FULL STACK DEVELOPER",20240826,20250726,"PERALES GUEVARA AUGUSTO EDUARDO","FERREÑAFE","FERREÑAFE","LAMBAYEQUE",140201,5666.0000,0,0,"DOLARES",20260707
"BID 4","CONCURSO BECAS PARA PROGRAMAS DE BOOTCAMPS DE CÓDIGO - ETAPA 2",2024,"677-PROINNOVATE-BCCF2-2024","BOOTCAMP MAKE IT REAL CAMP: TOP FULL STACK DEVELOPER",20240826,20250726,"RAMOS VARGAS JAQUELINE ROCIO","PUNO","PUNO","PUNO",210101,5666.0000,0,0,"DOLARES",20260707
"BID 4","CONCURSO BECAS PARA PROGRAMAS DE BOOTCAMPS DE CÓDIGO - ETAPA 2",2024,"679-PROINNOVATE-BCCF2-2024","BOOTCAMP MAKE IT REAL CAMP: TOP FULL STACK DEVELOPER",20240826,20250726,"PALACIOS MIGUEL JAMILA ISABEL","LIMA","LIMA","LIMA",150101,5666.0000,0,0,"DOLARES",20260707
"BID 4","INNOVACION ABIERTA MODALIDAD A - CAMBIO CLIMATICO",2024,"685-PROINNOVATE-IAMACC-2024","DESARROLLO DE UN PROGRAMA DE INNOVACIÓN ABIERTA CON ENFOQUE EN CAMBIO CLIMÁTICO PARA INCENTIVAR LA EFICIENCIA Y RESILIENCIA DEL CULTIVO DE ALGODÓN ORGÁNICO\, EN LA EMPRESA NEW EXPO S.A.C.",20240911,20270411,"NEW EXPO S.A.C.","ATE","LIMA","LIMA",150103,1987677.9700,867622.03,868800,"SOLES",20260707
"BID 4","PROGRAMA DE INNOVACIÓN MODERNIZACIÓN TECNOLÓGICA Y EMPRENDIMIENTO - MIPYMES DIGITALES - CAMBIO CLIMÁTICO",2024,"686-PROINNOVATE-IMTEMDCC-2024","OPTIMIZAR LOS PROCESOS PRODUCTIVOS DE LA EMPRESA PARA REDUCIR LAS MERMAS A TRAVÉS DE LA IMPLEMENTACIÓN DE UN SOFTWARE MRP QUE INTEGRE LOS DIFERENTES PROCESOS CON LA FINALIDAD DE INCREMENTAR LA RENTABILIDAD Y MEJORAR LA SOSTENIBILIDAD EMPRESARIAL.",20241122,20251022,"MELKORGRAPH S.A.C.","CHORRILLOS","LIMA","LIMA",150108,42000.0000,15285.72,6857.13,"SOLES",20260707
"BID 4","EMPRENDIMIENTOS INNOVADORES",2024,"703-PROINNOVATE-EIN-2024","MIGUI: APP DE VIAJE PARA EXPERIENCIAS TURÍSTICAS LOCALES",20240916,20250915,"GRUPO MIGUI S.A.C.","ALTO SELVA ALEGRE","AREQUIPA","AREQUIPA",040102,54000.0000,7725,15420,"SOLES",20260707
"BID 4","CONCURSO DE PROYECTOS COLABORATIVOS DE INNOVACIÓN FASE 2 - CATEGORÍA 2",2024,"705-PROINNOVATE-CPCC2F2-2024","DESARROLLO DE SOLUCIONES INNOVADORAS PARA EVITAR ACCIDENTES DE TERCEROS EN LA VÍA PÚBLICA Y PARA EL MANTENIMIENTO PREVENTIVO EN LA RED ELÉCTRICA DE PLUZ ENERGÍA PERÚ S.A.A.",20241111,20260711,"PLUZ ENERGÍA PERÚ S.A.A.","SAN BORJA","LIMA","LIMA",150130,1200000.0000,787760.18,244448.26,"SOLES",20260707
"BID 4","EMPRENDIMIENTOS INNOVADORES",2024,"707-PROINNOVATE-EIN-2024","THE ULTIMATE MINING: GAMIFICACIÓN DE PROCESOS MINEROS",20240930,20250929,"GEOLOGY & MINING GAMES E.I.R.L.","ALTO SELVA ALEGRE","AREQUIPA","AREQUIPA",040102,67000.0000,9605.61,19113,"SOLES",20260707
"BID 4","PROGRAMA DE INNOVACIÓN MODERNIZACIÓN TECNOLÓGICA Y EMPRENDIMIENTO - MIPYMES DIGITALES - CAMBIO CLIMÁTICO",2024,"711-PROINNOVATE-IMTEMDCC-2024","TRANSFORMACIÓN DIGITAL PARA UN TRANSPORTE SOSTENIBLE: REDUCCIÓN DE EMISIONES Y EFICIENCIA ENERGÉTICA EN HFC PACIFIC BUSINESS SOCIEDAD ANONIMA CERRADA",20240916,20250816,"HFC PACIFIC BUSINESS SOCIEDAD ANONIMA CERRADA","PUENTE PIEDRA","LIMA","LIMA",150125,45000.0000,10286,6857,"SOLES",20260707
"BID 4","INCUBADORAS Y ACELERADORAS DE EMPRENDIMIENTOS INNOVADORES EN REGIONES",2024,"729-PROINNOVATE-IEIR-2024","FORTALECIMIENTO INTEGRAL DE LA INCUBADORA DE EMPRESAS INCUVAL VENTURES PARA IMPULSAR STARTUPS SOSTENIBLES DE ALTO IMPACTO.",20250205,20260905,"UNIV. NAC. HERMILIO VALDIZAN HUANUCO","PILLCO MARCA","HUANUCO","HUANUCO",100111,685000.0000,94813.52,66600,"SOLES",20260707
"BID 4","DIGITALIZACIÓN EMPRESARIAL - CATEGORÍA 2",2024,"752-PROINNOVATE-IMTEMDC2-2024","IMPLEMENTACIÓN DE SOFTWARE DE DISEÑO DE MODAS Y ESTRATEGIA DE MARKETING DIGITAL PARA LA DIGITALIZACIÓN DE LOS PROCESOS DE LA EMPRESA QUANTO CAPITAL E.I.R.L.",20250205,20260304,"QUANTO CAPITAL E.I.R.L.","CHIMBOTE","SANTA","ANCASH",021801,45000.0000,10285.71,6857.14,"SOLES",20260707
"BID 4","DIGITALIZACIÓN EMPRESARIAL - CATEGORÍA 2",2024,"781-PROINNOVATE-IMTEMDC2-2024","IMPLEMENTACION DE UN SOFTWARE ERP  PARA INTEGRAR LOS DATOS OPERACIONALES DEL POLICLINICO CENTRAL MEDIC",20241122,20251022,"POLICLINICO CENTRAL MEDIC S.R.L.","PAUCARPATA","AREQUIPA","AREQUIPA",040112,45000.0000,10285.71,6857.14,"SOLES",20260707
"BID 4","VALIDACIÓN DE LA INNOVACIÓN PARA MICROEMPRESAS Y ASOCIACIONES - CAMBIO CLIMÁTICO",2024,"789-PROINNOVATE-PVECC-2024","VALIDACIÓN TÉCNICA Y COMERCIAL DE UN CONJUNTO DE MATERIALES DE USO ESTRUCTURAL (VIGAS\, POSTES) Y DE USO CONSTRUCTIVO (LADRILLOS\, BLOQUES) ELABORADOS 100% CON RESIDUOS PLÁSTICOS RECICLADOS\, PARA LA CONSTRUCCIÓN DE UN MÓDULO DE VIVIENDA RURAL.",20241015,20260415,"MET PERU SERVICES SOCIEDAD ANONIMA CERRADA","PIURA","PIURA","PIURA",200101,399925.4100,67474.59,167500,"SOLES",20260707
"BID 4","DIGITALIZACIÓN EMPRESARIAL - CATEGORÍA 2",2024,"793-PROINNOVATE-IMTEMDC2-2024","IMPLEMENTACIÓN Y ENLACE DE MÓDULOS ADMINISTRATIVOS\, COMERCIALES\, FINANCIEROS Y PRODUCCIÓN; ASÍ COMO MEDIDAS DE PROMOCIÓN Y MARKETING DIGITAL; ORIENTADOS A IMPULSAR Y SIMPLIFICAR LOS PROCESOS Y ALCANCES DE FLORERÍAS EXPRESS PERÚ SAC.",20241211,20251111,"FLORERIAS EXPRESS PERU S.A.C","SANTIAGO DE SURCO","LIMA","LIMA",150140,45000.0000,10285.71,6857.14,"SOLES",20260707
"BID 4","PROGRAMA DE INNOVACIÓN MODERNIZACIÓN TECNOLÓGICA Y EMPRENDIMIENTO - MIPYMES DE CALIDAD - CAMBIO CLIMÁTICO",2024,"798-PROINNOVATE-IMTEMCCC-2024","IMPLEMENTACIÓN Y CERTIFICACIÓN DEL SISTEMA DE GESTIÓN DE CALIDAD SEGÚN LA NORMA ISO 9001:2015 EN LOS SERVICIOS DE CONSULTORÍA Y REALIZACIÓN DE ENSAYOS DE CONCRETO\, SUELOS Y MATERIALES DE LA EMPRESA TECNOLOGÍA EN ENSAYO DE MATERIALES S.A.C.",20241122,20251222,"TECNOLOGIA EN ENSAYO DE MATERIALES SAC","TRUJILLO","TRUJILLO","LA LIBERTAD",130101,45000.0000,10286,6857,"SOLES",20260707
"BID 4","INCUBADORAS Y ACELERADORAS DE EMPRENDIMIENTOS INNOVADORES EN REGIONES",2024,"805-PROINNOVATE-IEIR-2024","PROGRAMA DE INCUBACIÓN Y ACELERACIÓN DE NUEVOS MODELOS DE NEGOCIOS DE ALTO IMPACTO PARA LA REGIÓN CUSCO\, PERÚ - IDEA LAB CUSCO",20241101,20260701,"IDEA GROUP PERU S.A.C.","WANCHAQ","CUSCO","CUSCO",080108,685000.0000,85625,55625,"SOLES",20260707
"BID 4","DIGITALIZACIÓN EMPRESARIAL - CATEGORÍA 2",2024,"809-PROINNOVATE-IMTEMDC2-2024","DESARROLLO DE CRM Y CHAT-BOT PARA LA MEJORA EN LA PROSPECCIÓN Y GESTIÓN DE CARTERA DE CLIENTES\, Y MEJORA EN LOS PROCESOS DE CAPACITACIÓN MEDIANTE LA IMPLEMENTACIÓN DE PLATAFORMA DE CURSOS ESPECIALIZACIÓN CON PASARELA DE PAGO.",20250129,20251229,"TECNOLOGIA EMPRESARIAL CDI S.A.C.","LAMBAYEQUE","LAMBAYEQUE","LAMBAYEQUE",140301,44900.0000,10260,6840,"SOLES",20260707
"BID 4","VALIDACIÓN DE LA INNOVACIÓN PARA MICROEMPRESAS Y ASOCIACIONES - CAMBIO CLIMÁTICO",2024,"812-PROINNOVATE-PVECC-2024","VALIDACIÓN TECNICA\, COMERCIAL Y EMPAQUETAMIENTO DEL PROTOTIO DEL DESTILADO PREMIUM ELABORADO ARTESANALMENTE CON VAINAS DE HUARANGO\, AÑEJADO EN BARRICAS DE ROBLE USADAS PARA WHISKY Y RON DE GLOBAL CROWD SOLUTIONS",20241122,20260522,"GLOBAL CROWD SOLUTIONS","ICA","ICA","ICA",110101,394990.8600,67435.58,91488,"SOLES",20260707
"BID 4","PROGRAMA DE INNOVACIÓN MODERNIZACIÓN TECNOLÓGICA Y EMPRENDIMIENTO - MIPYMES DE CALIDAD - CAMBIO CLIMÁTICO",2024,"813-PROINNOVATE-IMTEMCCC-2024","CERTIFICACIÓN FAIRTRADE EN LA EMPRESA FINCA LABRADORES PARA ACCEDER A NUEVOS MERCADOS DE COMERCIO JUSTO QUE PROMUEVEN LA RESPONSABILIDAD MEDIOAMBIENTAL Y ADAPTACIÓN AL CAMBIO CLIMÁTICO DE LOS PRODUCTORES DE MANGO Y BANANO DEL C.P LAYNAS - LA MATANZA",20250127,20260227,"FINCA LABRADORES SOCIEDAD ANONIMA CERRADA","CASTILLA","PIURA","PIURA",200104,45000.0000,10285.71,6857.14,"SOLES",20260707
"BID 4","DIGITALIZACIÓN EMPRESARIAL - CATEGORÍA 2",2024,"820-PROINNOVATE-IMTEMDC2-2024","POTENCIAMIENTO DE LA CAPTACIÓN DE CLIENTES MEDIANTE UN REDISEÑO WEB OPTIMIZADO\, ESTABLECER UNA ESTRATEGIA INTEGRAL DE MARKETING DIGITAL Y SISTEMATIZAR LA GESTIÓN DE OPERACIONES INTERNAS PARA MEJORAR LA EFICIENCIA ADMINISTRATIVA Y OPERATIVA DE KUBIQO SAC",20241226,20251126,"KUBIQO ADMINISTRADORA DE INMUEBLES S.A.C","MIRAFLORES","LIMA","LIMA",150122,44970.0000,10278,6852,"SOLES",20260707
"BID 4","DIGITALIZACIÓN EMPRESARIAL - CATEGORÍA 2",2024,"822-PROINNOVATE-IMTEMDC2-2024","DIGITALIZACIÓN Y MEJORA DE LA GESTIÓN DE IPROJECT GROUP\, IMPLEMENTANDO HERRAMIENTAS DE INBOUND MARKETING\, PLATAFORMA E-LEARNING Y CRM PARA AUMENTAR LA ATRACCIÓN\, POSICIONAMIENTO Y CAPTACIÓN DE NUEVOS CLIENTES.",20250305,20260205,"IPROJECT CONSULTING GROUP S.A.C.","CHICLAYO","CHICLAYO","LAMBAYEQUE",140101,44970.0000,10278,6852,"SOLES",20260707
"BID 4","DIGITALIZACIÓN EMPRESARIAL - CATEGORÍA 2",2024,"823-PROINNOVATE-IMTEMDC2-2024","DIGITALIZACIÓN INTEGRAL DE DISTRIBUCIONES AGRONER S.A.C. MEDIANTE LA IMPLEMENTACIÓN DE UN SISTEMA ERP\, PLATAFORMA DE COMERCIO ELECTRÓNICO E INTEGRACIÓN DE UNA ESTRATEGIA DE MARKETING DIGITAL PARA LA VENTA DE PRODUCTOS AGROPECUARIOS.",20250127,20251227,"DISTRIBUCIONES AGRONER S.A.C.","CHICLAYO","CHICLAYO","LAMBAYEQUE",140101,45000.0000,10300,6846,"SOLES",20260707
"BID 4","DIGITALIZACIÓN EMPRESARIAL - CATEGORÍA 1",2024,"827-PROINNOVATE-IMTEMDC1-2024","DESARROLLO DIGITAL PARA APAPHCEPES MEDIANTE LA INTEGRACIÓN DE SISTEMA DE GESTIÓN INTEGRAL Y PLATAFORMA DE COMERCIO ELECTRÓNICO PARA EL BIOL Y COMPOSTA GENERADA A PARTIR DE LAS VÍSCERAS DE PESCADO.",20250212,20260311,"ASOCIACION DE PROCESADORES ARTESANALES DE PRODUCTOS HIDROBIOLOGICOS DEL CENTRO PESQUERO APAPHCEPES","SANTA ROSA","CHICLAYO","LAMBAYEQUE",140114,65000.0000,15431,10285,"SOLES",20260707
"BID 4","DESAFÍOS DE INNOVACIÓN EN CADENAS DE VALOR MODALIDAD B - CAMBIO CLIMÁTICO",2024,"828-PROINNOVATE-DICVMBCC-2024","DESAFÍOS AGROAMBIENTALES DE PEQUEÑOS AGRICULTORES DEL CULTIVO DE ARÁNDANOS FRESCOS EN LA REGIÓN LA LIBERTAD PARA MEJORAR LA PRODUCTIVIDAD\, SOSTENIBILIDAD Y ADAPTACIÓN AL CAMBIO CLIMÁTICO",20250128,20260928,"INSTITUTO TECNOLÓGICO DE LA PRODUCCIÓN","SAN ISIDRO","LIMA","LIMA",150131,550000.0000,0,90000,"SOLES",20260707
"BID 4","VALIDACIÓN DE LA INNOVACIÓN PARA MICROEMPRESAS Y ASOCIACIONES - CAMBIO CLIMÁTICO",2024,"829-PROINNOVATE-PVECC-2024","VALIDACION TÉCNICA\, COMERCIAL Y EMPAQUETAMIENTO DE HORNOS ECOLÓGICOS DE ALTO RENDIMIENTO PARA LA PRODUCCIÓN SUSTENTABLE DE CARBÓN VEGETAL\, BIOCHAR Y LÍQUIDO PIROLEÑOSO DE ALTA CALIDAD DE BIO ENERGY INGENIEROS E.I.R.L.",20241122,20260621,"BIO ENERGY INGENIEROS E.I.R.L.","MAZAMARI","SATIPO","JUNIN",120604,265983.0700,50916.93,81000,"SOLES",20260707
"BID 4","DIGITALIZACIÓN EMPRESARIAL - CATEGORÍA 2",2024,"833-PROINNOVATE-IMTEMDC2-2024","DIGITALIZACIÓN EMPRESARIAL DE AGROINDUSTRIA EL CALLAYUJANO PERÚ MEDIANTE LA IMPLEMENTACIÓN DE UN SISTEMA DE MONITOREO Y CONTROL DE PARÁMETROS EN LA FERMENTACIÓN Y E-COMMERCE PARA LA COMERCIALIZACIÓN DE BEBIDAS TRADICIONALES ANDINAS A BASE DE CAÑA DE AZUCAR",20241211,20260110,"AGROINDUSTRIA EL CALLAYUJANO PERU E.I.R.L.","JAEN","JAEN","CAJAMARCA",060801,45000.0000,10350,6850,"SOLES",20260707
"BID 4","VALIDACIÓN DE LA INNOVACIÓN PARA MICROEMPRESAS Y ASOCIACIONES",2024,"841-PROINNOVATE-PVE-2024","VALIDACIÓN TÉCNICA\, COMERCIAL Y EMPAQUETAMIENTO DE UN PRODUCTO EDULCORANTE A BASE DE YACÓN\, EN PRESENTACIÓN GRANULADA\, CON ENFOQUE EN LA LUCHA MUNDIAL CONTRA LA DIABETES E INNOVACIÓN ALIMENTARIA.",20241122,20260522,"INGREDIENTES INNOVADORES S.A.C.","MIRAFLORES","LIMA","LIMA",150122,399932.0900,64920,151291.93,"SOLES",20260707
"BID 4","VALIDACIÓN DE LA INNOVACIÓN PARA MICROEMPRESAS Y ASOCIACIONES - CAMBIO CLIMÁTICO",2024,"843-PROINNOVATE-PVECC-2024","VALIDACIÓN TÉCNICA Y COMERCIAL DE UN BIOESTIMULANTE CON SÍLICE ACTIVO (SIA) BASADO EN RESIDUOS Y SUBPRODUCTOS DE LA INDUSTRIA ARROCERA Y CRIANZA EQUINA\, EN CULTIVOS DE LECHUGA Y TOMATE.",20241218,20260618,"MAROS GREEN S.A.C.","SAN ISIDRO","LIMA","LIMA",150131,342226.4400,103131.8,239790,"SOLES",20260707
"BID 4","VALIDACIÓN DE LA INNOVACIÓN PARA MICROEMPRESAS Y ASOCIACIONES",2024,"850-PROINNOVATE-PVE-2024","VALIDACIÓN DE UN PAQUETE TECNOLÓGICO BASADO EN EL MANEJO OPTIMIZADO DE REBROTES DE BOLAINA BLANCA\, PARA LA PRODUCCIÓN SOSTENIBLE DE MADERA DE ALTA CALIDAD\, REDUCIENDO EL TIEMPO DE 8 A 5 AÑOS PARA SU APROVECHAMIENTO Y EL COSTO DE MANEJO FORESTAL EN 38%.",20241211,20261210,"REFORESTANDO SOCIEDAD ANONIMA","PUERTO INCA","PUERTO INCA","HUANUCO",100901,389499.1600,64923.84,146400,"SOLES",20260707
"BID 4","INCUBADORAS Y ACELERADORAS DE EMPRENDIMIENTOS INNOVADORES EN REGIONES",2024,"863-PROINNOVATE-IEIR-2024","BIOINNOVA SAN MARTÍN: INCUBADORA AMAZÓNICA PARA PONER EN VALOR EL USO SOSTENIBLE DE LA BIODIVERSIDAD",20250127,20260727,"UNIVERSIDAD NACIONAL DE SAN MARTIN","TARAPOTO","SAN MARTIN","SAN MARTIN",220901,685000.0000,85625,65625,"SOLES",20260707
"BID 4","DIGITALIZACIÓN EMPRESARIAL - CATEGORÍA 2",2024,"868-PROINNOVATE-IMTEMDC2-2024","OPTIMIZACIÓN DEL PROCESO DE VENTAS Y GESTIÓN DE CLIENTES MEDIANTE LA IMPLEMENTACIÓN DE UN SISTEMA INTEGRAL DE LOTEO E INVENTARIADO\, UN E-COMMERCE Y ESTRATEGIAS DE MARKETING DIGITAL",20250326,20260226,"AGRONEGOCIOS NESTOR JAVIERCITO SOCIEDAD ANONIMA CERRADA","LAMBAYEQUE","LAMBAYEQUE","LAMBAYEQUE",140301,45000.0000,10288,6857,"SOLES",20260707
"BID 4","DIGITALIZACIÓN EMPRESARIAL - CATEGORÍA 2",2024,"870-PROINNOVATE-IMTEMDC2-2024","IMPLEMENTACIÓN DE UNA SOLUCIÓN DIGITAL PARA LA OPTIMIZACIÓN DE LOS PROCESOS OPERATIVOS/COMERCIALES DE ADMINISTRACIÓN Y MANTENIMIENTO DE INMUEBLES",20250205,20260304,"MERCURY FACILITIES MANAGEMENT SAC","MIRAFLORES","LIMA","LIMA",150122,45000.0000,10285.71,6857.14,"SOLES",20260707
"BID 4","DIGITALIZACIÓN EMPRESARIAL - CATEGORÍA 2",2024,"872-PROINNOVATE-IMTEMDC2-2024","POTENCIANDO LA OPERATIVIDAD EN EL NEGOCIO DE JOYAS PERSONALIZADAS\, IMPLEMENTANDO TECNOLOGÍAS DIGITALES: UN ENFOQUE INTEGRADO DE GESTIÓN DE PEDIDOS",20250205,20260304,"NB MODA SAC","MIRAFLORES","LIMA","LIMA",150122,45000.0000,10286,6857,"SOLES",20260707
"BID 4","DIGITALIZACIÓN EMPRESARIAL - CATEGORÍA 2",2024,"873-PROINNOVATE-IMTEMDC2-2024","DIGITALIZACIÓN DE LOS PROCESOS DE ATENCIÓN AL PACIENTE DE SALUD OFTALMOLÓGICA DE LA SELVA SAC",20250127,20260226,"SALUD OFTALMOLOGICA DE LA SELVA SOCIEDAD ANONIMA CERRADA","LA BANDA DE SHILCAYO","SAN MARTIN","SAN MARTIN",220909,45000.0000,10300,6858,"SOLES",20260707
"BID 4","DIGITALIZACIÓN EMPRESARIAL - CATEGORÍA 2",2024,"882-PROINNOVATE-IMTEMDC2-2024","INTEGRACIÓN DE IA EN LA PLATAFORMA DIGITAL DE LA EMPRESA CHOCOPRO PARA PROMOVER EL CROSS-SELLING DE CURSOS FÍSICOS Y DIGITALES",20241226,20260125,"CHOCOPRO S.A.C.","SAN ISIDRO","LIMA","LIMA",150131,45000.0000,10285.71,6857.14,"SOLES",20260707
"BID 4","DIGITALIZACIÓN EMPRESARIAL - CATEGORÍA 2",2024,"883-PROINNOVATE-IMTEMDC2-2024","DESARROLLO DE SOLUCIÓN TECNOLÓGICA INTEGRAL PARA LA OPTIMIZACIÓN DE SERVICIOS DE PARKING Y MANTENIMIENTO DE AUTOS\, INCLUYENDO ESTRATEGIAS DE COMUNICACIÓN Y MARKETING DIGITAL PARA POSICIONAMIENTO A NIVEL REGIONAL.",20250205,20260105,"RENYCAR PARKING CIX SAC","CHICLAYO","CHICLAYO","LAMBAYEQUE",140101,45000.0000,10300,6846,"SOLES",20260707
"BID 4","VALIDACIÓN DE LA INNOVACIÓN PARA MICROEMPRESAS Y ASOCIACIONES",2024,"887-PROINNOVATE-PVE-2024","VALIDACION TÉCNICA Y COMERCIAL DEL PROTOTIPO DE ESPUMANTE DE UVAS PATROMINALES\, MARACUYÁ Y HIERBAS AROMATICAS USANDO MÉTODOS ANCESTRALES DE INVERSIONES WAKIY S.A.C.",20241227,20260627,"INVERSIONES WAKIY S.A.C.","LA JOYA","AREQUIPA","AREQUIPA",040108,399766.7700,71368.39,54000,"SOLES",20260707
"BID 4","DIGITALIZACIÓN EMPRESARIAL - CATEGORÍA 2",2024,"892-PROINNOVATE-IMTEMDC2-2024","IMPLEMENTACIÓN DE UN SISTEMA ERP CLOUD QUE PERMITA AGILIZAR LOS PROCESOS CORE DEL NEGOCIO\, Y UNA WEB ECOMMERCE DE FÁCIL ADMINISTRACIÓN QUE PERMITA INCREMENTAR LAS VENTAS DE PEREZOSO",20250127,20260626,"MANUFACTURAS PANDA DEL PERU S.R.L.","SAN JUAN DE LURIGANCHO","LIMA","LIMA",150132,44990.0200,10283.15,6855.43,"SOLES",20260707
"BID 4","VALIDACIÓN DE LA INNOVACIÓN PARA MICROEMPRESAS Y ASOCIACIONES",2024,"895-PROINNOVATE-PVE-2024","VALIDACIÓN TÉCNICO-COMERCIAL DE UN DISPOSITIVO PARA LA VAPORIZACIÓN DE DERIVADOS DEL CANNABIS MEDICINAL (“CONDOR CANNA”)\, QUE OFREZCA A LOS PACIENTES UNA EXPERIENCIA SEGURA\, EFECTIVA\, CONVENIENTE Y CUMPLIENDO CON LAS EXPECTATIVAS DE LOS MÉDICOS TRATANTES.",20241211,20260810,"CANNFARM PERU S.A.C.","SAYAN","HUAURA","LIMA",150811,399853.3600,79272.32,179100.04,"SOLES",20260707
"BID 4","DIGITALIZACIÓN EMPRESARIAL - CATEGORÍA 1",2024,"909-PROINNOVATE-IMTEMDC1-2024","IMPLEMENTACIÓN DE PLATAFORMA DIGITAL PARA TURISMO VIVENCIAL ECOLÓGICO Y ARQUEOLÓGICO CON MODULO PARA COORDINACIÓN Y DESARROLLO DE ESTRATEGIA DE MARKETING DIGITAL PARA EL INCREMENTO DEL TURISMO EN EL DISTRITO DE PROVIDENCIA",20250613,20260513,"ASOCIACION DE PRODUCTORES AGROECOLOGICOS LA CATARATA RUMI RUMI DE GRAMALOTE-PROVIDENCIA","PROVIDENCIA","LUYA","AMAZONAS",010515,64800.0000,15500,10250,"SOLES",20260707
"BID 4","DIGITALIZACIÓN EMPRESARIAL - CATEGORÍA 2",2024,"917-PROINNOVATE-IMTEMDC2-2024","IMPLEMENTACIÓN Y PLAN DE LANZAMIENTO COMERCIAL DE LA PLATAFORMA E-LEARNING B2B DIRIGIDO A LAS MYPES CON CURSOS INTERACTIVOS DE SISTEMAS DE GESTIÓN DE CALIDAD\, MEDIO AMBIENTE\, SEGURIDAD Y SALUD OCUPACIONAL\, SOSTENIBILIDAD Y ECONOMÍA CIRCULAR",20241226,20251126,"AJAD E.I.R.L.","SAN ISIDRO","LIMA","LIMA",150131,44900.0000,10260,6840,"SOLES",20260707
"BID 4","DIGITALIZACIÓN EMPRESARIAL - CATEGORÍA 2",2024,"924-PROINNOVATE-IMTEMDC2-2024","DESARROLLO DE PLATAFORMA ERP PERSONALIZADO\, PARA MEJORA EN ATENCIÓN Y/O AUTOMATIZACIÓN DE PROCESOS PRODUCTIVOS\, COMERCIALES\, ADMINISTRATIVOS Y FINANCIEROS; EN CONCORDANCIA CON EXPANSIÓN EN EL FLUJO Y ALCANCE OPERATIVO DE RESTAURANTE CULTURAL EL MESON DEL INCA",20241226,20251126,"COMPAÑIA CULINARIA ORION S.A.C.","LOS OLIVOS","LIMA","LIMA",150117,40000.0000,15285.71,6857.14,"SOLES",20260707
"BID 4","DIGITALIZACIÓN EMPRESARIAL - CATEGORÍA 2",2024,"933-PROINNOVATE-IMTEMDC2-2024","OPTIMIZACIÓN DE LOS PROCESOS OPERATIVOS EN \"AMAZON ANDEAN TRAVEL AGENCY S.A.C.\"\, MEDIANTE LA IMPLEMENTACIÓN DE UN SOFTWARE ESPECIALIZADO PARA TOUR OPERADORES.",20250129,20251229,"AMAZON ANDEAN TRAVEL AGENCY SOCIEDAD ANONIMA CERRADA","PUEBLO LIBRE","LIMA","LIMA",150121,45000.0000,10285.72,6857.14,"SOLES",20260707
"BID 4","DIGITALIZACIÓN EMPRESARIAL - CATEGORÍA 2",2024,"938-PROINNOVATE-IMTEMDC2-2024","DISEÑO Y FORTALECIMIENTO DE NUEVOS CANALES DE VENTA Y FIDELIZACIÓN DIGITAL DE CLIENTES EN LA EMPRESA \"AGROINDUSTRIAS SYPZEMID E.I.R.L.\"",20250129,20251229,"AGROINDUSTRIAS SYPZEMID E.I.R.L.","MARIANO MELGAR","AREQUIPA","AREQUIPA",040109,45000.0000,10285.72,6857.13,"SOLES",20260707
"BID 4","DIGITALIZACIÓN EMPRESARIAL - CATEGORÍA 2",2024,"966-PROINNOVATE-IMTEMDC2-2024","DESARROLLO DE UNA PÁGINA WEB DINÁMICA E IMPLEMENTACIÓN DE UNA ESTRATEGIA DE MARKETING DIGITAL INTEGRAL PARA ATRAER NUEVOS CLIENTES Y POSICIONAR LA PRESENCIA EN LÍNEA DE SUMA CONTADORES E.I.R.L.",20250226,20260126,"SUMA CONTADORES E.I.R.L.","SAN BORJA","LIMA","LIMA",150130,45000.0000,10285.71,6857.14,"SOLES",20260707
"BID 4","DIGITALIZACIÓN EMPRESARIAL - CATEGORÍA 2",2024,"990-PROINNOVATE-IMTEMDC2-2024","IMPLEMENTAR UNA SOLUCIÓN DE GESTIÓN DIGITAL PARA EL CONTROL DE MANTENIMIENTO Y LOGÍSTICA DE LOS CLIENTES DE LA EMPRESA",20250319,20260219,"SERFINTEL SOCIEDAD ANONIMA CERRADA","MIRAFLORES","LIMA","LIMA",150122,45000.0000,10720.49,6857.14,"SOLES",20260707
"BID 4","DIGITALIZACIÓN EMPRESARIAL - CATEGORÍA 2",2024,"994-PROINNOVATE-IMTEMDC2-2024","DESARROLLO E IMPLEMENTACIÓN DEL MODELO DE NEGOCIO DARK STORE PARA LA EXPANSIÓN Y OPTIMIZACIÓN DE LA TIENDA CON ESTRATEGIA DE MARKETING DIGITAL PARA SU POSICIONAMIENTO REGIONAL.",20250219,20260119,"SUMINISTROS DE ALIMENTOS DEL VALLE SAC","LA VICTORIA","CHICLAYO","LAMBAYEQUE",140106,45000.0000,10300,6857,"SOLES",20260707
"BID 4","DIGITALIZACIÓN EMPRESARIAL - CATEGORÍA 2",2024,"996-PROINNOVATE-IMTEMDC2-2024","IMPLEMENTACIÓN DE LA PLATAFORMA E-COMMERCE DE GRUPO 27 S.A.C. INTEGRADO A UN PLAN ESTRATÉGICO DE MARKETING DIGITAL 2.0 PARA OPTIMIZAR EL DESARROLLO COMERCIAL\, OPERACIONAL Y POTENCIAR LA COMPETITIVIDAD DE LA MARCA MEJORANDO LA EXPERIENCIA DE COMPRA DEL CLIENTE",20250127,20251227,"GRUPO 27 S.A.C.","SURQUILLO","LIMA","LIMA",150141,45000.0000,12171.42,7114.29,"SOLES",20260707
"BID 4","DIGITALIZACIÓN EMPRESARIAL - CATEGORÍA 2",2024,"1001-PROINNOVATE-IMTEMDC2-2024","RDSP PUBLICIDAD - MEJORAMIENTO EN LA IMAGEN DIGITAL Y POSICIONAMIENTO EN MEDIOS DIGITALES Y REDES SOCIALES",20250129,20251229,"RDSP EIRL","SAN BORJA","LIMA","LIMA",150130,45000.0000,10720.49,6857.14,"SOLES",20260707
"BID 4","DIGITALIZACIÓN EMPRESARIAL - CATEGORÍA 2",2024,"1002-PROINNOVATE-IMTEMDC2-2024","TRANSFORMACIÓN DIGITAL INTEGRAL PARA LA OPTIMIZACIÓN DE LA GESTIÓN CONTABLE\, RESERVAS Y ATENCIÓN AL CLIENTE MEDIANTE LA IMPLEMENTACIÓN DE ERP\, CRM Y MEJORA DE LA PÁGINA WEB EN PUKUPUKU TRAVEL S.R.L. DE LA REGIÓN CUSCO",20250129,20251229,"PUKUPUKU TRAVEL SOCIEDAD COMERCIAL DE RESPONSABILIDAD LIMITADA-PUKUPUKU TRAVEL S.R.L.","WANCHAQ","CUSCO","CUSCO",080108,45000.0000,10500,6645,"SOLES",20260707
"BID 4","DINAMIZACIÓN DEL ECOSISTEMA REGIONAL DE INNOVACIÓN Y EMPRENDIMIENTO",2024,"1003-PROINNOVATE-DER-2024","DINAMIZACIÓN DEL ECOSISTEMA DE INVESTIGACIÓN\, DESARROLLO\, INNOVACIÓN Y EMPRENDIMIENTO (I+D+I+E) PARA FORTALECER LA ARTICULACIÓN\, COMPETITIVIDAD Y SOSTENIBILIDAD EN LA REGIÓN CAJAMARCA",20241212,20270411,"CENTRO ECUMENICO DE PROMOCION Y ACCION SOCIAL NORTE","CAJAMARCA","CAJAMARCA","CAJAMARCA",060101,2547068.0000,217142.86,519285.71,"SOLES",20260707
"BID 4","DIGITALIZACIÓN EMPRESARIAL - CATEGORÍA 2",2024,"1004-PROINNOVATE-IMTEMDC2-2024","IMPLEMENTACIÓN DE UN SISTEMA ERP PARA MEJORAR LA GESTIÓN DE LA INFORMACIÓN EN LOS PROCESOS PRODUCTIVOS\, COMERCIALES Y ADMINISTRATIVOS EN LA EMPRESA PASIÓN Y CHOCOLATE PUCALLPA SAC\, EN LA REGIÓN UCAYALI",20241226,20260125,"PASION Y CHOCOLATE PUCALLPA S.A.C.","CALLERIA","CORONEL PORTILLO","UCAYALI",250101,44999.7900,10286,6857,"SOLES",20260707
"BID 4","DIGITALIZACIÓN EMPRESARIAL - CATEGORÍA 2",2024,"1006-PROINNOVATE-IMTEMDC2-2024","MEJORA EN LA ATENCIÓN DE PROCESOS DE PRODUCCIÓN\, GESTIÓN DE INVENTARIOS Y DESPACHO POSTERIOR DE SERVICIOS GENERALES AGROINDUSTRIALES JINKAI ENENTAI E.I.R.L.\, CON EL DESARROLLO DE PLATAFORMAS DIGITALES DE GESTIÓN INTEGRADO.",20250205,20260105,"SERVICIOS GENERALES AGROINDUSTRIALES JINKAI ENENTAI EIRL  JINKAI ENENTAI EIRL","BAGUA GRANDE","UTCUBAMBA","AMAZONAS",010701,45000.0000,10285.71,6857.14,"SOLES",20260707
"BID 4","VALIDACIÓN DE LA INNOVACIÓN PARA MICROEMPRESAS Y ASOCIACIONES",2024,"1009-PROINNOVATE-PVE-2024","VALIDACIÓN TÉCNICO-COMERCIAL DE UN SISTEMA DE MONITOREO AGRÍCOLA BASADO EN TECNOLOGÍA IOT PARA OPTIMIZAR LA GESTIÓN DE NUTRIENTES NPK Y DEL RIEGO\, EN LOS CULTIVOS DE UVA DE MESA (AREQUIPA) Y CULTIVO PALTO (MOQUEGUA).",20241211,20260611,"ATLAS SOLUTIONS E.I.R.L.","JOSE LUIS BUSTAMANTE Y RIVERO","AREQUIPA","AREQUIPA",040129,280325.5700,46874.43,44360,"SOLES",20260707
"BID 4","DIGITALIZACIÓN EMPRESARIAL - CATEGORÍA 2",2024,"1011-PROINNOVATE-IMTEMDC2-2024","IMPLEMENTACIÓN DE UN SISTEMA DE GESTIÓN INTEGRAL ERP PARA AUTOMATIZAR LA GESTIÓN DE DATOS Y DOCUMENTOS Y OPTIMIZAR EL ANÁLISIS DE INFORMACIÓN DEL PROCESO DE PRODUCCIÓN DE CERVEZAS ARTESANALES DE LA EMPRESA LA ETIQUETA BOUTIQUE MEJORANDO SU GESTIÓNCOMERCIAL",20250129,20251229,"LA ETIQUETA BOUTIQUE S.A.C","JAEN","JAEN","CAJAMARCA",060801,45000.0000,12171.42,7114.29,"SOLES",20260707
"BID 4","DIGITALIZACIÓN EMPRESARIAL - CATEGORÍA 2",2024,"1013-PROINNOVATE-IMTEMDC2-2024","IMPLEMENTACIÓN DE UN SOFTWARE ERP INTEGRADO CON UNA IA DE PROCESAMIENTO DE INFORMACIÓN PARA OPTIMIZAR LA GESTIÓN DE DATOS Y OPERACIONES EN TODOS LOS PROCESOS DE TRAZABILIDAD DE LA EMPRESA EXPERIMENTAL SEED MEJORANDO SU COMPETITIVIDAD COMERCIAL EN EL MERCADO",20250129,20251229,"EXPERIMENTAL SEED E.I.R.L.","JAEN","JAEN","CAJAMARCA",060801,45000.0000,12171.42,7114.29,"SOLES",20260707
"BID 4","DIGITALIZACIÓN EMPRESARIAL - CATEGORÍA 2",2024,"1017-PROINNOVATE-IMTEMDC2-2024","IMPLEMENTACIÓN DE UN SISTEMA ERP INTEGRAL QUE PERMITA DIGITALIZAR Y OPTIMIZAR LOS PROCESOS ADMINISTRATIVOS\, OPERATIVOS Y COMERCIALES EN AMFLEX SOLUCIONES VIALES S.A.C.",20250530,20260430,"AMFLEX SOLUCIONES VIALES S.A.C.","SAN JUAN DE LURIGANCHO","LIMA","LIMA",150132,45000.0000,10285.71,6857.14,"SOLES",20260707
"BID 4","DIGITALIZACIÓN EMPRESARIAL - CATEGORÍA 2",2024,"1018-PROINNOVATE-IMTEMDC2-2024","IMPLEMENTACIÓN DE APLICACIÓN WEB PROGRESIVA PARA POTENCIAR LA PESCA SOSTENIBLE\, FOMENTANDO LA CONCIENCIA AMBIENTAL DE LOS TURISTAS",20250127,20260226,"GRUPO AVENTOUR PERU SAC","TARAPOTO","SAN MARTIN","SAN MARTIN",220901,45000.0000,15000,7500,"SOLES",20260707
"BID 4","VALIDACIÓN DE LA INNOVACIÓN PARA MICROEMPRESAS Y ASOCIACIONES - CAMBIO CLIMÁTICO",2024,"1021-PROINNOVATE-PVECC-2024","VALIDACIÓN Y EMPAQUETAMIENTO TÉCNICO-COMERCIAL\, DE UN REACTOR PRODUCTOR DE BIOCHAR CON CAPTURA DE ENERGÍA TÉRMICA\, PARA REDUCIR EL USO DE FERTILIZANTES SINTÉTICOS Y PARA SECAR PRODUCTOS AGRÍCOLAS\, CON LA FINALIDAD DE MITIGAR EL CAMBIO CLIMÁTICO.",20241211,20260910,"INKAN NEGRO S.A.C.","LURIN","LIMA","LIMA",150119,246935.6000,43504.4,101280,"SOLES",20260707
"BID 4","PROGRAMA DE INNOVACIÓN MODERNIZACIÓN TECNOLÓGICA Y EMPRENDIMIENTO - MIPYMES DE CALIDAD - CAMBIO CLIMÁTICO",2024,"1038-PROINNOVATE-IMTEMCCC-2024","SALUD\, SEGURIDAD Y MEDIO AMBIENTE A TRAVÉS DE LA CERTIFICACIÓN ISO 45001 PARA UN FUTURO SOSTENIBLE",20250212,20260312,"INGENIERIA & PROYECTOS ALFA S.A.C.","CHIMBOTE","SANTA","ANCASH",021801,45000.0000,10285.72,6857.14,"SOLES",20260707
"BID 4","DIGITALIZACIÓN EMPRESARIAL - CATEGORÍA 2",2024,"1049-PROINNOVATE-IMTEMDC2-2024","IMPLEMENTACIÓN DE CRM Y PLATAFORMA EDUCATIVA CON AUTOMATIZACIÓN DE PROCESOS MEDIANTE INTELIGENCIA ARTIFICIAL - IA",20250205,20260105,"MANAGEMENT STRATEGIC GROUP 360° S.A.C.","CHICLAYO","CHICLAYO","LAMBAYEQUE",140101,45000.0000,10286,6857,"SOLES",20260707
"BID 4","DIGITALIZACIÓN EMPRESARIAL - CATEGORÍA 2",2024,"1050-PROINNOVATE-IMTEMDC2-2024","OPTIMIZACIÓN INTEGRAL DE PLATAFORMA DE CONTENIDOS B2B PARA MICROEMPRESARIOS CON ENFOQUE INTERNACIONAL MEDIANTE UNA ESTRATEGIA DE MARKETING Y AUTOMATIZACIÓN DE FLUJOS COMERCIALES EN T4B GROUP S.A.C.",20250127,20260226,"T4B GROUP S.A.C.","PUEBLO LIBRE","LIMA","LIMA",150121,45000.0000,10286,6857,"SOLES",20260707
"BID 4","DIGITALIZACIÓN EMPRESARIAL - CATEGORÍA 1",2024,"1054-PROINNOVATE-IMTEMDC1-2024","DESARROLLAR UN APLICATIVO WEB DE TRAZABILIDAD PARA LA ASOCIACIÓN QUE DIGITALICE SU INFORMACIÓN PRODUCTIVA\, QUE LA TRANSFORME EN INDICADORES CLAVE Y PERMITA A CLIENTES Y STAKEHOLDERS VISIBILIZAR EL COMPROMISO CON LA SOSTENIBILIDAD EN LA PRODUCCIÓN DE CAFÉ ORO.",20250411,20260311,"ASOCIACION DE PRODUCTORES AGROPECUARIOS PERFILES COFFEE PERU","JAEN","JAEN","CAJAMARCA",060801,63450.0000,15030,10020,"SOLES",20260707
"BID 4","DIGITALIZACIÓN EMPRESARIAL - CATEGORÍA 2",2024,"1058-PROINNOVATE-IMTEMDC2-2024","IMPLEMENTACIÓN DE LA PLATAFORMA E-LEARNING DE LA EMPRESA NUAM INTEGRANDO UN SISTEMA DE GESTIÓN ERP PARA AUTOMATIZAR Y FACILITAR LA GESTIÓN DE DATOS Y DOCUMENTOS A TRAVÉS DE UN API DE PROCESAMIENTO DE INFORMACIÓN PARA MEJORAR LA EDUCACIÓN DE LOS ALUMNOS DE JAÉN",20250129,20251229,"EDUCANDO FUTURO AMANECER EIRL","JAEN","JAEN","CAJAMARCA",060801,45000.0000,12171.42,7114.29,"SOLES",20260707
"BID 4","DIGITALIZACIÓN EMPRESARIAL - CATEGORÍA 2",2024,"1061-PROINNOVATE-IMTEMDC2-2024","ADECUACIÓN E IMPLEMENTACIÓN DE UN ERP CON UN API DE PROCESAMIENTO DE DATOS PARA OPTIMIZAR LA GESTIÓN COMERCIAL DE CONSORCIO AYLLU SIMPLIFICANDO EL FLUJO DE TRABAJO EN UN ENTORNO DE CONECTIVIDAD COLABORATIVA MEJORANDO LA EXPERIENCIA DE COMPRA DEL CLIENTE",20250127,20260226,"CONSORCIO AYLLU S.A.C.","LIMA","LIMA","LIMA",150101,45000.0000,12171.42,7114.29,"SOLES",20260707
"BID 4","PROGRAMA DE INNOVACIÓN MODERNIZACIÓN TECNOLÓGICA Y EMPRENDIMIENTO - MIPYMES DE CALIDAD - CAMBIO CLIMÁTICO",2024,"1062-PROINNOVATE-IMTEMCCC-2024","INCREMENTO DEL NIVEL DE VENTAS Y ACCESO A NUEVOS DICHOS DE MERCADO CON LA IMPLEMENTACIÓN DEL CERTIFICADO RAINFOREST ALLIANCE EN LA ASOCIACIÓN DEL PRODUCTORES DEL NORTE - PRONOR",20250319,20260419,"\"ASOCIACION AGROPECUARIA DE PRODUCTORES DEL NORTE\"","SAN IGNACIO","SAN IGNACIO","CAJAMARCA",060901,45000.0000,10285.71,6857.14,"SOLES",20260707
"BID 4","DIGITALIZACIÓN EMPRESARIAL - CATEGORÍA 2",2024,"1063-PROINNOVATE-IMTEMDC2-2024","IMPLEMENTACIÓN DE TECNOLOGIAS DE INFORMACIÓN EN AGROINDUSTRIAS ECOVALLE SAC PARA MEJORAR LA EFICIENCIA DE LOS PROCESOS PRODUCTIVOS Y COMERCIALES.",20250127,20251227,"AGROINDUSTRIAS ECOVALLE S.A.C.","TACNA","TACNA","TACNA",230101,45000.0000,10350,6800,"SOLES",20260707
"BID 4","DIGITALIZACIÓN EMPRESARIAL - CATEGORÍA 2",2024,"1065-PROINNOVATE-IMTEMDC2-2024","MEJORAMIENTO DE LAS CAPACIDADES COMERCIALES DE AMAZONIA ORGANIC PRODUCTS A TRAVÉS DEL DESARROLLO DE UNA ESTRATEGIA DE MARKETING DIGITAL Y OPTIMIZACIÓN DE PÁGINA WEB AD HOC PARA USUARIOS DE COMPRAS DIGITALES PARA FORTALECER SU POSICIONAMIENTO WEB",20250221,20260121,"AMAZONIA ORGANIC PRODUCTS S.A.C.","SAN ANTONIO","SAN MARTIN","SAN MARTIN",220912,45000.0000,10285.8,6857.1,"SOLES",20260707
"BID 4","DIGITALIZACIÓN EMPRESARIAL - CATEGORÍA 2",2024,"1073-PROINNOVATE-IMTEMDC2-2024","IMPLEMENTACIÓN DE SOLUCIONES PARA LA DIGITALIZACIÓN Y AUTOMATIZACIÓN DE LOS PROCESOS OPERATIVOS DE LA EMPRESA \"ELEMENTO CHOCOLATES S.A.C.\"",20250204,20260104,"ELEMENTO CHOCOLATES S.A.C","LINCE","LIMA","LIMA",150116,45000.0000,10285.71,6857.14,"SOLES",20260707
"BID 4","DIGITALIZACIÓN EMPRESARIAL - CATEGORÍA 2",2024,"1074-PROINNOVATE-IMTEMDC2-2024","OPTIMIZACIÓN OPERATIVA Y MEJORA DE EXPERIENCIA DEL CLIENTE MEDIANTE LA IMPLEMENTACIÓN DE UN SISTEMA DE GESTIÓN DE PROPIEDADES (PMS) INTEGRADO CON UNA WEB EN \"ZENTRA HOTEL EIRLTDA\".",20250212,20260112,"ZENTRA HOTEL EMPRESA INDIVIDUAL DE RESPONSABILIDAD LIMITADA","CHICLAYO","CHICLAYO","LAMBAYEQUE",140101,45000.0000,10285.72,6857.14,"SOLES",20260707
"BID 4","DIGITALIZACIÓN EMPRESARIAL - CATEGORÍA 2",2024,"1075-PROINNOVATE-IMTEMDC2-2024","DIGITALIZACIÓN Y OPTIMIZACIÓN DE LOS PROCESOS DE GESTIÓN DE PEDIDOS E INVENTARIOS EN LA EMPRESA \"CAF PERU SERVICIOS GENERALES E.I.R.L.\"",20250221,20260121,"CAF PERU SERVICIOS GENERALES E.I.R.L.","SANTIAGO DE SURCO","LIMA","LIMA",150140,45000.0000,10285.72,6857.14,"SOLES",20260707
"BID 4","DIGITALIZACIÓN EMPRESARIAL - CATEGORÍA 2",2024,"1076-PROINNOVATE-IMTEMDC2-2024","IMPLEMENTACIÓN DEL SOFTWARE  ERP ENFOCADO EN LA EFICIENCIA OPERATIVA Y LOGÍSTICA\, AUTOMATIZACIÓN DE PROCESOS\, GESTIÓN DE PROYECTOS Y SEGUIMIENTO DE KPIS EN LA EMPRESA \"ESTUDIO CONTABLE LORENZO RAMIREZ QUINTEROS S.A.C.\"",20250212,20260112,"ESTUDIO CONTABLE LORENZO RAMIREZ QUINTEROS S.A.C","CHORRILLOS","LIMA","LIMA",150108,44900.0000,10260,6840,"SOLES",20260707
"BID 4","DIGITALIZACIÓN EMPRESARIAL - CATEGORÍA 2",2024,"1079-PROINNOVATE-IMTEMDC2-2024","DISEÑO E IMPLEMENTACIÓN DE PLATAFORMA DE E-LEARNING  PARA CURSOS Y PROGRAMAS ENFOCADOS A PROYECTOS DE NEGOCIOS\, CALIDAD\, INNOVACIÓN Y DESARROLLO DE ESTRATEGIAS; E IMPLEMENTACIÓN DE HERRAMIENTAS DE MARKETING DIGITAL PARA EL POSICIONAMIENTO DE LA MARCA QUALPE.",20250319,20260219,"COMERCIALIZADORA QUALPE DEL NORTE S.A.C.","JOSE LEONARDO ORTIZ","CHICLAYO","LAMBAYEQUE",140105,45000.0000,10292,6858,"SOLES",20260707
"BID 4","DIGITALIZACIÓN EMPRESARIAL - CATEGORÍA 2",2024,"1081-PROINNOVATE-IMTEMDC2-2024","POTENCIAMIENTO DE LA PRESENCIA DIGITAL DE NUESTRAS MARCAS A TRAVÉS DEL DESARROLLO DE CONTENIDO PARA NUESTROS CANALES DIGITALES POTENCIADA POR UNA ESTRATEGIA DE MARKETING DIGITAL QUE OPTIMICE EL EL FUNNEL DE VENTAS",20250212,20260112,"PRENDEX SAC","SAN ISIDRO","LIMA","LIMA",150131,45000.0000,10285.71,6857.14,"SOLES",20260707
"BID 4","DIGITALIZACIÓN EMPRESARIAL - CATEGORÍA 2",2024,"1082-PROINNOVATE-IMTEMDC2-2024","IMPLANTACIÓN DE ESTRATEGIA DE TRANSFORMACIÓN DIGITAL QUE CONTENGA UN CANAL DIGITAL DE VENTAS ECOMMERCE\, UNA CAMPAÑA DE MARKETING UTILIZANDO HERRAMIENTAS DE IA Y UN SISTEMA DE GESTIÓN DE VENTAS CLOUD COMPUTING EN COMERCIAL WALTER Y FABIAN KID'S E.I.RL",20250319,20260219,"COMERCIAL WALTER Y FABIANI KID'S E.I.R.L.","SAN NICOLAS","RODRIGUEZ DE MENDOZA","AMAZONAS",010601,44900.0000,10260,6840,"SOLES",20260707
"BID 4","PROGRAMA DE INNOVACIÓN MODERNIZACIÓN TECNOLÓGICA Y EMPRENDIMIENTO - MIPYMES DE CALIDAD - CAMBIO CLIMÁTICO",2024,"1090-PROINNOVATE-IMTEMCCC-2024","CERTIFICACIÓN DEL SISTEMA DE GESTIÓN AMBIENTAL EN LA EMPRESA ALFA NEVADO S.A.C.\, CONTRIBUYENDO A LA MITIGACIÓN DEL CAMBIO CLIMÁTICO MEDIANTE UNA MEJORA DE NUESTROS PROCESOS OPERATIVOS Y LA IDENTIFICACIÓN DE NUESTROS ASPECTOS AMBIENTALES",20250618,20260518,"ALFA NEVADO S.A.C.","CERRO COLORADO","AREQUIPA","AREQUIPA",040104,44999.0000,10286,6857,"SOLES",20260707
"BID 4","DIGITALIZACIÓN EMPRESARIAL - CATEGORÍA 2",2024,"1094-PROINNOVATE-IMTEMDC2-2024","TRANSFORMACIÓN DIGITAL MEDIANTE LA IMPLEMENTACIÓN DE UN ERP AVANZADO MODELO AD HOC PARA LA OPTIMIZACIÓN LOGÍSTICA\, GESTIÓN DE COTIZACIONES Y DE COSTOS EN LA EMPRESA CORPORACION IGG SAC",20250129,20251229,"CORPORACIÓN IGG S.A.C.","TARAPOTO","SAN MARTIN","SAN MARTIN",220901,44900.0000,10260,6840,"SOLES",20260707
"BID 4","VALIDACIÓN DE LA INNOVACIÓN PARA MICROEMPRESAS Y ASOCIACIONES - CAMBIO CLIMÁTICO",2024,"1101-PROINNOVATE-PVECC-2024","VALIDACIÓN Y EMPAQUETAMIENTO DE E-GRASS: PRIMER DISPOSITIVO DEL MUNDO QUE GENERA ELECTRICIDAD DEL GRASS PARA LUMINARIAS.",20250328,20260928,"INNOVACION EN PROCESOS DIGITALES S.A.C.","TRUJILLO","TRUJILLO","LA LIBERTAD",130101,254660.2400,9667.8,69500,"SOLES",20260707
"BID 4","VALIDACIÓN DE LA INNOVACIÓN PARA MICROEMPRESAS Y ASOCIACIONES - CAMBIO CLIMÁTICO",2024,"1102-PROINNOVATE-PVECC-2024","ADAPTACIÓN DEL PROCESO DE CULTIVO DE PITAHAYA CON LA IMPLEMENTACIÓN DE UN SISTEMA DE LUCES LED PARA CONTROLAR (ACELERAR O RETRASAR) EL TIEMPO DE COSECHA DE PITAHAYA IMPULSADOS POR ENERGÍA RENOVABLES CON LA MIGRACIÓN DE ENERGÍA ELÉCTRICA A MIXTA (SOLAR+EÓLICA)",20250129,20260629,"EPIC FARMS S.A.C.","SAN ISIDRO","LIMA","LIMA",150131,350000.0000,105000,245000,"SOLES",20260707
"BID 4","DIGITALIZACIÓN EMPRESARIAL - CATEGORÍA 2",2024,"1106-PROINNOVATE-IMTEMDC2-2024","DESARROLLO DE UNA ESTRATEGIA DIGITAL PARA LA PERSONALIZACIÓN DE CONTENIDOS E HIPERSEGMENTACIÓN DE USUARIOS\, QUE PERMITA OPTIMIZAR EL EMBUDO COMERCIAL DE LA EMPRESA Y MEJORAR LA PRESENCIA DIGITAL DE ISIS SEG EIRL",20250603,20260503,"ISIS SEG E.I.R.L.","BARRANCO","LIMA","LIMA",150104,45000.0000,10287,6857.32,"SOLES",20260707
"BID 4","VALIDACIÓN DE LA INNOVACIÓN PARA MICROEMPRESAS Y ASOCIACIONES",2024,"1108-PROINNOVATE-PVE-2024","VALIDAR Y EMPAQUETAR LA PLATAFORMA \"REBECA\"\, BASADA EN IA PARA ASISTIR Y HACER RECOMENDACIONES PERSONALIZADAS A VIAJEROS\, Y AYUDAR A LOS ALOJAMIENTOS DE CORTA ESTADÍA Y HOTELES DE LAS REGIONES ICA\, LIMA Y CUSCO A CONOCER Y GESTIONAR MEJOR A SUS CLIENTES.",20250129,20260729,"EULER INNOVATIONS S.A.","MIRAFLORES","LIMA","LIMA",150122,364940.6700,136559.33,233800,"SOLES",20260707
"BID 4","DIGITALIZACIÓN EMPRESARIAL - CATEGORÍA 2",2024,"1115-PROINNOVATE-IMTEMDC2-2024","DESARROLLO E IMPLEMENTACIÓN DE UNA PLATAFORMA DIGITAL INTEGRAL PARA LA GESTIÓN DE CLIENTES\, PRODUCTIVIDAD DEL PERSONAL TÉCNICO Y MONITOREO DE RECURSOS OPERATIVOS INVERTIDOS EN LOS PORTAFOLIOS DE PROYECTOS DE LA EMPRESA TOTEM MULTIMEDIA",20250603,20260503,"TOTEM MULTIMEDIA E.I.R.L","TRUJILLO","TRUJILLO","LA LIBERTAD",130101,45000.0000,10285.71,6857.14,"SOLES",20260707
"BID 4","DIGITALIZACIÓN EMPRESARIAL - CATEGORÍA 2",2024,"1116-PROINNOVATE-IMTEMDC2-2024","IMPLEMENTACIÓN DE SISTEMA ERP\, PLATAFORMA E-COMMERCE Y UN CRM PARA OPTIMIZAR LA GESTIÓN DE INVENTARIOS\, IMPULSAR VENTAS EN LÍNEA Y PERSONALIZAR LA ATENCIÓN AL CLIENTE\, FORTALECIENDO LA RENTABILIDAD Y EL SERVICIO DE T & S SAC EN LA MACRO REGIÓN NORTE",20250319,20260219,"T & S REPRESENTACIONES S.A.C.","CHICLAYO","CHICLAYO","LAMBAYEQUE",140101,44970.0000,10278,6852,"SOLES",20260707
"BID 4","PROGRAMA DE INNOVACIÓN MODERNIZACIÓN TECNOLÓGICA Y EMPRENDIMIENTO - MIPYMES DE CALIDAD - CAMBIO CLIMÁTICO",2024,"1118-PROINNOVATE-IMTEMCCC-2024","FORTALECIMIENTO COMERCIAL A TRAVÉS DE LA CERTIFICACIÓN RAINFOREST ALLIANCE DE LA COOPERATIVA AGRARIA SOL DEL NORTE PARA ACCEDER A NUEVOS NICHOS DEL MERCADO INTERNACIONAL DEL CAFÉ",20250127,20260227,"COOPERATIVA AGRARIA EL SOL DEL NORTE","JAEN","JAEN","CAJAMARCA",060801,45000.0000,11428.57,5714.28,"SOLES",20260707
"BID 4","DIGITALIZACIÓN EMPRESARIAL - CATEGORÍA 2",2024,"1126-PROINNOVATE-IMTEMDC2-2024","IMPLEMENTACIÓN DE ESTRATEGIAS AVANZADAS DE MARKETING DIGITAL Y AUTOMATIZACIÓN DEL PROCESO DE COTIZACIÓN ONLINE Y DESPACHO EN FALU SUSTAINABLE COTTON FASHION S.A.C. PARA POTENCIAR LA CAPTACIÓN DE NUEVOS CLIENTES Y ACELERAR LA EXPANSIÓN COMERCIAL",20250221,20260121,"FALU SUSTAINABLE COTTON FASHION S.A.C.","SAN JUAN DE LURIGANCHO","LIMA","LIMA",150132,45000.0000,10285.71,6857.14,"SOLES",20260707
"BID 4","DIGITALIZACIÓN EMPRESARIAL - CATEGORÍA 2",2024,"1128-PROINNOVATE-IMTEMDC2-2024","IMPLEMENTACIÓN E INTEGRACIÓN DE TIENDA VIRTUAL\, CRM Y SISTEMA DE GESTIÓN PRODUCTIVO\, QUE PERMITA EL DESARROLLO DE UNA EXPANSIÓN OPERATIVA Y COMERCIAL IDÓNEA DE PK AGROINDUSTRIAL EIRL",20250205,20260304,"PK AGROINDUSTRIA EIRL","LA PECA","BAGUA","AMAZONAS",010206,45000.0000,10285.71,6857.14,"SOLES",20260707
"BID 4","DIGITALIZACIÓN EMPRESARIAL - CATEGORÍA 2",2024,"1134-PROINNOVATE-IMTEMDC2-2024","IMPLEMENTACION DE UN SISTEMA EN LA NUBE PARA EL CONTROL DE OPERACIONES DE ACON SOFT",20250205,20260105,"ACON SOFT S.A.C","SAN ISIDRO","LIMA","LIMA",150131,45000.0000,10285.72,6857.14,"SOLES",20260707
"BID 4","PROGRAMA DE INNOVACIÓN MODERNIZACIÓN TECNOLÓGICA Y EMPRENDIMIENTO - MIPYMES DE CALIDAD - CAMBIO CLIMÁTICO",2024,"1135-PROINNOVATE-IMTEMCCC-2024","DIAGNOSTICO\, IMPLEMENTACION Y CERTIFICACION DE UN SISTEMA DE GESTION DE CALIDAD ISO 9001:2015 EN LA EMPRESA INSPIRA CREA ESPACIOS S.A.C.",20250212,20260312,"INSPIRA CREA ESPACIOS S.A.C.","SAN MARTIN DE PORRES","LIMA","LIMA",150135,43935.0000,10017,6678,"SOLES",20260707
"BID 4","DIGITALIZACIÓN EMPRESARIAL - CATEGORÍA 2",2024,"1136-PROINNOVATE-IMTEMDC2-2024","DIGITALIZACIÓN INTEGRAL DE PROCESOS EN GRUPO SOTO CONTADORES E.I.R.L.",20250708,20260608,"GRUPO SOTO CONTADORES E.I.R.L.","LIMA","LIMA","LIMA",150101,45000.0000,10285.72,6857.14,"SOLES",20260707
"BID 4","DIGITALIZACIÓN EMPRESARIAL - CATEGORÍA 2",2024,"1137-PROINNOVATE-IMTEMDC2-2024","DESARROLLO DE ESTRATEGIAS DIGITALES PARA LA OPTIMIZACION DE RECURSOS EMPRESARIALES Y REDUCCION DE COSTOS OPERATIVOS EN LA EMPRESA  E QUELLE E.I.R.L. A TRAVES DE UN SOFTWARE ERP",20250205,20260105,"E QUELLE E.I.R.L.","YANAHUARA","AREQUIPA","AREQUIPA",040126,45000.0000,10285.71,6857.14,"SOLES",20260707
"BID 4","DIGITALIZACIÓN EMPRESARIAL - CATEGORÍA 2",2024,"1138-PROINNOVATE-IMTEMDC2-2024","TRANSFORMACIÓN DIGITAL DE CORPORACIÓN DE ALIMENTOS VAPA S.A.C. MEDIANTE UN SISTEMA ERP INTEGRAL Y ESTRATEGIAS DE BRANDING 2.0\, ENFOCADA EN LA OPTIMIZACIÓN DE PROCESOS\, CRECIMIENTO SOSTENIBLE Y FORTALECIMIENTO DEL POSICIONAMIENTO COMPETITIVO EN EL MERCADO.",20250129,20251229,"CORPORACION DE ALIMENTOS VAPA S.A.C.","LA BANDA DE SHILCAYO","SAN MARTIN","SAN MARTIN",220909,44970.0000,10278,6852,"SOLES",20260707
"BID 4","DIGITALIZACIÓN EMPRESARIAL - CATEGORÍA 2",2024,"1142-PROINNOVATE-IMTEMDC2-2024","IMPLEMENTACIÓN DE UNA SOLUCIÓN DIGITAL EN LA EMPRESA INCA PERU TRAVEL TOUR OPERATOR E.I.R.L.  CON EL FIN DE OPTIMIZAR LA EFICIENCIA E INCREMENTAR LA PRODUCTIVIDAD.",20250505,20260405,"INCA PERU TRAVEL TOUR OPERATOR EMPRESA INDIVIDUAL DE RESPONSABILIDAD LIMITADA","SANTIAGO","CUSCO","CUSCO",080106,45000.0000,10285.71,6857.14,"SOLES",20260707
"BID 4","DIGITALIZACIÓN EMPRESARIAL - CATEGORÍA 2",2024,"1143-PROINNOVATE-IMTEMDC2-2024","IMPLEMENTACIÓN DE UNA SOLUCIÓN DIGITAL EN LA EMPRESA TRES PECES SERVICIOS AGROPECUARIOS SAC CON FINES DE MEJORAR LA GESTIÓN DE LA INFORMACIÓN DEL PROCESO OPERATIVO\, ADMINISTRATIVO\, CONTABLE Y FINANCIERO.",20250521,20260421,"TRES PECES SERVICIOS AGROPECUARIOS S.A.C.","CHACHAPOYAS","CHACHAPOYAS","AMAZONAS",010101,45000.0000,10285.71,6857.14,"SOLES",20260707
"BID 4","DIGITALIZACIÓN EMPRESARIAL - CATEGORÍA 2",2024,"1148-PROINNOVATE-IMTEMDC2-2024","IMPLEMENTACIÓN DE UN SOFTWARE ERP 100% WEB PARA LA GESTIÓN INTEGRAL DE VENTAS\, ÓRDENES DE COMPRA\, FACTURACIÓN Y REPORTES DIARIOS EN REPUESTOS ORIGINALES DEL NORTE PARA MEJORAR LA TOMA DE DECISIONES Y LA ESTRATEGIA COMERCIAL",20250221,20260121,"REPUESTOS ORIGINALES DEL NORTE S.A.C.","TRUJILLO","TRUJILLO","LA LIBERTAD",130101,45000.0000,10285.71,6857.14,"SOLES",20260707
"BID 4","DIGITALIZACIÓN EMPRESARIAL - CATEGORÍA 1",2024,"1154-PROINNOVATE-IMTEMDC1-2024","DISEÑO E IMPLEMENTACIÓN DE PLATAFORMA COMERCIAL PARA CAFÉ MOLIDO Y TOSTADO DE ALTA CALIDAD\, SISTEMA INTEGRADO PARA TRAZABILIDAD\, GESTIÓN Y CALIDAD DE CAFÉ DE ESPECIALIDAD POR MICROLOTES DE LOS ASOCIADOS JUNTO CON PLATAFORMA COLABORATIVA PARA PROYECTOS",20250221,20260121,"ASOCIACIÓN DE AGRICULTORES PIRCAPAMPA BROWN COFEE","PISUQUIA","LUYA","AMAZONAS",010514,65000.0000,15500,10270,"SOLES",20260707
"BID 4","DIGITALIZACIÓN EMPRESARIAL - CATEGORÍA 2",2024,"1159-PROINNOVATE-IMTEMDC2-2024","PLATAFORMA INTEGRAL DE DIGITALIZACIÓN Y SOSTENIBILIDAD PARA RESTAURANTES DEL GRUPO ALMAREST",20250205,20260105,"ALMAREST S.A.C.","MIRAFLORES","LIMA","LIMA",150122,45000.0000,10285.72,6857.14,"SOLES",20260707
"BID 4","DIGITALIZACIÓN EMPRESARIAL - CATEGORÍA 2",2024,"1162-PROINNOVATE-IMTEMDC2-2024","DESARROLLO E IMPLEMENTACIÓN DE UNA SOLUCIÓN WEB2PRINT (W2P) PARA ARKOPRINT: INCREMENTO DE LA PRODUCTIVIDAD A TRAVÉS DE LA OPTIMIZACIÓN DE PROCESOS\, LA GESTIÓN EFICIENTE DE VENTAS Y LA MEJORA EN LA EXPERIENCIA DEL CLIENTE DIGITAL.",20250205,20260105,"ARKO PRINT SOLUTIONS E.I.R.L.","PUEBLO LIBRE","LIMA","LIMA",150121,45000.0000,10286,6857,"SOLES",20260707
"BID 4","DIGITALIZACIÓN EMPRESARIAL - CATEGORÍA 2",2024,"1163-PROINNOVATE-IMTEMDC2-2024","DESARROLLO EMPRESARIAL PARA LA EMPRESA SAEB REPRESENTACIONES COMERCIALES S.R.L.A TRAVÉS DE LA IMPLEMENTACIÓN DE UN SISTEMA ERP PARA LA MEJORA DE LA EFICIENCIA EN LOS PROCESOS PRODUCTIVOS Y COMERCIALES",20250411,20260510,"SAEB REPRESENTACIONES COMERCIALES S.R.L.","ALTO SELVA ALEGRE","AREQUIPA","AREQUIPA",040102,45000.0000,10285.71,6857.14,"SOLES",20260707
"BID 4","PROGRAMA DE INNOVACIÓN MODERNIZACIÓN TECNOLÓGICA Y EMPRENDIMIENTO - MIPYMES DE CALIDAD - CAMBIO CLIMÁTICO",2024,"1164-PROINNOVATE-IMTEMCCC-2024","IMPLEMENTACIÓN Y CERTIFICACIÓN DEL SISTEMA DE CALIDAD SEGÚN LA NORMA ISO 9001:2015 EN LA EMPRESA TODO IAGUAS S.A.C. CON ENFOQUE MITIGACION CAMBIO CLIMATICO",20250328,20260428,"TODO IAGUAS S.A.C.","SAN MARTIN DE PORRES","LIMA","LIMA",150135,45000.0000,10285.72,6857.14,"SOLES",20260707
"BID 4","DIGITALIZACIÓN EMPRESARIAL - CATEGORÍA 2",2024,"1165-PROINNOVATE-IMTEMDC2-2024","IMPLEMENTACIÓN DE UN ERP TRANSACCIONAL PARA LOS PROCESOS DE CONSULTORÍA CONTABLE\, ASESORÍA LEGAL\, TRIBUTARIA Y LABORAL EN LA EMPRESA J&M ASESORES",20250218,20260118,"J  M ASESORES EMPRESARIALES SAC","SAN BORJA","LIMA","LIMA",150130,45000.0000,10285.72,6857.14,"SOLES",20260707
"BID 4","DIGITALIZACIÓN EMPRESARIAL - CATEGORÍA 2",2024,"1168-PROINNOVATE-IMTEMDC2-2024","IMPLEMENTACIÓN DE SISTEMA ERP PARA OPTIMIZAR PROCESOS\, UN CRM PARA GESTIÓN AVANZADA DE CLIENTES Y HERRAMIENTAS DE MARKETING DIGITAL PARA INCREMENTAR VISIBILIDAD ONLINE Y MEJORAR LA COMERCIALIZACIÓN DE SISTEMAS DE SEGURIDAD ELECTRÓNICA DE LA EMPRESA A&TEL SAC",20250218,20260118,"ALARMAS & TELECOMUNICACIONES S.A.C.","SAN JUAN DE MIRAFLORES","LIMA","LIMA",150133,44900.0000,10260,6840,"SOLES",20260707
"BID 4","DIGITALIZACIÓN EMPRESARIAL - CATEGORÍA 2",2024,"1169-PROINNOVATE-IMTEMDC2-2024","TRANSFORMACIÓN INTEGRAL DE LA GESTIÓN EMPRESARIAL EN ENERGÍAS RENOVABLES DE CB ENERGÍAS RENOVABLES EIRL MEDIANTE LA INTEGRACIÓN DE UN SOFTWARE MODULAR DE GESTIÓN DE DATOS PARA OPTIMIZACIÓN DE VENTAS\, GESTIÓN DE CLIENTES Y AUTOMATIZACIÓN DE PROCESOS INTERNOS",20250221,20260121,"CB ENERGIAS RENOVABLES E.I.R.L","CHEPEN","CHEPEN","LA LIBERTAD",130401,45000.0000,10285.71,6857.14,"SOLES",20260707
"BID 4","DIGITALIZACIÓN EMPRESARIAL - CATEGORÍA 2",2024,"1176-PROINNOVATE-IMTEMDC2-2024","IMPLEMENTACIÓN DE UNA ESTRATEGIA COMERCIAL DIGITAL EN LA EMPRESA \"RUDRA ELECTRIC BIKES\" PARA POTENCIAR EL POSICIONAMIENTO DE LA MARCA EN EL MERCADO NACIONAL.",20250319,20260219,"RUDRA ELECTRIC BIKES S.R.L. - RUDRA EBIKES","MIRAFLORES","LIMA","LIMA",150122,45000.0000,10720.49,6857.14,"SOLES",20260707
"BID 4","DIGITALIZACIÓN EMPRESARIAL - CATEGORÍA 2",2024,"1180-PROINNOVATE-IMTEMDC2-2024","IMPLEMENTACIÓN DE TECNOLOGÍAS DE LA INFORMACIÓN Y TECNOLOGÍAS DIGITALES PARA INCREMENTAR LA COMPETITIVIDAD Y PRODUCTIVIDAD EN LA EMPRESA GRUPO INMOBILIARIO C.H. S.A.C.",20250212,20260112,"GRUPO INMOBILIARIO C.H. S.A.C.","SANTIAGO DE SURCO","LIMA","LIMA",150140,45000.0000,10289,6856,"SOLES",20260707
"BID 4","DIGITALIZACIÓN EMPRESARIAL - CATEGORÍA 2",2024,"1185-PROINNOVATE-IMTEMDC2-2024","IMPLEMENTACIÓN UN ERP PARA EL SECTOR DE TELECOMUNICACIONES A FIN DE OPTIMIZAR LOS PROCESOS DE VENTA\, GESTIÓN DE CLIENTES\, OPERACIONES E INSTALACIÓN\, COBRANZA Y POST VENTA EN \"ELECTRÓNICA GONZALES EIRL\"; MEJORANDO LA EFICIENCIA OPERACIONAL Y COMERCIAL.",20250212,20260112,"ELECTRONICA GONZALES E.I.R.L.","AYACUCHO","HUAMANGA","AYACUCHO",050101,45000.0000,10286,6857,"SOLES",20260707
"BID 4","PROGRAMA DE INNOVACIÓN MODERNIZACIÓN TECNOLÓGICA Y EMPRENDIMIENTO - MIPYMES DE CALIDAD - CAMBIO CLIMÁTICO",2025,"002-PROINNOVATE-IMTEMCCC-2025","IMPLEMENTACION Y CERTIFICACION DE LA NORMAS DE RAINFOREST ALLIANCE PARA LA MEJORA DE LA COMERCIALIZACION DE CAFE DE LOS SOCIOS DE LA COOPERATIVA AGRARIA DE PRODUCTORES SOSTENIBLES SELVA CENTRAL - CAPS SELVA CENTRAL",20250127,20260227,"COOPERATIVA AGRARIA DE PRODUCTORES SOSTENIBLES SELVA CENTRAL  - CAPS SELVA CENTRAL","PICHANAQUI","CHANCHAMAYO","JUNIN",120303,33000.0000,7200,4800,"SOLES",20260707
"BID 4","DIGITALIZACIÓN EMPRESARIAL - CATEGORÍA 1",2025,"004-PROINNOVATE-IMTEMDC1-2025","DIGITALIZACIÓN Y CENTRALIZACIÓN DE LOS PROCESOS INTERNOS: GESTIÓN PRODUCTIVA\, ALMACÉN\, ADMINISTRATIVO Y VENTAS MEDIANTE LA IMPLEMENTACIÓN DE SOFTWARE PERSONALIZADO QUE PERMITA UN CONTROL DE LA TRAZABILIDAD EN LA ASOCIACIÓN NUEVO HORIZONTE\, CAJAMARCA.",20250221,20260121,"ASOCIACIÓN DE PRODUCTORES AGROPECUARIOS SOLIDARIOS NUEVO HORIZONTE DEL PERÚ","CHIRINOS","SAN IGNACIO","CAJAMARCA",060902,65000.0000,15428.57,10285.71,"SOLES",20260707
"BID 4","DIGITALIZACIÓN EMPRESARIAL - CATEGORÍA 2",2025,"010-PROINNOVATE-IMTEMDC2-2025","OPTIMIZACIÓN INTEGRAL DE PROCESOS EN CONSTRUCCIONES HUANCAS E.I.R.L: IMPLEMENTACIÓN DE ERP Y ESTRATEGIAS AVANZADAS DE MARKETING DIGITAL.",20250520,20260420,"CONSTRUCCIONES HUANCAS E.I.R.L.","JOSE LEONARDO ORTIZ","CHICLAYO","LAMBAYEQUE",140105,44900.0000,10260,6840,"SOLES",20260707
"BID 4","DIGITALIZACIÓN EMPRESARIAL - CATEGORÍA 2",2025,"013-PROINNOVATE-IMTEMDC2-2025","IMPLEMENTACIÓN DE UN SISTEMA ERP CLOUD PARA LA OPTIMIZACIÓN Y CONTROL EN TIEMPO REAL DE LOS PROCESOS DE GESTIÓN DE CARGA Y ALMACENAMIENTO EN LA EMPRESA NAVIERA JULY DORIS E.I.R.L.",20250221,20260320,"NAVIERA JULY DORIS E.I.R.L.","YURIMAGUAS","ALTO AMAZONAS","LORETO",160201,44900.0000,10260,6840,"SOLES",20260707
"BID 4","DIGITALIZACIÓN EMPRESARIAL - CATEGORÍA 2",2025,"015-PROINNOVATE-IMTEMDC2-2025","IMPLEMENTACIÓN DE UNA SOLUCIÓN DE ALMACENAMIENTO CENTRALIZADO NAS EN EL HOTEL CANCÚN\, PARA OPTIMIZAR LA GESTIÓN DE DATOS Y LA SEGURIDAD INFORMÁTICA ENTRE LOS USUARIOS.",20250624,20260723,"EMPRESA DE SERVICIOS DE HOSPEDAJE TERESA DE JESUS EIRL","JAEN","JAEN","CAJAMARCA",060801,45000.0000,10285.71,6857.14,"SOLES",20260707
"BID 4","DIGITALIZACIÓN EMPRESARIAL - CATEGORÍA 2",2025,"020-PROINNOVATE-IMTEMDC2-2025","IMPLEMENTACIÓN DE UNA PLATAFORMA DIGITAL (APLICACIÓN WEB Y MÓVIL) QUE AUTOMATICE Y OPTIMICE LA ASIGNACIÓN DE CONDUCTORES\, EL SEGUIMIENTO EN TIEMPO REAL Y LA GESTIÓN DE PAGOS\, AUMENTANDO ASÍ LA EFICIENCIA OPERATIVA Y COMPETITIVIDAD EN TRANSILVER TOURS",20250407,20260307,"TRANSILVER TOURS S.A.C.","JESUS MARIA","LIMA","LIMA",150113,45000.0000,10285.71,6857.14,"SOLES",20260707
"BID 4","DIGITALIZACIÓN EMPRESARIAL - CATEGORÍA 2",2025,"027-PROINNOVATE-IMTEMDC2-2025","IMPLEMENTACIÓN DE UNA SOLUCIÓN DIGITAL EN LA EMPRESA L105 E.I.R.L CON LA FINALIDAD DE MEJORAR EL POSICIONAMIENTO DE LA MARCA Y LA RENTABILIDAD DEL PRODUCTO.",20250721,20260621,"L105 E.I.R.L","SAN BORJA","LIMA","LIMA",150130,45000.0000,10285.71,6857.14,"SOLES",20260707
"BID 4","DIGITALIZACIÓN EMPRESARIAL - CATEGORÍA 2",2025,"034-PROINNOVATE-IMTEMDC2-2025","FORTALECIMIENTO DE LAS OPERACIONES INTERNAS DE C&C AUDITORES Y CONTADORES A TRAVÉS DE LA IMPLEMENTACIÓN DE UNA SOLUCIÓN DIGITAL CONTABLE INTEGRADA A SUS PROCESOS PARA OBTENER MAYORES CAPACIDADES DE PROCESAMIENTO DE DATOS\, SERVICIOS DE SEGURIDAD CONTABLE .",20250221,20260121,"C & C AUDITORES Y CONTADORES ASOCIADOS SAC","TARAPOTO","SAN MARTIN","SAN MARTIN",220901,45000.0000,10285.8,6857.1,"SOLES",20260707
"BID 4","VALIDACIÓN DE LA INNOVACIÓN PARA MICROEMPRESAS Y ASOCIACIONES",2025,"036-PROINNOVATE-PVE-2025","VALIDACIÓN TÉCNICA\, COMERCIAL Y EMPAQUETAMIENTO DE UN PROCESO DE OZONIZACIÓN DE PRODUCTOS DE AGROEXPORTACIÓN PARA LA MEJORA EN LOS ATRIBUTOS DE CALIDAD DE ÍNDOLE MICROBIOLÓGICO Y COMERCIAL.",20250226,20260826,"BLUE SHARK CONSTRUCCIONES S.A.C.","CHORRILLOS","LIMA","LIMA",150108,189322.0600,59177.94,132512,"SOLES",20260707
"BID 4","DIGITALIZACIÓN EMPRESARIAL - CATEGORÍA 2",2025,"037-PROINNOVATE-IMTEMDC2-2025","IMPLEMENTACIÓN DE UNA SOLUCIÓN DIGITAL PARA POTENCIAR LA EFICIENCIA DEL PROCESO PRODUCTIVO Y COMERCIAL EN LA GESTIÓN DE LA SALUD OCUPACIONAL Y ESTRATEGIAS DE MARKETING 2.0 EN LA EMPRESA CORPORACION MEDICA SAN MARTIN S.A.C.",20250319,20260219,"CORPORACION MEDICA SAN MARTIN SAC","TARAPOTO","SAN MARTIN","SAN MARTIN",220901,44515.0000,10161,6774,"SOLES",20260707
"BID 4","DIGITALIZACIÓN EMPRESARIAL - CATEGORÍA 2",2025,"039-PROINNOVATE-IMTEMDC2-2025","PLATAFORMA INTEGRAL DE ADMINISTRACIÓN Y COMERCIO ELECTRÓNICO PARA FERRETERÍA MULTINEGOCIOS EL SOCOTINO CON GESTIÓN DE INVENTARIO\, FACTURACIÓN\, VENTAS Y ATENCIÓN AL CLIENTE MEDIANTE CHATBOT IA",20250603,20260503,"MULTINEGOCIOS EL SOCOTINO S.A.C.","JOSE LEONARDO ORTIZ","CHICLAYO","LAMBAYEQUE",140105,45000.0000,10286,6857,"SOLES",20260707
"BID 4","DIGITALIZACIÓN EMPRESARIAL - CATEGORÍA 2",2025,"041-PROINNOVATE-IMTEMDC2-2025","IMPLEMENTACIÓN DE UNA SOLUCIÓN DIGITAL EN LA EMPRESA ADN BIOLOGICAL NUTRITION E.I.R.L CON LA FINALIDAD DE MEJORAR LAS VENTAS DE SUPLEMENTOS NUTRICIONALES FABRICADOS CON INSUMOS PERUANOS.",20250628,20260528,"ADN BIOLOGICAL NUTRITION E.I.R.L","MIRAFLORES","LIMA","LIMA",150122,45000.0000,10720.49,6857.14,"SOLES",20260707
"BID 4","DIGITALIZACIÓN EMPRESARIAL - CATEGORÍA 2",2025,"042-PROINNOVATE-IMTEMDC2-2025","IMPLEMENTACIÓN DE UNA SOLUCIÓN DIGITAL EN LA EMPRESA ULIKE S.A.C. CON LA FINALIDAD DE AUMENTAR LAS VENTAS Y FORTALECER LA COMPETITIVIDAD",20250522,20260422,"ULIKE S.A.C.","CHORRILLOS","LIMA","LIMA",150108,45000.0000,10285.71,6857.14,"SOLES",20260707
"BID 4","DESAFÍOS DE INNOVACIÓN EN CADENAS DE VALOR MODALIDAD A - CAMBIO CLIMÁTICO",2025,"043-PROINNOVATE-DICVMACC-2025","DESARROLLO DE UN BIOFERTILIZANTE DE SEGUNDA GENERACIÓN (B2G)\, FORMULADO A BASE DE MICROORGANISMOS NATIVOS\, PARA MEJORAR EL RENDIMIENTO DEL CULTIVO DEL CAFÉ EN LA REGIÓN HUÁNUCO\, BAJO UN ENFOQUE DE ECONOMÍA CIRCULAR.",20250423,20261223,"INSTITUTO TECNOLÓGICO DE LA PRODUCCIÓN","SAN ISIDRO","LIMA","LIMA",150131,549847.0000,0,136200,"SOLES",20260707
"BID 4","DIGITALIZACIÓN EMPRESARIAL - CATEGORÍA 2",2025,"044-PROINNOVATE-IMTEMDC2-2025","IMPLEMENTACIÓN DE UNA SOLUCIÓN DIGITAL EN LA EMPRESA ANGELITOS PETS E.I.R.L. CON LA FINALIDAD DE FORTALECER LOS PROCESOS COMERCIALES.",20250628,20260528,"ANGELITOS PET´S E.I.R.L.","SAN BORJA","LIMA","LIMA",150130,45000.0000,10720.49,6857.14,"SOLES",20260707
"BID 4","DIGITALIZACIÓN EMPRESARIAL - CATEGORÍA 1",2025,"045-PROINNOVATE-IMTEMDC1-2025","DIGITALIZACIÓN Y SISTEMATIZACIÓN INTEGRAL DE PROCESOS PRODUCTIVOS\, COMERCIALES Y DE GESTIÓN DE CAFÉ ESPECIAL\, CON UNA PLATAFORMA DE PROYECTOS PARA LA PLANIFICACIÓN EFICIENTE\, EJECUCIÓN DE ACTIVIDADES\, RENTABILIDAD Y MEJORA EN LA TOMA DE DECISIONES.",20250506,20260406,"ASOCIACION DE PRODUCTORES AGROPECUARIOS FORESTALES Y ECOLOGICOS DE MANGALPA","PISUQUIA","LUYA","AMAZONAS",010514,65000.0000,15500,10280,"SOLES",20260707
"BID 4","DIGITALIZACIÓN EMPRESARIAL - CATEGORÍA 2",2025,"047-PROINNOVATE-IMTEMDC2-2025","IMPLEMENTACIÓN DE UNA PLATAFORMA COMERCIAL CON ESTRATEGIAS DE INBOUND MARKETING Y UN SISTEMA INTEGRAL DE GESTIÓN PARA LA PRODUCCIÓN DE PANELA\, INVENTARIOS\, VENTAS Y CRM  EN AGROINDUSTRIAS COMERCIO & CÍA",20250319,20260219,"AGROINDUSTRIAS COMERCIO & CIA EL GRAN PARATON S.A.C.","JAEN","JAEN","CAJAMARCA",060801,45000.0000,10300,6850,"SOLES",20260707
"BID 4","DIGITALIZACIÓN EMPRESARIAL - CATEGORÍA 2",2025,"048-PROINNOVATE-IMTEMDC2-2025","IMPLEMENTACIÓN DE SISTEMA INTEGRAL DE GESTIÓN Y E-COMMERCE PARA LA OPTIMIZACIÓN DE OPERACIONES EN MULTISERVICIOS CONSTRUCCIONES Y NEGOCIOS R & G E.I.R.L.",20250603,20260503,"MULTISERVICIOS CONSTRUCCIONES Y NEGOCIOS R & G EMPRESA INDIVIDUAL DE RESPONSABILIDAD LIMITADA","HUANCABAMBA","HUANCABAMBA","PIURA",200301,45000.0000,10286,6857,"SOLES",20260707
"BID 4","DIGITALIZACIÓN EMPRESARIAL - CATEGORÍA 2",2025,"050-PROINNOVATE-IMTEMDC2-2025","ESTUDIO DE CONTADORES SILVANA PACHECO HACIA LA DIGITALIZACIÓN EMPRESARIAL COMO FACTOR DE ÉXITO PARA SU DESARROLLO COMPETITIVO A TRAVÉS DE UNA SOLUCIÓN TECNOLÓGICA PARA LA GESTIÓN DE DATOS INTELIGENTE DE SU CARTERA DE CLIENTES.",20250407,20260307,"SILVANA PACHECO CONTADORA EIRL","CORONEL GREGORIO ALBARRACIN LANCHIPA","TACNA","TACNA",230110,45000.0000,10285.72,6857.14,"SOLES",20260707
"BID 4","DIGITALIZACIÓN EMPRESARIAL - CATEGORÍA 2",2025,"055-PROINNOVATE-IMTEMDC2-2025","MEJORA DEL UX DEL SITIO WEB\, APLICACIÓN DE BRANDING\, MARKETING DIGITAL Y DESARROLLO PLATAFORMA VIRTUAL PARA FORTALECIMIENTO DE LA DIGITALIZACIÓN DE LOS PROGRAMAS DE PRE-INCUBACIÓN E INCUBACIÓN DE EMPRENDIMIENTOS.",20250401,20260301,"GRUPO ACCION Y EMPRENDIMIENTO S.A.C","CHICLAYO","CHICLAYO","LAMBAYEQUE",140101,45000.0000,10300,6846,"SOLES",20260707
"BID 4","PROGRAMA DE INNOVACIÓN MODERNIZACIÓN TECNOLÓGICA Y EMPRENDIMIENTO - MIPYMES DE CALIDAD - CAMBIO CLIMÁTICO",2025,"056-PROINNOVATE-IMTEMCCC-2025","IMPLEMENTACIÓN Y CERTIFICACIÓN DE LA NORMA ISO 14001:2015 EN LA EMPRESA C&D CCORAHUA S.R.L. CON EL FIN DE REDUCIR LAS EMISIONES DE GASES DE EFECTO INVERNADERO (GEI).",20250520,20260620,"C&D CCORAHUA S.R.L.","CAYMA","AREQUIPA","AREQUIPA",040103,45000.0000,10286,6857,"SOLES",20260707
"BID 4","PROGRAMA DE INNOVACIÓN MODERNIZACIÓN TECNOLÓGICA Y EMPRENDIMIENTO - MIPYMES DE CALIDAD - CAMBIO CLIMÁTICO",2025,"061-PROINNOVATE-IMTEMCCC-2025","IMPLEMENTACIÓN Y CERTIFICACIÓN DEL SISTEMA DE GESTIÓN AMBIENTAL ISO 14001:2015 PARA LA EMPRESA DE SERVICIOS MÉDICOS OCUPACIONALES CENTRO MEDICO S.A.C. BAJO EL ENFOQUE DE ENERGÍA LIMPIA",20250328,20260428,"CENTRO MEDICO SANTA ANITA SAC","SANTA ANITA","LIMA","LIMA",150137,44830.0000,10242,6828,"SOLES",20260707
"BID 4","DIGITALIZACIÓN EMPRESARIAL - CATEGORÍA 2",2025,"066-PROINNOVATE-IMTEMDC2-2025","IMPLEMENTACIÓN DE UNA SOLUCIÓN DIGITAL EN LA EMPRESA AUTOMATIZACION INDUSTRIAL PERU E.I.R.L. CON LA FINALIDAD DE POTENCIAR LA VENTA Y OPERACIÓN EN EL MERCADO NACIONAL.",20250622,20260522,"AUTOMATIZACION INDUSTRIAL PERU E.I.R.L","SAN JUAN DE MIRAFLORES","LIMA","LIMA",150133,45000.0000,10720.49,6857.14,"SOLES",20260707
"BID 4","DIGITALIZACIÓN EMPRESARIAL - CATEGORÍA 2",2025,"067-PROINNOVATE-IMTEMDC2-2025","DESARROLLO DE UN SISTEMA PARA LA FIDELIZACIÓN DE CLIENTES EN BASE A ACUMULACIÓN DE PUNTOS POR LA COMPRA DE JUEGOS DE MESA POR INTERNET Y POR TIENDA FÍSICA\, QUE INCLUYA EL ENVÍO AUTOMATIZADO DE CORREOS ELECTRÓNICOS PERSONALIZADOS PARA LA EMPRESA GAME CLUB EIRL.",20250624,20260524,"GAME CLUB EIRL","SANTIAGO DE SURCO","LIMA","LIMA",150140,45000.0000,10285.71,6857.14,"SOLES",20260707
"BID 4","DIGITALIZACIÓN EMPRESARIAL - CATEGORÍA 2",2025,"069-PROINNOVATE-IMTEMDC2-2025","DIGITALIZACIÓN DE PROCESOS PRODUCTIVOS Y ADMINISTRATIVOS\, ASÍ COMO EXPERIENCIA COMERCIAL Y MECANISMOS DE MARKETING DENTRO DE CANALES VIRTUALES GESTIONADOS; PARA ADAPTACIÓN OPERATIVA DE PÍO PÍO POLLERÍA\, ESTABLECIMIENTO CON MÁS DE 40 AÑOS DE EXISTENCIA.",20250827,20260727,"SERVICIO GASTRONOMICO VAZSO SAC","SAN JUAN DE MIRAFLORES","LIMA","LIMA",150133,45000.0000,10285.71,6857.14,"SOLES",20260707
"BID 4","DIGITALIZACIÓN EMPRESARIAL - CATEGORÍA 2",2025,"072-PROINNOVATE-IMTEMDC2-2025","IMPLEMENTACIÓN DE ESTRATEGIAS DE ALTO IMPACTO QUE INTEGREN MARKETING DIGITAL PARA IMPULSAR CAPTACIÓN DE CLIENTES\, SOFTWARE PARA OPTIMIZAR LAS OPERACIONES\, SISTEMATIZAR PROCESOS ADMINISTRATIVOS PARA INCREMENTAR EFICIENCIA Y FORTALECER COMPETITIVIDAD DE ETOV SRL",20250328,20260228,"GESTIONES AMBIENTALES-ETOV S.R.L.","CERRO COLORADO","AREQUIPA","AREQUIPA",040104,44900.0000,10260,6840,"SOLES",20260707
"BID 4","PROGRAMA DE INNOVACIÓN MODERNIZACIÓN TECNOLÓGICA Y EMPRENDIMIENTO - MIPYMES DE CALIDAD - CAMBIO CLIMÁTICO",2025,"074-PROINNOVATE-IMTEMCCC-2025","IMPLEMENTACIÓN Y CERTIFICACIÓN ORGÁNICA DEL CAFÉ BAJO NOP-USDA Y CE 889/2008 PARA LAS PARCELAS DE LOS ASOCIADOS DE FINCA QORI CAFÉ CON ENFOQUE EN SOSTENIBILIDAD CLIMÁTICA",20250407,20260507,"ASOCIACIÓN FINCA QORI CAFE","PISUQUIA","LUYA","AMAZONAS",010514,45000.0000,10300,6850,"SOLES",20260707
"BID 4","DIGITALIZACIÓN EMPRESARIAL - CATEGORÍA 2",2025,"076-PROINNOVATE-IMTEMDC2-2025","DESARROLLO DE UNA PLATAFORMA DE COMERCIAL ENTORNO AL BRIEF DEL NEGOCIO E INTEGRAR UN SISTEMA DE GESTIÓN INTEGRAL PARA LA TRAZABILIDAD Y EXPORTACIÓN DE CAFÉ GRANO EN VERDE A EUROPA Y ESTADOS UNIDOS",20250328,20260228,"N & A AGROEXPORT E.I.R.L.","JAEN","JAEN","CAJAMARCA",060801,45000.0000,10290,6856,"SOLES",20260707
"BID 4","PROYECTOS PARA LA ACREDITACIÓN DE ORGANISMOS DE EVALUACIÓN DE LA CONFORMIDAD - OEC",2025,"079-PROINNOVATE-OEC-2025","AMPLIACIÓN DE LA ACREDITACIÓN DE MÉTODOS DE ENSAYO PARA DETERMINAR LA CALIDAD Y CONTAMINANTES MICROBIOLÓGICOS MEDIANTE ENSAYOS QUE PROMUEVAN LA PRODUCCIÓN DE ALIMENTOS INOCUOS ASOCIADOS A DIVERSAS CADENAS PRODUCTIVAS",20250319,20260618,"INSPECCIONES\, CERTIFICACIONES Y LABORATORIOS DEL PERU S.A.C. - INCERLAB PERU S.A.C.","SAN MARTIN DE PORRES","LIMA","LIMA",150135,129928.7600,27354.24,15991.5,"SOLES",20260707
"BID 4","DIGITALIZACIÓN EMPRESARIAL - CATEGORÍA 2",2025,"082-PROINNOVATE-IMTEMDC2-2025","OPTIMIZACION DE HERRAMIENTAS DIGITALES PARA FORTALECIMIENTO DE CAPACIDADES COMERCIALES Y OPERATIVAS DE LA EMPRESA GESTREM",20250512,20260412,"GESTREM IDI CONSULTING S.A.C.","CAYMA","AREQUIPA","AREQUIPA",040103,45000.0000,10285.72,6857.13,"SOLES",20260707
"BID 4","DESAFÍOS DE INNOVACIÓN EN CADENAS DE VALOR MODALIDAD B",2025,"085-PROINNOVATE-DICVMB-2025","BÚSQUEDA E IMPLEMENTACIÓN DE SOLUCIÓN TECNOLÓGICA INNOVADORA\, PARA LA TRANSFORMACIÓN DEL CALZADO DE CUERO USADO Y SU REUTILIZACIÓN COMO INSUMO EN LA INDUSTRIA DEL CALZADO",20250714,20260714,"INSTITUTO TECNOLÓGICO DE LA PRODUCCIÓN","SAN ISIDRO","LIMA","LIMA",150131,532000.0000,0,66600,"SOLES",20260707
"BID 4","VALIDACIÓN DE LA INNOVACIÓN PARA MICROEMPRESAS Y ASOCIACIONES - CAMBIO CLIMÁTICO",2025,"088-PROINNOVATE-PVECC-2025","VALIDACIÓN TÉCNICA-COMERCIAL Y EMPAQUETAMIENTO DE UN PROCESO DE PRODUCCIÓN DE BIOL A PARTIR DE RESIDUOS PESQUEROS BAJO UN NUEVO MODELO DE BIODIGESTORES PARA GENERACIÓN DE FERTILIZANTE ORIENTADO A LA AGROEXPORTACIÓN Y BIOGAS ORIENTADO AL USO DOMÉSTICO SOCIAL.",20250507,20260707,"INGENIERIA\, COMERCIO\, TECNOLOGIA E INDUSTRIAS QORI SAPA E.I.R.L.","JAEN","JAEN","CAJAMARCA",060801,399732.8900,70884.31,150500,"SOLES",20260707
"BID 4","DIGITALIZACIÓN EMPRESARIAL - CATEGORÍA 2",2025,"089-PROINNOVATE-IMTEMDC2-2025","DESARROLLO E IMPLEMENTACIÓN DE UN SISTEMA INTEGRAL PARA MEJORAR LA PRECISIÓN OPERATIVA Y LA EFICIENCIA EN EL PROCESAMIENTO DE TRANSACCIONES Y LA SATISFACCIÓN DEL CLIENTE.",20250527,20260427,"\"MULTIVENTAS EL MILAGRITO CAMINANTE S.A.C\"","JAEN","JAEN","CAJAMARCA",060801,45000.0000,10286,6857,"SOLES",20260707
"BID 4","DESAFIOS PÚBLICOS DE INNOVACIÓN PERÚ",2025,"091-PROINNOVATE-DPIP-2025","SISTEMA DE INNOVACIÓN PARA LA PUESTA EN VALOR DEL PARQUE NACIONAL DEL RIO ABISEO","","","SERVICIO NACIONAL DE AREAS NATURALES PROTEGIDAS POR EL ESTADO - SERNANP","SAN ISIDRO","LIMA","LIMA",150131,0.0000,0,0,"SOLES",20260707
"BID 4","DESAFIOS PÚBLICOS DE INNOVACIÓN PERÚ",2025,"092-PROINNOVATE-DPIP-2025","EQUIPO TÉCNICO \"CUNA MÁS\".","","","PROGRAMA NACIONAL CUNA MAS","SAN ISIDRO","LIMA","LIMA",150131,0.0000,0,0,"SOLES",20260707
"BID 4","DESAFIOS PÚBLICOS DE INNOVACIÓN PERÚ",2025,"093-PROINNOVATE-DPIP-2025","INSTITUTO NACIONAL DE SALUD- MEDICINAS","","","INSTITUTO NACIONAL DE SALUD","CHORRILLOS","LIMA","LIMA",150108,0.0000,0,0,"SOLES",20260707
"BID 4","DESAFIOS PÚBLICOS DE INNOVACIÓN PERÚ",2025,"094-PROINNOVATE-DPIP-2025","ACUINNOVADORES","","","INSTITUTO TECNOLÓGICO DE LA PRODUCCIÓN","SAN ISIDRO","LIMA","LIMA",150131,0.0000,0,0,"SOLES",20260707
"BID 4","DESAFIOS PÚBLICOS DE INNOVACIÓN PERÚ",2025,"095-PROINNOVATE-DPIP-2025","DESARROLLO GANADERO - MIDAGRI","","","MINISTERIO DE DESARROLLO AGRARIO Y RIEGO","JESUS MARIA","LIMA","LIMA",150113,0.0000,0,0,"SOLES",20260707
"BID 4","DESAFIOS PÚBLICOS DE INNOVACIÓN PERÚ",2025,"096-PROINNOVATE-DPIP-2025","CONTENCIÓN EMOCIONAL","","","PROGRAMA NACIONAL DE ENTREGA DE LA PENSIÓN NO CONTRIBUTIVA A PERSONAS CON DISCAPACIDAD SEVERA EN SIT","SAN ISIDRO","LIMA","LIMA",150131,0.0000,0,0,"SOLES",20260707
"BID 4","DESAFIOS PÚBLICOS DE INNOVACIÓN PERÚ",2025,"097-PROINNOVATE-DPIP-2025","JUSTICIA INTERCULTURAL A TU ALCANCE","","","MINISTERIO DE JUSTICIA Y DERECHOS HUMANOS","MIRAFLORES","LIMA","LIMA",150122,0.0000,0,0,"SOLES",20260707
"BID 4","DESAFIOS PÚBLICOS DE INNOVACIÓN PERÚ",2025,"098-PROINNOVATE-DPIP-2025","GESTORES DEL CAMBIO","","","ORGANISMO TÉCNICO DE LA ADMINISTRACIÓN DE LOS SERVICIOS DE SANEAMIENTO-OTASS","SAN ISIDRO","LIMA","LIMA",150131,0.0000,0,0,"SOLES",20260707
"BID 4","DESAFIOS PÚBLICOS DE INNOVACIÓN PERÚ",2025,"099-PROINNOVATE-DPIP-2025","INNOVACIÓN PARA EL TURISMO RURAL","","","MINISTERIO DE COMERCIO EXTERIOR Y TURISMO","SAN ISIDRO","LIMA","LIMA",150131,0.0000,0,0,"SOLES",20260707
"BID 4","DIGITALIZACIÓN EMPRESARIAL - CATEGORÍA 2",2025,"105-PROINNOVATE-IMTEMDC2-2025","IMPLEMENTACION DE UN SISTEMA CRM PARA GESTIONAR RELACIONES CON LOS CLIENTES EN EMPRESA DE INNOVACIÓN TECNOLÓGICA",20250527,20260427,"SOLUCIONES IQ SAC","SURQUILLO","LIMA","LIMA",150141,45000.0000,10285.71,6857.14,"SOLES",20260707
"BID 4","CONCURSO FORTALECIMIENTO ESTRATÉGICO DE CENTROS DE EXTENSIÓN Y TRANSFERENCIA TECNOLÓGICA (CET) - SEGUNDA FASE",2025,"106-PROINNOVATE-CETF2-2025","IMPLEMENTACION DEL PLAN ESTRATEGICO DEL CITEFORESTAL MAYNAS PARA EL FORTALECIMIENTO DE SERVICIOS QUE SE OFRECEN A LAS UNIDADES PRODUCTIVAS DEL SECTOR FORESTAL MADERA EN EL DEPARTAMENTO DE LORETO",20250611,20261211,"INSTITUTO TECNOLÓGICO DE LA PRODUCCIÓN","SAN ISIDRO","LIMA","LIMA",150131,3456000.0000,0,936000,"SOLES",20260707
"BID 4","INCUBADORAS Y ACELERADORAS DE EMPRENDIMIENTOS INNOVADORES EN REGIONES",2025,"107-PROINNOVATE-IEIR-2025","\"INCUBA UNS: IMPULSANDO STARTUPS DE ALTO IMPACTO EN LA COSTA NORTE\"",20250520,20261119,"UNIVERSIDAD NACIONAL DEL SANTA","NUEVO CHIMBOTE","SANTA","ANCASH",021809,673107.2000,85640,36240,"SOLES",20260707
"BID 4","Startup Perú PLUG - Atracción de Emprendedores Extranjeros - CAMBIO CLIMÁTICO",2025,"108-PROINNOVATE-AEECC-2025","NELTUME\, SERVICIO DE MONITOREO FITOSANITARIO Y OPTIMIZACIÓN DE PROTECCIÓN DE CULTIVOS AGRO BASADO EN IOT E IA",20250422,20260422,"NELTUME S.A.C.","SANTIAGO DE SURCO","LIMA","LIMA",150140,151997.0000,21714,43427.7,"SOLES",20260707
"BID 4","Startup Perú PLUG - Atracción de Emprendedores Extranjeros - CAMBIO CLIMÁTICO",2025,"109-PROINNOVATE-AEECC-2025","QUEMPIN\, SOLUCIONES ENERGÉTICAS",20250507,20260507,"QUEMPIN S.A.C.","SAN ISIDRO","LIMA","LIMA",150131,151524.1000,32083.9,33000,"SOLES",20260707
"BID 4","Startup Perú PLUG - Atracción de Emprendedores Extranjeros - CAMBIO CLIMÁTICO",2025,"110-PROINNOVATE-AEECC-2025","RENTENNIALS\, PLATAFORMA DE CARSHARING",20250422,20260422,"RENTENNIALS S.A.C.","SANTIAGO DE SURCO","LIMA","LIMA",150140,149381.7000,32624.69,36000,"SOLES",20260707
"BID 4","INNOVACIÓN EMPRESARIAL PARA MICROEMPRESAS Y ASOCIACIONES",2025,"112-PROINNOVATE-PIMEN-2025","DESARROLLO DE ARES3\, COBOT DE FÁCIL INSTALACIÓN\, CONFIGURACIÓN Y USO\, ACCESIBLE PARA EMPRESAS DEL SECTOR MANUFACTURERO CON PROCESOS QUE REQUIERAN DE HASTA CINCO GRADOS DE LIBERTAD.",20250527,20260527,"BYLOGIC SOLUCIONES INTEGRALES S.A.C.","MIRAFLORES","AREQUIPA","AREQUIPA",040110,180000.0000,18957.5,32700,"SOLES",20260707
"BID 4","Startup Perú PLUG - Atracción de Emprendedores Extranjeros - CAMBIO CLIMÁTICO",2025,"113-PROINNOVATE-AEECC-2025","SOLAR SITE: INFRAESTRUCTURA CARGA ELECTROMOVILIDAD",20250520,20260719,"EHIVE S.A.C.S.","SAN BORJA","LIMA","LIMA",150130,149000.0000,22000,42000,"SOLES",20260707
"BID 4","INCUBADORAS Y ACELERADORAS DE EMPRENDIMIENTOS INNOVADORES EN REGIONES",2025,"115-PROINNOVATE-IEIR-2025","EMPRENDEDORES EN SERIE: POTENCIANDO LA INNOVACIÓN Y EMPRENDIMIENTO EN LA MACRORREGIÓN NORTE.",20250422,20260422,"INNOVATORS LATAM SAC","CHICLAYO","CHICLAYO","LAMBAYEQUE",140101,683606.8000,86100,63600,"SOLES",20260707
"BID 4","INNOVACIÓN EMPRESARIAL PARA MICROEMPRESAS Y ASOCIACIONES",2025,"116-PROINNOVATE-PIMEN-2025","ACLIMATADOR E HIDRATADOR DE OVAS DE TRUCHAS (ONCORHYNCHUS MYKISS) A PARTIR DE UN ENFRIADOR DE RECIRCULACIÓN\, INYECCIÓN DE OXÍGENO LÍQUIDO CON IMPULSIÓN DE ENERGIA FOTOVOLTAICA PARA LA  CORRECTA REINCUBACIÓN DE OVAS REALIZADO POR ASESORIA Y CONSULTORIA ACUICOLA",20250520,20260720,"ASESORIA Y CONSULTORIA ACUICOLA E.I.R.L.","SAN MARTIN DE PORRES","LIMA","LIMA",150135,179549.1700,24717.5,29200,"SOLES",20260707
"BID 4","INNOVACIÓN EMPRESARIAL PARA MICROEMPRESAS Y ASOCIACIONES",2025,"117-PROINNOVATE-PIMEN-2025","DESARROLLO DE UN PROTOTIPO DE BLOQUES DE CONGLOMERADO MADERA CEMENTO (CMC) A PARTIR DE RESIDUOS MADERABLES CON PROPIEDADES OPTIMIZADAS PARA SU USO EN EL SECTOR VIVIENDA",20250422,20260822,"TODO CONCRETO SELVA E.I.R.L.","YARINACOCHA","CORONEL PORTILLO","UCAYALI",250105,180000.0000,16866.67,37740,"SOLES",20260707
"BID 4","INNOVACIÓN EMPRESARIAL PARA MICROEMPRESAS Y ASOCIACIONES",2025,"120-PROINNOVATE-PIMEN-2025","DESARROLLO DE UN PROTOTIPO DE MOBILIARIO READY-TO-ASSEMBLE (RTA) PARA HOGARES JÓVENES CON DISEÑO PARAMÉTRICO Y FABRICACIÓN DIGITAL.",20250512,20260712,"OPEN DESIGN S.A.C","TRUJILLO","TRUJILLO","LA LIBERTAD",130101,179999.0000,31400,88937,"SOLES",20260707
"BID 4","Startup Perú PLUG - Atracción de Emprendedores Extranjeros - CAMBIO CLIMÁTICO",2025,"121-PROINNOVATE-AEECC-2025","REMOTE WATERS: SISTEMAS DE PURIFICACIÓN DE AGUA",20250507,20260706,"REMOTE WATERS PERU S.A.C.","SAN ISIDRO","LIMA","LIMA",150131,152000.0000,21714.29,43428.57,"SOLES",20260707
"BID 4","INNOVACIÓN EMPRESARIAL PARA MICROEMPRESAS Y ASOCIACIONES",2025,"122-PROINNOVATE-PIMEN-2025","DESARROLLO DE UN PROTOTIPO DE CORTE  SEMIAUTOMÁTICO\, GUIADO CON LÁSER SEGÚN LA INFORMACIÓN PROVENIENTE DEL PROCESAMIENTO DE LAS IMÁGENES DIGITALES DE LAS TAPAS DE BOLAINA\, PARA SU OPTIMIZACIÓN EN EL CORTE Y APROVECHAMIENTO SOSTENIBLE",20250512,20260712,"FRESH AMERICA S.A.","PUERTO INCA","PUERTO INCA","HUANUCO",100901,179989.7100,30702.29,89999.5,"SOLES",20260707
"BID 4","INNOVACIÓN EMPRESARIAL PARA MICROEMPRESAS Y ASOCIACIONES - CAMBIO CLIMÁTICO",2025,"123-PROINNOVATE-PIMENCC-2025","CONSTRUIR Y EVALUAR UN PROTOTIPO DE TURBINA HIDROCINÉTICA INSTALADA EN UN RÍO PARA GENERAR ENERGÍA ELÉCTRICA RENOVABLE EN LAS LOCALIDADES AISLADAS NO CONECTADAS A LA RED EN LA CUENCA AMAZÓNICA",20250527,20260926,"ONYX ENERGY SOCIEDAD ANONIMA CERRADA","LINCE","LIMA","LIMA",150116,100000.0000,16950,50000,"SOLES",20260707
"BID 4","INNOVACIÓN EMPRESARIAL PARA MICROEMPRESAS Y ASOCIACIONES",2025,"124-PROINNOVATE-PIMEN-2025","DESARROLLO DE UN SNACK NUTRITIVO COMO FUENTE DE FIBRA VALORIZANDO EL SUBPRODUCTO DE LA INDUSTRIALIZACIÓN DEL CACAO (CASCARILLA) EN LA REGIÓN CAJAMARCA\, PERÚ ELABORADO POR AGROINDUSTRIAS PAQARI E.I.R.L.",20250422,20260822,"AGROINDUSTRIAS PAQARI E.I.R.L.","JAEN","JAEN","CAJAMARCA",060801,175974.6000,42845.4,81150,"SOLES",20260707
"BID 4","VALIDACIÓN DE LA INNOVACIÓN - CAMBIO CLIMÁTICO",2025,"125-PROINNOVATE-PIEC2CC-2025","VALIDACIÓN TÉCNICO-COMERCIAL DE ECO BLOQUES FABRICADOS CON RESIDUOS DE CONCHAS DE ABANICO\, QUE CUMPLAN CON LAS NORMAS E.070 Y E.080 DEL RNE\, PARA SU APLICACIÓN EN CONSTRUCCIONES SOCIALES Y SOSTENIBLES.",20250602,20260602,"EXPERTISSE PLUS CONSULTORES","MIRAFLORES","LIMA","LIMA",150122,266852.5400,48033.46,84600,"SOLES",20260707
"BID 4","INNOVACIÓN EMPRESARIAL PARA MICROEMPRESAS Y ASOCIACIONES",2025,"126-PROINNOVATE-PIMEN-2025","VITALY FORZA CON QUINUA\, PASTILLA DE CHOCOLATE CON HARINA DE QUINUA Y AZÚCAR DE COCO EN SU COMPOSICIÓN\, PARA APORTAR VALORES NUTRICIONALES ELABORADO POR CORPORACION BARBERIS CHOCOLATERIA ARTESANAL S.A.C.",20250422,20260422,"CORPORACION BARBERIS CHOCOLATERIA ARTESANAL S.A.C.","SANTIAGO","CUSCO","CUSCO",080106,99869.3900,29550.11,48996,"SOLES",20260707
"BID 4","INNOVACIÓN EMPRESARIAL PARA MICROEMPRESAS Y ASOCIACIONES",2025,"127-PROINNOVATE-PIMEN-2025","IMPLEMENTACIÓN DE UN SISTEMA DE RECICLAJE BASADO EN LOGÍSTICA INVERSA QUE OPTIMICE LA EFICIENCIA LOGÍSTICA Y LA TASA DE RECOLECCIÓN DE RESIDUOS APROVECHABLES Y PROMUEVA LA SOSTENIBILIDAD\, DENTRO DE LA PLATAFORMA COBOX.",20250708,20260508,"2JS OPERACIONES S.A.C.","SAN LUIS","LIMA","LIMA",150134,100000.0000,21000,50000,"SOLES",20260707
"BID 4","Startup Perú PLUG - Atracción de Emprendedores Extranjeros - CAMBIO CLIMÁTICO",2025,"130-PROINNOVATE-AEECC-2025","ACÚSTICA MARINA\, PROMOVER LA TECNOLOGÍA HIDROACÚSTICA PARA APORTAR A LA SOSTENIBILIDAD OCEÁNICA DEL PERÚ",20250507,20260507,"ACUSTICA MARINA S.A.C.","SANTIAGO DE SURCO","LIMA","LIMA",150140,152000.0000,24378,40770,"SOLES",20260707
"BID 4","INNOVACIÓN EMPRESARIAL PARA MICROEMPRESAS Y ASOCIACIONES - CAMBIO CLIMÁTICO",2025,"131-PROINNOVATE-PIMENCC-2025","MEJORAMIENTO DEL PROCESO PRODUCTIVO PARA EL APROVECHAMIENTO DE REMANENTES DE MADERA COMO RAMAS\, RAÍCES Y PIEZAS CORTAS\, MEDIANTE UN MODELO EFICIENTE\, SOSTENIBLE Y RESPONSABLE\, TRABAJADO CON EMPRENDEDORES LOCALES DE MADRE DE DIOS Y LORETO.",20250512,20260912,"KATAHUA E.I.R.L.","LIMA","LIMA","LIMA",150101,180000.0000,16800.01,38200,"SOLES",20260707
"BID 4","INNOVACIÓN EMPRESARIAL PARA MICROEMPRESAS Y ASOCIACIONES",2025,"132-PROINNOVATE-PIMEN-2025","DESARROLLO DE UN PROTOTIPO DE SENSOR SPR DE BAJO COSTO PARA DETECCIÓN DE UNA MICOTOXINA EN GRANOS DESARROLLADO POR MORAY-TECH SOLUTIONS S.A.C.",20250422,20260722,"MORAY-TECH SOLUTIONS S.A.C.","INDEPENDENCIA","LIMA","LIMA",150112,179999.9900,22503.26,30400,"SOLES",20260707
"BID 4","INNOVACIÓN EMPRESARIAL PARA MICROEMPRESAS Y ASOCIACIONES - CAMBIO CLIMÁTICO",2025,"133-PROINNOVATE-PIMENCC-2025","DESARROLLO DE BIOFLASH PLUS\, CONSORCIO MICROBIANO OBTENIDO A PARTIR DE RESIDUOS DE LA INDUSTRIA ALIMENTARIA CON UNA CONCENTRACIÓN DE 10'8 UFC/ML DE BACTERIAS ACIDO LÁCTICAS\, PARA LA VALORIZACIÓN DE RESIDUOS ORGÁNICOS",20250603,20260803,"C3K WASTE MANAGEMENT CONSULTING SOCIEDAD ANONIMA CERRADA DE BENEFICIO E INTERES COLECTIVO","LA MOLINA","LIMA","LIMA",150114,180000.0000,22557.17,39619.34,"SOLES",20260707
"BID 4","INNOVACIÓN EMPRESARIAL PARA MICROEMPRESAS Y ASOCIACIONES",2025,"134-PROINNOVATE-PIMEN-2025","DESARROLLO DE UNA PLATAFORMA ADAPTATIVA CON INTELIGENCIA ARTIFICIAL\, \"ENTIENDO.AI\"\, QUE PERSONALICE LOS MATERIALES DE ESTUDIO PARA OPTIMIZAR EL APRENDIZAJE Y CONTRIBUYA A LA REDUCCIÓN DE BRECHAS EDUCATIVAS EN ESCOLARES PERUANOS (K12).",20250422,20260822,"XPLAIN ACADEMY S.A.C.","LINCE","LIMA","LIMA",150116,180000.0000,39000,92640,"SOLES",20260707
"BID 4","INNOVACIÓN EMPRESARIAL PARA MICROEMPRESAS Y ASOCIACIONES",2025,"135-PROINNOVATE-PIMEN-2025","DESARROLLO DE UNA NUEVA TÉCNICA DE DESHIDRATADO Y CARAMELIZADO 100% NATURAL DEL MARACUYÁ PERUANO\, PARA LA ELABORACIÓN DE UN LICOR PREMIUM DE PASSION FRUIT.",20250422,20260822,"BF COMPANY PERU S.A.C.","TRUJILLO","TRUJILLO","LA LIBERTAD",130101,179434.2900,45749.91,86709,"SOLES",20260707
"BID 4","INNOVACIÓN EMPRESARIAL PARA MICROEMPRESAS Y ASOCIACIONES - CAMBIO CLIMÁTICO",2025,"136-PROINNOVATE-PIMENCC-2025","DISEÑO Y FABRICACIÓN DE UNA TORRE DE ILUMINACIÓN HÍBRIDA (SOLAR Y EÓLICA) MÓVIL\, QUE REEMPLACE LAS TORRES DE ILUMINACIÓN DIÉSEL EXISTENTES\, REDUCIENDO LA EMISIÓN DE CO2 Y ELIMINANDO EL USO DE DIÉSEL\, FILTROS Y ACEITES EN PROYECTOS MINEROS Y CONSTRUCCIÓN.",20250512,20260912,"GOPOWER S.A.C.","SAN ISIDRO","LIMA","LIMA",150131,180000.0000,19679.49,30240.63,"SOLES",20260707
"BID 4","INNOVACIÓN EMPRESARIAL PARA MICROEMPRESAS Y ASOCIACIONES",2025,"137-PROINNOVATE-PIMEN-2025","PROCESO Y MAQUINARIA DE HIDROLISIS/PROTEOLISIS SIN AGUA PARA PRODUCIR 1) PEPTIDOS CON OMEGA 3 DE ALTA DIGESTIBILIDAD A PARTIR DE PESCADO ENTERO\, Y 2) RECUPERACION DE MERMAS Y DESPERDICIOS HIDROBIOLOGICOS",20250422,20260822,"INGREDIENTS INC PERU S.A.C.","PUENTE PIEDRA","LIMA","LIMA",150125,179978.3800,42996.12,90423.52,"SOLES",20260707
"BID 4","INNOVACIÓN EMPRESARIAL PARA MICROEMPRESAS Y ASOCIACIONES",2025,"138-PROINNOVATE-PIMEN-2025","BLUE BEER ELABORADA POR  WESTMEISTER  BIER",20250422,20260822,"ASOCIACIÓN INDUSTRIAL WESTMEISTER SOCIEDAD ANONIMA CERRADA","VILLA RICA","OXAPAMPA","PASCO",190307,179963.0900,31699.67,89360,"SOLES",20260707
"BID 4","INCUBADORAS Y ACELERADORAS DE EMPRENDIMIENTOS INNOVADORES EN REGIONES",2025,"139-PROINNOVATE-IEIR-2025","PROYECTO PARA EL FORTALECIMIENTO INSTITUCIONAL DEL LABORATORIO DE INCUBACIÓN UNA - PUNO A PARTIR DEL IMPULSO A EMPRENDIMIENTOS INNOVADORES Y SOSTENIBLES DE GRAN IMPACTO ECONÓMICO SOCIAL Y AMBIENTAL\, INCUNA LAB.",20250627,20260627,"UNIVERSIDAD NACIONAL DEL ALTIPLANO PUNO","PUNO","PUNO","PUNO",210101,684990.4900,85668.51,75990,"SOLES",20260707
"BID 4","DESAFÍOS DE INNOVACIÓN EN CADENAS DE VALOR MODALIDAD A - CAMBIO CLIMÁTICO",2025,"140-PROINNOVATE-DICVMACC-2025","DESARROLLO DE UN SISTEMA PRODUCTIVO INNOVADOR PARA APROVECHAR EL LACTOSUERO Y TRATAR LAS AGUAS RESIDUALES INDUSTRIALES EN MIPYMES DEL SECTOR LÁCTEO DE CAJAMARCA\, BAJO UN ENFOQUE DE ECONOMÍA CIRCULAR.",20250512,20261112,"CENTRO ECUMENICO DE PROMOCION Y ACCION SOCIAL NORTE","TRUJILLO","TRUJILLO","LA LIBERTAD",130101,349542.1800,0,18760,"SOLES",20260707
"BID 4","MIPYMES DE CALIDAD PARA LA INDUSTRIA NAVAL",2025,"141-PROINNOVATE-MCIN-2025","CERTIFICACIÓN DE LA NORMA ISO 9001:2015 EN WIN PROJECT PERÚ SAC",20250512,20260612,"WIN PROJECT PERU S.A.C.","VILLA MARIA DEL TRIUNFO","LIMA","LIMA",150143,44500.0000,10285.71,6857.14,"SOLES",20260707
"BID 4","MIPYMES DE CALIDAD PARA LA INDUSTRIA NAVAL",2025,"143-PROINNOVATE-MCIN-2025","IMPLEMENTACIÓN DE ISO 9001:2015 EN LA EMPRESA CARROCES",20250711,20260611,"CORPORACION INDUSTRIAL CES S.A.C.","SAN MIGUEL","LIMA","LIMA",150136,44500.0000,10285.71,6857.14,"SOLES",20260707
"BID 4","MIPYMES DE CALIDAD PARA LA INDUSTRIA NAVAL",2025,"144-PROINNOVATE-MCIN-2025","IMPLEMENTACIÓN Y CERTIFICACIÓN DE LA NORMA IS0 9001:2015 EN LA EMPRESA CELEDONIO JIMENEZ CONTRATISTAS ASOCIADOS SOCIEDAD ANONIMA CERRADA",20250527,20260627,"CELEDONIO JIMENEZ CONTRATISTAS ASOCIADOS SOCIEDAD ANONIMA CERRADA","SAN MARTIN DE PORRES","LIMA","LIMA",150135,44500.0000,10285.72,6857.14,"SOLES",20260707
"BID 4","MIPYMES DE CALIDAD PARA LA INDUSTRIA NAVAL",2025,"145-PROINNOVATE-MCIN-2025","IMPLEMENTACIÓN Y CERTIFICACIÓN DE LA NORMA IS0 9001:2015 EN LA EMPRESA GLOBAL ELECTRIC & SOLAR PANEL'S E.I.R.L. - G.E.S. E.I.R.L.",20250527,20260627,"GLOBAL ELECTRIC & SOLAR PANEL'S E.I.R.L. - G.E.S. E.I.R.L.","LIMA","LIMA","LIMA",150101,44500.0000,10285.72,6857.14,"SOLES",20260707
"BID 4","PROGRAMA DE INNOVACIÓN MODERNIZACIÓN TECNOLÓGICA Y EMPRENDIMIENTO - MIPYMES DE CALIDAD",2025,"146-PROINNOVATE-IMTEMC-2025","IMPLEMENTACION Y CERTIFICACION DE SISTEMA DE GESTIÓN DE CALIDAD BAJO LA NORMA ISO 9001:2015 EN OMARPE",20250624,20260624,"OMARPE TRADING S.A.C.","CALLAO","CALLAO","CALLAO",070101,27997.9000,12199.46,4799.64,"SOLES",20260707
"BID 4","MIPYMES DE CALIDAD PARA LA INDUSTRIA NAVAL",2025,"148-PROINNOVATE-MCIN-2025","IMPLEMENTACIÓN Y CERTIFICACION DE UN SISTEMA INTEGRADO DE GESTIÓN EN BASE A LAS NORMAS ISO 14001 E ISO 45001 EN LOS SERVICIOS DE ATENCION PSICOLOGICA CORPORATIVA DE IDP CONSULTING SAC",20250624,20260624,"PEOPLE DEVELOPMENT & INNOVATION CONSULTING S.A.C.","VILLA EL SALVADOR","LIMA","LIMA",150142,43000.0000,9900,6600,"SOLES",20260707
"BID 4","INNOVACIÓN EMPRESARIAL PARA MICROEMPRESAS Y ASOCIACIONES - CAMBIO CLIMÁTICO",2025,"152-PROINNOVATE-PIMENCC-2025","DESARROLLO DE UNA PLATAFORMA DE GESTIÓN ENERGÉTICA ESTANDARIZADA Y DE BAJO COSTO ORIENTADA A OPTIMIZAR LA EFICIENCIA ENERGÉTICA DE CONSUMIDORES MULTILOCACIÓN (SECTOR MANUFACTURA\, COMERCIAL Y SERVICIOS) DESARROLLADO POR CEEP S.A.C",20250527,20260627,"CEEP S.A.C","YANAHUARA","AREQUIPA","AREQUIPA",040126,178462.7100,35637.29,28175,"SOLES",20260707
"BID 4","PROGRAMA DE INNOVACIÓN MODERNIZACIÓN TECNOLÓGICA Y EMPRENDIMIENTO - MIPYMES DE CALIDAD",2025,"153-PROINNOVATE-IMTEMC-2025","IMPLEMENTACIÓN Y CERTIFICACIÓN DEL SISTEMA DE GESTIÓN DE CALIDAD BASADO EN LA NORMA ISO 9001:2015 EN LA EMPRESA CORPORACIÓN CLASAM E.I.R.L.\, PARA MEJORAR LA CALIDAD DEL SERVICIO Y LLEGAR A NUEVOS CLIENTES",20250520,20260620,"CORPORACION CLASAM EMPRESA INDIVIDUAL DE RESPONSABILIDAD LIMITADA","CALLAO","CALLAO","CALLAO",070101,45000.0000,10285.72,6857.14,"SOLES",20260707
"BID 4","INNOVACIÓN EMPRESARIAL PARA MICROEMPRESAS Y ASOCIACIONES - CAMBIO CLIMÁTICO",2025,"154-PROINNOVATE-PIMENCC-2025","DESARROLLO DE UN PROTOTIPO DE CONTACTOR BIOLÓGICO (RBC) DE MATERIAL PET RECICLADO PARA EL TRATAMIENTO DE LOS EFLUENTES DE REMOJO Y PELAMBRE QUE PERMITA LA DISMINUCIÓN DE CONTAMINANTES\, RECIRCULACIÓN DEL EFLUENTE TRATADO Y REDUCCIÓN DE HUELLA  HÍDRICA",20250512,20260712,"CURTIEMBRE SANTO DOMINGO S.A.C.","LA ESPERANZA","TRUJILLO","LA LIBERTAD",130105,180000.0000,19451.39,28200,"SOLES",20260707
"BID 4","MIPYMES DE CALIDAD PARA LA INDUSTRIA NAVAL",2025,"155-PROINNOVATE-MCIN-2025","IMPLEMENTACIÓN Y CERTIFICACIÓN DEL SISTEMA DE GESTIÓN DE SEGURIDAD Y SALUD EN EL TRABAJO BASADO EN LA NORMA ISO 45001:2018 EN LA EMPRESA INFRAMIN S.R.L.",20250805,20260605,"INFRAMIN INFRAESTRUCTURA MINERIA INGENIERIA SRL INFRAMIN SRL","SAN MARTIN DE PORRES","LIMA","LIMA",150135,44500.0000,10285.71,6857.14,"SOLES",20260707
"BID 4","MIPYMES DE CALIDAD PARA LA INDUSTRIA NAVAL",2025,"156-PROINNOVATE-MCIN-2025","\"CERTIFICACIÓN ISO 45001 - INNOVACIÓN Y SEGURIDAD PARA TERMINALES MARÍTIMOS DE HIDROCARBUROS\"",20250512,20260612,"PROYECTOS DE INGENIERIA ELECTROMECANICA MONTAJE Y CONSTRUCCIONES SOCIEDAD ANONIMA CERRADA","SAN MARTIN DE PORRES","LIMA","LIMA",150135,44500.0000,10286,6857,"SOLES",20260707
"BID 4","INNOVACIÓN EMPRESARIAL PARA MICROEMPRESAS Y ASOCIACIONES - CAMBIO CLIMÁTICO",2025,"158-PROINNOVATE-PIMENCC-2025","DESARROLLO UN BIO BLOQUE PARA CONSTRUCCIÓN QUE REAPROVECHE RESIDUOS TEXTILES PROVENIENTES DEL SECTOR INDUMENTARIAS Y CUMPLA CON LA NORMATIVA VIGENTE.",20250630,20260530,"FORWARD ADVISORS S.A.C.","HUANCHACO","TRUJILLO","LA LIBERTAD",130104,180000.0000,17163.93,26850,"SOLES",20260707
"BID 4","VALIDACIÓN DE LA INNOVACIÓN - CAMBIO CLIMÁTICO",2025,"159-PROINNOVATE-PIEC2CC-2025","VALIDACIÓN TÉCNICA Y COMERCIAL DE UNA LÍNEA DE PRODUCTOS DE LIMPIEZA ECOLÓGICOS CON NANOEMULSIONES BIODEGRADABLES\, DESARROLLADOS A PARTIR DE LOS SUBPRODUCTOS DE SACHA INCHI Y QUINUA\, UTILIZANDO ACEITES RECICLADOS ELABORADO POR NATURA LAB PERU S.A.C.",20250512,20261012,"NATURA LAB PERU S.A.C.","BELLAVISTA","CALLAO","CALLAO",070102,433644.0600,73355.94,129600,"SOLES",20260707
"BID 4","PROGRAMA DE INNOVACIÓN MODERNIZACIÓN TECNOLÓGICA Y EMPRENDIMIENTO - MIPYMES DE CALIDAD",2025,"160-PROINNOVATE-IMTEMC-2025","PROYECTO PARA ESTABLECER\, IMPLEMENTAR\, MANTENER\, MEJORAR Y CERTIFICAR UN SISTEMA DE GESTIÓN DE LA CALIDAD BAJO LOS ESTÁNDARES DE LA NORMA ISO 9001:2015",20250603,20260703,"C&M INDUSTRIAL PERU S.A.C","BREÑA","LIMA","LIMA",150105,45000.0000,10285.71,6857.14,"SOLES",20260707
"BID 4","Startup Perú PLUG - Atracción de Emprendedores Extranjeros - CAMBIO CLIMÁTICO",2025,"161-PROINNOVATE-AEECC-2025","ECOGEN: BIOMONITOREO USANDO ADN AMBIENTAL NGB-EDNA",20250512,20261011,"ECOLOGIA Y GENETICA AMBIENTAL S.A.C.","MIRAFLORES","LIMA","LIMA",150122,152000.0000,21715,43428,"SOLES",20260707
"BID 4","PROGRAMA DE INNOVACIÓN MODERNIZACIÓN TECNOLÓGICA Y EMPRENDIMIENTO - MIPYMES DE CALIDAD",2025,"162-PROINNOVATE-IMTEMC-2025","IMPLEMENTACIÓN Y CERTIFICACIÓN DEL SISTEMA DE GESTIÓN DE CALIDAD\, ISO 9001:2015 PARA CONSULTORA ARQUITECTURA & CIUDAD S.A.C.",20250520,20260620,"CONSULTORA ARQUITECTURA & CIUDAD S.A.C. - CONSULTORA AR & C S.A.C.","SAN BORJA","LIMA","LIMA",150130,39300.0000,8820,5880,"SOLES",20260707
"BID 4","MIPYMES DE CALIDAD PARA LA INDUSTRIA NAVAL",2025,"163-PROINNOVATE-MCIN-2025","IMPLEMENTACIÓN Y CERTIFICACIÓN DEL SISTEMA DE GESTIÓN INTEGRADO SEGÚN ISO 9001:2015\, ISO 14001:2015 E ISO 45001:2018 EN LA EMPRESA SIMCAL S.A.C. PARA ACCEDER AL MERCADO DE LA INDUSTRIA NAVAL.",20250512,20260612,"SIMCAL S.A.C.","LOS OLIVOS","LIMA","LIMA",150117,64500.0000,20027.6,8136,"SOLES",20260707
"BID 4","PROGRAMA DE INNOVACIÓN MODERNIZACIÓN TECNOLÓGICA Y EMPRENDIMIENTO - MIPYMES DE CALIDAD",2025,"164-PROINNOVATE-IMTEMC-2025","IMPLEMENTACIÓN Y CERTIFICACIÓN DEL SISTEMA DE GESTIÓN DE LA SEGURIDAD Y SALUD EN EL TRABAJO ISO 45001:2018 EN CACSI S.R.L",20250527,20260627,"CENTRO DE ASESORIA & CAPACITACION EN SEGURIDAD  INTEGRAL S.R.L-CACSI S.R.L","LIMA","LIMA","LIMA",150101,45000.0000,10336,6864,"SOLES",20260707
"BID 4","PROGRAMA DE INNOVACIÓN MODERNIZACIÓN TECNOLÓGICA Y EMPRENDIMIENTO - MIPYMES DE CALIDAD",2025,"165-PROINNOVATE-IMTEMC-2025","IMPLEMENTACION Y CERTIFICACION ISO 900:2015 PARA MEJORAR LA ATENCION Y GESTION DE LOS REQUISITOS DE LOS CLIENTES DE PROCAL",20250520,20260620,"PROCAL ASESORES Y CONSULTORES S.A.C.","SANTIAGO DE SURCO","LIMA","LIMA",150140,45000.0000,10285.71,6857.14,"SOLES",20260707
"BID 4","MIPYMES DE CALIDAD PARA LA INDUSTRIA NAVAL",2025,"166-PROINNOVATE-MCIN-2025","IMPLEMENTACION Y CERTIFICACION DEL ISO 9001:2015 EN LA EMPRESA NEO TECHNOLOGY PERU E.I.R.L.",20250630,20260630,"NEO TECHNOLOGY PERU E.I.R.L.","LA VICTORIA","LIMA","LIMA",150115,44500.0000,10285.71,6857.14,"SOLES",20260707
"BID 4","MIPYMES DE CALIDAD PARA LA INDUSTRIA NAVAL",2025,"167-PROINNOVATE-MCIN-2025","IMPLEMENTACION Y CERTIFICACION ISO 9001:2015\, ISO 14001:2015\, ISO 45001:2018",20250520,20260620,"CORPORACION LOGISTICA & TRANSPORTE S.A.C.","LIMA","LIMA","LIMA",150101,54500.0000,12857.14,8571.43,"SOLES",20260707
"BID 4","MIPYMES DE CALIDAD PARA LA INDUSTRIA NAVAL",2025,"168-PROINNOVATE-MCIN-2025","IMPLEMENTACIÓN Y CERTIFICACIÓN ISO 45001 PARA BRINDAR SERVICIOS DE DIAGNÓSTICO Y MANTENIMIENTO PREVENTIVO DE MAQUINAS ELECTROMECÁNICAS EN LA INDUSTRIA NAVAL",20250512,20260612,"INGENIERIA\, MANTENIMIENTO Y CALIBRACION SOCIEDAD ANONIMA CERRADA - INGEMCAL S.A.C.","CARABAYLLO","LIMA","LIMA",150106,44245.8600,10220.36,6813.58,"SOLES",20260707
"BID 4","MIPYMES DE CALIDAD PARA LA INDUSTRIA NAVAL",2025,"169-PROINNOVATE-MCIN-2025","CERTIFICACION ISO 9001:2015 CONSULTORA SEITON",20250603,20260703,"GRUPO SEITON S.A.C.","VENTANILLA","CALLAO","CALLAO",070106,32500.0000,7200,4800,"SOLES",20260707
"BID 4","MIPYMES DE CALIDAD PARA LA INDUSTRIA NAVAL",2025,"170-PROINNOVATE-MCIN-2025","IMPLEMENTACIÓN Y CERTIFICACIÓN ISO 9001 DE AGP SEATS E.I.R.L. PARA LA OPTIMIZACIÓN DE PROCESOS DE FABRICACIÓN\, INSTALACIÓN Y MANTENIMIENTO DE ASIENTOS\, RECUBRIMIENTOS DE PROTECCIÓN Y EQUIPAMIENTO COMPLEMENTARIO DE EMBARCACIONES\, VEHÍCULOS LIVIANOS Y PESADOS.",20250624,20260724,"AGP SEATS E.I.R.L.","LURIGANCHO","LIMA","LIMA",150118,39500.0000,9000,6000,"SOLES",20260707
"BID 4","INCUBADORAS Y ACELERADORAS DE EMPRENDIMIENTOS INNOVADORES EN REGIONES",2025,"171-PROINNOVATE-IEIR-2025","FORTALECIMIENTO DE LA INCUBADORA DE EMPRESAS  AMAZONAS START UP DE LA UNIVERSIDAD NACIONAL TORIBIO RODRÍGUEZ DE MENDOZA DE AMAZONAS\, PARA IMPULSAR LA ESCALABILIDAD DE EMPRENDIMIENTOS TECNOLÓGICOS\, INNOVADORES Y SOSTENIBLES\, DINAMIZANDO EL ECOSISTEMA REGIONAL.",20250522,20261121,"UNIVERSIDAD NACIONAL TORIBIO RODRIGUEZ DE MENDOZA DE AMAZONAS","CHACHAPOYAS","CHACHAPOYAS","AMAZONAS",010101,684745.7400,85600,55590,"SOLES",20260707
"BID 4","PROGRAMA DE INNOVACIÓN MODERNIZACIÓN TECNOLÓGICA Y EMPRENDIMIENTO - MIPYMES DE CALIDAD",2025,"172-PROINNOVATE-IMTEMC-2025","\"IMPLEMENTACIÓN Y CERTIFICACIÓN ISO 9001:2015 PARA LA EXCELENCIA EN FSQ GLOBAL SAC\"",20250527,20260527,"TERRA CERT PERU S.A.C.","SANTIAGO DE SURCO","LIMA","LIMA",150140,44530.0000,10164.86,6776.57,"SOLES",20260707
"BID 4","PROGRAMA DE INNOVACIÓN MODERNIZACIÓN TECNOLÓGICA Y EMPRENDIMIENTO - MIPYMES DE CALIDAD",2025,"173-PROINNOVATE-IMTEMC-2025","ANALISIS\, DISEÑO E IMPLEMENTACION DE UN SISTEMA INTEGRADO DE GESTION BAJO LA NORMA ISO 9001 EN LA EMPRESA CMBIO S.A.C.",20250520,20260620,"CMBIO S.A.C.","LIMA","LIMA","LIMA",150101,45000.0000,10286,6857,"SOLES",20260707
"BID 4","PROGRAMA DE INNOVACIÓN MODERNIZACIÓN TECNOLÓGICA Y EMPRENDIMIENTO - MIPYMES DE CALIDAD",2025,"174-PROINNOVATE-IMTEMC-2025","IMPLEMENTACIÓN Y CERTIFICACIÓN DE UN SISTEMA  DE GESTIÓN DE SEGURIDAD DE LA INFORMACIÓN\, BASADO EN LA NORMA ISO 27001 EN LA EMPRESA \"KM CORP S.A.C.\"",20250624,20260724,"KM  CORP  S.A.C.","LINCE","LIMA","LIMA",150116,16520.0000,3000,1980,"SOLES",20260707
"BID 4","MIPYMES DE CALIDAD PARA LA INDUSTRIA NAVAL",2025,"176-PROINNOVATE-MCIN-2025","IMPLEMENTACIÓN Y CERTIFICACIÓN DEL SISTEMA INTEGRADO DE GESTIÓN EN LA EMPRESA EASY PORT S.A.C. BAJO LAS NORMAS ISO 9001\, ISO 14001 E ISO 45001 PARA INCREMENTAR LA PRODUCTIVIDAD EN LA INDUSTRIA NAVAL",20250512,20260612,"EASY PORT S.A.C.","SANTIAGO DE SURCO","LIMA","LIMA",150140,65500.0000,15428.57,10285.71,"SOLES",20260707
"BID 4","PROGRAMA DE INNOVACIÓN MODERNIZACIÓN TECNOLÓGICA Y EMPRENDIMIENTO - MIPYMES DE CALIDAD",2025,"177-PROINNOVATE-IMTEMC-2025","IMPLEMENTAR\, ESTABLECER\, MANTENER\, MEJORAR Y CERTIFICAR UN SISTEMA DE GESTIÓN ANTISOBORNO ISO 37001:2016 EN LA EMPRESA \"GROUP TITANS CARGO S.A.C.\"",20250630,20260730,"GROUP TITANS CARGO SOCIEDAD ANONIMA CERRADA","SAN MARTIN DE PORRES","LIMA","LIMA",150135,45000.0000,10285.71,6857.14,"SOLES",20260707
"BID 4","MIPYMES DE CALIDAD PARA LA INDUSTRIA NAVAL",2025,"178-PROINNOVATE-MCIN-2025","MEJORA DE LA GESTIÓN DE CALIDAD DE PROCESOS\, EN BASE A LA IMPLEMENTACIÓN Y LOGRO DE CERTIFICACIÓN DE LA  ISO 9001:2015\, EN LA EMPRESA \"INDUSTRIA DEL ALAMBRE S.A.C.\"",20250520,20260520,"INDUSTRIA DEL ALAMBRE SAC","AUCALLAMA","HUARAL","LIMA",150604,36500.0000,8228.58,5485.71,"SOLES",20260707
"BID 4","MIPYMES DE CALIDAD PARA LA INDUSTRIA NAVAL",2025,"179-PROINNOVATE-MCIN-2025","IMPLEMENTACIÓN Y CERTIFICACIÓN DE UN SISTEMA DE GESTIÓN DE CALIDAD ISO 9001:2015\, EN LA EMPRESA \"IPE INGENIERIA S.A.C.\"",20250527,20260527,"IPE INGENIERIA S.A.C.","BARRANCO","LIMA","LIMA",150104,42300.0000,9720,6480,"SOLES",20260707
"BID 4","PROGRAMA DE INNOVACIÓN MODERNIZACIÓN TECNOLÓGICA Y EMPRENDIMIENTO - MIPYMES DE CALIDAD",2025,"180-PROINNOVATE-IMTEMC-2025","IMPLEMENTACIÓN Y CERTIFICACIÓN DE UN SISTEMA BINORMA ISO 9001: 2015 - ISO 45001:2018 PARA LA EMPRESA AUSTRAL LOGISTIC S.A.C",20250520,20260620,"AUSTRAL LOGISTIC S.A.C.","SAN MIGUEL","LIMA","LIMA",150136,45000.0000,10285.71,6857.14,"SOLES",20260707
"BID 4","PROGRAMA DE INNOVACIÓN MODERNIZACIÓN TECNOLÓGICA Y EMPRENDIMIENTO - MIPYMES DE CALIDAD",2025,"181-PROINNOVATE-IMTEMC-2025","IMPLEMENTACION Y CERTIFICACION DE UN SISTEMA DE GESTION DE CALIDAD  ISO 9001:2015 EN LA EMPRESA TRANSPORTIME S.A.C",20250527,20260627,"TRANSPORTIME S.A.C.","LOS OLIVOS","LIMA","LIMA",150117,44005.0000,10035,6690,"SOLES",20260707
"BID 4","MIPYMES DE CALIDAD PARA LA INDUSTRIA NAVAL",2025,"182-PROINNOVATE-MCIN-2025","TRANSFORMACIÓN DEL ACERO CON CALIDAD TOTAL Y GESTIÓN SSOMA PARA LA INDUSTRIA\, A TRAVES DE LA IMPLEMENTACIÓN Y LOGRO DE LA CERTIFICACIÓN DE LA NORMA ISO 9001 ISO 14001 E ISO 45001",20250512,20260612,"FIEMSA SAC","ATE","LIMA","LIMA",150103,64500.0000,15428.58,10285.71,"SOLES",20260707
"BID 4","MIPYMES DE CALIDAD PARA LA INDUSTRIA NAVAL",2025,"183-PROINNOVATE-MCIN-2025","IMPLEMENTACION Y CERTIFICACION DE UN SISTEMA DE GESTION DE SEGURIDAD Y SALUD EN EL TRABAJO BASADO EN LA NORMA ISO 45001:2018 EN LA EMPRESA LHM SECURITY SAC",20250512,20260612,"LHM SECURITY SAC","LIMA","LIMA","LIMA",150101,39500.0000,9000,6000,"SOLES",20260707
"BID 4","MIPYMES DE CALIDAD PARA LA INDUSTRIA NAVAL",2025,"184-PROINNOVATE-MCIN-2025","IMPLEMENTACIÓN DEL SISTEMA INTEGRADO DE GESTIÓN EN CALIDAD\, AMBIENTAL\, SEGURIDAD Y SALUD EN EL TRABAJO\, PARA LA EJECUCIÓN DE OBRAS E INFRAESTRUCTURA EN \"GIENAP S.A.C.\".",20250624,20260724,"GIENAP SOCIEDAD ANONIMA CERRADA","CHILCA","HUANCAYO","JUNIN",120107,61200.0000,14580,9720,"SOLES",20260707
"BID 4","PROGRAMA DE INNOVACIÓN MODERNIZACIÓN TECNOLÓGICA Y EMPRENDIMIENTO - MIPYMES DE CALIDAD",2025,"185-PROINNOVATE-IMTEMC-2025","IMPLEMENTACIÓN Y CERTIFICACIÓN DE LA TRINORMA (ISO 9001\, ISO 14001 E ISO 45001) PARA LA FABRICACIÓN DE ESTRUCTURAS METÁLICAS EN LA EMPRESA PRAHERSA SERVICIOS GENERALES SAC",20250512,20260612,"PRAHERSA SERVICIOS GENERALES SOCIEDAD ANONIMA CERRADA","LURIN","LIMA","LIMA",150119,45000.0000,10286,6857,"SOLES",20260707
"BID 4","INNOVACIÓN EMPRESARIAL PARA MICROEMPRESAS Y ASOCIACIONES",2025,"186-PROINNOVATE-PIMEN-2025","FORTIFICACIÓN DE UNA HARINA EXTRUIDA CON HIERRO Y ANTOCIANINAS DE ZEA MAYS L. COMO ALIMENTO FUNCIONAL PARA LA ANEMIA FERROPÉNICA Y FORTALECER LA CADENA PRODUCTIVA DE TOMEPAMPA\, PROVINCIA UNIÓN\, AREQUIPA DESARROLLADO POR AGROEXPORT MARIA ISABEL SOCIEDAD COMERCI",20250520,20260720,"AGROEXPORT MARIA ISABEL SOCIEDAD COMERCIAL DE RESPONSABILIDAD LIMITADA - MIAGROEX S.R.L.","PAUCARPATA","AREQUIPA","AREQUIPA",040112,179930.5100,48399.49,28800,"SOLES",20260707
"BID 4","PROGRAMA DE INNOVACIÓN MODERNIZACIÓN TECNOLÓGICA Y EMPRENDIMIENTO - MIPYMES DE CALIDAD",2025,"187-PROINNOVATE-IMTEMC-2025","IMPLEMENTACIÓN Y CERTIFICACIÓN DEL SISTEMA DE GESTIÓN DE CALIDAD EN BASE A LA NORMA ISO 9001 PARA LA EMPRESA TELECOM POWER SOLUTIONS S.A.C.",20250708,20260708,"TELECOM POWER SOLUTIONS S.A.C.","AREQUIPA","AREQUIPA","AREQUIPA",040101,44450.0000,10151,6760,"SOLES",20260707
"BID 4","MIPYMES DE CALIDAD PARA LA INDUSTRIA NAVAL",2025,"188-PROINNOVATE-MCIN-2025","OBTENCION DE LA CERTIFICACION TRINORMA ISO 45001\, 9001 Y 14001",20250624,20260524,"MAGA CORP EMPRESA INDIVIDUAL DE RESPONSABILIDAD LIMITADA","JOSE LUIS BUSTAMANTE Y RIVERO","AREQUIPA","AREQUIPA",040129,64000.0000,15300,10200,"SOLES",20260707
"BID 4","MIPYMES DE CALIDAD PARA LA INDUSTRIA NAVAL",2025,"190-PROINNOVATE-MCIN-2025","IMPLEMENTACION Y CERTIFICACION AL SISTEMA INTEGRADO DE GESTION TRINORMA ISO 9001\, 14001\, 45001",20250624,20260724,"E & M MUÑOZ CONSTRUCCIONES Y SERVICIOS GENERALES S.A.C. - E & M MUÑOZ CONSTRUCSERG S.A.C.","CAYMA","AREQUIPA","AREQUIPA",040103,64000.0000,15300,10200,"SOLES",20260707
"BID 4","MIPYMES DE CALIDAD PARA LA INDUSTRIA NAVAL",2025,"191-PROINNOVATE-MCIN-2025","IMPLEMENTACIÓN Y CERTIFICACIÓN DEL SISTEMA DE GESTIÓN DE LA CALIDAD ISO 9001:2015 EN LA EMPRESA TECMASER S.A.C PARA INCREMENTAR LA SATISFACCIÓN DE LOS CLIENTES Y MEJORAR EL CONTROL DE LOS PROCESOS PARA LA PRESTACIÓN DE SERVICIOS EN EL SECTOR NAVAL.",20250624,20260524,"TECNICA MATERIALES Y SERVICIOS S.A.C.","CERRO COLORADO","AREQUIPA","AREQUIPA",040104,44500.0000,10286,6857,"SOLES",20260707
"BID 4","INNOVACIÓN EMPRESARIAL PARA MICROEMPRESAS Y ASOCIACIONES",2025,"192-PROINNOVATE-PIMEN-2025","DESARROLLO DE UNA PLATAFORMA DIGITAL PARA LA GESTIÓN EFICIENTE DE COMPRAS CONJUNTAS ORIENTADAS A MIPYMES DEL SECTOR CONSTRUCCIÓN EN LIMA (SUBASTA INVERSA Y NEGOCIACIÓN DIRECTA).",20250603,20261103,"INNOVA PROJECT CONSULTING S.A.C.","MIRAFLORES","LIMA","LIMA",150122,180000.0000,80577.73,42240,"SOLES",20260707
"BID 4","PROGRAMA DE INNOVACIÓN MODERNIZACIÓN TECNOLÓGICA Y EMPRENDIMIENTO - MIPYMES DE CALIDAD",2025,"194-PROINNOVATE-IMTEMC-2025","\"IMPLEMENTACIÓN Y LOGRO DE CERTIFICACIÓN DE LA NORMA DE CALIDAD ISO 9001:2015 EN LA EMPRESA SERGTEC E.I.R.L.\"",20250909,20260709,"SERVICIOS GENERALES Y TECNOLOGICOS EMPRESA INDIVIDUAL DE RESPONSABILIDAD LIMITADA - SERGTEC E.I.R.L.","JOSE LUIS BUSTAMANTE Y RIVERO","AREQUIPA","AREQUIPA",040129,45000.0000,10300,6858,"SOLES",20260707
"BID 4","PROGRAMA DE INNOVACIÓN MODERNIZACIÓN TECNOLÓGICA Y EMPRENDIMIENTO - MIPYMES DE CALIDAD",2025,"195-PROINNOVATE-IMTEMC-2025","\"IMPLEMENTACIÓN Y CERTIFICACIÓN DEL SISTEMA DE GESTIÓN DE CALIDAD EN BASE A LA NORMA ISO 9001:2015 PARA LA EMPRESA CFC GROUP S.A.C.\"",20250805,20260705,"CFC GROUP S.A.C.","AREQUIPA","AREQUIPA","AREQUIPA",040101,45000.0000,10294.85,6848,"SOLES",20260707
"BID 4","PROGRAMA DE INNOVACIÓN MODERNIZACIÓN TECNOLÓGICA Y EMPRENDIMIENTO - MIPYMES DE CALIDAD",2025,"198-PROINNOVATE-IMTEMC-2025","IMPLEMENTACIÓN Y CERTIFICACIÓN DEL SISTEMA DE GESTIÓN DE LA CALIDAD ISO 9001:2015 PARA NEGOCIACIONES IPARRAGUIRRE S.A.C.",20250527,20260627,"NEGOCIACIONES IPARRAGUIRRE S.A.C.","TRUJILLO","TRUJILLO","LA LIBERTAD",130101,42800.0000,9720,6480,"SOLES",20260707
"BID 4","INNOVACIÓN EMPRESARIAL PARA MICROEMPRESAS Y ASOCIACIONES",2025,"200-PROINNOVATE-PIMEN-2025","DESARROLLO DE UN EQUIPO DE ASERRADO PORTÁTIL MULTI HOJA PARA AUMENTAR LA EFICIENCIA OPERATIVA DE LA INDUSTRIA FORESTAL Y REDUCIR EL IMPACTO AMBIENTAL EN LAS CONCESIONES FORESTALES DE LORETO.",20250624,20261224,"FABRICA DE MUEBLES CASAS SOCIEDAD ANONIMA CERRADA","IQUITOS","MAYNAS","LORETO",160101,180000.0000,21244.59,36723.2,"SOLES",20260707
"BID 4","PROGRAMA DE INNOVACIÓN MODERNIZACIÓN TECNOLÓGICA Y EMPRENDIMIENTO - MIPYMES DE CALIDAD",2025,"202-PROINNOVATE-IMTEMC-2025","IMPLEMENTACIÓN Y CERTIFICACIÓN DE LA NORMA ISO 9001:2015 EN LA EMPRESA A&F CONSULTORES Y SERVICIOS AMBIENTALES S.A.C.",20250520,20260620,"A&F CONSULTORES Y SERVICIOS AMBIENTALES S.A.C.","CERRO COLORADO","AREQUIPA","AREQUIPA",040104,45000.0000,10285.71,6857.14,"SOLES",20260707
"BID 4","INNOVACIÓN EMPRESARIAL PARA MICROEMPRESAS Y ASOCIACIONES",2025,"203-PROINNOVATE-PIMEN-2025","DESARROLLO DE LA PLATAFORMA EDUCATIVA ONLINE DE APRENDIZAJE ADAPTATIVO (PERSONALIZADO)\, MOTIVADORA Y SEGURA PARA DOCENTES Y PROFESIONALES “CAPACÍTATEC SMART”\, BASADA EN IA\, GAMIFICACIÓN Y BLOCKCHAIN\, CON CERTIFICACIONES VERIFICABLES Y SEGUNDO RESPALDO LOCAL.",20250520,20260320,"CAPACITA TEC E.I.R.L.","TARAPOTO","SAN MARTIN","SAN MARTIN",220901,174675.4200,32468.58,84215,"SOLES",20260707
"BID 4","PROGRAMA DE INNOVACIÓN MODERNIZACIÓN TECNOLÓGICA Y EMPRENDIMIENTO - MIPYMES DE CALIDAD",2025,"205-PROINNOVATE-IMTEMC-2025","PROYECTO DE IMPLEMENTACIÓN Y CERTIFICACIÓN DE UN SISTEMA BPM BASADO EN LOS ESTANDARES DE CALIDAD Y NORMAS VIGENTES PARA LA EMPRESA ALPANDINA S.A.C.",20250527,20260627,"ALPANDINA S.A.C.","YANAHUARA","AREQUIPA","AREQUIPA",040126,45000.0000,10285.71,6857.14,"SOLES",20260707
"BID 4","PROGRAMA DE INNOVACIÓN MODERNIZACIÓN TECNOLÓGICA Y EMPRENDIMIENTO - MIPYMES DE CALIDAD",2025,"207-PROINNOVATE-IMTEMC-2025","IMPLEMENTACIÓN Y CERTIFICACIÓN DE LAS NORMAS ISO 37001:2016 E ISO 9001:2015 EN LA EMPRESA MEDICSALUD SAC SERVICIOS OCUPACIONALES PARA LA EJECUCIÓN DE LOS SERVICIOS MÉDICOS ASISTENCIALES Y DE SALUD OCUPACIONAL BRINDADOS A LA COMPAÑÍA MINERAPODEROSAS.A.",20250527,20260627,"MEDICSALUD SAC SERVICIOS OCUPACIONALES","TRUJILLO","TRUJILLO","LA LIBERTAD",130101,45000.0000,10286,6857,"SOLES",20260707
"BID 4","MIPYMES DE CALIDAD PARA LA INDUSTRIA NAVAL",2025,"208-PROINNOVATE-MCIN-2025","IMPLEMENTACIÓN Y CERTIFICACIÓN DEL SISTEMA DE GESTIÓN TRINORMA DE UNA EMPRESA DEDICADA A LA FABRICACIÓN DE PINTURAS\, ESMALTES\, DISOLVENTES Y RECUBRIMIENTOS ANTICORROSIVOS PARA LA PROTECCIÓN DE ESTRUCTURAS Y FLOTA EN LA IND. NAVAL",20250603,20260703,"GRUPO CESKAF S.A.C.","ANCON","LIMA","LIMA",150102,64500.0000,15428.6,10285.71,"SOLES",20260707
"BID 4","PROGRAMA DE INNOVACIÓN MODERNIZACIÓN TECNOLÓGICA Y EMPRENDIMIENTO - MIPYMES DE CALIDAD",2025,"210-PROINNOVATE-IMTEMC-2025","IMPLEMENTACIÓN Y CERTIFICACIÓN DEL SISTEMA DE GESTIÓN DE LA CALIDAD\, BASADO EN LA NORMA ISO 9001: 2015\, PARA LA EMPRESA ESCUDOS FISCALES SAC",20250527,20260627,"ESCUDOS FISCALES Y FINANCIEROS S.A.C.","SAN JUAN DE LURIGANCHO","LIMA","LIMA",150132,45000.0000,10285.71,6857.14,"SOLES",20260707
"BID 4","MIPYMES DE CALIDAD PARA LA INDUSTRIA NAVAL",2025,"211-PROINNOVATE-MCIN-2025","IMPLEMENTACIÓN Y CERTIFICACIÓN EN LA NORMA ISO 45001:2018 EN LA EMPRESA JC REFRIGERACIÓN S.A.C.",20250630,20260730,"JC REFRIGERACION S.A.C.","SAN JUAN DE LURIGANCHO","LIMA","LIMA",150132,44500.0000,10285.72,6857.14,"SOLES",20260707
"BID 4","PROGRAMA DE INNOVACIÓN MODERNIZACIÓN TECNOLÓGICA Y EMPRENDIMIENTO - MIPYMES DE CALIDAD",2025,"212-PROINNOVATE-IMTEMC-2025","IMPLEMENTACIÓN Y CERTIFICACIÓN DEL SISTEMA DE GESTIÓN DE CALIDAD\, BASADO EN LA NORMA ISO 9001:2015\, EN LA EMPRESA \"INDUSTRIAS Y CONSTRUCCIONES ARBIZU E.I.R.L.\"",20250520,20260520,"INDUSTRIAS Y CONSTRUCCIONES ARBIZU E.I.R.L.","CARABAYLLO","LIMA","LIMA",150106,45000.0000,10286,6857,"SOLES",20260707
"BID 4","MIPYMES DE CALIDAD PARA LA INDUSTRIA NAVAL",2025,"213-PROINNOVATE-MCIN-2025","IMPLEMENTACIÓN Y CERTIFICACIÓN DE LA NORMA ISO 9001:2015 EN BATALLA DE JUNÍN S.A.C.\, CON EL FIN DE OPTIMIZAR SU DESEMPEÑO OPERATIVO\, ACCEDER A NUEVOS MERCADOS Y FORTALECER SU COMPETITIVIDAD PARA BRINDAR SUS SERVICIOS A LA INDUSTRIA NAVAL",20250527,20260627,"BATALLA DE JUNIN S.A.C.","LURIN","LIMA","LIMA",150119,44500.0000,14400,25600,"SOLES",20260707
"BID 4","MIPYMES DE CALIDAD PARA LA INDUSTRIA NAVAL",2025,"214-PROINNOVATE-MCIN-2025","MEJORA DE PROCESOS Y GESTIÓN DE CALIDAD PARA LA MEJORA INTERNA Y CONFIANZA ANTE LA INDUSTRIA SEGÚN LA IMPLEMENTACIÓN Y LOGRO DE CERTIFICACIÓN DE LA ISO 9001",20250624,20260624,"LP TRANSPORTES  S.A.C.","ATE","LIMA","LIMA",150103,36500.0000,8228.58,5485.71,"SOLES",20260707
"BID 4","PROGRAMA DE INNOVACIÓN MODERNIZACIÓN TECNOLÓGICA Y EMPRENDIMIENTO - MIPYMES DE CALIDAD",2025,"215-PROINNOVATE-IMTEMC-2025","IMPLEMENTACIÓN DE SISTEMA DE GESTIÓN DE CALIDAD ISO 9001:2015 EN LA EMPRESA INSIG S.A.C PARA GARANTIZAR NUESTROS SERVICIOS DE CONSULTORÍA DE SISTEMAS INTEGRADOS DE GESTIÓN A NIVEL NACIONAL.",20250527,20260627,"INSIG S.A.C.","MAGDALENA DEL MAR","LIMA","LIMA",150120,45000.0000,10286,6857,"SOLES",20260707
"BID 4","MIPYMES DE CALIDAD PARA LA INDUSTRIA NAVAL",2025,"219-PROINNOVATE-MCIN-2025","IMPLEMENTACIÓN DE UN SISTEMA INTEGRADO DE GESTIÓN PARA IMPULSAR LA COMPETITIVIDAD Y SOSTENIBILIDAD EN EL SUMINISTRO DE CONCRETO PREMEZCLADO PARA LA INDUSTRIA NAVAL",20250527,20260627,"CONCRETOS FC PERU SOCIEDAD ANONIMA CERRADA","SAN AGUSTIN","HUANCAYO","JUNIN",120129,62950.0000,15030,10020,"SOLES",20260707
"BID 4","MIPYMES DE CALIDAD PARA LA INDUSTRIA NAVAL",2025,"220-PROINNOVATE-MCIN-2025","MEJORA DE LA PRODUCTIVIDAD\, SOSTENIBILIDAD AMBIENTAL Y PREVENCION DE RIESGOS LABORALES EN SERVICIOS DE MANTENIMIENTO ELÉCTRICO Y FABRICACIÓN DE TABLEROS PARA LA INDUSTRIA NAVAL",20250527,20260527,"ELECTRIC  SOLUTIONS & SUPPORT S.A.C.","TARMA","TARMA","JUNIN",120701,60500.0000,14400,9600,"SOLES",20260707
"BID 4","MIPYMES DE CALIDAD PARA LA INDUSTRIA NAVAL",2025,"221-PROINNOVATE-MCIN-2025","DIAGNOSTICO\, IMPLEMENTACION Y CERTIFICACION TRINORMA PARA SERVICIOS DE LIMPIEZA EFICIENTES\, SUSTENTABLES Y SEGUROS PARA LA INDUSTRIA NAVAL",20250527,20260627,"CORPORACION RIO MANTARO SOCIEDAD ANÓNIMA CERRADA - CORP. R. MANT. S.A.C","CHILCA","HUANCAYO","JUNIN",120107,61900.0000,14760,9840,"SOLES",20260707
"BID 4","Startup Perú PLUG - Atracción de Emprendedores Extranjeros - CAMBIO CLIMÁTICO",2025,"222-PROINNOVATE-AEECC-2025","PHOTIO\,  NANOTECNOLOGÍA QUE REPLICA EL PROCESO DE FOTOSÍNTESIS EN PINTURAS\, HORMIGÓN Y ASFALTO",20250527,20260527,"PHOTIO S.A.C.","SANTIAGO DE SURCO","LIMA","LIMA",150140,151504.9500,22555.44,42750,"SOLES",20260707
"BID 4","INNOVACIÓN EMPRESARIAL PARA MICROEMPRESAS Y ASOCIACIONES",2025,"225-PROINNOVATE-PIMEN-2025","DESARROLLO DE UNA PLATAFORMA DE MONITOREO DE PRECIOS CON IA (MACHINE LEARNING Y BIG DATA) QUE ANALIZA GRANDES VOLÚMENES DE DATOS\, IDENTIFICA TENDENCIAS DE MERCADO\, QUE PERMITA A E-COMMERCE DE PRODUCTOS TECNOLÓGICOS EN PERÚ OPTIMIZAR SUS ESTRATEGIAS DE PRECIOS.",20250527,20260727,"COMPY PERU E.I.R.L.","JESUS MARIA","LIMA","LIMA",150113,100000.0000,16668.3,50000,"SOLES",20260707
"BID 4","INNOVACIÓN EMPRESARIAL PARA MICROEMPRESAS Y ASOCIACIONES - CAMBIO CLIMÁTICO",2025,"226-PROINNOVATE-PIMENCC-2025","DESARROLLO DE UN SISTEMA PRODUCTIVO \"CIRCULAR\" PARA LA OPTIMIZACIÓN DE LA TRANSMITANCIA TÉRMICA DE VENTANAS COMERCIALES PARA ZONAS CON ALTITUD MAYOR A LOS 2000 MSNM PARA CUMPLIR NORMATIVA DE CONFORT TÉRMICO Y EFICIENCIA ENERGÉTICA.",20250527,20260927,"CONFORTA PERU S.A.C.","AREQUIPA","AREQUIPA","AREQUIPA",040101,180000.0000,18866.1,38600,"SOLES",20260707
"BID 4","INNOVACIÓN EMPRESARIAL PARA MICROEMPRESAS Y ASOCIACIONES",2025,"228-PROINNOVATE-PIMEN-2025","VALIDACIÓN DEL USO DE BIORREACTORES DE INMERSIÓN TEMPORAL EN LA PROPAGACIÓN CLONAL DE ALTA EFICIENCIA DE PITAHAYA (HYLOCEREUS SP.) COMO ALTERNATIVA A LA PROPAGACIÓN TRADICIONAL.",20250527,20261127,"XPLANT S.A.C.","SAN MIGUEL","LIMA","LIMA",150136,180000.0000,16800,33755.6,"SOLES",20260707
"BID 4","MIPYMES DE CALIDAD PARA LA INDUSTRIA NAVAL",2025,"229-PROINNOVATE-MCIN-2025","IMPLEMENTACIÓN Y CERTIFICACIÓN TRINORMA PARA LA MEJORA INTEGRAL DE LA GESTIÓN EN \"FINANZAS STARTUPS TECNOLOGÍA Y NEGOCIOS S.A.C.\"",20250520,20260620,"FINANZAS STARTUPS TECNOLOGIA Y NEGOCIOS S.A.C.","MAGDALENA DEL MAR","LIMA","LIMA",150120,64500.0000,15504,10296,"SOLES",20260707
"BID 4","INNOVACIÓN EMPRESARIAL PARA MICROEMPRESAS Y ASOCIACIONES",2025,"230-PROINNOVATE-PIMEN-2025","DESARROLLO DE UNA BEBIDA VEGETAL ATOMIZADA DEL SUBPRODUCTO DE LA CASTAÑA AMAZÓNICA (TORTA Y HARINA) EN EL DISTRITO Y PROVINCIA DE TAMBOPATA DEPARTAMENTO MADRE DE DIOS",20250520,20261120,"DE LA ABU SU SECRETO SOCIEDAD COMERCIAL DE RESPONSABILIDAD LIMITADA - DLASS S.R.L.","TAMBOPATA","TAMBOPATA","MADRE DE DIOS",170101,179999.6400,23870.6,22380,"SOLES",20260707
"BID 4","PROGRAMA DE INNOVACIÓN MODERNIZACIÓN TECNOLÓGICA Y EMPRENDIMIENTO - MIPYMES DE CALIDAD",2025,"231-PROINNOVATE-IMTEMC-2025","IMPLEMENTACIÓN DE UN SISTEMA INTEGRADO DE GESTIÓN BASADO EN LA NORMA ISO 9001:2015 PARA INCREMENTAR LA EFICIENCIA EN LOS PROCESOS\, AUMENTAR EL VOLUMEN DE VENTAS Y LA COMPETITIVIDAD DE LA EMPRESA TRANSPORTES OLDIGA S.R.L.",20250630,20260530,"TRANSPORTES OLINDA DIAZ VDA.DE GALLEGOS S.R.L.-OLDIGA S.R.L.","CERRO COLORADO","AREQUIPA","AREQUIPA",040104,45000.0000,10285.71,6857.14,"SOLES",20260707
"BID 4","PROGRAMA DE INNOVACIÓN MODERNIZACIÓN TECNOLÓGICA Y EMPRENDIMIENTO - MIPYMES DE CALIDAD",2025,"232-PROINNOVATE-IMTEMC-2025","IMPLEMENTACIÓN DE UN SISTEMA DE GESTIÓN DE SEGURIDAD Y SALUD OCUPACIONAL SEGÚN LA NORMA ISO 45001 EN LA EMPRESA TRADE SANDDER GROUP S.A.C.",20250527,20260627,"TRADE SANDDER GROUP S.A.C.","CERRO COLORADO","AREQUIPA","AREQUIPA",040104,45000.0000,10285.71,6857.14,"SOLES",20260707
"BID 4","PROGRAMA DE INNOVACIÓN MODERNIZACIÓN TECNOLÓGICA Y EMPRENDIMIENTO - MIPYMES DE CALIDAD",2025,"235-PROINNOVATE-IMTEMC-2025","PROYECTO DE CERTIFICACIÓN DE LA NORMA ISO 9001 EN SAN PABLO ELECTRO & MÁS PARA GARANTIZAR SERVICIOS DE CALIDAD EN MANTENIMIENTO Y REPARACIÓN DE EQUIPOS ELECTRICOS",20250805,20260605,"SAN PABLO ELECTRO & MAS E.I.R.L.","AREQUIPA","AREQUIPA","AREQUIPA",040101,45000.0000,10285.71,6857.14,"SOLES",20260707
"BID 4","PROGRAMA DE INNOVACIÓN MODERNIZACIÓN TECNOLÓGICA Y EMPRENDIMIENTO - MIPYMES DE CALIDAD",2025,"236-PROINNOVATE-IMTEMC-2025","IMPLEMENTACIÓN DE LA CERTIFICACIÓN ISO 9001 EN REVULC\, UNA EMPRESA DE DESARROLLO DE SERVICIOS PARA LA INDUSTRIA MINERA\, BUSCANDO LA INTEGRACIÓN DE CALIDAD",20250624,20260724,"REVULC PERU SOCIEDAD ANONIMA CERRADA - REVULC PERU S.A.C.","CERRO COLORADO","AREQUIPA","AREQUIPA",040104,45000.0000,10285.71,6857.14,"SOLES",20260707
"BID 4","MIPYMES DE CALIDAD PARA LA INDUSTRIA NAVAL",2025,"237-PROINNOVATE-MCIN-2025","IMPLEMENTACIÓN DE LA NORMA ISO 9001:2015 GESTIÓN DE CALIDAD PARA IMPULSAR A LA EMPRESA ORANGE INDISTRIES S.A.C. PARA IMPULSARLA EN LA INDUSTRIA NAVAL",20250603,20260603,"ORANGE INDUSTRIES S.A.C.","SAN JUAN DE LURIGANCHO","LIMA","LIMA",150132,44500.0000,10286,6857,"SOLES",20260707
"BID 4","MIPYMES DE CALIDAD PARA LA INDUSTRIA NAVAL",2025,"238-PROINNOVATE-MCIN-2025","IMPLEMENTACIÓN Y CERTIFICACIÓN DEL SISTEMA DE GESTIÓN AMBIENTAL ISO 14001:2015 EN SERVICENTROS DEL SUR S.A.C. PARA EL FORTALECIMIENTO DE SERVICIOS EN EL SECTOR NAVAL DEL SUR DEL PERÚ",20250624,20260724,"SERVICENTROS DEL SUR S.A.C.","CERRO COLORADO","AREQUIPA","AREQUIPA",040104,44500.0000,10285.71,6857.14,"SOLES",20260707
"BID 4","MIPYMES DE CALIDAD PARA LA INDUSTRIA NAVAL",2025,"239-PROINNOVATE-MCIN-2025","IMPLEMENTACIÓN DE UN SISTEMA INTEGRADO DE GESTIÓN EN BASE A LAS NORMAS ISO 9001\, ISO 14001 E ISO 45001\, EN LA GESTION DE CONSULTORIA AMBIENTAL DE \"HYGEOMIN PERU S.A.C.\"",20250618,20260718,"HYGEOMIN PERU S.A.C.","SAN BORJA","LIMA","LIMA",150130,61550.0000,14670,9780,"SOLES",20260707
"BID 4","PROGRAMA DE INNOVACIÓN MODERNIZACIÓN TECNOLÓGICA Y EMPRENDIMIENTO - MIPYMES DE CALIDAD",2025,"240-PROINNOVATE-IMTEMC-2025","PROPUESTA PARA LA IMPLEMENTACIÓN DE UN SISTEMA DE GESTIÓN DE LA CALIDAD ISO 9001: 2015 PARA LA EMPRESA GOLDEN TOWER CONSTRUCTION SAC",20250527,20260627,"GOLDEN TOWER CONSTRUCTION S.A.C.","LA PERLA","CALLAO","CALLAO",070104,45000.0000,10285.71,6857.14,"SOLES",20260707
"BID 4","PROYECTOS PARA LA ACREDITACIÓN DE ORGANISMOS DE EVALUACIÓN DE LA CONFORMIDAD - OEC",2025,"241-PROINNOVATE-OEC-2025","DIAGNÓSTICO E IMPLEMENTACIÓN DE LA NORMA ISO/IEC 17021-1:2015 PARA ACREDITAR EL SISTEMA DE GESTIÓN DE SEGURIDAD DE LA INFORMACIÓN EN UN ORGANISMO DE CERTIFICACIÓN DE SISTEMAS DE GESTIÓN",20250830,20261030,"PACIFIC CONTROL CERTIFICACIONES S.A.C.","VILLA EL SALVADOR","LIMA","LIMA",150142,84667.0000,18393,9940,"SOLES",20260707
"BID 4","PROGRAMA DE INNOVACIÓN MODERNIZACIÓN TECNOLÓGICA Y EMPRENDIMIENTO - MIPYMES DE CALIDAD",2025,"243-PROINNOVATE-IMTEMC-2025","MITIGACIÓN DE RIESGOS DE SOBORNO Y FORTALECIMIENTO DE LA IMAGEN EMPRESARIAL\, MEDIANTE LA IMPLEMENTACIÓN Y CERTIFICACIÓN DE SISTEMA DE GESTIÓN ANTISOBORNO  ISO 37001:2016",20250630,20260530,"PERU DATA CONSULT E.I.R.L.","HUANCAYO","HUANCAYO","JUNIN",120101,36000.0000,12520,20480,"SOLES",20260707
"BID 4","PROYECTOS PARA LA ACREDITACIÓN DE ORGANISMOS DE EVALUACIÓN DE LA CONFORMIDAD - OEC",2025,"244-PROINNOVATE-OEC-2025","ACREDITACIÓN DE MÉTODOS DE ENSAYO PARA EVALUAR EL NIVEL DE RIESGO OCUPACIONAL POR EXPOSICIÓN A PARTÍCULAS RESPIRABLES E INHALABLES SEGÚN LOS MÉTODOS NIOSH 0600 Y NIOSH 0500",20250624,20260824,"ISOS GROUP ENGINEERS S.A.C.","AREQUIPA","AREQUIPA","AREQUIPA",040101,129994.1800,27335.82,8199.94,"SOLES",20260707
"BID 4","MIPYMES DE CALIDAD PARA LA INDUSTRIA NAVAL",2025,"245-PROINNOVATE-MCIN-2025","CERTIFICACIÓN TRINORMA EN ESCONFORT S.A.C. CON EL FIN DE OPTIMIZAR EL MANTENIMIENTO DE SISTEMAS DE AIRE ACONDICIONADO\, SISTEMAS DE CALEFACCIÓN Y REFRIGERACIÓN PARA GARANTIZAR LA CONSERVACIÓN Y OPERACIÓN SEGURA EN LA INDUSTRIA NAVIERA",20250527,20260627,"ESCONFORT SOCIEDAD ANONIMA CERRADA - ESCONFORT S.A.C.","YANAHUARA","AREQUIPA","AREQUIPA",040126,64000.0000,15300,10200,"SOLES",20260707
"BID 4","PROGRAMA DE INNOVACIÓN MODERNIZACIÓN TECNOLÓGICA Y EMPRENDIMIENTO - MIPYMES DE CALIDAD",2025,"246-PROINNOVATE-IMTEMC-2025","ESTANDARIZACIÓN DE LOS PROCESOS DE LA EMPRESA IMPRENTA PRIMERA\, PERMITIENDO LA MEJORA Y AUMENTO DE LA SATISFACCIÓN DEL CLIENTE\, MEDIANTE LA IMPLEMENTACIÓN DE UN SISTEMA DE GESTIÓN DE LA CALIDAD ISO 9001:2015",20250711,20260611,"IMPRENTA PRIMERA E.I.R.L.","AREQUIPA","AREQUIPA","AREQUIPA",040101,44996.0000,10287,6855,"SOLES",20260707
"BID 4","MIPYMES DE CALIDAD PARA LA INDUSTRIA NAVAL",2025,"247-PROINNOVATE-MCIN-2025","IMPLEMENTACIÓN DE UN SIG BAJO LAS NORMAS ISO EN EBSAN INTERNATIONAL\, PARA LA OPTIMIZACIÓN DE SUS OPERACIONES DE COMERCIALIZACIÓN\, HABILITACIÓN DE DATA CENTERS Y SISTEMAS DE VIDEOVIGILANCIA\, BRINDANDO SOLUCIONES DE TI INTEGRALES A EMPRESAS DEL SECTOR PORTUARIO.",20250708,20260608,"EBSAN INTERNATIONAL SAC","JESUS MARIA","LIMA","LIMA",150113,59500.0000,19800,10200,"SOLES",20260707
"BID 4","INNOVACIÓN EMPRESARIAL PARA MICROEMPRESAS Y ASOCIACIONES - CAMBIO CLIMÁTICO",2025,"248-PROINNOVATE-PIMENCC-2025","\"DESARROLLO DE UN MÓDULO DE POSTCOSECHA AUTOMATIZADO CON LA FINALIDAD DE MEJORAR LA CALIDAD DE CAFÉ HONEY DE LA EMPRESA  ECOAMAZONAS E.I.R.L.\, DISTRITO DE SAN NICOLÁS\, PROVINCIA DE RODRÍGUEZ DE MENDOZA\, DEPARTAMENTO DE AMAZONAS\"",20250603,20261203,"ECOAMAZONAS E.I.R.L.","SAN NICOLAS","RODRIGUEZ DE MENDOZA","AMAZONAS",010601,179874.2900,23893.24,31950,"SOLES",20260707
"BID 4","PROGRAMA DE INNOVACIÓN MODERNIZACIÓN TECNOLÓGICA Y EMPRENDIMIENTO - MIPYMES DE CALIDAD",2025,"249-PROINNOVATE-IMTEMC-2025","DISEÑO E IMPLEMENTACIÓN Y CERTIFICACIÓN DE UN SISTEMA DE GESTIÓN DE CALIDAD BAJO LOS ESTÁNDARES DE LA NORMA INTERNACIONAL ISO 9001:2015 EN LA EMPRESA GLOBAL MECANICA HIDRAULICA PERU S.A.C.",20250725,20260625,"GLOBAL MECANICA HIDRAULICA PERU S.A.C.","PAUCARPATA","AREQUIPA","AREQUIPA",040112,45000.0000,10285.71,6857.14,"SOLES",20260707
"BID 4","PROGRAMA DE INNOVACIÓN MODERNIZACIÓN TECNOLÓGICA Y EMPRENDIMIENTO - MIPYMES DE CALIDAD",2025,"250-PROINNOVATE-IMTEMC-2025","IMPLEMENTACIÓN Y CERTIFICACIÓN DEL SISTEMA DE GESTIÓN DE SEGURIDAD Y SALUD EN EL TRABAJO BASADO EN LA NORMA ISO 45001:2018 EN LA EMPRESA INGENIERIA\, CONSTRUCCION\, SANEAMIENTO Y OPERADORA DE RESIDUOS E.I.R.L.",20250527,20260227,"INGENIERIA\, CONSTRUCCION\, SANEAMIENTO Y OPERADORA DE RESIDUOS EMPRESA INDIVIDUAL DE RESPONSABILIDAD","CHANCHAMAYO","CHANCHAMAYO","JUNIN",120301,45000.0000,10302.85,6840,"SOLES",20260707
"BID 4","MIPYMES DE CALIDAD PARA LA INDUSTRIA NAVAL",2025,"251-PROINNOVATE-MCIN-2025","IMPLEMENTACIÓN DE LA TRINORMA ISO PARA FORTALECER LA FABRICACIÓN DE ESTRUCTURAS METÁLICAS Y SERVICIOS INDUSTRIALES ESENCIALES EN LA EXPANSIÓN DE INSTALACIONES PORTUARIAS",20250708,20260808,"GRUPO A&G REPRESENTACIONES E.I.R.L.","CERRO COLORADO","AREQUIPA","AREQUIPA",040104,63650.0000,15210,10140,"SOLES",20260707
"BID 4","PROGRAMA DE INNOVACIÓN MODERNIZACIÓN TECNOLÓGICA Y EMPRENDIMIENTO - MIPYMES DE CALIDAD",2025,"252-PROINNOVATE-IMTEMC-2025","IMPLEMENTACION Y CERTIFICACION DE LA NORMA INTERNACIONAL ISO 9001:2015\, PARA LA ESTANDARIZACION Y MEJORA DE LOS PROCESOS DE LA EMPRESA ICOSERGE",20250708,20260808,"ICOSERGE INGENIEROS & CONSULTORES E.I.R.L.  -  ICOSERGE E.I.R.L.","CASTILLA","PIURA","PIURA",200104,45000.0000,10285.71,6857.14,"SOLES",20260707
"BID 4","PROGRAMA DE INNOVACIÓN MODERNIZACIÓN TECNOLÓGICA Y EMPRENDIMIENTO - MIPYMES DE CALIDAD",2025,"253-PROINNOVATE-IMTEMC-2025","IMPLEMENTACIÓN DEL SISTEMA DE GESTIÓN DE CALIDAD PARA LA MEJORA DE PRODUCCIÓN Y DISMINUCIÓN DE REPROCESOS.",20250801,20260901,"COMPAÑIA PERUANA NACIONAL TEXTIL S.A.C.","EL TAMBO","HUANCAYO","JUNIN",120114,40700.0000,9180,6120,"SOLES",20260707
"BID 4","PROGRAMA DE INNOVACIÓN MODERNIZACIÓN TECNOLÓGICA Y EMPRENDIMIENTO - MIPYMES DE CALIDAD",2025,"254-PROINNOVATE-IMTEMC-2025","IMPLEMENTACIÓN Y CERTIFICACIÓN DE LA BINORMA ISO 9001:2015 E ISO 37001:2016",20250520,20260620,"MEDI-K S.A.C.","SAN ISIDRO","LIMA","LIMA",150131,45000.0000,10286,6857,"SOLES",20260707
"BID 4","INNOVACIÓN EMPRESARIAL PARA MICROEMPRESAS Y ASOCIACIONES",2025,"256-PROINNOVATE-PIMEN-2025","DESARROLLO DE UN PROTOTIPO DE COLECTOR DE PROPOLEOS PARA EL AUMENTO CUALI-CUANTITATIVO DE PRODUCCIÓN EN COLMENAS DE APIS MELLIFERA L.\, EN LA PROVINCIA DE HUAROCHIRI\, REGIÓN LIMA",20250527,20261127,"PRACTIAGRO PERU S.A.C.","SAN JUAN DE LURIGANCHO","LIMA","LIMA",150132,180000.0000,33415.2,90000,"SOLES",20260707
"BID 4","PROGRAMA DE INNOVACIÓN MODERNIZACIÓN TECNOLÓGICA Y EMPRENDIMIENTO - MIPYMES DE CALIDAD",2025,"257-PROINNOVATE-IMTEMC-2025","IMPLEMENTACIÓN Y CERTIFICACIÓN DEL SISTEMA DE GESTIÓN DE CALIDAD EN BASE A LA NORMA ISO 9001:2015 EN WE CONSULTING S.A.C.",20250624,20260724,"WORLD ENTERPRISE CONSULTING SOCIEDAD ANONIMA CERRADA - WE CONSULTING   S.A.C.","SAN ISIDRO","LIMA","LIMA",150131,45000.0000,10285.72,6857.14,"SOLES",20260707
"BID 4","MIPYMES DE CALIDAD PARA LA INDUSTRIA NAVAL",2025,"258-PROINNOVATE-MCIN-2025","“IMPLEMENTACIÓN Y CERTIFICACIÓN DE UN SISTEMA INTEGRADO DE GESTIÓN BASADO EN LAS NORMAS ISO 9001:2015\, ISO 14001:2015\, ISO 45001:2018 PARA LOS SERVICIOS DE DISEÑO\, FABRICACIÓN\, MONTAJE\, INSTALACIÓN Y MANTENIMIENTO ELECTROMECÁNICO Y CIVIL.”",20250624,20260724,"SERVICIOS Y PROYECTOS ELECTROMECANICOS D Y C  S.R.L.","ILO","ILO","MOQUEGUA",180301,59500.0000,14142.86,9428.57,"SOLES",20260707
"BID 4","PROGRAMA DE INNOVACIÓN MODERNIZACIÓN TECNOLÓGICA Y EMPRENDIMIENTO - MIPYMES DE CALIDAD",2025,"260-PROINNOVATE-IMTEMC-2025","IMPLEMENTACIÓN Y CERTIFICACIÓN DE LA NORMA ISO 9001 EN LA EMPRESA CLEANLUX E.I.R.L.",20250725,20260525,"CLEANLUX E.I.R.L.","AYACUCHO","HUAMANGA","AYACUCHO",050101,41190.0000,9306,6204,"SOLES",20260707
"BID 4","MIPYMES DE CALIDAD PARA LA INDUSTRIA NAVAL",2025,"262-PROINNOVATE-MCIN-2025","IMPLEMENTACIÓN Y CERTIFICACIÓN DEL SISTEMA DE GESTION AMBIENTAL ISO 14001:2015 PARA LA EMPRESA  FA INGENIEROS SAC.",20250603,20260703,"FA INGENIEROS S.A.C.","LOS OLIVOS","LIMA","LIMA",150117,42020.0000,9648,6432,"SOLES",20260707
"BID 4","Startup Perú PLUG - Atracción de Emprendedores Extranjeros - CAMBIO CLIMÁTICO",2025,"263-PROINNOVATE-AEECC-2025","SMART HYDRO: TECNOLOGÍA DE MONITOREO HÍDRICO",20251031,20261031,"SMART HYDRO S.A.C.","CHORRILLOS","LIMA","LIMA",150108,151845.7800,26054.22,44472,"SOLES",20260707
"BID 4","Startup Perú PLUG - Atracción de Emprendedores Extranjeros - CAMBIO CLIMÁTICO",2025,"264-PROINNOVATE-AEECC-2025","COCO: SOFTWARE PARA LA AUTOMATIZACIÓN DE PROCESOS EN SISTEMAS DE SALUD CON MAYOR RENTABILIDAD\, MEJOR EXPERIENCIA PARA LOS PACIENTES Y EFICIENCIA ENERGÉTICA",20250819,20260819,"COCO TECH AI PERU S.A.C.","CHORRILLOS","LIMA","LIMA",150108,144357.6400,28465.12,35477.24,"SOLES",20260707
"BID 4","DESAFÍOS DE INNOVACIÓN EN CADENAS DE VALOR MODALIDAD B",2025,"265-PROINNOVATE-DICVMB-2025","VALIDACIÓN DE VARIEDADES RESISTENTES DE BANANO ANTE LA AMENAZA DE FUSARIUM RAZA 4 TROPICAL\, EN ORGANIZACIONES DE BANANO ORGÁNICO DE LA REGIÓN PIURA.",20250527,20261127,"CENTRO ECUMENICO DE PROMOCION Y ACCION SOCIAL NORTE","TRUJILLO","TRUJILLO","LA LIBERTAD",130101,531100.8300,149976.05,23400,"SOLES",20260707
"BID 4","Startup Perú PLUG - Atracción de Emprendedores Extranjeros - CAMBIO CLIMÁTICO",2025,"268-PROINNOVATE-AEECC-2025","MEDETECHNI: DISPOSITIVOS MÉDICOS PARA CURAR HERIDAS CRÓNICAS Y REDUCIR EL USO EXCESIVO DE INSUMOS CLÍNICOS",20250725,20260725,"MEDETECHNI S.A.C.","CHORRILLOS","LIMA","LIMA",150108,152000.0000,23020,42185,"SOLES",20260707
"BID 4","Startup Perú PLUG - Atracción de Emprendedores Extranjeros - CAMBIO CLIMÁTICO",2025,"269-PROINNOVATE-AEECC-2025","GREEN BRICKS CHILE SPA: CONSTRUCCIÓN SUSTENTABLE",20250708,20260708,"GREEN LAB PERU S.A.C.","SANTIAGO DE SURCO","LIMA","LIMA",150140,138809.0300,21658.97,40000,"SOLES",20260707
"BID 4","PROYECTOS PARA LA ACREDITACIÓN DE ORGANISMOS DE EVALUACIÓN DE LA CONFORMIDAD - OEC",2025,"270-PROINNOVATE-OEC-2025","ACREDITACIÓN DEL LABORATORIO ARBELAB E.I.R.L. EN LOS ENSAYOS PARA LA DETERMINACIÓN DE CYMOXANIL\, DIMETHOMORPH Y GLYPHOSATE EN PLAGUICIDAS DE USO AGRÍCOLA BAJO LOS LINEAMIENTOS DE LA ISO/IEC 17025:2017",20250630,20260830,"ARBELAB E.I.R.L.","CARABAYLLO","LIMA","LIMA",150106,119115.9600,27176.88,13280,"SOLES",20260707
"BID 4","PROYECTOS PARA LA ACREDITACIÓN DE ORGANISMOS DE EVALUACIÓN DE LA CONFORMIDAD - OEC",2025,"271-PROINNOVATE-OEC-2025","AMPLIACIÓN DEL ALCANCE EN MÉTODOS DE ENSAYOS ACREDITADOS PARA MEJORAR EL CONTROL DE CALIDAD EN SUELOS Y CONCRETO EN EL NORTE DEL PERÚ",20250630,20260830,"GEOMECANICA VIAL S.R.L.","PARIÑAS","TALARA","PIURA",200701,75059.3200,19410.68,9200,"SOLES",20260707
"BID 4","MIPYMES DE CALIDAD PARA LA INDUSTRIA NAVAL",2025,"274-PROINNOVATE-MCIN-2025","IMPLEMENTACIÓN Y CERTIFICACIÓN DE LA NORMA ISO 9001 PARA LA EMPRESA CUNIPER",20250624,20260724,"COMPAÑIA UNIVERSAL DE PERNOS S.A.C.","SAN JUAN DE LURIGANCHO","LIMA","LIMA",150132,39490.0000,9000,6000,"SOLES",20260707
"BID 4","INNOVACIÓN EMPRESARIAL PARA MICROEMPRESAS Y ASOCIACIONES - CAMBIO CLIMÁTICO",2025,"276-PROINNOVATE-PIMENCC-2025","DESARROLLO DE EQUIPOS ENERGIZADOS CON PANELES FOTOVOLTAICOS PARA LA ELABORACIÓN DE FERTILIZANTES ORGÁNICOS A PARTIR DE RESIDUOS DE CONCHA DE ABANICO EN LA EMPRESA AQUA SOLUCIONES DEL PACIFICO SAC UBICADOS EN LA CIUDAD DE SAMANCO\, ANCASH.",20250624,20260824,"AQUA SOLUCIONES DEL PACIFICO S.A.C.","MIRAFLORES","LIMA","LIMA",150122,180000.0000,77515.36,76168.6,"SOLES",20260707
"BID 4","MIPYMES DE CALIDAD PARA LA INDUSTRIA NAVAL",2025,"277-PROINNOVATE-MCIN-2025","IMPLEMENTACIÓN DEL SISTEMA DE GESTIÓN DE SEGURIDAD ISO 45001: 2018 PARA LA EMPRESA CORPORACIÓN FASECOR INGENIEROS CONTRATISTAS GENERALES SAC.",20250708,20260808,"CORPORACION FASECOR INGENIEROS CONTRATISTAS GENERALES S.A.C. - FASECOR INGENIEROS CONTRATISTAS GENER","CHIMBOTE","SANTA","ANCASH",021801,44498.0000,10285.2,6856.8,"SOLES",20260707
"BID 4","VALIDACIÓN DE LA INNOVACIÓN - CAMBIO CLIMÁTICO",2025,"278-PROINNOVATE-PIEC2CC-2025","VALIDACIÓN TÉCNICA COMERCIAL DE UN CULTIVO MARINO DE CONCHA PERLERA (PTERIA STERNA) USANDO ARRECIFES ARTIFICIALES PARA LA PRODUCCIÓN DE PERLAS EN CABO BLANCO PIURA",20250624,20260824,"AGROMAR DEL PACIFICO S.A","SAN ISIDRO","LIMA","LIMA",150131,282010.1900,0,87000,"SOLES",20260707
"BID 4","PROGRAMA DE INNOVACIÓN MODERNIZACIÓN TECNOLÓGICA Y EMPRENDIMIENTO - MIPYMES DE CALIDAD",2025,"279-PROINNOVATE-IMTEMC-2025","?IMPLEMENTACIÓN Y CERTIFICACIÓN DEL SISTEMA INTEGRADO DE GESTIÓN SEGÚN LAS NORMAS ISO 9001:2015 E ISO 45001:2018 EN LOS SERVICIOS DE SALUD OCUPACIONAL DE LA EMPRESA MEDIC SALUD SRL?",20250708,20260808,"INVERSIONES MEDICSALUD SERVICIOS MEDICOS OCUPACIONALES S.R.L.","TRUJILLO","TRUJILLO","LA LIBERTAD",130101,45000.0000,10286,6857,"SOLES",20260707
"BID 4","PROGRAMA DE INNOVACIÓN MODERNIZACIÓN TECNOLÓGICA Y EMPRENDIMIENTO - MIPYMES DE CALIDAD",2025,"280-PROINNOVATE-IMTEMC-2025","IMPLEMENTACIÓN Y CERTIFICACIÓN DE ISO 14001 EN TRANSPORTE DE LÍQUIDOS \, GASES Y OTROS\, HACIA UNA RUTA SOSTENIBLE",20250624,20260724,"MANTARO GLOBAL FREINGHT TRANSPORT S.A.C. - MANTARO TRANSPORT S.A.C.","SAN LUIS","LIMA","LIMA",150134,45000.0000,10285.71,6857.14,"SOLES",20260707
"BID 4","PROGRAMA DE INNOVACIÓN MODERNIZACIÓN TECNOLÓGICA Y EMPRENDIMIENTO - MIPYMES DE CALIDAD",2025,"281-PROINNOVATE-IMTEMC-2025","IMPLEMENTACIÓN DE UN SISTEMA DE GESTIÓN DE LA CALIDAD (SGC) EN BASE A ISO 9001:2015 EN LA EMPRESA J & C TECNOLOGIA Y CAPACITACIÓN E.I.R.L.",20250725,20260825,"J & C TECNOLOGIA Y CAPACITACIÓN E.I.R.L.","CASTILLA","PIURA","PIURA",200104,45000.0000,10285.72,6857.14,"SOLES",20260707
"BID 4","MIPYMES DE CALIDAD PARA LA INDUSTRIA NAVAL",2025,"283-PROINNOVATE-MCIN-2025","IMPLEMENTACIÓN Y CERTIFICACIÓN DE LA TRINORMA (ISO 9001:2015\, ISO 14001:2015 E ISO 45001:2018) PARA MEJORAR LA PRODUCTIVIDAD DE LA EMPRESA \"GRUPO NC SRL\"",20250708,20260808,"GRUPO NC S.R.L.","LAREDO","TRUJILLO","LA LIBERTAD",130106,65500.0000,15428.57,10285.71,"SOLES",20260707
"BID 4","MIPYMES DE CALIDAD PARA LA INDUSTRIA NAVAL",2025,"285-PROINNOVATE-MCIN-2025","IMPLEMENTACIÓN DE LA NORMA ISO 9001:2015 PARA LA MEJORA DE PROCESOS DE OCEAN POLLUTION CONTROL EN LA INDUSTRIA MARITIMA EN EL SUR DEL PAÍS",20250724,20260724,"OCEAN POLLUTION CONTROL S.A. SUCURSAL DEL PERU","MIRAFLORES","LIMA","LIMA",150122,44500.0000,10285.71,6857.14,"SOLES",20260707
"BID 4","PROYECTOS PARA LA ACREDITACIÓN DE ORGANISMOS DE EVALUACIÓN DE LA CONFORMIDAD - OEC",2025,"287-PROINNOVATE-OEC-2025","AMPLIACIÓN DE LA ACREDITACIÓN DE MÉTODOS DE ENSAYO PARA PLAGUICIDAS DE USO AGRÍCOLA EN LABORATORIO SOMALAB",20250725,20260925,"SOMALAB SOCIEDAD ANONIMA CERRADA","SAN JUAN DE LURIGANCHO","LIMA","LIMA",150132,125779.6600,29620.34,14820,"SOLES",20260707
"BID 4","MIPYMES DE CALIDAD PARA LA INDUSTRIA NAVAL",2025,"290-PROINNOVATE-MCIN-2025","ESTABLECER\, IMPLEMENTAR\, MANTENER Y MEJORAR CONTINUAMENTE UN SISTEMA DE GESTIÓN INTEGRADO ISO 9001:2015\, ISO 14001:2015 E ISO 45001:2018 EN CMA",20250711,20260811,"CMA OPERADOR INTEGRAL SOCIEDAD ANONINA CERRADACMA OPERADOR INTEGRAL SAC","CALLAO","CALLAO","CALLAO",070101,64500.0000,15428.57,10285.71,"SOLES",20260707
"BID 4","MIPYMES DE CALIDAD PARA LA INDUSTRIA NAVAL",2025,"291-PROINNOVATE-MCIN-2025","DISEÑO E IMPLEMENTACIÓN Y CERTIFICACIÓN DE UN SISTEMA DE GESTIÓN DE CALIDAD EN BASE A LA ISO 9001:2015 EN LA EMPRESA FERRETERIAS DEL NORTE E.I.R.L PARA EXPANDIRSE A NUEVOS MERCADOS E INCREMENTAR LA CARTERA DE CLIENTES EN LA INDUSTRIA NAVAL DEL SUR DEL PERÚ",20250708,20260808,"FERRETERIAS DEL NORTE E.I.R.L","CERRO COLORADO","AREQUIPA","AREQUIPA",040104,44500.0000,10285.71,6857.14,"SOLES",20260707
"BID 4","MIPYMES DE CALIDAD PARA LA INDUSTRIA NAVAL",2025,"292-PROINNOVATE-MCIN-2025","CERTIFICACION ISO 9001\, ISO 14001\, ISO 45001  - CALIDAD NAVAL",20250630,20260730,"CORPORACION PROGRESO S.A.C.","LIMA","LIMA","LIMA",150101,46500.0000,10800,7200,"SOLES",20260707
"BID 4","MIPYMES DE CALIDAD PARA LA INDUSTRIA NAVAL",2025,"294-PROINNOVATE-MCIN-2025","IMPLEMENTACIÓN DE LA TRINORMA ISO 9001\, 14001 E ISO 45001 EN SIGECO S.A.C. QUE OFRECE SOLUCIONES INDUSTRIALES EN DIVERSOS SECTORES DEL PAÍS.",20250624,20260724,"SIGECO S.A.C.","PUENTE PIEDRA","LIMA","LIMA",150125,64490.0000,15426,10284,"SOLES",20260707
"BID 4","MIPYMES DE CALIDAD PARA LA INDUSTRIA NAVAL",2025,"295-PROINNOVATE-MCIN-2025","CERTIFICACIÓN  DEL  SISTEMA  DE  GESTIÓN  DE  LA  CALIDAD  SEGÚN  LA  NORMA  ISO  9001:2015  EN  PROTEGE DEL SUR S.A.C.",20250711,20260811,"PROTEGE DEL SUR S.A.C.","CASTILLA","PIURA","PIURA",200104,44500.0000,10285.71,6857.14,"SOLES",20260707
"BID 4","DIGITALIZACIÓN EMPRESARIAL - CATEGORÍA 2",2025,"297-PROINNOVATE-IMTEMDC2-2025","DISEÑO DE PLATAFORMA SAAS PARA LA ADMINISTRACIÓN DE SISTEMAS DE GESTIÓN BASADOS EN NORMAS ISO MEDIANTE ODOO ERP",20250711,20260611,"QUALITY SERVICES GROUP S.A.C","CARABAYLLO","LIMA","LIMA",150106,44950.0000,10949,6930,"SOLES",20260707
"BID 4","INNOVACIÓN EMPRESARIAL PARA MICROEMPRESAS Y ASOCIACIONES",2025,"298-PROINNOVATE-PIMEN-2025","DESARROLLO DE UN PROTOTIPO DE MÁQUINA EXPENDEDORA DE CAFÉ PERUANO DE ESPECIALIDAD CON SISTEMA DE REFRIGERACIÓN INTERNA PARA MEJORAR LA COMPETITIVIDAD Y POSICIONAMIENTO DE DON SALAZAR EN LA CIUDAD DE LIMA.",20250630,20260830,"CAFE GRANO A1 E.I.R.L.","SAN LUIS DE SHUARO","CHANCHAMAYO","JUNIN",120304,180000.0000,34134.36,91432,"SOLES",20260707
"BID 4","MIPYMES DE CALIDAD PARA LA INDUSTRIA NAVAL",2025,"299-PROINNOVATE-MCIN-2025","IMPLEMENTACION DE LA NORMA ISO 45001 Y 14001 PARA LA EMPRESA IVAN GUTIERREZ SEIJAS E.I.R.L.",20250708,20260808,"IVAN GUTIERREZ SEIJAS E.I.R.L.","HUANCHACO","TRUJILLO","LA LIBERTAD",130104,45500.0000,10290,6855,"SOLES",20260707
"BID 4","MIPYMES DE CALIDAD PARA LA INDUSTRIA NAVAL",2025,"300-PROINNOVATE-MCIN-2025","IMPLEMENTACIÓN Y CERTIFICACIÓN DEL SISTEMA INTEGRADO DE GESTIÓN EN LA EMPRESA OFILAB PERU S.A.C. BAJO LAS NORMAS ISO 9001\, ISO 14001 E ISO 45001 PARA INCREMENTAR LA PRODUCTIVIDAD EN LA INDUSTRIA NAVAL",20250630,20260630,"OFILAB PERU SAC","COMAS","LIMA","LIMA",150110,64500.0000,15428.57,10285.71,"SOLES",20260707
"BID 4","PROGRAMA DE INNOVACIÓN MODERNIZACIÓN TECNOLÓGICA Y EMPRENDIMIENTO - MIPYMES DE CALIDAD",2025,"302-PROINNOVATE-IMTEMC-2025","GESTIONAR LA MEJORA EN LOS PROCESOS DE PRODUCCIÓN\, CONSTRUCCION Y DESARROLLO DE PROYECTOS DE JUAREZ EJECUTORES Y CONSULTORES S.A.C.\, MEDIANTE LA CERTIFICACIÓN DE LA NORMA ISO 9001:2015\, GARANTIZANDO CALIDAD Y SATISFACCIÓN DEL CLIENTE",20250801,20260801,"JUAREZ EJECUTORES Y CONSULTORES S.A.C.","ILO","ILO","MOQUEGUA",180301,45000.0000,10285.72,6857.14,"SOLES",20260707
"BID 4","MIPYMES DE CALIDAD PARA LA INDUSTRIA NAVAL",2025,"304-PROINNOVATE-MCIN-2025","IMPLEMENTACIÓN Y CERTIFICACIÓN DE UN SISTEMA INTEGRADO DE GESTIÓN BAJO LOS ESTÁNDARES ISO 45001:2018\, ISO 9001:2015 E ISO 14001:2015 PARA REFORZAR LA COMPETITIVIDAD DE MB SERVICIOS GENERALES E.I.R.L. EN EL SECTOR NAVAL",20251002,20261002,"MB SERVICIOS GENERALES E.I.R.L.","ILO","ILO","MOQUEGUA",180301,64500.0000,15428.57,10285.71,"SOLES",20260707
"BID 4","PROGRAMA DE INNOVACIÓN MODERNIZACIÓN TECNOLÓGICA Y EMPRENDIMIENTO - MIPYMES DE CALIDAD",2025,"305-PROINNOVATE-IMTEMC-2025","IMPLEMENTACIÓN Y CERTIFICACIÓN DE UN SISTEMA DE GESTIÓN AMBIENTAL EN BASE A LA NORMA ISO 14001:2015 PARA LA EMPRESA CONTRATISTAS GENERALES VARMAR S.A.C.",20250725,20260725,"CONTRATISTAS GENERALES VARMAR S.A.C.","CHALLHUAHUACHO","COTABAMBAS","APURIMAC",030506,45000.0000,10285.71,6857.14,"SOLES",20260707
"BID 4","DIGITALIZACIÓN EMPRESARIAL - CATEGORÍA 2",2025,"306-PROINNOVATE-IMTEMDC2-2025","DISEÑO Y DESARROLLO DE ERP CONTABLE-ADMINISTRATIVO PERSONALIZADO\, ASÍ COMO MEDIDAS DE FORTALECIMIENTO EN PLATAFORMAS VIRTUALES PROPIAS\, QUE PERMITAN UNA SIMPLIFICACIÓN Y ADECUACIÓN OPERATIVA A LINEAMIENTOS ORGANIZACIONALES DE BYJ CONSULTORES.",20250711,20260611,"ASESORES EMPRESARIALES ITACA SAC","CASTILLA","PIURA","PIURA",200104,40000.0000,15285.71,6857.14,"SOLES",20260707
"BID 4","INNOVACIÓN EMPRESARIAL PARA MICROEMPRESAS Y ASOCIACIONES - CAMBIO CLIMÁTICO",2025,"307-PROINNOVATE-PIMENCC-2025","DESARROLLO DEL PROTOTIPO DE UN SISTEMA INALÁMBRICO DE OXIGENACIÓN\, FLOTANTE\, CON AUTO NAVEGACIÓN Y AUTONOMÍA ENERGÉTICA\, PARA EL MEJORAMIENTO DE LA CALIDAD DE AGUA DE CULTIVOS ACUÍCOLAS Y DIVERSOS ECOSISTEMAS ACUÁTICOS EN LA PROVINCIA DE PIURA.",20250708,20260908,"BIOMARINO E.I.R.L.","CASTILLA","PIURA","PIURA",200104,180000.0000,31372.88,90000,"SOLES",20260707
"BID 4","MIPYMES DE CALIDAD PARA LA INDUSTRIA NAVAL",2025,"308-PROINNOVATE-MCIN-2025","IMPLEMENTACIÓN DEL SISTEMA INTEGRADO DE GESTIÓN ISO 9001\, ISO 14001\, ISO 45001 EN PERÚ SEGURO",20250725,20260825,"PERU SEGURO CONSULTORIA  SERVICIOS SAC","SAN BORJA","LIMA","LIMA",150130,64500.0000,15429.3,10285,"SOLES",20260707
"BID 4","MIPYMES DE CALIDAD PARA LA INDUSTRIA NAVAL",2025,"309-PROINNOVATE-MCIN-2025","CERTIFICACIÓN DE LA BINORMA (14001; 45001) DE LA EMPRESA E SARMIENTO CONSULTORES S.A.C. QUE OFRECE SERVICIOS EN LA INDUSTRIA NAVAL",20250624,20260624,"E SARMIENTO CONSULTORES S.A.C.","SANTIAGO DE SURCO","LIMA","LIMA",150140,44500.0000,10290,6855,"SOLES",20260707
"BID 4","PROGRAMA DE INNOVACIÓN MODERNIZACIÓN TECNOLÓGICA Y EMPRENDIMIENTO - MIPYMES DE CALIDAD - CAMBIO CLIMÁTICO",2025,"310-PROINNOVATE-IMTEMCCC-2025","FORTALECIMIENTO DE LA SOSTENIBILIDAD PRODUCTIVA EN LA COOPERATIVA AGRARIA MANASABA LTDA. MEDIANTE LA OBTENCIÓN DE LA CERTIFICACIÓN RAINFOREST ALLIANCE\, IMPULSANDO UN CACAO SOSTENIBLE Y  DE ALTA CALIDAD PARA UNA MAYOR APERTURA DE MERCADO INTERNACIONAL.",20250805,20260805,"COOPERATIVA AGRARIA MANASABA LTDA. - MANASABA","TOCACHE","TOCACHE","SAN MARTIN",221001,44970.0000,10278,6852,"SOLES",20260707
"BID 4","MIPYMES DE CALIDAD PARA LA INDUSTRIA NAVAL",2025,"312-PROINNOVATE-MCIN-2025","POTENCIANDO LA INDUSTRIA NAVAL PERUANA MEDIANTE LA IMPLEMENTACIÓN Y CERTIFICACIÓN DE LAS NORMAS ISO 9001\, ISO 14001 E ISO 45001 EN FAMECT\, OPTIMIZANDO LOS SERVICIOS DE FABRICACIÓN DE ESTRUCTURAS METÁLICAS DE ALTA RESISTENCIA",20250822,20260722,"FAMECT S.R.LTDA","SAN MARTIN DE PORRES","LIMA","LIMA",150135,64000.0000,15300,10200,"SOLES",20260707
"BID 4","MIPYMES DE CALIDAD PARA LA INDUSTRIA NAVAL",2025,"313-PROINNOVATE-MCIN-2025","CERTIFICACIÓN TRINORMA ISO 9001\, ISO 14001 E ISO 45001 EN ETUPESA ASEGURANDO LA CALIDAD\, SEGURIDAD Y SOSTENIBILIDAD EN EL TRANSPORTE DE MERCANCÍAS Y MATERIALES PELIGROSOS DESDE Y HACIA PUERTOS DEL LITORAL PERUANO.",20250730,20260830,"EMPRESA DE TRANSPORTES UNIDOS DE LA PROVINCIA DE ESPINAR Y SERVICIOS SOCIEDAD ANONIMA","ESPINAR","ESPINAR","CUSCO",080801,64070.0000,15318,10212,"SOLES",20260707
"BID 4","PROYECTOS PARA LA ACREDITACIÓN DE ORGANISMOS DE EVALUACIÓN DE LA CONFORMIDAD - OEC",2025,"314-PROINNOVATE-OEC-2025","ACREDITACIÓN DEL LABORATORIO DE ENSAYOS DE LA EMPRESA ING PERU S.R.L. BAJO LA NORMA ISO/IEC 17025:2017 PARA GARANTIZAR LA EXCELENCIA TÉCNICA DE LAS OBRAS EN LA CIUDAD DE HUARAZ.",20250630,20260730,"INGENIERIA PERUANA DE CONSULTORIA Y CONSTRUCCION S.R.L. - ING PERU S.R.L.","HUARAZ","HUARAZ","ANCASH",020101,129778.9100,27591.78,15900,"SOLES",20260707
"BID 4","EMPRENDIMIENTOS INNOVADORES",2025,"315-PROINNOVATE-EIN-2025","KASA: PLATAFORMA DE INVERSIÓN INMOBILIARIA QUE PERMITE COMPRAR FRACCIONES DE PROPIEDADES",20250924,20260624,"KASA GESTORA S.A.C.","LA MOLINA","LIMA","LIMA",150114,67000.0000,11960,18500,"SOLES",20260707
"BID 4","EMPRENDIMIENTOS INNOVADORES",2025,"317-PROINNOVATE-EIN-2025","PROPINOTA\, LA APP QUE FOMENTA HÁBITOS Y EDUCACIÓN FINANCIERA PARA NIÑOS\, JÓVENES Y ADULTOS.",20250801,20260531,"OTINIANO SAENZ JAMES ISRAEL","LIMA","LIMA","LIMA",150101,67000.0000,9572.42,19143,"SOLES",20260707
"BID 4","PROYECTOS PARA LA ACREDITACIÓN DE ORGANISMOS DE EVALUACIÓN DE LA CONFORMIDAD - OEC",2025,"319-PROINNOVATE-OEC-2025","AMPLIACIÓN DE LA ACREDITACIÓN DE ENSAYOS PARA DETERMINAR INDICADORES DE CONTAMINACIÓN BIOLÓGICA DEL AGUA DE CONSUMO A FAVOR DEL CUIDADO DEL MEDIO AMBIENTE Y LA SALUD PUBLICA EN LA REGIÓN APURÍMAC",20250725,20260925,"CERTECC S.A.C","ABANCAY","ABANCAY","APURIMAC",030101,129999.9600,27333.37,16000,"SOLES",20260707
"BID 4","EMPRENDIMIENTOS INNOVADORES",2025,"320-PROINNOVATE-EIN-2025","PRACTIMATCH: PLATAFORMA QUE CONECTA ESTUDIANTES Y EGRESADO CON PUESTOS DE TRABAJO DE ACUERDO A SU PERFIL CON IA",20250822,20260522,"PRACTIMATCH SOCIEDAD ANONIMA CERRADA","SAN BORJA","LIMA","LIMA",150130,47270.0000,6763.73,13500,"SOLES",20260707
"BID 4","EMPRENDIMIENTOS INNOVADORES",2025,"321-PROINNOVATE-EIN-2025","TROVA: APLICACIÓN MÓVIL QUE FACILITA LA ORGANIZACIÓN DE PARTIDOS DE FÚTBOL",20250822,20260522,"FERNANDEZ PIZARRO SANTIAGO JOSE","SAN ISIDRO","LIMA","LIMA",150131,62932.2000,11327.8,18000,"SOLES",20260707
"BID 4","PROGRAMA DE INNOVACIÓN MODERNIZACIÓN TECNOLÓGICA Y EMPRENDIMIENTO - MIPYMES DE CALIDAD",2025,"322-PROINNOVATE-IMTEMC-2025","IMPLEMENTACIÓN Y CERTIFICACIÓN DE UN SISTEMA DE GESTIÓN DE LA CALIDAD DE ACUERDO AL ESTANDAR INTERNACIONAL ISO 9001:2015  EN LA EMPRESA MEDICA EMPRESARIA S.A.C",20250725,20260825,"MEDICA EMPRESARIA S.A.C.","ICA","ICA","ICA",110101,44920.0000,10265.14,6843.43,"SOLES",20260707
"BID 4","INNOVACIÓN EMPRESARIAL PARA MICROEMPRESAS Y ASOCIACIONES - CAMBIO CLIMÁTICO",2025,"323-PROINNOVATE-PIMENCC-2025","ADAPTACIÓN DE LAS TECNOLOGÍAS DE DESINFECCIÓN POR RADIACIÓN UV-C Y BIOFILTRACIÓN EN EL SISTEMA DE TRATAMIENTO Y CONTROL DE CALIDAD DE AGUA PARA REDUCIR LA TASA DE MORTALIDAD EN EL PROCESO DE CRECIMIENTO DE JUVENILES DE TRUCHA ARCOÍRIS DE LA EMPRESA AQUAFISH.",20250708,20260708,"AQUACULTURE AND FISHING COMPANY EMPRESA INDIVIDUAL DE RESPONSABILIDAD LIMITADA","YANACANCHA","CHUPACA","JUNIN",120909,180000.0000,29104.7,36452.61,"SOLES",20260707
"BID 4","EMPRENDIMIENTOS INNOVADORES",2025,"324-PROINNOVATE-EIN-2025","CARLO SUBASTAS: SIMPLIFICAMOS LA ADQUISICIÓN DE STOCK PARA DEALERS AUTOMOTRICES.",20250725,20260425,"CARLO TECH S.A.C.","SANTIAGO DE SURCO","LIMA","LIMA",150140,67000.0000,10244.41,19250,"SOLES",20260707
"BID 4","EMPRENDIMIENTOS INNOVADORES",2025,"325-PROINNOVATE-EIN-2025","VEGSPORT\, EDTECH INNOVADORA EN NUTRICIÓN\, SALUD Y DEPORTE.",20250725,20260425,"CASO MAURICIO JEAN MARCO","ATE","LIMA","LIMA",150103,67000.0000,9752,19000,"SOLES",20260707
"BID 4","INNOVACIÓN EMPRESARIAL PARA MICROEMPRESAS Y ASOCIACIONES",2025,"326-PROINNOVATE-PIMEN-2025","IRDRIAS: INSPECCIÓN ROBOTIZADA Y DIAGNÓSTICO REMOTO DE INFRAESTRUCTURA DE AGUA Y SANEAMIENTO",20250801,20260601,"L.A. BEAR ROBOTICS & AUTOMATION S.A.C.S.","PUEBLO LIBRE","LIMA","LIMA",150121,99999.1500,9953.85,6000,"SOLES",20260707
"BID 4","EMPRENDIMIENTOS DINAMICOS",2025,"327-PROINNOVATE-EDI-2025","EVAND'S: PRODUCTOS PARA LA PREVENCIÓN DE LA ANEMIA",20250819,20260719,"EVANDS EMPRESA INDIVIDUAL DE RESPONSABILIDAD LIMITADA","AMARILIS","HUANUCO","HUANUCO",100102,150000.0000,21438.53,42857.01,"SOLES",20260707
"BID 4","EMPRENDIMIENTOS INNOVADORES - PERÚ PRODUCE: INNOVACIÓN FRENTE AL CAMBIO CLIMÁTICO",2025,"328-PROINNOVATE-EINCC-2025","HEMERANIX: CALZÓN MENSTRUAL REUTILIZABLE",20250708,20260408,"VERASTEGUI ROMAN FLORES RICARDO ALONSO","SAN ISIDRO","LIMA","LIMA",150131,63061.0000,9234.09,18000,"SOLES",20260707
"BID 4","INNOVACIÓN EMPRESARIAL PARA MICROEMPRESAS Y ASOCIACIONES - CAMBIO CLIMÁTICO",2025,"329-PROINNOVATE-PIMENCC-2025","IMPLEMENTACIÓN DE LAS TECNOLOGÍAS DE DETECCIÓN DEL DESCENSO DE TEMPERATURA Y SISTEMA DE ESCARCHADO DE PLANTAS CON RIEGO POR MICROASPERSIÓN PARA REDUCIR EL PORCENTAJE DE DAÑO POR HELADA EN PLANTAS DE DURAZNO HUAYCO ROJO PRODUCIDAS EN LA EMPRESA NUTRIMENTOS JANA",20250708,20260808,"NUTRIMENTOS JANA S.A.C.","AYACUCHO","HUAMANGA","AYACUCHO",050101,180000.0000,45550.43,75808.01,"SOLES",20260707
"BID 4","EMPRENDIMIENTOS INNOVADORES",2025,"330-PROINNOVATE-EIN-2025","CARTA AI: AGENTES CONVERSACIONALES CON IA PARA AUTOMATIZAR LA ATENCIÓN AL CLIENTE.",20251023,20260723,"CARTA AI S.A.C.","PIURA","PIURA","PIURA",200101,67000.0000,15450,18000,"SOLES",20260707
"BID 4","EMPRENDIMIENTOS DINÁMICOS - PERÚ PRODUCE: INNOVACIÓN FRENTE AL CAMBIO CLIMÁTICO",2025,"331-PROINNOVATE-EDICC-2025","FARMPROTECH: BIOTRANSFORMADORES DE RESIDUOS AGRÍCOLAS Y PESQUEROS EN BIONUTRIENTES",20250904,20260804,"FARMPROTECH SAC","SANTIAGO DE SURCO","LIMA","LIMA",150140,150000.0000,42861,24000,"SOLES",20260707
"BID 4","MIPYMES DE CALIDAD PARA LA INDUSTRIA NAVAL",2025,"332-PROINNOVATE-MCIN-2025","IMPLEMENTACIÓN Y CERTIFICACIÓN DEL SISTEMA DE GESTIÓN DE SEGURIDAD Y SALUD EN EL TRABAJO EN LA EMPRESA DIZAC INGENIEROS ASOCIADOS S.A.C. BAJO LA NORMA ISO 45001 PARA INCREMENTAR LA PRODUCTIVIDAD EN LA INDUSTRIA NAVAL",20250819,20260919,"DIZAC INGENIEROS ASOCIADOS SAC","CHIMBOTE","SANTA","ANCASH",021801,45500.0000,10285.71,6857.14,"SOLES",20260707
"BID 4","PROYECTOS PARA LA ACREDITACIÓN DE ORGANISMOS DE EVALUACIÓN DE LA CONFORMIDAD - OEC",2025,"333-PROINNOVATE-OEC-2025","ACREDITACIÓN EN LA NTP ISO/IEC 17025 DEL LABORATORIO DE CALIDAD DEL AGUA EN LA EMPRESA INGENIERÍA DEL AGUA Y  SERVICIOS SAC",20250805,20261005,"INGENIERIA DEL AGUA Y SERVICIOS S.A.C.","PIURA","PIURA","PIURA",200101,130000.0000,33500,16400,"SOLES",20260707
"BID 4","EMPRENDIMIENTOS INNOVADORES - PERÚ PRODUCE: INNOVACIÓN FRENTE AL CAMBIO CLIMÁTICO",2025,"334-PROINNOVATE-EINCC-2025","AGRICAPP: PLATAFORMA TODO EN UNO PARA LA GESTIÓN INTEGRAL DE CULTIVOS",20250819,20260519,"BENITES TORRES PABLO CESAR","BELLAVISTA DE LA UNION","SECHURA","PIURA",200802,67000.0000,10020,19000,"SOLES",20260707
"BID 4","INNOVACIÓN EMPRESARIAL PARA MICROEMPRESAS Y ASOCIACIONES",2025,"335-PROINNOVATE-PIMEN-2025","DESARROLLO DE COCHES DE BEBÉ CON TECNOLOGÍA DE AUTO-LIMPIEZA Y ESTERILIZACIÓN PARA MEJORAR LA HIGIENE INFANTIL EN PERÚ",20250708,20270108,"T-MANIA N & A S.A.C.","LIMA","LIMA","LIMA",150101,180000.0000,25466.67,28560,"SOLES",20260707
"BID 4","EMPRENDIMIENTOS DINAMICOS",2025,"336-PROINNOVATE-EDI-2025","FIREFLY DIGITAL: TRANSFORMA EQUIPOS COMERCIALES EN OMNI ASESORES\, ASESORES DIGITALES\, PRODUCTIVOS Y OMNICANALES.",20250825,20260625,"FIREFLY DIGITAL SAC","SANTIAGO DE SURCO","LIMA","LIMA",150140,150000.0000,27000,37800,"SOLES",20260707
"BID 4","MIPYMES DE CALIDAD PARA LA INDUSTRIA NAVAL",2025,"337-PROINNOVATE-MCIN-2025","IMPLEMENTACIÓN Y CERTIFICACIÓN DEL SISTEMA INTEGRADO DE GESTIÓN TRINORMA PARA MEJORAR NUESTROS PROCESOS DE CALIDAD ISO 9001 Y CUMPLIR CON TODOS LOS REQUISITOS LEGALES AMBIENTALES ISO 14001 Y DE SEGURIDAD Y SALUD EN EL TRABAJO ISO 45001 PARA LA EMPRESA SERTESA.",20250708,20260708,"SERVICIOS TECNICOS S.A. CONTRATISTAS GENERALES","CALLAO","CALLAO","CALLAO",070101,64401.1800,15403.16,10268.77,"SOLES",20260707
"BID 4","EMPRENDIMIENTOS DINÁMICOS - PERÚ PRODUCE: INNOVACIÓN FRENTE AL CAMBIO CLIMÁTICO",2025,"339-PROINNOVATE-EDICC-2025","LIMA COMPOST: BIOTECNOLOGÍA E IMPACTO SOCIOAMBIENTAL",20250822,20260422,"LIMA COMPOST SAC","VILLA EL SALVADOR","LIMA","LIMA",150142,85984.3200,18660.17,25000,"SOLES",20260707
"BID 4","PROYECTOS PARA LA ACREDITACIÓN DE ORGANISMOS DE EVALUACIÓN DE LA CONFORMIDAD - OEC",2025,"340-PROINNOVATE-OEC-2025","AMPLIACIÓN DE LA ACREDITACIÓN DE ENSAYOS MICROBIOLÓGICOS DE INDICADORES DE CALIDAD PARA GARANTIZAR LAS BUENAS PRÁCTICAS DE MANUFACTURA Y LA INOCUIDAD DURANTE LA PRODUCCIÓN Y ALMACENAMIENTO DE ALIMENTOS EN BENEFICIO DE LA SEGURIDAD ALIMENTARIA EN LA REG. ANCASH",20250904,20261104,"LABORATORIO CERTIPEZ E.I.R.L.","NUEVO CHIMBOTE","SANTA","ANCASH",021809,130000.0000,27333.33,16000,"SOLES",20260707
"BID 4","PROYECTOS PARA LA ACREDITACIÓN DE ORGANISMOS DE EVALUACIÓN DE LA CONFORMIDAD - OEC",2025,"342-PROINNOVATE-OEC-2025","IMPLEMENTACIÓN DE ENSAYOS DE HUEVOS DE HELMINTOS\, QUISTES Y OOQUISTES DE PROTOZOARIOS PATÓGENOS\, VIRUS\, ORGANISMOS DE VIDA LIBRE\, SABOR\, TURBIEDAD\, CIANURO\, FLUOR\, CLORITO Y CLORATO DEL DS N° 031-2010-SA REGLAMENTO DE LA CALIDAD DEL AGUA PARA CONSUMO HUMANO",20250819,20261019,"INTERNATIONAL LABORATORIES S.A.C.","SAN MARTIN DE PORRES","LIMA","LIMA",150135,57365.1100,41834.77,0,"SOLES",20260707
"BID 4","EMPRENDIMIENTOS INNOVADORES",2025,"345-PROINNOVATE-EIN-2025","SEOL\, DETECCIÓN DE VULNERABILIDADES CIBERNÉTICAS PARA PYMES",20250725,20260425,"CAMPOS VARGAS JAVIER ALONSO","LA MOLINA","LIMA","LIMA",150114,67000.0000,9571.43,19142.85,"SOLES",20260707
"BID 4","EMPRENDIMIENTOS INNOVADORES",2025,"347-PROINNOVATE-EIN-2025","TOK2KIT: PLATAFORMA CON IA PARA RESTAURANTES QUE OPTIMIZA TU OPERATIVIDAD DIGITAL.",20250819,20260519,"VAISMAN GONZALEZ SOLMAN","HUANCHACO","TRUJILLO","LA LIBERTAD",130104,67000.0000,9571.89,19142.4,"SOLES",20260707
"BID 4","PROYECTOS PARA LA ACREDITACIÓN DE ORGANISMOS DE EVALUACIÓN DE LA CONFORMIDAD - OEC",2025,"348-PROINNOVATE-OEC-2025","PROYECTO PARA LA AMPLIACIÓN DE LA ACREDITACIÓN DE UNIMETRO S.A.C. EN PROCEDIMIENTOS DE CALIBRACIÓN QUECONTRIBUYAN EN LAS ACTIVIDADES PARA LA REDUCCIÓN DE RIESGOS SANITARIOS Y AMBIENTALES",20250731,20260930,"UNIMETRO S.A.C.","SAN JUAN DE LURIGANCHO","LIMA","LIMA",150132,121918.6500,27625.35,11280,"SOLES",20260707
"BID 4","MIPYMES DE CALIDAD PARA LA INDUSTRIA NAVAL",2025,"349-PROINNOVATE-MCIN-2025","IMPLEMENTACIÓN DE LA NORMA ISO 9001 PARA LA EMPRESA D & P STEEL MASTERS E.I.R.L",20250819,20260719,"D & P STEEL MASTERS E.I.R.L.","PAUCARPATA","AREQUIPA","AREQUIPA",040112,44500.0000,10285.71,6857.14,"SOLES",20260707
"BID 4","MIPYMES DE CALIDAD PARA LA INDUSTRIA NAVAL",2025,"350-PROINNOVATE-MCIN-2025","\"MEJORA DE PROCESOS EN LA GESTIÓN DE SST BRINDADO CONFIANZA A LA INDUSTRIA EN GENERAL SEGÚN LA IMPLEMENTACIÓN Y CERTIFICACIÓN DE LA NORMA ISO 45001:2018\"",20250725,20260725,"QUIMICOS INDUSTRIALES P&G E.I.R.L.","AUCALLAMA","HUARAL","LIMA",150604,36500.0000,8228.58,5485.71,"SOLES",20260707
"BID 4","MIPYMES DE CALIDAD PARA LA INDUSTRIA NAVAL",2025,"351-PROINNOVATE-MCIN-2025","IMPLEMENTACIÓN Y CERTIFICACIÓN DE LA ISO 9001:2015 EN CALYPSO CONTRATISTAS GENERALES SAC PARA OPTIMIZAR Y MEJORAR LA GESTIÓN DE CALIDAD\,  SERVICIOS PORTUARIOS Y NAVALES\, GARANTIZAR LA SATISFACCIÓN DEL CLIENTE Y FORTALECER SU LIDERAZGO EN EL SECTOR.",20250909,20260709,"CALYPSO CONTRATISTAS GENERALES SAC","YARINACOCHA","CORONEL PORTILLO","UCAYALI",250105,42300.0000,9720,6480,"SOLES",20260707
"BID 4","EMPRENDIMIENTOS INNOVADORES",2025,"352-PROINNOVATE-EIN-2025","FITDEV. REGISTRA TU ENTRENAMIENTO EN EL GYM\, MEDIANTE VOZ CON IA.",20250731,20260730,"ALFARO DIAZ HUBER ESTEBAN","TRUJILLO","TRUJILLO","LA LIBERTAD",130101,54582.3100,8516,15000,"SOLES",20260707
"BID 4","EMPRENDIMIENTOS INNOVADORES",2025,"354-PROINNOVATE-EIN-2025","PATITAS 360\, CONECTA VETERINARIOS CON DUEÑOS DE MASCOTA EN SEGUNDOS",20250926,20260626,"PATITAS 360 S.A.C.","MIRAFLORES","LIMA","LIMA",150122,66816.9500,9797.05,19000,"SOLES",20260707
"BID 4","MIPYMES DE CALIDAD PARA LA INDUSTRIA NAVAL",2025,"355-PROINNOVATE-MCIN-2025","IMPLEMENTACIÓN DE LA CERTIFICACIÓN TRINORMA EN \"AUTOMOTRIZ HUACHO VIP S.A.C.\"",20251014,20261014,"AUTOMOTRIZ HUACHO VIP S.A.C.","SANTA MARIA","HUAURA","LIMA",150810,64500.0000,15500,10222,"SOLES",20260707
"BID 4","EMPRENDIMIENTOS DINAMICOS",2025,"357-PROINNOVATE-EDI-2025","BINDER: PLATAFORMA LEGAL TECH PARA EMPRESAS Y ESTUDIOS.",20250731,20260731,"LEGAL TECH S.A.C.","MIRAFLORES","LIMA","LIMA",150122,149630.5300,39069.47,42000,"SOLES",20260707
"BID 4","EMPRENDIMIENTOS INNOVADORES - PERÚ PRODUCE: INNOVACIÓN FRENTE AL CAMBIO CLIMÁTICO",2025,"359-PROINNOVATE-EINCC-2025","REVIER: TRANSFORMA LOS RCD EN PRODUCTOS DE INTERIORISMO ÚNICOS MEDIANTE UNA MEZCLA QUE LOGRA HASTA UN 90 % DE MATERIAL RECICLADO",20250802,20260801,"REYES MORALES STEVI KIMBERLY","LA VICTORIA","LIMA","LIMA",150115,67000.0000,10128.77,19035,"SOLES",20260707
"BID 4","PROGRAMA DE INNOVACIÓN MODERNIZACIÓN TECNOLÓGICA Y EMPRENDIMIENTO - MIPYMES DE CALIDAD",2025,"360-PROINNOVATE-IMTEMC-2025","ESTANDARIZACIÓN Y MEJORA DE PROCESOS EN LA EMPRESA GASTROM SAC",20250801,20260701,"GASTROM SOCIEDAD ANÓNIMA CERRADA","EL TAMBO","HUANCAYO","JUNIN",120114,41050.0000,9270,6180,"SOLES",20260707
"BID 4","MIPYMES DE CALIDAD PARA LA INDUSTRIA NAVAL",2025,"361-PROINNOVATE-MCIN-2025","CERTIFICACIÓN E IMPLEMENTACIÓN DE LA NORMA ISO 9001:2015 PARA LA ESTANDARIZACIÓN DE LOS PROCESOS DE PRODUCCIÓN DE CALZADO DE LA EMPRESA INDUSTRIAL ZARET E.I.R.L.",20251003,20261103,"INDUSTRIAL ZARET E.I.R.L.","LA ESPERANZA","TRUJILLO","LA LIBERTAD",130105,44500.0000,10700,6910,"SOLES",20260707
"BID 4","EMPRENDIMIENTOS INNOVADORES",2025,"363-PROINNOVATE-EIN-2025","KUIDDA\, SISTEMA DE SEGURIDAD COMUNITARIO BASADO EN IA",20250731,20260331,"ADVINCULA HERRERA JACKELINE","SAN MARTIN DE PORRES","LIMA","LIMA",150135,67000.0000,9800,19000,"SOLES",20260707
"BID 4","EMPRENDIMIENTOS INNOVADORES - PERÚ PRODUCE: INNOVACIÓN FRENTE AL CAMBIO CLIMÁTICO",2025,"365-PROINNOVATE-EINCC-2025","STOCKAI: IA PARA REGISTRAR Y PREDECIR INVENTARIO AUTOMÁTICAMENTE DE COMERCIANTES",20250731,20260730,"PIZARRO SALVADOR DIEGO PAUL","BARRANCO","LIMA","LIMA",150104,67000.0000,9572.88,19142,"SOLES",20260707
"BID 4","EMPRENDIMIENTOS INNOVADORES - PERÚ PRODUCE: INNOVACIÓN FRENTE AL CAMBIO CLIMÁTICO",2025,"366-PROINNOVATE-EINCC-2025","AMAZONIAN WHISKEY: EN BASE A MUCÍLAGO Y CÁSCARAS DE CACAO.",20250805,20260804,"LORET DE MOLA CACERES AURELIO EMILIO","SAN ISIDRO","LIMA","LIMA",150131,67000.0000,10273.47,19142.86,"SOLES",20260707
"BID 4","EMPRENDIMIENTOS INNOVADORES - PERÚ PRODUCE: INNOVACIÓN FRENTE AL CAMBIO CLIMÁTICO",2025,"367-PROINNOVATE-EINCC-2025","HIDROGREEN: MÓDULO HIDROPÓNICO PARA CULTIVO EN INTERIORES\, SISTEMA DWC + LUCES LED.",20250805,20260505,"KAMIYAMA TELLO ABRAHAM ISRAEL","CALLAO","CALLAO","CALLAO",070101,60619.9500,8660.43,17320,"SOLES",20260707
"BID 4","INNOVACIÓN EMPRESARIAL PARA MICROEMPRESAS Y ASOCIACIONES",2025,"368-PROINNOVATE-PIMEN-2025","DESARROLLO DE UN PROTOTIPO DE MOLINO CON LOS SISTEMAS DE DISCO CLASIFICADOR Y RECICLO DINÁMICO DE POLVOS FABRICADO POR LA EMPRESA GSAA QUE REDUZCA EL NIVEL DE COSTO DE MANTENIMIENTO ANUAL AL PROCESAR HARINA DE MAÍZ AMARILLO DURO",20250801,20260801,"INDUSTRIAS GSAA E.I.R.L.","EL TAMBO","HUANCAYO","JUNIN",120114,180000.0000,28676.4,39674.02,"SOLES",20260707
"BID 4","MIPYMES DE CALIDAD PARA LA INDUSTRIA NAVAL",2025,"369-PROINNOVATE-MCIN-2025","CERTIFICACIÓN TRINORMA ISO 9001\, ISO 14001 E ISO 45001 PARA EL FORTALECIMIENTO DE LA COMPETITIVIDAD DE ADUAPORT EN LA INDUSTRIA NAVAL",20250822,20260722,"ADUAPORT SOCIEDAD ANONIMA CERRADA  ADUAPORT SAC","CALLAO","CALLAO","CALLAO",070101,64500.0000,15428.57,10285.71,"SOLES",20260707
"BID 4","MIPYMES DE CALIDAD PARA LA INDUSTRIA NAVAL",2025,"370-PROINNOVATE-MCIN-2025","CERTIFICACIÓN DE BINORMA (ISO 9001 Y 14001) EN LA EMPRESA COMPAÑIA OPERADORA DE AGUA TECCA S.A.C PARA EL CRECIMIENTO EMPRESARIAL\, EL POSICIONAMIENTO COMERCIAL Y LA EXPANSIÓN ESTRATÉGICA EN LA INDUSTRIA NAVAL.",20250909,20260909,"COMPAÑIA OPERADORA DE AGUA TECCA S.A.C. - TECCA S.A.C.","SAN ISIDRO","LIMA","LIMA",150131,43400.0000,10100,6680,"SOLES",20260707
"BID 4","EMPRENDIMIENTOS INNOVADORES",2025,"371-PROINNOVATE-EIN-2025","QAWAYSOFT: SISTEMA MECATRÓNICO AUTOMATIZADO PARA LA INSPECCIÓN Y CONTROL DE CALIDAD DE PRENDAS TEXTILES",20250820,20260819,"BERROCAL CUETO JHORDAN","WANCHAQ","CUSCO","CUSCO",080108,67000.0000,9580,19140,"SOLES",20260707
"BID 4","EMPRENDIMIENTOS INNOVADORES",2025,"373-PROINNOVATE-EIN-2025","QUIPUK: APP PARA GESTIONAR FINANZAS Y TRIBUTOS PERSONALES EN PERÚ CON FACILIDAD",20250904,20260604,"MOSAIHUATE GUERRERO ELMER EDUARDO","ICA","ICA","ICA",110101,67000.0000,9571.72,19142.85,"SOLES",20260707
"BID 4","PROGRAMA DE INNOVACIÓN MODERNIZACIÓN TECNOLÓGICA Y EMPRENDIMIENTO - MIPYMES DE CALIDAD",2025,"374-PROINNOVATE-IMTEMC-2025","IMPLEMENTACIÓN Y CERTIFICACIÓN DE LA NORMA ISO 9001:2015 EN LAS OPERACIONES DE RECARGA Y DISTRIBUCIÓN DE GASES INDUSTRIALES DE LA EMPRESA INVERSIONES REYSIL PARA INGRESAR A NUEVOS MERCADOS COMO PROVEEDOR HOMOLOGADO DE GRANDES EMPRESAS DE LA MACRO REGIÓN CENTRO",20250822,20260722,"INVERSIONES REYSIL E.I.R.L.","EL TAMBO","HUANCAYO","JUNIN",120114,45000.0000,10287,6856,"SOLES",20260707
"BID 4","EMPRENDIMIENTOS INNOVADORES",2025,"375-PROINNOVATE-EIN-2025","INMOBA: PLATAFORMA B2B SAAS QUE AYUDA A INMOBILIARIAS A ENCONTRAR EL MEJOR TERRENO PARA SU EDIFICIO.",20250731,20260430,"RAMIREZ ROZAS ALFREDO JAVIER","SANTIAGO DE SURCO","LIMA","LIMA",150140,67000.0000,9573,19142,"SOLES",20260707
"BID 4","VALIDACIÓN DE LA INNOVACIÓN - CAMBIO CLIMÁTICO",2025,"376-PROINNOVATE-PIEC2CC-2025","\"VALIDACIÓN TÉCNICA Y COMERCIAL DE ECOFUMETS Y CALDOS BASE SOSTENIBLES A PARTIR DEL APROVECHAMIENTO DE SUBPRODUCTOS PESQUEROS DE LA EMPRESA PESQUERA ZUAR SAC.\"",20250725,20261025,"PESQUERA ZUAR S.A.C.","VENTANILLA","CALLAO","CALLAO",070106,445079.6700,76920.33,191000,"SOLES",20260707
"BID 4","EMPRENDIMIENTOS INNOVADORES - PERÚ PRODUCE: INNOVACIÓN FRENTE AL CAMBIO CLIMÁTICO",2025,"377-PROINNOVATE-EINCC-2025","SAMAY GARDEN: JARDINES VERTICALES MODULARES Y AUTOSUFICIENTES CON SISTEMA DE RIEGO AUTOMÁTICO\, TECNOLOGÍA LED Y GENERACIÓN DE BIOENERGÍA.",20251010,20260710,"ALVAREZ HUERTA YHEFRY RICARDO","CUSCO","CUSCO","CUSCO",080101,66742.0000,12600,17000,"SOLES",20260707
"BID 4","EMPRENDIMIENTOS INNOVADORES - PERÚ PRODUCE: INNOVACIÓN FRENTE AL CAMBIO CLIMÁTICO",2025,"378-PROINNOVATE-EINCC-2025","GEA PET: SERVICIOS FUNERARIOS DE MASCOTAS MEDIANTE EL COMPOSTAJE QUE PERMITEN REDUCIR LAS EMISIONES DE CO2",20250731,20260331,"CARRION TARAZONA GERALDINE JORDANA","HUANUCO","HUANUCO","HUANUCO",100101,67000.0000,9572.42,19143,"SOLES",20260707
"BID 4","PROYECTOS PARA LA ACREDITACIÓN DE ORGANISMOS DE EVALUACIÓN DE LA CONFORMIDAD - OEC",2025,"379-PROINNOVATE-OEC-2025","ACREDITACIÓN DE LABORATORIO DE CALIBRACIÓN MEDIANTE LA IMPLEMENTACIÓN DE LA NTP ISO/IEC 17025:2017 EN LA EMPRESA ENVIROSYSTEM E.I.R.L.",20250805,20261005,"ENVIROSYSTEM E.I.R.L.","SAN MARTIN DE PORRES","LIMA","LIMA",150135,94109.6900,19465.15,11908,"SOLES",20260707
"BID 4","EMPRENDIMIENTOS INNOVADORES - PERÚ PRODUCE: INNOVACIÓN FRENTE AL CAMBIO CLIMÁTICO",2025,"380-PROINNOVATE-EINCC-2025","HOPE: TRANSFORMA LOS RESIDUOS ORGÁNICOS EN BIOCUERO DE CALIDAD A TRAVÉS DE ULTRASONIDO",20250805,20260604,"AYALA GUILLERMO MEDALYTH YOVANA","HUANUCO","HUANUCO","HUANUCO",100101,67000.0000,9572.43,19142,"SOLES",20260707
"BID 4","EMPRENDIMIENTOS INNOVADORES",2025,"382-PROINNOVATE-EIN-2025","IDRONE: USO DE DRONES INTELIGENTES PARA TRABAJOS RIESGOSOS DE LIMPIEZA DE ALTURA.",20250820,20260520,"LIMA DRONE CLEANING S.A.C.","SAN ISIDRO","LIMA","LIMA",150131,41700.0000,10300,13000,"SOLES",20260707
"BID 4","EMPRENDIMIENTOS INNOVADORES",2025,"383-PROINNOVATE-EIN-2025","WOMEN IN WEB3 ACADEMY: PLATAFORMA GAMIFICADA QUE CONECTA FORMACIÓN EN TECNOLOGÍAS EMERGENTES Y OPORTUNIDADES PARA MUJERES EN LATAM.",20250904,20260604,"BRIGUIT YESENIA REINALDO DÍAZ","MAGDALENA DEL MAR","LIMA","LIMA",150120,57400.0000,9000,15700,"SOLES",20260707
"BID 4","PROGRAMA DE INNOVACIÓN MODERNIZACIÓN TECNOLÓGICA Y EMPRENDIMIENTO - MIPYMES DIGITALES",2025,"384-PROINNOVATE-IMTEMD-2025","IMPLEMENTACIÓN DE HERRAMIENTAS DIGITALES PARA MEJORAR EL POSICIONAMIENTO COMERCIAL Y ESCALAR LA CAPTACIÓN DE CLIENTES EN LA EMPRESA KAPITAL TELEKOM",20250819,20260519,"KAPITAL TELEKOM SAC","SANTIAGO DE SURCO","LIMA","LIMA",150140,45000.0000,10285.71,6857.14,"SOLES",20260707
"BID 4","PROGRAMA DE INNOVACIÓN MODERNIZACIÓN TECNOLÓGICA Y EMPRENDIMIENTO - MIPYMES DIGITALES",2025,"385-PROINNOVATE-IMTEMD-2025","IMPLEMENTACIÓN DE HERRAMIENTAS DIGITALES PARA OPTIMIZAR LA PRODUCCIÓN DE LOS PROCESOS EN LA PRESTACIÓN DE SERVICIOS DE SALUD DE CBO Y DE ESTRATEGIAS DE MARKETING DIGITAL PARA EL POSICIONAMIENTO DE LA MARCA CBO",20250819,20260619,"CAUTI - BOZA OFTALMOLOGOS E.I.R.L.","SAN BORJA","LIMA","LIMA",150130,44999.7200,10285.74,6857,"SOLES",20260707
"BID 4","EMPRENDIMIENTOS DINAMICOS",2025,"386-PROINNOVATE-EDI-2025","LICISOFT: SOFTWARE AUTOMATIZADO DE LICITACIONES PÚBLICAS IMPULSADO CON IA",20250724,20260524,"DOOLBOX S.A.C","RUPA-RUPA","LEONCIO PRADO","HUANUCO",100601,143850.0000,20550,41100,"SOLES",20260707
"BID 4","EMPRENDIMIENTOS INNOVADORES",2025,"387-PROINNOVATE-EIN-2025","FREENANZAS: USO DE IA GENERATIVA PARA LA CREACIÓN DE RUTAS DE APRENDIZAJE FINANCIERAS PERSONALIZADAS POR USUARIOS",20250731,20260430,"LAZARO SUAREZ AYLY KARINA","ATE","LIMA","LIMA",150103,60249.1900,8607.14,17214.02,"SOLES",20260707
"BID 4","EMPRENDIMIENTOS INNOVADORES",2025,"389-PROINNOVATE-EIN-2025","CREATIVALAB: PLATAFORMA DE CURSOS EN VIVO CON EXPERTOS EN INDUSTRIAS CREATIVAS",20250926,20260626,"HANCCO FUENTES DARA MARILUZ","SAN SEBASTIAN","CUSCO","CUSCO",080105,66000.0000,9520,18800,"SOLES",20260707
"BID 4","EMPRENDIMIENTOS INNOVADORES",2025,"390-PROINNOVATE-EIN-2025","PAWPACHA: SNACKS PARA MASCOTAS CON SUPERFOODS PERUANOS.",20250904,20260604,"FERNANDEZ INCARROCA EDGAR","SAN SEBASTIAN","CUSCO","CUSCO",080105,61400.0000,10000,17500,"SOLES",20260707
"BID 4","EMPRENDIMIENTOS INNOVADORES - PERÚ PRODUCE: INNOVACIÓN FRENTE AL CAMBIO CLIMÁTICO",2025,"391-PROINNOVATE-EINCC-2025","ECOSFERA FUNGITECH: AUTOMATIZACIÓN DEL CULTIVO DE HONGOS",20250904,20260604,"ECOSFERA FUNGITECH S.A.C.","URUBAMBA","URUBAMBA","CUSCO",081301,51472.0000,8888,14000,"SOLES",20260707
"BID 4","PROGRAMA DE INNOVACIÓN MODERNIZACIÓN TECNOLÓGICA Y EMPRENDIMIENTO - MIPYMES DIGITALES",2025,"392-PROINNOVATE-IMTEMD-2025","TRANSFORMACIÓN DIGITAL PARA MEJORAR LA EFICIENCIA COMERCIAL Y LOGÍSTICA DE MUSH ORGANICS\, FORTALECIENDO LA TRAZABILIDAD\, ATENCIÓN AL CLIENTE Y CONTROL OPERATIVO",20250819,20260619,"MUSH ORGANICS S.A.C.","SAN JUAN DE MIRAFLORES","LIMA","LIMA",150133,45000.0000,10285.71,6857.14,"SOLES",20260707
"BID 4","EMPRENDIMIENTOS INNOVADORES",2025,"393-PROINNOVATE-EIN-2025","PROPLAY: CONECTA A LAS PERSONAS QUE NO TIENEN CON QUIEN HACER DEPORTE\, EN UN MICRO EVENTO DEPORTIVO.",20250926,20260626,"AGUILAR MARCOS JAMES BRANDON","LA PERLA","CALLAO","CALLAO",070104,60400.0000,9200,17000,"SOLES",20260707
"BID 4","PROGRAMA DE INNOVACIÓN MODERNIZACIÓN TECNOLÓGICA Y EMPRENDIMIENTO - MIPYMES DE CALIDAD",2025,"394-PROINNOVATE-IMTEMC-2025","\"IMPLEMENTACIÓN Y CERTIFICACIÓN DEL SISTEMA DE GESTIÓN DE CALIDAD BASADO EN LA NORMA ISO 9001:2015 EN LA EMPRESA SANDY COLOR SRL \"",20251003,20260903,"SANDY COLOR AREQUIPA S.R.L.","AREQUIPA","AREQUIPA","AREQUIPA",040101,45000.0000,10285.72,6857.14,"SOLES",20260707
"BID 4","EMPRENDIMIENTOS INNOVADORES",2025,"395-PROINNOVATE-EIN-2025","PLAK: PLATAFORMA DXP (DIGITAL EXPERIENCE PLATFORM) QUE FACILITA EL ACCESO A LA NUBE PARA EMPRENDEDORES CON NEGOCIO EN LÍNEA",20250822,20260522,"PLAK SOLUTIONS S.A.C.","POROY","CUSCO","CUSCO",080103,67000.0000,9575,19143,"SOLES",20260707
"BID 4","EMPRENDIMIENTOS INNOVADORES",2025,"396-PROINNOVATE-EIN-2025","ANDEAN REPUBLIC: MARKETPLACE QUE CONECTA COMUNIDADES ANDINAS CON MERCADOS INTERNACIONALES PROMOVIENDO PRODUCTOS SOSTENIBLES Y TRAZABILIDAD",20250820,20260819,"YUPANQUI CARBAJAL DANIEL EDUARDO","WANCHAQ","CUSCO","CUSCO",080108,67000.0000,9590,19145,"SOLES",20260707
"BID 4","PROGRAMA DE INNOVACIÓN MODERNIZACIÓN TECNOLÓGICA Y EMPRENDIMIENTO - MIPYMES DIGITALES",2025,"397-PROINNOVATE-IMTEMD-2025","GESTIÓN EDUCATIVA INTELIGENTE PARA LA TRANSFORMACIÓN DIGITAL DEL COLEGIO COLVER POTENCIANDO EL APRENDIZAJE EN LA ERA DIGITAL.",20251003,20260803,"COLVER E.I.R.L.","PUNO","PUNO","PUNO",210101,45000.0000,10286,6857,"SOLES",20260707
"BID 4","EMPRENDIMIENTOS INNOVADORES",2025,"398-PROINNOVATE-EIN-2025","MANSANO: LIOFIL. FRUTA RECUPERADA PARA CHOCOLATE SIN AZÚCAR",20250912,20260612,"MIYASIRO LOPEZ HARUMI ROSA SUMI","SAN MARTIN DE PORRES","LIMA","LIMA",150135,67000.0000,14352.54,15000,"SOLES",20260707
"BID 4","EMPRENDIMIENTOS INNOVADORES",2025,"399-PROINNOVATE-EIN-2025","INXORA\, MARKETPLACE B2B CON IA PARA AUTOMATIZAR COMPRAS INDUSTRIALES",20250819,20260519,"APONTE REYNOSO ROBERTO JONATHAN","LIMA","LIMA","LIMA",150101,67000.0000,9571.43,19142.86,"SOLES",20260707
"BID 4","EMPRENDIMIENTOS DINAMICOS",2025,"400-PROINNOVATE-EDI-2025","CONFE TECNOLOGÍA PARA LA REGENERACIÓN DEL GRANO DE ARROZ",20250819,20260619,"INDUSTRIAS PROALIMENTOS S.A.C.","PUENTE PIEDRA","LIMA","LIMA",150125,150000.0000,21428.57,42857.14,"SOLES",20260707
"BID 4","EMPRENDIMIENTOS INNOVADORES",2025,"401-PROINNOVATE-EIN-2025","INCAHUB: ENCUENTRA ALIADOS TECNOLÓGICOS SIN COMPLICACIONES",20250904,20260604,"ESPINOZA HUANUCO ALAN FAUSTO","VILLA MARIA DEL TRIUNFO","LIMA","LIMA",150143,67000.0000,9571.44,19142.86,"SOLES",20260707
"BID 4","PROGRAMA DE INNOVACIÓN MODERNIZACIÓN TECNOLÓGICA Y EMPRENDIMIENTO - MIPYMES DIGITALES",2025,"403-PROINNOVATE-IMTEMD-2025","SIMPLIFICACIÓN DE LA GESTIÓN ADMINISTRATIVA\, OPERATIVA Y COMERCIAL A TRAVÉS DE LA ADOPCIÓN DE HERRAMIENTAS DIGITALES QUE PERMITAN LA INTEGRACIÓN Y AUTOMATIZACIÓN DE PROCESOS DEL RESTAURANTE BACO Y VACA",20250912,20260712,"INVERSIONES MERLOT S.A.C.","SAN ISIDRO","LIMA","LIMA",150131,45000.0000,10285.71,6857.14,"SOLES",20260707
"BID 4","EMPRENDIMIENTOS INNOVADORES",2025,"404-PROINNOVATE-EIN-2025","TRAZA\, PROVEEDOR DE SERVICIO DE PASAPORTE DIGITAL DE PRODUCTO (DPP) CON BLOCKCHAIN Y QR EN EL SECTOR TEXTIL Y DE CONFECCIÓN DE PRENDAS PERUANO.",20250926,20260825,"UMA TECHNOLOGY S.A.C.","LA MOLINA","LIMA","LIMA",150114,67000.0000,12100,18500,"SOLES",20260707
"BID 4","EMPRENDIMIENTOS INNOVADORES - PERÚ PRODUCE: INNOVACIÓN FRENTE AL CAMBIO CLIMÁTICO",2025,"405-PROINNOVATE-EINCC-2025","FILUNA: REVALORIZAMOS RESIDUOS PARA DARLES UN USO COSMÉTICO",20251001,20260701,"MOROTE CORRALES LUCIA ALEJANDRA","CAYMA","AREQUIPA","AREQUIPA",040103,67000.0000,9572.42,19142.85,"SOLES",20260707
"BID 4","PROGRAMA DE INNOVACIÓN MODERNIZACIÓN TECNOLÓGICA Y EMPRENDIMIENTO - MIPYMES DIGITALES",2025,"406-PROINNOVATE-IMTEMD-2025","IMPLEMENTACIÓN DE TECNOLOGÍAS DE INFORMACIÓN PARA LA OPTIMIZACIÓN DE LA LOGÍSTICA Y MEJORA DEL SERVICIO DE ALIMENTACIÓN EMPRESARIAL DE LA EMPRESA CLAN REST E.I.R.L.",20250819,20260719,"CLAN REST EMPRESA INDIVIDUAL DE RESPONSABILIDAD LIMITADA - CLAN REST E.I.R.L.","PIURA","PIURA","PIURA",200101,45000.0000,10292,6858,"SOLES",20260707
"BID 4","PROGRAMA DE INNOVACIÓN MODERNIZACIÓN TECNOLÓGICA Y EMPRENDIMIENTO - MIPYMES DIGITALES",2025,"407-PROINNOVATE-IMTEMD-2025","TRANSFORMACIÓN DIGITAL PARA FORTALECER LA SEGURIDAD DE LA INFORMACIÓN\, LA TRAZABILIDAD DE SERVICIOS Y LA EXPERIENCIA DEL CLIENTE EN COORPORACIÓN GENES S.A.C.",20250805,20260705,"COORPORACION GENES S.A.C.","LINCE","LIMA","LIMA",150116,45000.0000,10285.71,6857.14,"SOLES",20260707
"BID 4","PROGRAMA DE INNOVACIÓN MODERNIZACIÓN TECNOLÓGICA Y EMPRENDIMIENTO - MIPYMES DIGITALES",2025,"408-PROINNOVATE-IMTEMD-2025","OPTIMIZACIÓN DIGITAL DEL CICLO OPERATIVO Y COMERCIAL DE SERVICIOS DE ALQUILER DE ESTRUCTURAS TEMPORALES",20250904,20260804,"ALTAVILLA SOCIEDAD COMERCIAL DE RESPONSABILIDAD LIMITADA","PIURA","PIURA","PIURA",200101,45000.0000,10285.72,6857.14,"SOLES",20260707
"BID 4","EMPRENDIMIENTOS INNOVADORES",2025,"409-PROINNOVATE-EIN-2025","PIAD SPORT: PLATAFORMA PARA MEDIR Y MEJORAR EL RENDIMIENTO COLECTIVO E INDIVIDUAL EN EL FUTBOL A TRAVÉS DE ANÁLISIS DE DATOS Y VIDEO ANÁLISIS",20251106,20260706,"ALVAREZ MEZA NILSEN RUBEN","SOCABAYA","AREQUIPA","AREQUIPA",040122,67000.0000,9572.42,19142.83,"SOLES",20260707
"BID 4","PROGRAMA DE INNOVACIÓN MODERNIZACIÓN TECNOLÓGICA Y EMPRENDIMIENTO - MIPYMES DIGITALES",2025,"410-PROINNOVATE-IMTEMD-2025","OPTIMIZACIÓN DE PROCESOS DE ATENCIÓN\, CONTROL DE INVENTARIOS Y GESTIÓN DE INFORMACIÓN MEDIANTE LA IMPLEMENTACIÓN DE ESTRATEGIAS DE TRANSFORMACIÓN DIGITAL PARA SERVICIOS VETERINARIOS PERSONALIZADOS",20250819,20260619,"MULTISERVICIOS VET UNIVERSO EMPRESA INDIVIDUAL DE RESPONSABILIDAD LIMITADA","ICA","ICA","ICA",110101,45000.0000,10286,6857,"SOLES",20260707
"BID 4","PROGRAMA DE INNOVACIÓN MODERNIZACIÓN TECNOLÓGICA Y EMPRENDIMIENTO - MIPYMES DIGITALES",2025,"412-PROINNOVATE-IMTEMD-2025","IMPLEMENTACIÓN DE ESTRATEGIAS DIGITALES PARA LA AUTOMATIZACIÓN DE PROCESOS Y MEJORA EN LA CAPTACIÓN DE CLIENTES EN ECONO ENVIOS",20250819,20260719,"ECONO ENVIOS S.A.C.","MIRAFLORES","LIMA","LIMA",150122,45000.0000,10285.71,6857.14,"SOLES",20260707
"BID 4","PROGRAMA DE INNOVACIÓN MODERNIZACIÓN TECNOLÓGICA Y EMPRENDIMIENTO - MIPYMES DIGITALES",2025,"413-PROINNOVATE-IMTEMD-2025","SALUD CONECTADA\, SOLUCIÓN DIGITAL PARA RETENCIÓN DE PACIENTES Y GESTIÓN PROACTIVA DE LA EXPERIENCIA CARDIOLÓGICA CON TECNOLOGÍA DE CONECTIVIDAD INTELIGENTE\, CRM Y ENCUESTAS NPS",20250805,20260705,"ROMERO ASOCIADOS & COMPAÑIA S.A.C.","SAN ISIDRO","LIMA","LIMA",150131,45000.0000,10285.72,6857.14,"SOLES",20260707
"BID 4","EMPRENDIMIENTOS INNOVADORES",2025,"414-PROINNOVATE-EIN-2025","COLECHECK: SISTEMA EDUCATIVO CON REPORTES Y PREDICCIÓN DEL RENDIMIENTO SEGÚN ASISTENCIA.",20250819,20260718,"LOAIZA FERNANDEZ MANUEL EDUARDO","CERRO COLORADO","AREQUIPA","AREQUIPA",040104,67000.0000,9572,19142.85,"SOLES",20260707
"BID 4","PROGRAMA DE INNOVACIÓN MODERNIZACIÓN TECNOLÓGICA Y EMPRENDIMIENTO - MIPYMES DIGITALES",2025,"416-PROINNOVATE-IMTEMD-2025","DIGITALIZACIÓN ESTRATÉGICA PARA ESCALAR Y EXPORTAR SERVICIOS DE CONSULTORÍA EN EMPRESAS FAMILIARES A MERCADOS DE LATINOAMÉRICA",20250820,20260720,"FOCUS CONSULTORES E.I.R.L.","SANTIAGO DE SURCO","LIMA","LIMA",150140,45000.0000,10285.76,6857.1,"SOLES",20260707
"BID 4","PROGRAMA DE INNOVACIÓN MODERNIZACIÓN TECNOLÓGICA Y EMPRENDIMIENTO - MIPYMES DIGITALES",2025,"417-PROINNOVATE-IMTEMD-2025","TRANSFORMACIÓN DIGITAL DE LA EMPRESA VITAL SAC\, PARA LA OPTIMIZACIÓN DE SUS PROCESOS PRODUCTIVOS Y MEJORA EN LA GESTIÓN DE SU INFORMACIÓN EMPRESARIAL",20251003,20260703,"VITAL S.A.C.","PIURA","PIURA","PIURA",200101,45000.0000,10292,6858,"SOLES",20260707
"BID 4","PROGRAMA DE INNOVACIÓN MODERNIZACIÓN TECNOLÓGICA Y EMPRENDIMIENTO - MIPYMES DIGITALES",2025,"418-PROINNOVATE-IMTEMD-2025","FORTALECER LA ESTRATEGIA DE POSICIONAMIENTO DE MAGIA PIURA MEDIANTE LA DIGITALIZACIÓN DE PROCESOS COMERCIALES PARA INCREMENTAR SU VISIBILIDAD Y COMPETITIVIDAD EN EL MERCADO DE PRODUCTOS DERIVADOS DEL CACAO",20250805,20260705,"MAGIA PIURA SOCIEDAD ANÓNIMA","PIURA","PIURA","PIURA",200101,45000.0000,10292,6858,"SOLES",20260707
"BID 4","PROGRAMA DE INNOVACIÓN MODERNIZACIÓN TECNOLÓGICA Y EMPRENDIMIENTO - MIPYMES DIGITALES",2025,"419-PROINNOVATE-IMTEMD-2025","TRANSFORMACIÓN DIGITAL PARA LA AUTOMATIZACIÓN Y OPTIMIZACIÓN DE PROCESOS LOGÍSTICOS\, COMERCIALES Y DE COBRANZA EN LA EMPRESA TELECOM ECOMMERCE BUSINESS SAC",20250819,20260719,"TELECOM ECOMMERCE BUSINESS S.A.C.","PIURA","PIURA","PIURA",200101,45000.0000,10292,6858,"SOLES",20260707
"BID 4","PROGRAMA DE INNOVACIÓN MODERNIZACIÓN TECNOLÓGICA Y EMPRENDIMIENTO - MIPYMES DIGITALES",2025,"420-PROINNOVATE-IMTEMD-2025","FORTALECIMIENTO DE LA GESTIÓN EMPRESARIAL\, OPTIMIZACIÓN DE PROCESOS ADMINISTRATIVOS Y COMERCIALES PARA IMPULSAR LA TRAZABILIDAD\, INTEGRACIÓN Y ALCANCE COMERCIAL DE GALOTECH SYSTEMS E.I.R.L.",20250819,20260519,"GALOTECH SYSTEMS E.I.R.L.","PIURA","PIURA","PIURA",200101,44970.0000,10278,6852,"SOLES",20260707
"BID 4","PROGRAMA DE INNOVACIÓN MODERNIZACIÓN TECNOLÓGICA Y EMPRENDIMIENTO - MIPYMES DIGITALES",2025,"422-PROINNOVATE-IMTEMD-2025","TRANSFORMACIÓN DIGITAL INTEGRAL DE EKANLU S.A.C. PARA LA AUTOMATIZACIÓN DE PROCESOS\, GESTIÓN INTELIGENTE DE CLIENTES Y OPTIMIZACIÓN DE LA EXPERIENCIA GASTRONÓMICA",20250820,20260520,"EKANLU SOCIEDAD ANONIMA CERRADA - EKANLU S.A.C.","ATE","LIMA","LIMA",150103,45000.0000,10285.71,6857.14,"SOLES",20260707
"BID 4","PROGRAMA DE INNOVACIÓN MODERNIZACIÓN TECNOLÓGICA Y EMPRENDIMIENTO - MIPYMES DIGITALES",2025,"423-PROINNOVATE-IMTEMD-2025","FORTALECIMIENTO DE LOS PROCESOS COMERCIALES DE LA BOTANERÍA MEDIANTE UNA ESTRATEGIA DE MARKETING DIGITAL OPTIMIZADA\, AUTOMATIZACIÓN DE PROCESOS COMERCIALES Y MEJORA DEL POSICIONAMIENTO WEB PARA INCREMENTAR VENTAS Y POSICIONAMIENTO DE MARCA",20250819,20260519,"TAWSON INVERSIONES SAC","SAN BORJA","LIMA","LIMA",150130,45000.0000,10285.71,6857.14,"SOLES",20260707
"BID 4","PROGRAMA DE INNOVACIÓN MODERNIZACIÓN TECNOLÓGICA Y EMPRENDIMIENTO - MIPYMES DIGITALES",2025,"424-PROINNOVATE-IMTEMD-2025","OPTIMIZACIÓN DEL PROCESO COMERCIAL MEDIANTE LA IMPLEMENTACIÓN DE INTELIGENCIA ARTIFICIAL Y CRM ESPECIALIZADO PARA ESCALAR LA CAPTACIÓN DE CLIENTES B2B Y FORTALECER LA EFICIENCIA OPERATIVA DE DIGITALÍZATE\, EMPRESA DE SERVICIOS DIGITALES.",20250819,20260519,"DIGITALIZATE SAC","SANTIAGO DE SURCO","LIMA","LIMA",150140,45000.0000,10285.71,6857.14,"SOLES",20260707
"BID 4","PROGRAMA DE INNOVACIÓN MODERNIZACIÓN TECNOLÓGICA Y EMPRENDIMIENTO - MIPYMES DIGITALES",2025,"425-PROINNOVATE-IMTEMD-2025","DIGITALIZACIÓN ESTRATÉGICA DE LOS PROCESOS DE TALENT RUNA S.A.C. PARA SUPERAR BRECHAS EN SEGUIMIENTO DEL PERSONAL\, COORDINACIÓN INSTITUCIONAL Y CONTROL ADMINISTRATIVO\, MEJORANDO LA EFICIENCIA Y LA CALIDAD DEL SERVICIO PRESTADO AL SECTOR PÚBLICO.",20250908,20260808,"TALENT RUNA S.A.C.","SANTA ANITA","LIMA","LIMA",150137,45000.0000,10286,6857,"SOLES",20260707
"BID 4","EMPRENDIMIENTOS INNOVADORES - PERÚ PRODUCE: INNOVACIÓN FRENTE AL CAMBIO CLIMÁTICO",2025,"427-PROINNOVATE-EINCC-2025","SPIRIT PET: SNACKS PREMIUM PARA MASCOTAS CON RESIDUOS DE CAMAL DESHIDRATADOS Y FORTIFICADOS CON ESPIRULINA",20250904,20260604,"QUEZADA PALOMINO DIEGO AAROM","AREQUIPA","AREQUIPA","AREQUIPA",040101,67000.0000,9572.29,19143,"SOLES",20260707
"BID 4","PROGRAMA DE INNOVACIÓN MODERNIZACIÓN TECNOLÓGICA Y EMPRENDIMIENTO - MIPYMES DIGITALES",2025,"428-PROINNOVATE-IMTEMD-2025","TRANSFORMACIÓN DIGITAL PARA LA OPTIMIZACIÓN DE PROCESOS Y LA MEJORA COMPETITIVADEEUROTEK",20250805,20260505,"EUROTEK MOTORSPORTS S.A.C.","BARRANCO","LIMA","LIMA",150104,45000.0000,10286,6857,"SOLES",20260707
"BID 4","EMPRENDIMIENTOS INNOVADORES - PERÚ PRODUCE: INNOVACIÓN FRENTE AL CAMBIO CLIMÁTICO",2025,"431-PROINNOVATE-EINCC-2025","AGROGLIM: HAMCAO ES UN BIOESTIMULANTE ELABORADO CON ECONOMÍA CIRCULAR QUE BRINDA RESISTENCIA A CULTIVOS ANTE EL CAMBIO CLIMÁTICO",20250819,20260718,"ÑAUPARI VEGA KATIA NANCY","SAN LUIS","LIMA","LIMA",150134,66999.7500,9650.68,19084.04,"SOLES",20260707
"BID 4","EMPRENDIMIENTOS INNOVADORES",2025,"432-PROINNOVATE-EIN-2025","AMAUTECH: CURSOS DOBLADOS EN QUECHUA CON IA",20251003,20260703,"QUISPE CALLANAUPA MITZUKO DAVIS","WANCHAQ","CUSCO","CUSCO",080108,67000.0000,9571.43,19142.86,"SOLES",20260707
"BID 4","PROYECTOS PARA LA ACREDITACIÓN DE ORGANISMOS DE EVALUACIÓN DE LA CONFORMIDAD - OEC",2025,"433-PROINNOVATE-OEC-2025","MEJORA DE LOS ESTÁNDARES DE CALIDAD Y CONFIABILIDAD DE LOS ENSAYOS GEOTÉCNICOS DE LABORATORIO MEDIANTE LA ACREDITACION DE LOS ENSAYOS BASADOS EN LA NTP ISO/IEC 17025:2017",20250819,20261019,"INGEOTEST CONTRATISTAS Y CONSULTORES EMP RESA INDIVIDUAL DE RESPONSABILIDA LIMITA DA - INGEOTEST E.I","WANCHAQ","CUSCO","CUSCO",080108,127500.0000,26500,16000,"SOLES",20260707
"BID 4","PROYECTOS PARA LA ACREDITACIÓN DE ORGANISMOS DE EVALUACIÓN DE LA CONFORMIDAD - OEC",2025,"434-PROINNOVATE-OEC-2025","AMPLIACIÓN DE ALCANCE DE ACREDITACIÓN DEL  LABORATORIO LABMIN SAC",20250909,20261109,"LABORATORIO LABMIN S.A.C.","LA ESPERANZA","TRUJILLO","LA LIBERTAD",130105,120478.8000,26650.2,14360,"SOLES",20260707
"BID 4","PROYECTOS PARA LA ACREDITACIÓN DE ORGANISMOS DE EVALUACIÓN DE LA CONFORMIDAD - OEC",2025,"435-PROINNOVATE-OEC-2025","AMPLIACIÓN DE LA ACREDITACIÓN DEL LABORATORIO DE CALIBRACIÓN SEIMET S.A.C. BAJO LA NORMA NTP-IEC/ISO 17025:2017 PARA ATENDER LA DEMANDA DE CALIBRACIONES ACREDITADOS EN EL ÁREA DE LONGITUD EN LA ZONA SUR DEL PAIS",20250904,20260904,"SOLUCIONES ESPECIALIZADAS EN INGENIERIA Y METROLOGIA S.A.C. - SEIMET S.A.C.","CAYMA","AREQUIPA","AREQUIPA",040103,112459.0700,41705.93,0,"SOLES",20260707
"BID 4","EMPRENDIMIENTOS INNOVADORES - PERÚ PRODUCE: INNOVACIÓN FRENTE AL CAMBIO CLIMÁTICO",2025,"436-PROINNOVATE-EINCC-2025","RECIRCULAR: APROVECHAMIENTO DE RESIDUOS ORGÁNICOS PARA LA ELABORACIÓN DE TINTES NATURALES APLICADOS A TEXTILES DE DISEÑO INTERIOR.",20250926,20260626,"PORTAL MATTOS MARIANA","AREQUIPA","AREQUIPA","AREQUIPA",040101,67000.0000,9571.43,19142.85,"SOLES",20260707
"BID 4","EMPRENDIMIENTOS INNOVADORES",2025,"438-PROINNOVATE-EIN-2025","BODHI: E-COMMERCE DE PRODUCTOS WELLNESS CON PROGRAMAS DIGITALES GUIADOS ANTIESTRÉS",20251031,20260630,"BODHI S.A.C.","SANTIAGO DE SURCO","LIMA","LIMA",150140,61924.5100,13786.49,17000,"SOLES",20260707
"BID 4","EMPRENDIMIENTOS INNOVADORES",2025,"440-PROINNOVATE-EIN-2025","SOMMOS: DIGITALIZACIÓN DE ESQUEMAS DE AHORRO GRUPAL E INDIVIDUAL PARA SUB BANCARIZADOS.",20250819,20260519,"ROJAS ARANCIBIA DIEGO","LIMA","LIMA","LIMA",150101,66746.2200,12010.06,19000,"SOLES",20260707
"BID 4","PROGRAMA DE INNOVACIÓN MODERNIZACIÓN TECNOLÓGICA Y EMPRENDIMIENTO - MIPYMES DIGITALES",2025,"441-PROINNOVATE-IMTEMD-2025","OPTIMIZACIÓN DE LA GESTIÓN PRODUCTIVA Y ADMINISTRATIVA MEDIANTE LA DIGITALIZACIÓN DE PROCESOS CLAVE QUE PERMITAN MEJORAR LA TRAZABILIDAD\, EFICIENCIA Y CALIDAD DEL SERVICIO TÉCNICO BRINDADO.",20250904,20260804,"UNIDOS EN CONCRETO EMPRESA INDIVIDUAL DE RESPONSABILIDAD LIMITADA","AMARILIS","HUANUCO","HUANUCO",100102,45000.0000,10286,6857,"SOLES",20260707
"BID 4","PROGRAMA DE INNOVACIÓN MODERNIZACIÓN TECNOLÓGICA Y EMPRENDIMIENTO - MIPYMES DIGITALES",2025,"442-PROINNOVATE-IMTEMD-2025","TRANSFORMACIÓN DIGITAL DE LA EMPRESA GRANEL SANTA BEATRIZ SAC: MEJORA DE LA EXPERIENCIA DEL CLIENTE E INCREMENTO DE LEADS A TRAVÉS DE INBOUND MARKETING ENFOCADOS AL MERCADO INTERNACIONAL",20251224,20261124,"GRANEL SANTA BEATRIZ S.A.C.","CHICLAYO","CHICLAYO","LAMBAYEQUE",140101,38000.0000,9480,5400,"SOLES",20260707
"BID 4","PROGRAMA DE INNOVACIÓN MODERNIZACIÓN TECNOLÓGICA Y EMPRENDIMIENTO - MIPYMES DIGITALES",2025,"443-PROINNOVATE-IMTEMD-2025","TRANSFORMACIÓN DIGITAL DE CHEF PAZ RESTAURANTE PARA FORTALECER SU POSICIONAMIENTO COMERCIAL\, FIDELIZACIÓN DE CLIENTES Y EFICIENCIA OPERATIVA MEDIANTE SOLUCIONES TECNOLÓGICAS",20250805,20260705,"CHEF PAZ SAC","IQUITOS","MAYNAS","LORETO",160101,45000.0000,10285.72,6857.14,"SOLES",20260707
"BID 4","PROGRAMA DE INNOVACIÓN MODERNIZACIÓN TECNOLÓGICA Y EMPRENDIMIENTO - MIPYMES DIGITALES",2025,"444-PROINNOVATE-IMTEMD-2025","TRANSFORMACIÓN DIGITAL DE BLEIZ CORP E.I.R.L. PARA LA OPTIMIZACIÓN DE LA GESTIÓN DE PROYECTOS\, APALANCAMIENTO DE FONDOS Y FORTALECIMIENTO DEL CANAL DIGITAL EN CONSULTORÍA DE INNOVACIÓN EMPRESARIAL.",20250909,20260809,"BLEIZ CORP E.I.R.L.","SAN JUAN BAUTISTA","MAYNAS","LORETO",160113,45000.0000,12078,7100,"SOLES",20260707
"BID 4","EMPRENDIMIENTOS INNOVADORES",2025,"445-PROINNOVATE-EIN-2025","D'PARTE WEDDINGS: HERRAMIENTA DIGITAL PARA NOVIOS",20250822,20260322,"VASQUEZ CAROZZO JOAQUIN","LA MOLINA","LIMA","LIMA",150114,66997.3800,12091.16,19142.5,"SOLES",20260707
"BID 4","PROGRAMA DE INNOVACIÓN MODERNIZACIÓN TECNOLÓGICA Y EMPRENDIMIENTO - MIPYMES DIGITALES",2025,"446-PROINNOVATE-IMTEMD-2025","ARQUITECTURA DIGITAL: TRANSFORMACIÓN TECNOLÓGICA PARA INCREMENTAR LA PRODUCTIVIDAD\, AUMENTAR LA COMERCIALIZACIÓN Y MEJORAR LA EXPERIENCIA DEL CLIENTE",20250822,20260622,"AREA 29 S.A.C.","MAGDALENA DEL MAR","LIMA","LIMA",150120,45000.0000,10286,6857,"SOLES",20260707
"BID 4","EMPRENDIMIENTOS INNOVADORES",2025,"447-PROINNOVATE-EIN-2025","ESAMORAPP: CONSULTORIO PSICOLÓGICO AUTOMATIZADO E IA\, SOLUCIONA LA VIOLENCIA A LA MUJER",20250820,20260420,"GIVE GOOD S.A.C.","SAN MARTIN DE PORRES","LIMA","LIMA",150135,67000.0000,9572.42,19142.86,"SOLES",20260707
"BID 4","PROGRAMA DE INNOVACIÓN MODERNIZACIÓN TECNOLÓGICA Y EMPRENDIMIENTO - MIPYMES DIGITALES",2025,"448-PROINNOVATE-IMTEMD-2025","DIGITALIZACIÓN DE LA GESTIÓN TECNOLÓGICA PARA AUMENTAR LA PRODUCTIVIDAD DE LA EMPRESA",20250819,20260719,"IPER CAPTIVA CONSULTORIA S.A.C.","LINCE","LIMA","LIMA",150116,45000.0000,10285.71,6857.14,"SOLES",20260707
"BID 4","PROGRAMA DE INNOVACIÓN MODERNIZACIÓN TECNOLÓGICA Y EMPRENDIMIENTO - MIPYMES DIGITALES",2025,"449-PROINNOVATE-IMTEMD-2025","ADOPCIÓN DE TECNOLOGÍAS DIGITALES PARA EL MEJORAMIENTO DE LA PROMOCIÓN Y EJECUCIÓN DE SERVICIOS A TURISTAS NACIONALES E INTERNACIONALES EN LA CIUDAD DE CUSCO POR PARTE DE LA AGENCIA INCREDIBLE PERÚ TOURS.",20251017,20260817,"INCREDIBLE PERU TOURS SOCIEDAD ANONIMA CERRADA  IPT TOURS SAC","CUSCO","CUSCO","CUSCO",080101,45000.0000,10285.71,6857.14,"SOLES",20260707
"BID 4","VALIDACIÓN DE LA INNOVACIÓN - CAMBIO CLIMÁTICO",2025,"450-PROINNOVATE-PIEC2CC-2025","VALIDACIÓN TÉCNICA Y COMERCIAL DE UNA BARRA DE CHOCOLATE VERDE\, ELABORADA A PARTIR DE HOJAS DE THEOBROMA CACAO\, QUE CONTRIBUYA A LA ADAPTACIÓN AL CAMBIO CLIMÁTICO DE PRODUCTORES DE CACAO DEL DISTRITO DE QUELLOUNO\, CUSCO.",20250819,20260819,"PROYECTO MIL CUSCO S.A.C.","BARRANCO","LIMA","LIMA",150104,249374.7200,41839.28,78006,"SOLES",20260707
"BID 4","EMPRENDIMIENTOS INNOVADORES",2025,"451-PROINNOVATE-EIN-2025","REDVIEW: SISTEMA INTELIGENTE BASADO EN IA QUE PREVIENE ACCIDENTES EN LA INDUSTRIA DETECTANDO PERSONAS EN ZONAS DE RIESGO.",20250822,20260522,"SULLON SILVA JESUS ALDAIR","PISCO","PISCO","ICA",110501,67000.0000,10683,19140,"SOLES",20260707
"BID 4","PROGRAMA DE INNOVACIÓN MODERNIZACIÓN TECNOLÓGICA Y EMPRENDIMIENTO - MIPYMES DIGITALES",2025,"452-PROINNOVATE-IMTEMD-2025","TRANSFORMACIÓN DIGITAL PARA ESCALAR LA GESTIÓN COMERCIAL Y PERSONALIZAR LA EXPERIENCIA DEL CLIENTE",20250820,20260620,"CONSULTORIA ITEC E.I.R.L.","AYACUCHO","HUAMANGA","AYACUCHO",050101,45000.0000,10286,6857,"SOLES",20260707
"BID 4","EMPRENDIMIENTOS INNOVADORES - PERÚ PRODUCE: INNOVACIÓN FRENTE AL CAMBIO CLIMÁTICO",2025,"453-PROINNOVATE-EINCC-2025","LE BOTELLON: SOLUCIONES DE TRIPLE IMPACTO PARA RECICLAR LAS BOTELLAS DE VIDRIO",20250904,20260504,"VARGAS FLORES AMANDA GRACIELA","CHORRILLOS","LIMA","LIMA",150108,67000.0000,10403.29,19350.82,"SOLES",20260707
"BID 4","EMPRENDIMIENTOS INNOVADORES",2025,"454-PROINNOVATE-EIN-2025","DF TECH - INGENIERÍA AUTOMOTRIZ AVANZADA PARA EL REFORZAMIENTO DE VEHÍCULOS",20250912,20260612,"COQUIS SANCHEZ CONCHA RODRIGO","SAN BORJA","LIMA","LIMA",150130,66889.8400,13470.16,19680,"SOLES",20260707
"BID 4","EMPRENDIMIENTOS INNOVADORES",2025,"455-PROINNOVATE-EIN-2025","BANQUEA: PLATAFORMA DE ENTRENAMIENTO EN EXÁMENES DE CIENCIAS DE LA SALUD",20251002,20260702,"HUAPAYA HUERTAS OSCAR STEVEN","BARRANCO","LIMA","LIMA",150104,67000.0000,9571.43,19142.86,"SOLES",20260707
"BID 4","PROGRAMA DE INNOVACIÓN MODERNIZACIÓN TECNOLÓGICA Y EMPRENDIMIENTO - MIPYMES DIGITALES",2025,"456-PROINNOVATE-IMTEMD-2025","TRANSFORMACIÓN DIGITAL PARA LA OPTIMIZACIÓN DE PROCESOS INTERNOS\, SERVICIO AL CLIENTE Y ESTRATEGIAS DE MARKETING DIGITAL DE MASVIC",20251003,20260803,"SOLUCIONES INFORMATICAS MASVIC S.A.C.","SAN LUIS","LIMA","LIMA",150134,45000.0000,10285.72,6857.14,"SOLES",20260707
"BID 4","PROGRAMA DE INNOVACIÓN MODERNIZACIÓN TECNOLÓGICA Y EMPRENDIMIENTO - MIPYMES DIGITALES",2025,"457-PROINNOVATE-IMTEMD-2025","IMPLEMENTACIÓN DE PLATAFORMA DIGITAL PARA LA COMERCIALIZACIÓN DE SERVICIOS ODONTOLÓGICOS\, ASI COMO LA DIGITALIZACIÓN EN \"LA NUBE\" DE LOS PROCESOS CLÍNICOS Y ADMINISTRATIVOS PARA UNA ATENCIÓN ODONTOLÓGICA EFICIENTE Y SEGURA EN SALUDENTS PERU E.I.R.L.",20250822,20260722,"SALUDENTS  PERU  E.I.R.L.","CUSCO","CUSCO","CUSCO",080101,45000.0000,12171.43,7114.29,"SOLES",20260707
"BID 4","PROGRAMA DE INNOVACIÓN MODERNIZACIÓN TECNOLÓGICA Y EMPRENDIMIENTO - MIPYMES DIGITALES",2025,"458-PROINNOVATE-IMTEMD-2025","INNOVACIÓN DIGITAL PARA OPTIMIZAR LA GESTIÓN CLÍNICA Y EXPERIENCIA DEL PACIENTE EN LA CLÍNICA VARIZ",20250904,20260604,"VARIZ SAC","JOSE LUIS BUSTAMANTE Y RIVERO","AREQUIPA","AREQUIPA",040129,45000.0000,10286,6857,"SOLES",20260707
"BID 4","PROGRAMA DE INNOVACIÓN MODERNIZACIÓN TECNOLÓGICA Y EMPRENDIMIENTO - MIPYMES DIGITALES",2025,"459-PROINNOVATE-IMTEMD-2025","TRANSFORMACIÓN DIGITAL PARA LA GESTIÓN INTERNA Y OPERACIONAL EN WAYA LOOKOUT\, INTEGRANDO MONITOREO EN TIEMPO REAL\, OPTIMIZACIÓN DE ALMACENES Y CONTROL DE SUMINISTROS.",20251003,20260803,"WAYA LOOKOUT S.R.L.","AREQUIPA","AREQUIPA","AREQUIPA",040101,45000.0000,10286,6857,"SOLES",20260707
"BID 4","PROGRAMA DE INNOVACIÓN MODERNIZACIÓN TECNOLÓGICA Y EMPRENDIMIENTO - MIPYMES DIGITALES",2025,"460-PROINNOVATE-IMTEMD-2025","DIGITALIZACIÓN COMERCIAL Y AUTOMATIZACIÓN DE PROCESOS PARA OPTIMIZAR LA GESTIÓN INTERNA\, FORTALECER EL CONTROL OPERATIVO Y POTENCIAR LAS VENTAS EN LÍNEA DE CHANINTEC.",20250822,20260722,"CHANINTEC SOCIEDAD ANONIMA CERRADA","CUSCO","CUSCO","CUSCO",080101,45000.0000,10286,6857,"SOLES",20260707
"BID 4","PROGRAMA DE INNOVACIÓN MODERNIZACIÓN TECNOLÓGICA Y EMPRENDIMIENTO - MIPYMES DIGITALES",2025,"461-PROINNOVATE-IMTEMD-2025","EXPANSIÓN Y COMPETITIVIDAD DE LA EMPRESA DE SERVICIOS MÚLTIPLES JAZEL MEDIANTE LA TRANSFORMACIÓN DIGITAL\, CON UN ENFOQUE DE MARKETING INTEGRAL Y LA OPTIMIZACIÓN DE SUS PROCESOS LOGÍSTICOS.",20251003,20260703,"EMPRESA DE SERVICIOS MULTIPLES JAZEL SRL","PAUCARPATA","AREQUIPA","AREQUIPA",040112,45000.0000,10286,6857,"SOLES",20260707
"BID 4","PROGRAMA DE INNOVACIÓN MODERNIZACIÓN TECNOLÓGICA Y EMPRENDIMIENTO - MIPYMES DIGITALES",2025,"462-PROINNOVATE-IMTEMD-2025","IMPLEMENTACIÓN DE UNA SOLUCIÓN INTEGRAL PARA OPTIMIZAR LOS PROCESOS OPERATIVOS Y COMERCIALES DE ECOBIO 3B SRL",20250904,20260604,"ECOBIO 3B SRL","JOSE LUIS BUSTAMANTE Y RIVERO","AREQUIPA","AREQUIPA",040129,45000.0000,10286,6857,"SOLES",20260707
"BID 4","EMPRENDIMIENTOS DINÁMICOS - PERÚ PRODUCE: INNOVACIÓN FRENTE AL CAMBIO CLIMÁTICO",2025,"463-PROINNOVATE-EDICC-2025","COCOBERRY: SUSTRATOS DE FIBRA DE COCO PARA UN AGRO SOSTENIBLE",20251029,20260729,"GRUPO AGROCLUB S.A.C.","HUANCHACO","TRUJILLO","LA LIBERTAD",130104,150000.0000,23850,41000,"SOLES",20260707
"BID 4","EMPRENDIMIENTOS DINAMICOS",2025,"464-PROINNOVATE-EDI-2025","FORTUNA FINTECH: APLICATIVO CON IA PREDICTIVA PARA ACCESO AL CRÉDITO DE HOGARES VULNERABLES",20251023,20260823,"FORTUNA FINTECH S.A.C.","MIRAFLORES","LIMA","LIMA",150122,150000.0000,21450,42860,"SOLES",20260707
"BID 4","PROGRAMA DE INNOVACIÓN MODERNIZACIÓN TECNOLÓGICA Y EMPRENDIMIENTO - MIPYMES DIGITALES",2025,"465-PROINNOVATE-IMTEMD-2025","IMPLEMENTACIÓN DE UN SISTEMA CRM Y OTROS SISTEMAS DIGITALES PARA LA GESTIÓN COMERCIAL Y FIDELIZACIÓN DE CLIENTES EN SERVICIOS TURÍSTICOS YARABAYAS S.A.C.\".",20250912,20260812,"SERVICIOS TURISTICOS YARABAYAS S.A.C.","CUSCO","CUSCO","CUSCO",080101,45000.0000,10285.71,6857.14,"SOLES",20260707
"BID 4","PROGRAMA DE INNOVACIÓN MODERNIZACIÓN TECNOLÓGICA Y EMPRENDIMIENTO - MIPYMES DIGITALES",2025,"466-PROINNOVATE-IMTEMD-2025","DIGITALIZACIÓN INTEGRADA PARA LA GESTIÓN OPERATIVA Y DE RECETAS EN DA PASTA E.I.R.L. PARA AUMENTAR EFICIENCIA Y COMPETITIVIDAD EN EL SECTOR GASTRONÓMICO DE TACNA",20251002,20260702,"DA PASTA EIRL","TACNA","TACNA","TACNA",230101,45000.0000,10300,6842.86,"SOLES",20260707
"BID 4","PROGRAMA DE INNOVACIÓN MODERNIZACIÓN TECNOLÓGICA Y EMPRENDIMIENTO - MIPYMES DIGITALES",2025,"467-PROINNOVATE-IMTEMD-2025","IMPLEMENTACIÓN DE SOLUCIONES DIGITALES PARA OPTIMIZAR LA TOMA DE DECISIONES FINANCIERAS\, FORTALECER EL MONITOREO TÉCNICO-OPERATIVO DE OBRAS Y MEJORAR LA GESTIÓN DE CLIENTES EN EL PROCESO COMERCIAL DE LA INMOBILIARIA CONSTRUCTORA ALITORRES EIRL",20250902,20260802,"INMOBILIARIA & CONSTRUCTORA ALITORRES E.I.R.L.","CHICLAYO","CHICLAYO","LAMBAYEQUE",140101,44970.0000,10278,6852,"SOLES",20260707
"BID 4","PROGRAMA DE INNOVACIÓN MODERNIZACIÓN TECNOLÓGICA Y EMPRENDIMIENTO - MIPYMES DIGITALES",2025,"468-PROINNOVATE-IMTEMD-2025","FORTALECIMIENTO DE LA GESTIÓN INTERNA Y COMERCIAL A TRAVÉS DE LA DIGITALIZACIÓN Y AUTOMATIZACIÓN DE PROCESOS QUE INCREMENTEN LA COMPETITIVIDAD DE LA EMPRESA R18 RESTAURANT & BAR",20250909,20260709,"R18 GASTRONOMICO S.R.L.","LIMA","LIMA","LIMA",150101,45000.0000,10285.71,6857.14,"SOLES",20260707
"BID 4","EMPRENDIMIENTOS INNOVADORES",2025,"469-PROINNOVATE-EIN-2025","VERIFICAID: CENTRALIZAMOS Y AUTOMATIZAMOS OPERACIONES DE OFICIALES DE CUMPLIMIENTO PARA SUJETOS OBLIGADOS POR LA NORMATIVA DE SBS\, SMV\, MINCETUR",20250822,20260322,"VERIFICA INTELLIGENCE AND DATA S.A.C.","LA MOLINA","LIMA","LIMA",150114,67000.0000,9572,19143,"SOLES",20260707
"BID 4","EMPRENDIMIENTOS INNOVADORES",2025,"470-PROINNOVATE-EIN-2025","HEAVYCOMMAND: TELEOPERACIÓN DE MAQUINARIA PESADA PARA MINERÍA",20250912,20260612,"ARIGATO MG SAC","CHACLACAYO","LIMA","LIMA",150107,67000.0000,9571.57,19142.85,"SOLES",20260707
"BID 4","PROGRAMA DE INNOVACIÓN MODERNIZACIÓN TECNOLÓGICA Y EMPRENDIMIENTO - MIPYMES DIGITALES",2025,"471-PROINNOVATE-IMTEMD-2025","FORTALECIMIENTO DE LA COMPETITIVIDAD Y OPTIMIZACIÓN DE PROCESOS EN A&F DESTINY E.I.R.L. MEDIANTE LA DIGITALIZACIÓN DE RESERVAS\, GESTIÓN DE DATOS Y ESTRATEGIAS DE GESTIÓN COMERCIAL.",20251003,20260703,"A & F DESTINY E.I.R.L.","SANTIAGO","CUSCO","CUSCO",080106,45000.0000,10286,6857,"SOLES",20260707
"BID 4","PROGRAMA DE INNOVACIÓN MODERNIZACIÓN TECNOLÓGICA Y EMPRENDIMIENTO - MIPYMES DIGITALES",2025,"472-PROINNOVATE-IMTEMD-2025","TRANSFORMACIÓN DIGITAL PARA ELEVAR LA PRODUCTIVIDAD Y LA EXPERIENCIA DEL CLIENTE EN LA GESTIÓN DE ATENCIÓN VETERINARIA",20250904,20260604,"HOSPITAL DE MASCOTAS SOCIEDAD ANONIMA CERRADA","AREQUIPA","AREQUIPA","AREQUIPA",040101,45000.0000,10286,6857,"SOLES",20260707
"BID 4","PROGRAMA DE INNOVACIÓN MODERNIZACIÓN TECNOLÓGICA Y EMPRENDIMIENTO - MIPYMES DIGITALES",2025,"473-PROINNOVATE-IMTEMD-2025","FORTALECIMIENTO DE LA PRESENCIA DIGITAL EN CHROMAPIXEL MEDIANTE LA IMPLEMENTACIÓN DE HERRAMIENTAS DIGITALES PARA AMPLIAR EL ALCANCE COMERCIAL\, FORTALECER EL POSICIONAMIENTO DE MARCA Y MEJORAR LA EXPERIENCIA DEL CLIENTE",20250904,20260704,"CHROMAPIXEL DIGITAL S.A.C.","BREÑA","LIMA","LIMA",150105,45000.0000,10286,6857,"SOLES",20260707
"BID 4","EMPRENDIMIENTOS INNOVADORES",2025,"474-PROINNOVATE-EIN-2025","NUMERAL: PLATAFORMA DE CURSOS DE MATEMÁTICAS PARA ESTUDIANTES DE SECUNDARIA",20250909,20260609,"JUAREZ AVILA AXEL JENNER","TRUJILLO","TRUJILLO","LA LIBERTAD",130101,48890.0000,10000,14000,"SOLES",20260707
"BID 4","PROGRAMA DE INNOVACIÓN MODERNIZACIÓN TECNOLÓGICA Y EMPRENDIMIENTO - MIPYMES DIGITALES",2025,"475-PROINNOVATE-IMTEMD-2025","OPTIMIZACIÓN DE LA GESTIÓN DE PRODUCCIÓN\, LOGÍSTICA Y VENTAS PARA IMPULSAR LA COMPETITIVIDAD DE INDUSTRIAS DEL VESTIDO SAN ANTONIO E.I.R.L. MEDIANTE LA TRANSFORMACIÓN DIGITAL EN LA INDUSTRIA TEXTIL.",20250912,20260812,"INDUSTRIA DEL VESTIDO SAN ANTONIO EIRL","SANTIAGO","CUSCO","CUSCO",080106,45000.0000,10286,6857,"SOLES",20260707
"BID 4","PROGRAMA DE INNOVACIÓN MODERNIZACIÓN TECNOLÓGICA Y EMPRENDIMIENTO - MIPYMES DIGITALES",2025,"476-PROINNOVATE-IMTEMD-2025","INTEGRACIÓN DE SOLUCIONES DIGITALES EN LA GESTIÓN DE COSTOS\, VENTAS Y LOGÍSTICA DE AGROINDUSTRIA PALAO PARA MAXIMIZAR LA RENTABILIDAD",20250904,20260604,"AGROINDUSTRIA PALAO S.R.L.","MIRAFLORES","AREQUIPA","AREQUIPA",040110,45000.0000,10286,6857,"SOLES",20260707
"BID 4","CONCURSO DE PROYECTOS COLABORATIVOS DE INNOVACIÓN ABIERTA MODALIDAD A",2025,"478-PROINNOVATE-IAMA-2025","PROGRAMA DE INNOVACIÓN ABIERTA ALVAREZ BOHL: CONSTRUYENDO UNA CADENA DE SUMINISTRO INTELIGENTE MEDIANTE TECNOLOGÍAS EMERGENTES",20251002,20260802,"DISTRIBUIDORA COMERCIAL ALVAREZ BOHL SRL","VEINTISEIS DE OCTUBRE","PIURA","PIURA",200115,898887.3300,449443.67,449443.67,"SOLES",20260707
"BID 4","EMPRENDIMIENTOS INNOVADORES",2025,"479-PROINNOVATE-EIN-2025","SIBI: APP Y WEBB QUE PERMITE A LOS PEQUEÑOS NEGOCIOS CONTROLAR LAS VENTAS\, EL STOCK\, CAJA.",20250922,20260622,"ROSALES QUISPE ELEF ABNER","PILLCO MARCA","HUANUCO","HUANUCO",100111,55000.0000,5221,18352.42,"SOLES",20260707
"BID 4","PROGRAMA DE INNOVACIÓN MODERNIZACIÓN TECNOLÓGICA Y EMPRENDIMIENTO - MIPYMES DIGITALES",2025,"480-PROINNOVATE-IMTEMD-2025","TRANSFORMACIÓN DIGITAL INTEGRAL PARA OPTIMIZAR LA PRODUCTIVIDAD Y SOSTENIBILIDAD EN ORION GPE BASADA EN ESTRATEGIAS DE MARKETING DIGITAL",20250909,20260809,"ORION GPE","PAUCARPATA","AREQUIPA","AREQUIPA",040112,45000.0000,10285.71,6857.14,"SOLES",20260707
"BID 4","PROGRAMA DE INNOVACIÓN MODERNIZACIÓN TECNOLÓGICA Y EMPRENDIMIENTO - MIPYMES DIGITALES",2025,"481-PROINNOVATE-IMTEMD-2025","IMPLEMENTAR UN ERP PARA DIGITALIZAR\, AUTOMATIZAR E INTEGRAR LOS PROCESOS OPERATIVOS\, COMERCIALES Y DE SOPORTE DE LA EMPRESA ESTRUCTEC E.I.R.L. PARA EL INCREMENTO DE SU PRODUCTIVIDAD",20250904,20260804,"ESTRUCTEC E.I.R.L.","CERRO COLORADO","AREQUIPA","AREQUIPA",040104,45000.0000,10285.71,6857.14,"SOLES",20260707
"BID 4","VALIDACIÓN DE LA INNOVACIÓN",2025,"482-PROINNOVATE-PIEC2-2025","VALIDACIÓN TÉCNICA Y COMERCIAL DEL SISTEMA STAKEMANAGER Y DESARROLLO DE SU EMPAQUETAMIENTO PARA EL MERCADO NACIONAL E INTERNACIONAL\, CON ÉNFASIS EN LA AUTOMATIZACIÓN DEL ANÁLISIS DE STAKEHOLDERS BASADO EN INFORMACIÓN MEDIÁTICA Y FUENTES ABIERTAS",20250922,20260822,"NOTICIAS PERU S.A.C.","MIRAFLORES","LIMA","LIMA",150122,173303.5500,51991.07,121312.49,"SOLES",20260707
"BID 4","PROGRAMA DE INNOVACIÓN MODERNIZACIÓN TECNOLÓGICA Y EMPRENDIMIENTO - MIPYMES DIGITALES",2025,"483-PROINNOVATE-IMTEMD-2025","POTENCIANDO LA GESTIÓN INTEGRAL DE CLIENTES CON EFICIENCIA OPERACIONAL Y POSICIONAMIENTO EN EL MERCADO EN EL SUR DEL PERÚ PARA LADRILLOS Y TEJAS SORAMA AUCCAYLLE - LATESA S.A.C.",20250822,20260722,"LADRILLOS Y TEJAS SORAMA AUCCAYLLE SOCIEDAD ANONIMA CERRADA - LATESA SAC.","SAN JERONIMO","CUSCO","CUSCO",080104,45000.0000,10286,6857,"SOLES",20260707
"BID 4","PROGRAMA DE INNOVACIÓN MODERNIZACIÓN TECNOLÓGICA Y EMPRENDIMIENTO - MIPYMES DIGITALES",2025,"484-PROINNOVATE-IMTEMD-2025","ADAPTACIÓN DE UNA GESTIÓN INTEGRAL DIGITAL Y EXPANSIÓN ESTRATÉGICA EN MERCADOS NACIONALES E INTERNACIONALES EN APU KUNTUR ALPACA PARA MEJORAR LA CAPTACIÓN DE CLIENTES",20250822,20260622,"APU KUNTUR ALPACA SOCIEDAD COMERCIAL DE RESPONSABILIDAD LIMITADA","SAN JERONIMO","CUSCO","CUSCO",080104,45000.0000,14400,25600,"SOLES",20260707
"BID 4","VALIDACIÓN DE LA INNOVACIÓN",2025,"485-PROINNOVATE-PIEC2-2025","VALIDACIÓN TÉCNICA Y COMERCIAL DEL SISTEMA INTELIGENTE DE CONTROL DE INACTIVIDAD VEHICULAR - ECORALENTI\, QUE APAGA AUTOMÁTICAMENTE LOS VEHÍCULOS MEDIANTE FUNCIONAMIENTO OFF LINE REDUCIENDO EL CONSUMO DE COMBUSTIBLE.",20250926,20260626,"INVERSIONES HEFYEM SAC","SANTIAGO DE SURCO","LIMA","LIMA",150140,413466.1000,129233.9,292200,"SOLES",20260707
"BID 4","PROGRAMA DE INNOVACIÓN MODERNIZACIÓN TECNOLÓGICA Y EMPRENDIMIENTO - MIPYMES DIGITALES",2025,"486-PROINNOVATE-IMTEMD-2025","\"INTEGRACIÓN DE TECNOLOGÍAS DIGITALES A ISC INGENIERÍA DEL SUR S.A.C PARA LA OPTIMIZACIÓN DE PROCESOS ADMINISTRATIVOS\, TÉCNICOS\, LOGÍSTICOS Y COMERCIALES BUSCANDO MAYOR EFICIENCIA OPERATIVA E INCREMENTO DE CLIENTES\".",20250822,20260622,"ISC INGENIERIA DEL SUR S.A.C.","CERRO COLORADO","AREQUIPA","AREQUIPA",040104,45000.0000,10285.71,6857.14,"SOLES",20260707
"BID 4","PROGRAMA DE INNOVACIÓN MODERNIZACIÓN TECNOLÓGICA Y EMPRENDIMIENTO - MIPYMES DIGITALES",2025,"487-PROINNOVATE-IMTEMD-2025","IMPLEMENTAR UNA SOLUCIÓN DIGITAL INTEGRADA QUE PERMITA MEJORAR LA CAPTACIÓN DE CLIENTES\, ORGANIZAR LA ATENCIÓN COMERCIAL Y AUTOMATIZAR EL CONTROL OPERATIVO DE OBRAS EN LA EMPRESA CONSTRUCTORES Y CONSULTORES AREL S.A.C",20251003,20260703,"CONSTRUCTORES Y CONSULTORES AREL S.A.C","TRUJILLO","TRUJILLO","LA LIBERTAD",130101,45000.0000,12171.43,7114.29,"SOLES",20260707
"BID 4","EMPRENDIMIENTOS INNOVADORES - PERÚ PRODUCE: INNOVACIÓN FRENTE AL CAMBIO CLIMÁTICO",2025,"490-PROINNOVATE-EINCC-2025","HUEVOLANTIS: HUEVOS SOSTENIBLES CON LAS LARVAS BSF QUE TRANSFORMAN RESIDUOS",20250822,20260522,"SURCO MAMANI HEYDI DIANA","ICA","ICA","ICA",110101,67000.0000,9671,19148.4,"SOLES",20260707
"BID 4","EMPRENDIMIENTOS INNOVADORES",2025,"491-PROINNOVATE-EIN-2025","LATIDOSCARE: INNOVANDO EN MONITOREO Y PREVENCIÓN EN SALUD CON IA",20250904,20260504,"LATIDOSCARE S.A.C.","LIMA","LIMA","LIMA",150101,67000.0000,9571.46,19142.83,"SOLES",20260707
"BID 4","EMPRENDIMIENTOS INNOVADORES",2025,"492-PROINNOVATE-EIN-2025","MINDEX: SOFTWARE CON INTELIGENCIA ARTIFICIAL EN LA NUBE PARA LA GESTIÓN INTEGRAL DE EMPRESAS MINERAS",20250904,20260604,"QUISPE MAMANI YURI EBERSON","SAN JUAN DE LURIGANCHO","LIMA","LIMA",150132,66957.5500,9567.87,19131.34,"SOLES",20260707
"BID 4","EMPRENDIMIENTOS DINAMICOS",2025,"493-PROINNOVATE-EDI-2025","DOCTOR APPCUÍCOLA: PRIMER APLICATIVO MÓVIL DE TELEMEDICINA EN ACUICULTURA",20251010,20260810,"ACUICULTURA E INNOVACION VETERINARIA S.A.C.","TARAPOTO","SAN MARTIN","SAN MARTIN",220901,147630.5100,30769.49,42910,"SOLES",20260707
"BID 4","EMPRENDIMIENTOS INNOVADORES - PERÚ PRODUCE: INNOVACIÓN FRENTE AL CAMBIO CLIMÁTICO",2025,"494-PROINNOVATE-EINCC-2025","REVITERRA PLUS: BIO-RESTAURADOR DE SUELOS\, QUE AUMENTA PRODUCTIVIDAD Y DESCARBONIZA EL PLANETA",20251013,20260713,"MONTALVAN GARCIA DAGNER DUBER","SAN IGNACIO","SAN IGNACIO","CAJAMARCA",060901,66958.3100,11129.71,19142.16,"SOLES",20260707
"BID 4","EMPRENDIMIENTOS INNOVADORES",2025,"495-PROINNOVATE-EIN-2025","KIND\, PLATAFORMA QUE PROMUEVE LA SANA CONVIVENCIA EN EL AULA",20251002,20260702,"ARRIBAS BERCKEMEYER ALMUDENA ASUNCION","BARRANCO","LIMA","LIMA",150104,58624.1400,9515.16,17030,"SOLES",20260707
"BID 4","EMPRENDIMIENTOS DINAMICOS",2025,"496-PROINNOVATE-EDI-2025","CALIFICA: PLATAFORMA WEB QUE USA IA PARA GENERAR PLANES DE CLASE Y RECURSOS EN MINUTOS",20250912,20260712,"BLUE TRADER E.I.R.L.","CHIMBOTE","SANTA","ANCASH",021801,150000.0000,41100,42857,"SOLES",20260707
"BID 4","PROGRAMA DE INNOVACIÓN MODERNIZACIÓN TECNOLÓGICA Y EMPRENDIMIENTO - MIPYMES DIGITALES",2025,"498-PROINNOVATE-IMTEMD-2025","ESTRATEGIA DE DIGITALIZACIÓN COMERCIAL PARA FORTALECER LA CAPTACIÓN DE CLIENTES Y EL POSICIONAMIENTO EMPRESARIAL DE ITL SOLUCIONES INTEGRALES",20250820,20260520,"ITL SOLUCIONES INTEGRALES S.A.C.","ALTO SELVA ALEGRE","AREQUIPA","AREQUIPA",040102,45000.0000,10285.71,6857.14,"SOLES",20260707
"BID 4","PROGRAMA DE INNOVACIÓN MODERNIZACIÓN TECNOLÓGICA Y EMPRENDIMIENTO - MIPYMES DIGITALES",2025,"499-PROINNOVATE-IMTEMD-2025","IMPLEMENTACIÓN DE HERRAMIENTAS DIGITALES PARA REDUCIR LA BRECHA TECNOLÓGICA Y AUMENTAR LA PRODUCTIVIDAD EMPRESARIAL EN LA EMPRESA IDMH PERU SAC",20250904,20260804,"IDMH PERU SAC","LOS OLIVOS","LIMA","LIMA",150117,45000.0000,10285.71,6857.14,"SOLES",20260707
"BID 4","PROGRAMA DE INNOVACIÓN MODERNIZACIÓN TECNOLÓGICA Y EMPRENDIMIENTO - MIPYMES DIGITALES",2025,"500-PROINNOVATE-IMTEMD-2025","DIGITALIZACIÓN INTEGRAL EN AGROINDUSTRIAS INTIPAMPA S.A.C. PARA TRAZABILIDAD Y EXPORTACIÓN SOSTENIBLE DE CAFÉ Y CACAO\, GARANTIZANDO CONTROL DE CALIDAD Y ALINEAMIENTO CON LA NORMATIVA EUDR DE LA UNIÓN EUROPEA.",20251017,20260817,"AGROINDUSTRIAS INTIPAMPA S.A.C. - INTIPAMPA S.A.C.","SAN BORJA","LIMA","LIMA",150130,45000.0000,10500,6650,"SOLES",20260707
"BID 4","PROGRAMA DE INNOVACIÓN MODERNIZACIÓN TECNOLÓGICA Y EMPRENDIMIENTO - MIPYMES DIGITALES",2025,"501-PROINNOVATE-IMTEMD-2025","IMPLEMENTACIÓN DE HERRAMIENTAS DIGITALES PARA EL FORTALECIMIENTO Y OPTIMIZACIÓN DE LOS PROCESOS DE CAPACITACIÓN\, MEJORA DE LA GESTIÓN COMERCIAL Y FORTALECIMIENTO DE LA EXPERIENCIA DE APRENDIZAJE DEL CLIENTE EN LA EMPRESA E-LEARNING SOLUCIONES S.A.C.",20251003,20260703,"E-LEARNING SOLUCIONES S.A.C.","SANTIAGO DE SURCO","LIMA","LIMA",150140,45000.0000,12171.42,7114.29,"SOLES",20260707
"BID 4","EMPRENDIMIENTOS INNOVADORES",2025,"503-PROINNOVATE-EIN-2025","PLAZALUD: MARKETPLACE QUE CONECTA A USUARIOS Y PACIENTES CON PRODUCTOS Y SERVICIOS DEL SECTOR SALUD",20250912,20260811,"PALOMINO VALLEJO ROCIO ISABEL","ATE","LIMA","LIMA",150103,67000.0000,9572,19143,"SOLES",20260707
"BID 4","EMPRENDIMIENTOS INNOVADORES",2025,"504-PROINNOVATE-EIN-2025","IALERTT: SEGURIDAD CIUDADANA INTELIGENTE CON IA",20250926,20260626,"SALAZAR MONTOYA RUDY EDILBERTO","COMAS","LIMA","LIMA",150110,55000.0000,10889.94,13500,"SOLES",20260707
"BID 4","EMPRENDIMIENTOS INNOVADORES",2025,"505-PROINNOVATE-EIN-2025","ADDMEWORK: PLATAFORMA ACCESIBLE PARA CONECTAR TALENTO PCD",20250904,20260604,"ADDME WORK BUSINESS PARTNERSHIP SAC","SAN BORJA","LIMA","LIMA",150130,55000.0000,8100,15471.43,"SOLES",20260707
"BID 4","EMPRENDIMIENTOS INNOVADORES",2025,"506-PROINNOVATE-EIN-2025","TEMPO: JABONES ARTESANALES A BASE DE LA MERMA DE LA PRODUCCIÓN DEL ACEITE DE OLIVA.",20251003,20260603,"CAVERO ROMAÑA MARIA URSULA","TACNA","TACNA","TACNA",230101,55000.0000,4119.66,19455.34,"SOLES",20260707
"BID 4","EMPRENDIMIENTOS INNOVADORES - PERÚ PRODUCE: INNOVACIÓN FRENTE AL CAMBIO CLIMÁTICO",2025,"507-PROINNOVATE-EINCC-2025","IKANILOOP: PRODUCTOS SÓLIDOS PARA EL CUIDADO PERSONAL EN EMPAQUES LIBRES DE PLÁSTICO",20250822,20260422,"COELLO DURAND MERY ROCIO","SAN SEBASTIAN","CUSCO","CUSCO",080105,62650.0000,11820,18000,"SOLES",20260707
"BID 4","PROGRAMA DE INNOVACIÓN MODERNIZACIÓN TECNOLÓGICA Y EMPRENDIMIENTO - MIPYMES DIGITALES",2025,"508-PROINNOVATE-IMTEMD-2025","ESTRATEGIA DE DIGITALIZACIÓN PARA MEJORAR EL POSICIONAMIENTO DE MARCA Y OPTIMIZAR EL PROCESO COMERCIAL EN HELADOS COSMOS - INFINITAS POSIBILIDADES",20250909,20260709,"INFINITAS POSIBILIDADES S.A.C.","YANAHUARA","AREQUIPA","AREQUIPA",040126,45000.0000,10286,6857,"SOLES",20260707
"BID 4","PROGRAMA DE INNOVACIÓN MODERNIZACIÓN TECNOLÓGICA Y EMPRENDIMIENTO - MIPYMES DIGITALES",2025,"509-PROINNOVATE-IMTEMD-2025","IMPLEMENTACIÓN DE TECNOLOGÍAS DIGITALES PARA MEJORAR LA TRAZABILIDAD DE LA PRODUCCIÓN\, OPTIMIZAR LOS PROCESOS DE COMPRAS Y VENTAS\, Y EXPANDIR LOS CANALES DE VENTA ONLINE DE KAKAW MURUNKUNA EIRL\, CON EL FIN DE AUMENTAR LA COMPETITIVIDAD Y ALCANZAR MÁS MERCADOS",20250904,20260704,"KAKAW MURUNKUNA E.I.R.L.","LAMAS","LAMAS","SAN MARTIN",220501,45000.0000,10285.71,6857.14,"SOLES",20260707
"BID 4","PROGRAMA DE INNOVACIÓN MODERNIZACIÓN TECNOLÓGICA Y EMPRENDIMIENTO - MIPYMES DIGITALES",2025,"510-PROINNOVATE-IMTEMD-2025","IMPLEMENTACIÓN DE UNA SOLUCIÓN DIGITAL INTEGRAL PARA AUTOMATIZAR EL PROCESO COMERCIAL\, LA ATENCIÓN AL CLIENTE Y FORTALECER LA DISTRIBUCIÓN DEL SISTEMA DE FACTURACIÓN ELECTRÓNICA DE AMAZON ARGUZ SAC",20250904,20260704,"AMAZON ARGUZ S.A.C.","TARAPOTO","SAN MARTIN","SAN MARTIN",220901,45000.0000,10285.71,6857.14,"SOLES",20260707
"BID 4","PROGRAMA DE INNOVACIÓN MODERNIZACIÓN TECNOLÓGICA Y EMPRENDIMIENTO - MIPYMES DIGITALES",2025,"511-PROINNOVATE-IMTEMD-2025","\"DIGITALIZACIÓN INTEGRAL DE PROCESOS PUBLICITARIOS EN PUBLIMAS MEDIANTE IMPLEMENTACIÓN DE CRM\, AUTOMATIZACIÓN DE CAMPAÑAS Y ANALÍTICA DE DATOS\"",20251118,20260818,"GRUPO PUBLICITARIO PUBLIMAS AQP S.R.L.","AREQUIPA","AREQUIPA","AREQUIPA",040101,44900.0000,10260,6840,"SOLES",20260707
"BID 4","VALIDACIÓN DE LA INNOVACIÓN - CAMBIO CLIMÁTICO",2025,"512-PROINNOVATE-PIEC2CC-2025","VALIDACIÓN TÉCNICA Y COMERCIAL DE UNA HARINA DE NARANJA RICA EN ANTIOXIDANTES\, FIBRA DIETÉTICA Y VITAMINA C\, ELABORADA A PARTIR DEL APROVECHAMIENTO DE REMANENTES DE LA PRODUCCIÓN DE JUGO DE NARANJA ORGÁNICA\, BAJO UN ENFOQUE DE ECONOMÍA CIRCULAR.",20251002,20261002,"COOPERATIVA AGRARIA KIVINAKI","PERENE","CHANCHAMAYO","JUNIN",120302,350000.0000,105000,245000,"SOLES",20260707
"BID 4","EMPRENDIMIENTOS INNOVADORES",2025,"513-PROINNOVATE-EIN-2025","BENEDRIVER: PLATAFORMA QUE TRANSFORMA LA VIDA DE LOS CONDUCTORES",20250926,20260626,"GOMEZ POLO ALEXANDER JUNIOR","LIMA","LIMA","LIMA",150101,67000.0000,9576,19140,"SOLES",20260707
"BID 4","PROGRAMA DE INNOVACIÓN MODERNIZACIÓN TECNOLÓGICA Y EMPRENDIMIENTO - MIPYMES DIGITALES",2025,"514-PROINNOVATE-IMTEMD-2025","ESTRATEGIA DE TRANSFORMACIÓN DIGITAL PARA EL IMPULSO DE LA PRODUCTIVIDAD Y LA PROYECCIÓN INTERNACIONAL DE BOTERÍA NEGREIROS",20251003,20260703,"NEGREIROS HANDMADE PERU S.A.C","SAN ISIDRO","LIMA","LIMA",150131,45000.0000,10500,6700,"SOLES",20260707
"BID 4","EMPRENDIMIENTOS INNOVADORES",2025,"515-PROINNOVATE-EIN-2025","CLARIA: PLATAFORMA INTELIGENTE PARA PREVENIR RIESGOS Y MULTAS LEGALES",20250926,20260626,"ALVAREZ MERINO RODRIGO ENRIQUE","MIRAFLORES","LIMA","LIMA",150122,67000.0000,9630,19136,"SOLES",20260707
"BID 4","EMPRENDIMIENTOS INNOVADORES",2025,"516-PROINNOVATE-EIN-2025","ESTRAFALARIO: SISTEMA DE TRAZABILIDAD Y CERTIFICACIÓN TEXTIL EN PENALES DE MUJERES COMO ESTRATEGIA DE INNOVACIÓN SOCIAL Y CIRCULAR",20251014,20260714,"LUNGTA ERA S.A.C.","MIRAFLORES","LIMA","LIMA",150122,66999.1500,9640.64,19080,"SOLES",20260707
"BID 4","PROGRAMA DE INNOVACIÓN MODERNIZACIÓN TECNOLÓGICA Y EMPRENDIMIENTO - MIPYMES DIGITALES",2025,"517-PROINNOVATE-IMTEMD-2025","DISEÑO E IMPLEMENTACIÓN DE UN SISTEMA DIGITAL INTEGRAL PARA LA GESTIÓN OPERATIVA\, FINANCIERA Y DE INVENTARIOS\, ORIENTADO A OPTIMIZAR LA RENTABILIDAD EMPRESARIAL DE INGEPEL PERU SAC",20250822,20260722,"INGENIERIA\, GESTION Y PROYECTOS ELECTRICOS PERU S.A.C. - INGEPEL PERU S.A.C.","SAN MIGUEL","LIMA","LIMA",150136,45000.0000,10285.71,6857.14,"SOLES",20260707
"BID 4","PROGRAMA DE INNOVACIÓN MODERNIZACIÓN TECNOLÓGICA Y EMPRENDIMIENTO - MIPYMES DIGITALES",2025,"519-PROINNOVATE-IMTEMD-2025","OPTIMIZACIÓN DE LAS OPERACIONES DE LAS UNIDADES B2B Y B2C DE VENTA DE SERVICIO TÉCNICO Y DE EQUIPOS DE CÓMPUTO DE COSEINCO SAC A TRAVÉS DE LA IMPLEMENTACIÓN DE TECNOLOGÍAS DIGITALES.",20251118,20260918,"COMPAÑIA DE SERVICIOS INTEGRALES EN COMPUTO S.A.","LA VICTORIA","LIMA","LIMA",150115,40000.0000,15285.71,6857.14,"SOLES",20260707
"BID 4","PROGRAMA DE INNOVACIÓN MODERNIZACIÓN TECNOLÓGICA Y EMPRENDIMIENTO - MIPYMES DIGITALES",2025,"520-PROINNOVATE-IMTEMD-2025","TRANSFORMACIÓN DIGITAL PARA LA INTEGRACIÓN OPERATIVA Y EXPANSIÓN COMERCIAL NACIONAL E INTERNACIONAL DE UNA EMPRESA DE MANUFACTURA INDUSTRIAL",20250912,20260612,"ATECEN S.A.C","INDEPENDENCIA","LIMA","LIMA",150112,45000.0000,10285.72,6857.14,"SOLES",20260707
"BID 4","PROGRAMA DE INNOVACIÓN MODERNIZACIÓN TECNOLÓGICA Y EMPRENDIMIENTO - MIPYMES DIGITALES",2025,"521-PROINNOVATE-IMTEMD-2025","ADAPTACIÓN TECNOLÓGICA Y DIGITALIZACIÓN INTELIGENTE PARA EL ESCALAMIENTO COMERCIAL\, EFICIENCIA OPERACIONAL Y GESTIÓN DE DATOS E INFORMACIÓN SISTEMATIZADA PARA LA TOMA DE DECISIONES DE MANERA ÁGIL\, SEGURA Y ESTRATÉGICA",20250912,20260812,"UNIVERSAL MELAMINAS & MAS S.A.C.","AYACUCHO","HUAMANGA","AYACUCHO",050101,45000.0000,10285.71,6857.14,"SOLES",20260707
"BID 4","PROGRAMA DE INNOVACIÓN MODERNIZACIÓN TECNOLÓGICA Y EMPRENDIMIENTO - MIPYMES DIGITALES",2025,"523-PROINNOVATE-IMTEMD-2025","ESTRATEGIA DIGITAL INTEGRAL PARA POSICIONAR A MORLEN STUDIOS E.I.R.L. EN EL SECTOR PRIVADO MEDIANTE LA IMPLEMENTACIÓN DE HERRAMIENTAS DIGITALES DE COMUNICACIÓN PARA AMPLIAR VISIBILIDAD\, CARTERA COMERCIAL Y RECONOCIMIENTO DE MARCA PARA EL DESARROLLO SOSTENIBLE.",20251002,20260802,"MORLEN STUDIOS E.I.R.L.","SURQUILLO","LIMA","LIMA",150141,45000.0000,10286,6857,"SOLES",20260707
"BID 4","VALIDACIÓN DE LA INNOVACIÓN",2025,"524-PROINNOVATE-PIEC2-2025","VALIDACIÓN TÉCNICA Y COMERCIAL DE UN CEMENTO SOSTENIBLE DE ALTA RESISTENCIA FÍSICA - QUÍMICA Y DURABILIDAD\, DESARROLLADO A PARTIR DEL APROVECHAMIENTO DE LOS RESIDUOS DE VIDRIO Y ESPEJO.",20250904,20260904,"R.BERROCAL S.A.C.","PUEBLO LIBRE","LIMA","LIMA",150121,350000.0000,105000,245000,"SOLES",20260707
"BID 4","EMPRENDIMIENTOS DINAMICOS",2025,"525-PROINNOVATE-EDI-2025","LUCA - PUNTO DE VENTAS DIGITAL",20250904,20260504,"TULIVERY S.A.C.","SANTIAGO DE SURCO","LIMA","LIMA",150140,150000.0000,55000,10000,"SOLES",20260707
"BID 4","EMPRENDIMIENTOS INNOVADORES",2025,"526-PROINNOVATE-EIN-2025","EL DEPA DE ROCKO: PORTAL INMOBILIARIO DONDE PUBLICAMOS Y GESTIONAMOS PROPIEDADES PET FRIENDLY.",20251029,20260729,"EL DEPA DE ROCKO S.A.C.","SAN ISIDRO","LIMA","LIMA",150131,67000.0000,9571.43,19142.86,"SOLES",20260707
"BID 4","EMPRENDIMIENTOS INNOVADORES",2025,"527-PROINNOVATE-EIN-2025","INNOVATOURS: ECO TURISMO VIVENCIAL OPTIMIZADO CON RUTAS PERSONALIZADAS POR IA",20251230,20261031,"SANCHEZ ANCAJIMA RAUL ALFREDO","TUMBES","TUMBES","TUMBES",240101,67000.0000,10800,19200,"SOLES",20260707
"BID 4","PROGRAMA DE INNOVACIÓN MODERNIZACIÓN TECNOLÓGICA Y EMPRENDIMIENTO - MIPYMES DIGITALES",2025,"528-PROINNOVATE-IMTEMD-2025","TRANSFORMACIÓN DIGITAL PARA LA OPTIMIZACIÓN DE LA GESTIÓN ADMINISTRATIVA\, GESTIÓN DE COBRANZAS\, ANÁLISIS DE DATOS\, MEJORA OPERATIVA\, EXPERIENCIA DEL CLIENTE Y FORTALECIMIENTO DE LA COMPETITIVIDAD DE LA EMPRESA GRUPO 3C.",20251002,20260702,"GRUPO 3C S.A.C.","SAN ISIDRO","LIMA","LIMA",150131,45000.0000,12171.42,7114.29,"SOLES",20260707
"BID 4","EMPRENDIMIENTOS INNOVADORES",2025,"530-PROINNOVATE-EIN-2025","PERUVIAN SHELLS: PULPA DE CONCHAS NEGRAS DEPURADA PROCEDENTE DE TUMBES",20251010,20260710,"PRETELL MONZON KRIZIA MARIBEL","ZARUMILLA","ZARUMILLA","TUMBES",240301,67000.0000,9668,19150,"SOLES",20260707
"BID 4","PROGRAMA DE INNOVACIÓN MODERNIZACIÓN TECNOLÓGICA Y EMPRENDIMIENTO - MIPYMES DIGITALES",2025,"533-PROINNOVATE-IMTEMD-2025","OPTIMIZACIÓN DIGITAL DE PROCESOS COMERCIALES Y OPERATIVOS EN INGENIERÍA ESPECIALIZADA.",20251017,20260717,"NOCCONTROL S.A.C.","BREÑA","LIMA","LIMA",150105,45000.0000,10700,6450,"SOLES",20260707
"BID 4","PROGRAMA DE INNOVACIÓN MODERNIZACIÓN TECNOLÓGICA Y EMPRENDIMIENTO - MIPYMES DIGITALES",2025,"534-PROINNOVATE-IMTEMD-2025","SISTEMA DE GESTIÓN COMERCIAL\, RESERVAS Y MARKETING GASTRONÓMICO PARA LA TRANSFORMACIÓN DIGITAL DE LA COCINA DEL VRAEM DE LA EMPRESA GRUPO MUKI SAC",20250912,20260712,"GRUPO MUKI S.A.C.","KIMBIRI","LA CONVENCION","CUSCO",080907,44900.0000,10260,6840,"SOLES",20260707
"BID 4","PROGRAMA DE INNOVACIÓN MODERNIZACIÓN TECNOLÓGICA Y EMPRENDIMIENTO - MIPYMES DIGITALES",2025,"535-PROINNOVATE-IMTEMD-2025","DIGITALIZACIÓN DEL ÁREA DE OPERACIONES PARA MEJORAR LA PRODUCTIVIDAD\, TRAZABILIDAD Y GESTIÓN DE INVENTARIOS DE LA EMPRESA INDUSTRIA PANIFICADORA ALVIÑA E.I.R.L.",20250904,20260604,"INDUSTRIA PANIFICADORA ALVIÑA E.I.R.L.","TRUJILLO","TRUJILLO","LA LIBERTAD",130101,45000.0000,12800,7200,"SOLES",20260707
"BID 4","EMPRENDIMIENTOS INNOVADORES",2025,"537-PROINNOVATE-EIN-2025","VIVIA: IA PARA CONEXIÓN ENTRE AGENTES INMOBILIARIOS",20250912,20260612,"MASIAS MEZA ROBBY JOHN","TRUJILLO","TRUJILLO","LA LIBERTAD",130101,67000.0000,9700,19100,"SOLES",20260707
"BID 4","EMPRENDIMIENTOS DINAMICOS",2025,"539-PROINNOVATE-EDI-2025","JOIS EXPORT: SOFTWARE DE PRECISIÓN GRÁFICA PARA SELECCIÓN DE CALIDAD EN ALIMENTOS DE EXPORTACIÓN",20251013,20260713,"JOIS FOOD & SERVICES S.A.C.","CHORRILLOS","LIMA","LIMA",150108,150000.0000,21428.57,42857.14,"SOLES",20260707
"BID 4","EMPRENDIMIENTOS INNOVADORES - PERÚ PRODUCE: INNOVACIÓN FRENTE AL CAMBIO CLIMÁTICO",2025,"540-PROINNOVATE-EINCC-2025","AGROLIX: LIXIVIACIÓN DEL RESIDUO POST COSECHA DEL BANANO",20251003,20260703,"ADAUTO RIVAS YURI LUIS","BUENOS AIRES","MORROPON","PIURA",200402,61908.0000,12050,16000,"SOLES",20260707
"BID 4","EMPRENDIMIENTOS INNOVADORES - PERÚ PRODUCE: INNOVACIÓN FRENTE AL CAMBIO CLIMÁTICO",2025,"541-PROINNOVATE-EINCC-2025","GUSTO AMAZÓNICO: EMPAQUE BIODEGRADABLE CON ESENCIA NATURAL",20250904,20260604,"PANDURO GUEVARA BRENDA STEFANI","LA BANDA DE SHILCAYO","SAN MARTIN","SAN MARTIN",220909,67000.0000,27571.51,10000,"SOLES",20260707
"BID 4","EMPRENDIMIENTOS INNOVADORES - PERÚ PRODUCE: INNOVACIÓN FRENTE AL CAMBIO CLIMÁTICO",2025,"542-PROINNOVATE-EINCC-2025","API ROBOTICS: COLMENAS ROBÓTICAS PARA EL MONITOREO DE LA POLINIZACIÓN",20251003,20260603,"ARANA RODRIGUEZ MARIA DEL CARMEN","HUANCAYO","HUANCAYO","JUNIN",120101,67000.0000,11800,17000,"SOLES",20260707
"BID 4","EMPRENDIMIENTOS DINÁMICOS - PERÚ PRODUCE: INNOVACIÓN FRENTE AL CAMBIO CLIMÁTICO",2025,"543-PROINNOVATE-EDICC-2025","TOP PET: SHAMPOO Y ESPUMA CON FITOQUERATINA PARA LAS MASCOTAS",20250904,20260604,"BRASCORP SOCIEDAD ANONIMA CERRADA","PUEBLO LIBRE","LIMA","LIMA",150121,150000.0000,21428.57,42857.14,"SOLES",20260707
"BID 4","EMPRENDIMIENTOS INNOVADORES",2025,"544-PROINNOVATE-EIN-2025","MEGAHERMETIA: JAULAS DE REPRODUCCIÓN OPTIMIZADAS PARA LA OBTENCIÓN DE HUEVOS DE HERMETIAS ILLUCENS",20251023,20260523,"VILLALOBOS NUNEZ RAMSES DAVID","PUENTE PIEDRA","LIMA","LIMA",150125,67000.0000,9571.43,19142.85,"SOLES",20260707
"BID 4","EMPRENDIMIENTOS DINAMICOS",2025,"545-PROINNOVATE-EDI-2025","ACELERA: PLATAFORMA EMPRESARIAL QUE GESTIONA LA ESTRATEGIA\, PROYECTOS\, OBJETIVOS Y KPIS",20251002,20260802,"ACELERA CO S.A.C.","MIRAFLORES","LIMA","LIMA",150122,150000.0000,26847.46,40000,"SOLES",20260707
"BID 4","EMPRENDIMIENTOS DINAMICOS",2025,"546-PROINNOVATE-EDI-2025","REEVALÚA BY PREAUTH: TECNOLOGÍA IA EN WHATSAPP QUE AYUDA A PERSONAS TENER UN PLAN PARA RESOLVER SUS DEUDAS\, RECONSTRUIR SU CRÉDITO Y PROMOVER SU BIENESTAR FINANCIERO",20250904,20260704,"INSTACASH PERU S.A.C.","MAGDALENA DEL MAR","LIMA","LIMA",150120,149999.9700,27619.99,42000,"SOLES",20260707
"BID 4","EMPRENDIMIENTOS INNOVADORES",2025,"548-PROINNOVATE-EIN-2025","ATIKUX HOME: PRODUCTOS DE ESCRITORIO FABRICADOS CON ECOMATERIALES Y TECNOLOGÍA MAGSAFE Y QI2.",20250904,20260604,"LIBIO PANDURO FELIX ARMANDO ABELARDO","SANTIAGO DE SURCO","LIMA","LIMA",150140,67000.0000,9700,19150,"SOLES",20260707
"BID 4","EMPRENDIMIENTOS INNOVADORES",2025,"549-PROINNOVATE-EIN-2025","SIMPLE: SISTEMA WEB CON MÓDULOS DE GESTIÓN PARA ALMACENAR Y PROCESAR LA INFORMACIÓN DE NEGOCIO DE LA MIPYMES.",20250904,20260604,"DURAN SANCHEZ DIEGO JOSE MANUEL","MIRAFLORES","LIMA","LIMA",150122,67000.0000,11500,17250,"SOLES",20260707
"BID 4","PROGRAMA DE INNOVACIÓN MODERNIZACIÓN TECNOLÓGICA Y EMPRENDIMIENTO - MIPYMES DIGITALES",2025,"550-PROINNOVATE-IMTEMD-2025","IMPLEMENTACIÓN DE SOLUCIONES DIGITALES PARA OPTIMIZAR LA GESTIÓN COMERCIAL Y PRODUCTIVA EN TABLITAS EIRL.",20251003,20260903,"TABLITAS E.I.R.L.","PUNO","PUNO","PUNO",210101,44900.0000,10260,6840,"SOLES",20260707
"BID 4","PROGRAMA DE INNOVACIÓN MODERNIZACIÓN TECNOLÓGICA Y EMPRENDIMIENTO - MIPYMES DIGITALES",2025,"551-PROINNOVATE-IMTEMD-2025","OPTIMIZAR LOS PROCESOS COMERCIALES DE HOME GROUP INMOBILIARIA S.A.C. MEDIANTE TECNOLOGÍAS DIGITALES QUE ORDENEN SU INFORMACIÓN\, MEJOREN LA TRAZABILIDAD DE CONTACTOS Y REFUERCEN LA EFICIENCIA EN SU ESTRATEGIA DE VENTAS",20251002,20260702,"HOME GROUP INMOBILIARIA S.A.C.","SANTIAGO DE SURCO","LIMA","LIMA",150140,45000.0000,10292,6858,"SOLES",20260707
"BID 4","PROGRAMA DE INNOVACIÓN MODERNIZACIÓN TECNOLÓGICA Y EMPRENDIMIENTO - MIPYMES DIGITALES",2025,"552-PROINNOVATE-IMTEMD-2025","IMPLEMENTACIÓN DE UNA HERRAMIENTA PARA DIGITALIZAR PROCESOS OPERATIVOS\, AUTOMATIZAR PRESUPUESTOS Y OPTIMIZAR LA CAPTACIÓN DE CLIENTES EN EL SECTOR CONSTRUCCIÓN.",20251023,20260723,"CONSTRUCTORA CARPO E.I.R.L.","CASTILLA","PIURA","PIURA",200104,45000.0000,12171.43,7114.29,"SOLES",20260707
"BID 4","PROGRAMA DE INNOVACIÓN MODERNIZACIÓN TECNOLÓGICA Y EMPRENDIMIENTO - MIPYMES DIGITALES",2025,"553-PROINNOVATE-IMTEMD-2025","IMPLEMENTACIÓN DE UN SISTEMA INTEGRAL DE GESTIÓN DIGITAL PARA OPTIMIZAR LAS OPERACIONES CONSTRUCTIVAS E INMOBILIARIAS EN LA EMPRESA VALLE GRANDE CONTRATISTAS CONSULTORES GENERALES S.R.L.",20250822,20260622,"VALLE GRANDE CONTRATISTAS CONSULTORES GENERALES S.R.L.","HUANCAYO","HUANCAYO","JUNIN",120101,44900.0000,10260,6840,"SOLES",20260707
"BID 4","PROGRAMA DE INNOVACIÓN MODERNIZACIÓN TECNOLÓGICA Y EMPRENDIMIENTO - MIPYMES DIGITALES",2025,"555-PROINNOVATE-IMTEMD-2025","IMPLEMENTACIÓN DE UNA SOLUCIÓN DIGITAL INTEGRAL PARA OPTIMIZAR LOS PROCESOS COMERCIALES Y TÉCNICOS Y MEJORAR LA EFICIENCIA Y LA TOMA DE DECISIONES EN GRANOS & FRUIT EXPORTS DEL ORIENTE S.A.C.",20251003,20260803,"GRANOS & FRUIT EXPORTS DEL ORIENTE S.A.C.","TARAPOTO","SAN MARTIN","SAN MARTIN",220901,45000.0000,10285.71,6857.14,"SOLES",20260707
"BID 4","PROGRAMA DE INNOVACIÓN MODERNIZACIÓN TECNOLÓGICA Y EMPRENDIMIENTO - MIPYMES DIGITALES",2025,"556-PROINNOVATE-IMTEMD-2025","IMPLEMENTACION DE ESTRATEGIAS DIGITALES PARA LA OPTIMIZACION DE LOS PROCESOS OPERATIVOS INTERNOS\, LA AMPLIACION DE LOS CANALES DE DISTRIBUCION Y EL POSICIONAMIENTO DE LAS MARCAS DE LA EMPRESA EN EL MERCADO",20251010,20260810,"MURI OIL IMPORTACIONES E.I.R.L.","TARAPOTO","SAN MARTIN","SAN MARTIN",220901,45000.0000,11000,6900,"SOLES",20260707
"BID 4","EMPRENDIMIENTOS INNOVADORES - PERÚ PRODUCE: INNOVACIÓN FRENTE AL CAMBIO CLIMÁTICO",2025,"558-PROINNOVATE-EINCC-2025","KURKUWIND\, AEROGENERADOR DE ENERGÍA ELÉCTRICA PARA ENTORNOS URBANOS Y RURALES",20251029,20260729,"CASSINELLI CISNEROS FRANCO ANDRES","SAN MARTIN DE PORRES","LIMA","LIMA",150135,44990.0000,7000,12600,"SOLES",20260707
"BID 4","PROGRAMA DE INNOVACIÓN MODERNIZACIÓN TECNOLÓGICA Y EMPRENDIMIENTO - MIPYMES DIGITALES",2025,"559-PROINNOVATE-IMTEMD-2025","TRANSFORMACION DIGITAL PARA ALINE S.A.C EN BUSCA DE MODERNIZACION PARA TENER MAS EFICIENCIA\, OPTIMIZACION DE NUESTROS RECURSOS PARA OBTENER MAS CLIENTES Y MEJORAR NUESTROS INGRESOS",20251224,20260924,"ALINE S.A.C.","MALA","CAÑETE","LIMA",150509,45000.0000,10285.71,6857.14,"SOLES",20260707
"BID 4","PROGRAMA DE INNOVACIÓN MODERNIZACIÓN TECNOLÓGICA Y EMPRENDIMIENTO - MIPYMES DIGITALES",2025,"560-PROINNOVATE-IMTEMD-2025","IMPLEMENTACIÓN DE UNA ESTRATEGIA DE DIGITALIZACIÓN PARA OPTIMIZAR LOS PROCESOS PRODUCTIVOS Y COMERCIALES\, Y FORTALECER EL SERVICIO TÉCNICO POSTVENTA EN MG INDUSTRIAS & COMERCIO SAC",20250912,20260812,"MG INDUSTRIA & COMERCIO SAC","BAGUA GRANDE","UTCUBAMBA","AMAZONAS",010701,45000.0000,10285.71,6857.14,"SOLES",20260707
"BID 4","EMPRENDIMIENTOS INNOVADORES - PERÚ PRODUCE: INNOVACIÓN FRENTE AL CAMBIO CLIMÁTICO",2025,"561-PROINNOVATE-EINCC-2025","SERGEN: PLATAFORMA DE GESTIÓN ENERGÉTICA PARA PYMES MANUFACTURERAS",20250822,20260522,"SERGEN EFICIENCIA ENERGETICA S.A.C.","CHILCA","CAÑETE","LIMA",150505,67000.0000,9571.81,19142.72,"SOLES",20260707
"BID 4","EMPRENDIMIENTOS INNOVADORES - PERÚ PRODUCE: INNOVACIÓN FRENTE AL CAMBIO CLIMÁTICO",2025,"562-PROINNOVATE-EINCC-2025","ALGITECH: DESARROLLADORES DE INSUMOS A PARTIR DE ALGAS CON ENFOQUE EN LA INDUSTRIA COSMÉTICA",20251010,20260710,"HUAMANI PALOMINO RONNY GENARO","VILLA MARIA DEL TRIUNFO","LIMA","LIMA",150143,67000.0000,10000,19200,"SOLES",20260707
"BID 4","PROGRAMA DE INNOVACIÓN MODERNIZACIÓN TECNOLÓGICA Y EMPRENDIMIENTO - MIPYMES DIGITALES",2025,"563-PROINNOVATE-IMTEMD-2025","IMPLEMENTACIÓN DE SOLUCIONES DIGITALES INTEGRADAS EN LOS PROCESOS CLAVE DE ERABAMBÚ: GESTIÓN OPERATIVA\, COMERCIAL Y DE RELACIONES CON LOS CLIENTES\, CON EL FIN DE OPTIMIZAR LA EFICIENCIA\, MEJORAR LA EXPERIENCIA DEL CLIENTE Y EXPANDIR SU ALCANCE",20250904,20260704,"FORESTBAMBU ESENCIA DEL BOSQUE E.I.R.L.","SATIPO","SATIPO","JUNIN",120601,45000.0000,11500,6500,"SOLES",20260707
"BID 4","PROGRAMA DE INNOVACIÓN MODERNIZACIÓN TECNOLÓGICA Y EMPRENDIMIENTO - MIPYMES DIGITALES",2025,"564-PROINNOVATE-IMTEMD-2025","IMPLEMENTACIÓN DE HERRAMIENTAS DIGITALES PARA OPTIMIZAR LA GESTIÓN OPERATIVA Y COMERCIAL DE MULTISERVICIOS ALRE EN EL RUBRO AGRÍCOLA EN TARAPOTO",20250909,20260709,"MULTISERVICIOS ALRE EMPRESA INDIVIDUAL DE RESPONSABILIDAD LIMITADA","MORALES","SAN MARTIN","SAN MARTIN",220910,45000.0000,10285.8,6857.1,"SOLES",20260707
"BID 4","EMPRENDIMIENTOS INNOVADORES",2025,"565-PROINNOVATE-EIN-2025","PRACTICA YA!\, ACELERAMOS LA INSERCIÓN LABORAL JUVENIL",20251010,20260610,"VILCHERRES TRINIDAD KEVIN EDINSON","HUAURA","HUAURA","LIMA",150806,66999.1600,9719.84,19038,"SOLES",20260707
"BID 4","EMPRENDIMIENTOS INNOVADORES",2025,"566-PROINNOVATE-EIN-2025","COCHERAGO: APP CON IA QUE CONECTA A CONDUCTORES CON COCHERAS DISPONIBLES EN TIEMPO REAL",20251003,20260603,"MUÑOZ ROMERO JORGE DIONY","SAN MARTIN DE PORRES","LIMA","LIMA",150135,67000.0000,11160,18800,"SOLES",20260707
"BID 4","EMPRENDIMIENTOS DINAMICOS",2025,"567-PROINNOVATE-EDI-2025","SEIZAM: EL PRIMER SHOT PREVENTIVO PARA LA RESACA EN LATAM",20250904,20260804,"SEIZAM LABS S.A.C.","SAN ISIDRO","LIMA","LIMA",150131,150000.0000,21428.57,42857.14,"SOLES",20260707
"BID 4","EMPRENDIMIENTOS INNOVADORES",2025,"568-PROINNOVATE-EIN-2025","SERVI\, PLATAFORMA QUE CONGLOMERA SERVICIOS COTIDIANOS (JARDINERIA\, GASFITERÍA\, LIMPIEZA)",20251010,20260610,"OBLITAS KAHN JOSÉ FRANCISCO","LA MOLINA","LIMA","LIMA",150114,46000.0000,6610,13152,"SOLES",20260707
"BID 4","EMPRENDIMIENTOS INNOVADORES",2025,"569-PROINNOVATE-EIN-2025","AUTOPARTES JAK: MERCADO VIRTUAL DEL SECTOR AUTOMOTRIZ",20250926,20260626,"CRUZ LLANO JACQUELINE CYNTHIA","JESUS NAZARENO","HUAMANGA","AYACUCHO",050115,67000.0000,9571.43,19142.86,"SOLES",20260707
"BID 4","PROGRAMA DE INNOVACIÓN MODERNIZACIÓN TECNOLÓGICA Y EMPRENDIMIENTO - MIPYMES DIGITALES",2025,"570-PROINNOVATE-IMTEMD-2025","IMPLEMENTACIÓN DE HERRAMIENTAS DIGITALES ERP Y CRM EN ENV & EMBOTELLADORA MV PARA OPTIMIZAR LOS PROCESOS INTERNOS DE GESTION ADMINISTRATIVA LOGISTICA Y VENTAS DEL NEGOCIO PARA GARANTIZAR UNA EFICIENTE GESTION DE RECURSOS Y CLIENTES B2B",20251107,20260807,"ENVASADORA Y EMBOTELLADORA DE AGUA MV SAC","MORALES","SAN MARTIN","SAN MARTIN",220910,45000.0000,10285.8,6857.1,"SOLES",20260707
"BID 4","EMPRENDIMIENTOS INNOVADORES",2025,"571-PROINNOVATE-EIN-2025","XOFI.AI : NANO CRÉDITOS DIGITALES PARA FINANCIERAS",20250926,20260626,"CARRANZA GONZALEZ MARCO ANTONIO","SAN ISIDRO","LIMA","LIMA",150131,67000.0000,9575,19142,"SOLES",20260707
"BID 4","EMPRENDIMIENTOS INNOVADORES",2025,"572-PROINNOVATE-EIN-2025","FIDELIO: PLATAFORMA DIGITAL QUE GENERA FIDELIZACIÓN ENTRE RESTAURANTES Y COMENSALES",20251003,20260603,"INTEDI PERU S.A.C.","MAGDALENA DEL MAR","LIMA","LIMA",150120,67000.0000,9571.43,19142.86,"SOLES",20260707
"BID 4","EMPRENDIMIENTOS DINAMICOS",2025,"573-PROINNOVATE-EDI-2025","REALZO\, PLATAFORMA DE VENTAS 3D DE PROYECTOS INMOBILIARIOS",20250820,20260420,"REALZO PERU S.A.C.","LINCE","LIMA","LIMA",150116,150000.0000,21500,42800,"SOLES",20260707
"BID 4","EMPRENDIMIENTOS INNOVADORES",2025,"574-PROINNOVATE-EIN-2025","REFFI\, LA BILLETERA DIGITAL PARA COOPERATIVAS FINANCIERAS",20251029,20260729,"PACHAS POZO MANUEL PABLO","VILLA MARIA DEL TRIUNFO","LIMA","LIMA",150143,67000.0000,9600,19142,"SOLES",20260707
"BID 4","EMPRENDIMIENTOS INNOVADORES",2025,"575-PROINNOVATE-EIN-2025","STAMPITAS: LAS CLÁSICAS TARJETAS DE SELLOS Y RECOMPENSAS EN FORMATO DIGITAL",20250904,20260604,"STAMPITAS E.I.R.L.","RIMAC","LIMA","LIMA",150128,55000.0000,7857.14,15714.3,"SOLES",20260707
"BID 4","EMPRENDIMIENTOS DINAMICOS",2025,"576-PROINNOVATE-EDI-2025","GLOBULITOS: ALIMENTOS FORTIFICADOS QUE COMBATEN LA ANEMIA",20250904,20260804,"ABC ALIMENTOS PERUANOS S.A.C.","LOS OLIVOS","LIMA","LIMA",150117,150000.0000,21428.57,42857.14,"SOLES",20260707
"BID 4","EMPRENDIMIENTOS INNOVADORES",2025,"577-PROINNOVATE-EIN-2025","KURMIKUYAY: PLATAFORMA DIGITAL ESPECIALIZADA EN PRODUCTOS FUSIÓN CON VALOR CULTURAL.",20251010,20260710,"MARTHA ELIZABETH CANARIO GARCIA","SAN BORJA","LIMA","LIMA",150130,55000.0000,7857.15,15714.28,"SOLES",20260707
"BID 4","VALIDACIÓN DE LA INNOVACIÓN - CAMBIO CLIMÁTICO",2025,"579-PROINNOVATE-PIEC2CC-2025","VALIDACIÓN TÉCNICA\, COMERCIAL Y EMPAQUETAMIENTO DEL SECADOR SOLAR ECOEFICIENTE PARA GRANOS DE CAFÉ CON LA FINALIDAD DE OBTENER CAFÉS DE ALTO VALOR DIFERENCIADO.",20251010,20261010,"NEGOCIACIONES AGROINDUSTRIAL AREVALO S.A","VILLA RICA","OXAPAMPA","PASCO",190307,489038.3200,152431.68,341500,"SOLES",20260707
"BID 4","EMPRENDIMIENTOS INNOVADORES",2025,"580-PROINNOVATE-EIN-2025","BANKYTO: FINTECH DE EDUCACIÓN E INCLUSIÓN FINANCIERA",20251013,20260613,"RUIZ DEL AGUILA YLLICH PAUL","SAN JUAN DE LURIGANCHO","LIMA","LIMA",150132,67000.0000,10100,18800,"SOLES",20260707
"BID 4","EMPRENDIMIENTOS INNOVADORES",2025,"581-PROINNOVATE-EIN-2025","FHYONA: SOFTWARE PARA PYME DE MANUFACTURA QUE OPTIMIZA LOS PROCESOS DE LA EMPRESA.",20251003,20260603,"ALBORNOZ CABRERA JOSE FRANCISCO ANTONINO","LURIGANCHO","LIMA","LIMA",150118,67000.0000,10768.37,18750,"SOLES",20260707
"BID 4","EMPRENDIMIENTOS INNOVADORES",2025,"582-PROINNOVATE-EIN-2025","AUTÉNTICA TRIBU: PLATAFORMA DE TERAPIAS PSICOLÓGICAS ONLINE Y SOLUCIONES INTEGRALES EN SALUD MENTAL",20250904,20260504,"AUTENTICA TRIBU S.A.C.","LA MOLINA","LIMA","LIMA",150114,54800.0000,0,24000,"SOLES",20260707
"BID 4","EMPRENDIMIENTOS DINÁMICOS - PERÚ PRODUCE: INNOVACIÓN FRENTE AL CAMBIO CLIMÁTICO",2025,"583-PROINNOVATE-EDICC-2025","ACUÍCOLA VILMITA: PROTEÍNA DE INSECTO PARA PAICHE Y PACO.",20251010,20260710,"AGRO ACUICOLA VILMITA S.A.C.","CAMPOVERDE","CORONEL PORTILLO","UCAYALI",250102,150000.0000,21428.57,42857.14,"SOLES",20260707
"BID 4","EMPRENDIMIENTOS INNOVADORES",2025,"585-PROINNOVATE-EIN-2025","TOY MOSCA - JUGUETES CULTURALES\, TECNOLÓGICOS\, INNOVADORES Y SOSTENIBLES PARA DESARROLLAR COMPETENCIAS STEAM",20250912,20260512,"CHAVEZ GAMBOA CECILIA CAROLINA","LINCE","LIMA","LIMA",150116,55000.0000,7857.14,15714.29,"SOLES",20260707
"BID 4","PROGRAMA DE INNOVACIÓN MODERNIZACIÓN TECNOLÓGICA Y EMPRENDIMIENTO - MIPYMES DIGITALES",2025,"586-PROINNOVATE-IMTEMD-2025","TRANSFORMACIÓN DIGITAL PARA OPTIMIZAR LA EFICIENCIA OPERATIVA Y LA TRAZABILIDAD EN TIEMPO REAL EN NESERLUZ SAC\, EMPRESA DEDICADA A LA TRANSFORMACIÓN Y COMERCIALIZACIÓN DE PRODUCTOS CÁRNICOS",20250904,20260804,"NEGOCIOS Y SERVICIOS LUZ SOCIEDAD ANONIMA CERRADA - NESERLUZ S.A.C.","ALTO SELVA ALEGRE","AREQUIPA","AREQUIPA",040102,45000.0000,10285.71,6857.14,"SOLES",20260707
"BID 4","PROGRAMA DE INNOVACIÓN MODERNIZACIÓN TECNOLÓGICA Y EMPRENDIMIENTO - MIPYMES DIGITALES",2025,"587-PROINNOVATE-IMTEMD-2025","DIGITALIZACIÓN INTEGRAL EN ARDITEC PERU S.A.C. PARA OPTIMIZAR PROCESOS OPERATIVOS\, FORTALECER LA GESTIÓN DE INFORMACIÓN Y MEJORAR LA TRAZABILIDAD Y LOS SERVICIOS TÉCNICOS EN DIVERSAS REGIONES DEL PAÍS",20250912,20260812,"ARDITEC PERU S.A.C.","CHACHAPOYAS","CHACHAPOYAS","AMAZONAS",010101,45000.0000,10286,6857,"SOLES",20260707
"BID 4","PROGRAMA DE INNOVACIÓN MODERNIZACIÓN TECNOLÓGICA Y EMPRENDIMIENTO - MIPYMES DIGITALES",2025,"588-PROINNOVATE-IMTEMD-2025","IMPLEMENTACIÓN DE UNA PLATAFORMA DIGITAL EN GESTIÓN DE PROYECTOS\, ADMINISTRACIÓN DE RECURSOS Y MARKETING DIGITAL\, PARA MEJORAR LA EFICIENCIA OPERATIVA EN LA EMPRESA.",20250912,20260812,"S&S CONSULTORES Y EJECUTORES E.I.R.L.","CHACHAPOYAS","CHACHAPOYAS","AMAZONAS",010101,44900.0000,10260,6840,"SOLES",20260707
"BID 4","EMPRENDIMIENTOS INNOVADORES",2025,"589-PROINNOVATE-EIN-2025","COMERCIALIZACIÓN DE INÓCULOS DE HONGOS COMESTIBLES",20250926,20260626,"ESPINOZA DIAZ DIEGO ARMANDO","SAN SALVADOR","CALCA","CUSCO",080406,55000.0000,9000,14571.42,"SOLES",20260707
"BID 4","EMPRENDIMIENTOS INNOVADORES",2025,"590-PROINNOVATE-EIN-2025","DOMUS AI: AGENTES IA QUE AUTOMATIZAN LA GESTIÓN RESIDENCIAL",20251003,20260603,"APPU INVERSIONES S.A.C.","SURQUILLO","LIMA","LIMA",150141,67000.0000,9840,18900,"SOLES",20260707
"BID 4","EMPRENDIMIENTOS INNOVADORES",2025,"591-PROINNOVATE-EIN-2025","TODO NORTE PERU: ARTESANÍA PERUANA EN DISPENSADORES AUTOMÁTICOS",20250926,20260626,"SANTISTEBAN FLORES LUISA INES","MORROPE","LAMBAYEQUE","LAMBAYEQUE",140306,55000.0000,5000,19000,"SOLES",20260707
"BID 4","EMPRENDIMIENTOS INNOVADORES",2025,"593-PROINNOVATE-EIN-2025","CEDEIP: PLATAFORMA E-LEARNING QUE BRINDA CURSOS VIRTUALES A PSICÓLOGOS Y DOCENTES.",20251003,20260703,"MARIACA MAMANI JHEAND SIMIONNE","ALTO DE LA ALIANZA","TACNA","TACNA",230102,37563.0000,5366.15,10732.28,"SOLES",20260707
"BID 4","EMPRENDIMIENTOS INNOVADORES",2025,"594-PROINNOVATE-EIN-2025","FUB (FUI UN BANNER): RECUPERAMOS BANNERS DE PVC Y TEXTILES PARA CREAR ACCESORIOS ÚNICOS",20250912,20260612,"DIAZ KNUTZEN JOSE ANTONIO","SANTIAGO DE SURCO","LIMA","LIMA",150140,67000.0000,9847,19200,"SOLES",20260707
"BID 4","EMPRENDIMIENTOS INNOVADORES",2025,"595-PROINNOVATE-EIN-2025","JOGO: EMPRESA DEDICADA A LA ORGANIZACIÓN DE EVENTOS DEPORTIVOS.",20251010,20260710,"GIANCARLO MONTOYA URBANO","LA MOLINA","LIMA","LIMA",150114,55000.0000,9900,15471.43,"SOLES",20260707
"BID 4","PROGRAMA DE INNOVACIÓN MODERNIZACIÓN TECNOLÓGICA Y EMPRENDIMIENTO - MIPYMES DIGITALES",2025,"596-PROINNOVATE-IMTEMD-2025","IMPLEMENTACIÓN DE SOLUCIONES DIGITALES PARA OPTIMIZAR LA GESTIÓN COMERCIAL Y MEJORAR LA ATENCIÓN TÉCNICA ESPECIALIZADA DE ZOO BERO INGENIEROS EN ENTORNOS VIRTUALES",20251224,20260924,"ZOO BERO INGENIEROS EMPRESA INDIVIDUAL DE RESPONSABILIDAD LIMITADA  ZOO BERO INGENIEROS EIRL","SAN JERONIMO","CUSCO","CUSCO",080104,45000.0000,10285.71,6857.14,"SOLES",20260707
"BID 4","EMPRENDIMIENTOS INNOVADORES",2025,"597-PROINNOVATE-EIN-2025","HIGIA SALUD MENTAL: SERVICIO CITAS ONLINE PARA ATENCIÓN CON PSICÓLOGOS Y PSIQUIATRAS.",20251003,20260703,"HIGIA SALUD Y BIENESTAR S.A.C.","LIMA","LIMA","LIMA",150101,67000.0000,9572.42,19142.85,"SOLES",20260707
"BID 4","EMPRENDIMIENTOS INNOVADORES",2025,"598-PROINNOVATE-EIN-2025","GATO ERP: SISTEMA DE GESTIÓN CONTABLE PARA PYMES",20251003,20260703,"JARA ESTRELLA EDWIN MARTIN","JESUS MARIA","LIMA","LIMA",150113,67000.0000,9738,19000,"SOLES",20260707
"BID 4","EMPRENDIMIENTOS INNOVADORES",2025,"599-PROINNOVATE-EIN-2025","CACHIMBOZ: PLATAFORMA DE PREPARACIÓN PARA EXÁMENES BASADO EN IA Y MICRO CAPSULAS",20250904,20260604,"CCOPA CHUMBES WILSON","MARA","COTABAMBAS","APURIMAC",030505,67000.0000,9571.43,19142.86,"SOLES",20260707
"BID 4","EMPRENDIMIENTOS INNOVADORES",2025,"600-PROINNOVATE-EIN-2025","SIMS TECHNOLOGY: SISTEMA DE MONITOREO DE PARÁMETROS COMO TEMPERATURA\, PH\, HUMEDAD\, NPK\, CONDUCTIVIDAD ELÉCTRICA\, PRESIÓN",20250926,20260626,"GARCIA SANTOS JORDHAN ALEXANDER","TRUJILLO","TRUJILLO","LA LIBERTAD",130101,55000.0000,6300,17271.43,"SOLES",20260707
"BID 4","EMPRENDIMIENTOS INNOVADORES",2025,"601-PROINNOVATE-EIN-2025","WARAY: PLATAFORMA VIRTUAL QUE DESARROLLA SOFT SKILLS EN EMPRENDEDORES VÍA BOOTCAMPS ONLINE",20251014,20260714,"AYMA PALLAREZ JUAN FRANCISCO","CALLAO","CALLAO","CALLAO",070101,38500.0000,1000,15500,"SOLES",20260707
"BID 4","EMPRENDIMIENTOS INNOVADORES",2025,"602-PROINNOVATE-EIN-2025","PLATIA: APLICATIVO DE PAGOS DIGITALES INTEGRANDO A LA ECONOMÍA RURAL",20250912,20260512,"REYES MURILLO HILLMER HUMBERTO","BOLOGNESI","PALLASCA","ANCASH",021502,67000.0000,9622.37,19150,"SOLES",20260707
"BID 4","EMPRENDIMIENTOS INNOVADORES",2025,"603-PROINNOVATE-EIN-2025","EKO CITY: BIOMATERIALES FÚNGICOS PARA EL SECTOR DE CONSTRUCCIÓN Y DISEÑO DE INTERIORES",20251002,20260702,"VERA RIEGA MARICIELO ALEJANDRA","SAN JUAN DE MIRAFLORES","LIMA","LIMA",150133,66058.3600,12381.44,16618,"SOLES",20260707
"BID 4","EMPRENDIMIENTOS INNOVADORES",2025,"604-PROINNOVATE-EIN-2025","ESPE: PRIMEROS AUXILIOS EMOCIONALES IMPULSADOS CON IA PARA EL CAMINO ONCOLÓGICO",20251010,20260610,"MONGE RONCAL ANDREA VALERIA","SAN JUAN DE MIRAFLORES","LIMA","LIMA",150133,47456.1700,11906.83,8820,"SOLES",20260707
"BID 4","EMPRENDIMIENTOS INNOVADORES",2025,"605-PROINNOVATE-EIN-2025","TSPEAK: APP TERAPÉUTICA PARA DESARROLLO COGNTIVO Y EMOCIONAL EN NIÑOS DE 3-9 AÑOS",20251010,20260710,"VILLARROEL RAMOS KELY EVELIN","PAUCARPATA","AREQUIPA","AREQUIPA",040112,67000.0000,9572,19143,"SOLES",20260707
"BID 4","EMPRENDIMIENTOS DINAMICOS",2025,"606-PROINNOVATE-EDI-2025","MULTIPERCEPTIONAI: INVENTARIO ESPACIAL 3D DE STOCKS A GRANEL",20250926,20260726,"INDUSTRIAS PACHA S.A.C.","SAN MARTIN DE PORRES","LIMA","LIMA",150135,150000.0000,32484,45600,"SOLES",20260707
"BID 4","EMPRENDIMIENTOS DINAMICOS",2025,"607-PROINNOVATE-EDI-2025","ZEIA: MONITOREO AUTOMATIZADO DE CALIDAD DE AIRE Y ENERGÍA",20251003,20260803,"GLUP TECH SA","SANTIAGO DE SURCO","LIMA","LIMA",150140,140950.0000,20200,40272,"SOLES",20260707
"BID 4","EMPRENDIMIENTOS INNOVADORES",2025,"609-PROINNOVATE-EIN-2025","OPENMED: MEDICINAS PARA PACIENTES CRÓNICOS EN UN CLIC",20251003,20260703,"KAUSS PEREZ JULIO ANDRE","SURQUILLO","LIMA","LIMA",150141,61009.0200,9247.98,17200,"SOLES",20260707
"BID 4","EMPRENDIMIENTOS INNOVADORES - PERÚ PRODUCE: INNOVACIÓN FRENTE AL CAMBIO CLIMÁTICO",2025,"610-PROINNOVATE-EINCC-2025","NATEK: RED DE MONITOREO HÍDRICO",20251010,20260710,"NATEK SYSTEMS S.A.C.","CHORRILLOS","LIMA","LIMA",150108,67000.0000,9572,19142.82,"SOLES",20260707
"BID 4","EMPRENDIMIENTOS INNOVADORES",2025,"611-PROINNOVATE-EIN-2025","SAMSARA: ELABORAMOS CARNES DE ORIGEN VEGETAL FORTIFICADAS CON SABORES PERUANOS CONGELADAS",20251002,20260602,"CASTILLO DEL CARPIO LUIS ALBERTO","MIRAFLORES","LIMA","LIMA",150122,67000.0000,9571.43,19142.85,"SOLES",20260707
"BID 4","EMPRENDIMIENTOS DINAMICOS",2025,"612-PROINNOVATE-EDI-2025","DIBAL: SOFTWARE WEB PARA GESTIÓN INTEGRAL DE RESTAURANTES CON ENFOQUE ÁGIL",20250904,20260704,"DIBAL CORPORATION SAC","ANCON","LIMA","LIMA",150102,150000.0000,28380,36000,"SOLES",20260707
"BID 4","EMPRENDIMIENTOS DINAMICOS",2025,"613-PROINNOVATE-EDI-2025","EMOVE\, MOVERTE ES MÁS FÁCIL\, ELÉCTRICO Y CERCANO",20250926,20260926,"EMOVE PERU S.A.C.","SAN ISIDRO","LIMA","LIMA",150131,140000.0000,21020,40000,"SOLES",20260707
"BID 4","EMPRENDIMIENTOS INNOVADORES",2025,"615-PROINNOVATE-EIN-2025","BOTIA.TECH: CRM INTELIGENTE PARA ECOMMERCE QUE CENTRALIZA CHATS Y AUTOMATIZA VENTAS CON IA.",20251010,20260610,"UBILLUS GONZALES JORGE ANTONIO","SANTIAGO DE SURCO","LIMA","LIMA",150140,67000.0000,9572.42,19142.85,"SOLES",20260707
"BID 4","EMPRENDIMIENTOS DINAMICOS",2025,"616-PROINNOVATE-EDI-2025","DANILO BARS: ALIMENTOS ENERGÉTICOS\, SALUDABLES Y DELICIOSOS",20250926,20260926,"ALIMENTOS DANILO DEL PERU S.A.C.","CHORRILLOS","LIMA","LIMA",150108,150000.0000,21428.57,42857.14,"SOLES",20260707
"BID 4","PROGRAMA DE INNOVACIÓN MODERNIZACIÓN TECNOLÓGICA Y EMPRENDIMIENTO - MIPYMES DIGITALES",2025,"617-PROINNOVATE-IMTEMD-2025","IMPLEMENTACIÓN DE UN ERP PARA MEJORAR LA TRAZABILIDAD DEL CUERO\, GESTIÓN DE INSUMOS Y VENTAS EN CUEROS WALO S.R.L.",20250926,20260826,"CUEROS WALO S.R.L.","MOCHE","TRUJILLO","LA LIBERTAD",130107,44999.4000,10285.56,6857.04,"SOLES",20260707
"BID 4","PROGRAMA DE INNOVACIÓN MODERNIZACIÓN TECNOLÓGICA Y EMPRENDIMIENTO - MIPYMES DIGITALES",2025,"619-PROINNOVATE-IMTEMD-2025","IMPLEMENTACIÓN DE UN SISTEMA ERP INTEGRAL Y UN SITIO WEB PARA OPTIMIZAR LA EFICIENCIA OPERATIVA Y FORTALECER LA COMPETITIVIDAD EN EL MERCADO DE SEMILLAS AGROANDINA S.A.C.",20250904,20260604,"SEMILLAS AGROANDINA S.A.C.","HUANCAYO","HUANCAYO","JUNIN",120101,45000.0000,10285.71,6857.14,"SOLES",20260707
"BID 4","PROGRAMA DE INNOVACIÓN MODERNIZACIÓN TECNOLÓGICA Y EMPRENDIMIENTO - MIPYMES DIGITALES",2025,"620-PROINNOVATE-IMTEMD-2025","IMPLEMENTACIÓN DE UN E-COMMERCE Y SISTEMA DE GESTIÓN PARA INCREMENTAR LAS VENTAS Y MEJORAR LA GESTIÓN DE INVENTARIOS EN VAPETRA S.A.C.",20251010,20260710,"VAPETRA S.A.C.","HUANCAYO","HUANCAYO","JUNIN",120101,45000.0000,10285.71,6857.14,"SOLES",20260707
"BID 4","PROGRAMA DE INNOVACIÓN MODERNIZACIÓN TECNOLÓGICA Y EMPRENDIMIENTO - MIPYMES DIGITALES",2025,"621-PROINNOVATE-IMTEMD-2025","IMPLEMENTACIÓN DE UNA SOLUCIÓN DIGITAL EN LA EMPRESA \"INGENIERIA CONSULTORIA CENTRO DE INVESTIGACION GESTION Y SERVICIOS GENERALES E.I.R.L.\" PARA OPTIMIZAR LOS PROCESOS INTERNOS Y AUMENTAR LA PRODUCTIVIDAD DEL NEGOCIO.",20251003,20260703,"INGENIERIA CONSULTORIA CENTRO DE INVESTIGACION GESTION Y SERVICIOS GENERALES E.I.R.L.","JAEN","JAEN","CAJAMARCA",060801,45000.0000,10285.71,6857.14,"SOLES",20260707
"BID 4","DESAFÍOS DE INNOVACIÓN EN CADENAS DE VALOR MODALIDAD A",2025,"622-PROINNOVATE-DICVMA-2025","DESARROLLO\, IMPLEMENTACIÓN Y VALIDACIÓN DE UNA TECNOLOGÍA HÍBRIDA E IOT PARA EL APROVECHAMIENTO DEL SUERO LÁCTEO: SOLUCIÓN MODULAR Y ESCALABLE PARA LA INDUSTRIA QUESERA PERUANA DESARROLLADO POR LA CAMARA DE COMERCIO E INDUSTRIAS DEL PERU AREQUIPA",20250912,20260912,"CAMARA DE COMERCIO E INDUSTRIAS DEL PERU","YANAHUARA","AREQUIPA","AREQUIPA",040126,511951.2700,27661.01,35800.94,"SOLES",20260707
"BID 4","CENTROS DE SERVICIOS DE TRANSFORMACIÓN DIGITAL - CATEGORIA II",2025,"623-PROINNOVATE-CSTD2-2025","CENTRO DE SERVICIOS DE TRANSFORMACIÓN DIGITAL CONTINENTAL (CSTD CONTINENTAL)",20251002,20260802,"UNIVERSIDAD CONTINENTAL SOCIEDAD ANONIMA CERRADA","HUANCAYO","HUANCAYO","JUNIN",120101,3707932.2200,1298267.78,1175000,"SOLES",20260707
"BID 4","EMPRENDIMIENTOS INNOVADORES",2025,"625-PROINNOVATE-EIN-2025","PULSE RC4: IOT B2B PARA LA DIGITALIZACIÓN DE MEDIDORES REDUCIENDO GASTOS EN UN 50%.",20250926,20260626,"CABALLERO MORENO MARCO ANTONIO","VILLA MARIA DEL TRIUNFO","LIMA","LIMA",150143,55000.0000,900,26600,"SOLES",20260707
"BID 4","EMPRENDIMIENTOS INNOVADORES",2025,"626-PROINNOVATE-EIN-2025","MENTORLAB: ESCUELA DE PROGRAMACIÓN\, TECNOLOGÍA Y CREATIVIDAD PARA NIÑOS Y ADOLESCENTES",20251029,20260729,"MENTOR LAB S.A.C.","SAN BORJA","LIMA","LIMA",150130,67000.0000,9571.43,19142.85,"SOLES",20260707
"BID 4","PROGRAMA DE INNOVACIÓN MODERNIZACIÓN TECNOLÓGICA Y EMPRENDIMIENTO - MIPYMES DIGITALES",2025,"627-PROINNOVATE-IMTEMD-2025","INTEGRACIÓN DE TECNOLOGÍAS DIGITALES PARA DISMINUIR LA DESIGUALDAD TECNOLÓGICA Y OPTIMIZAR LA PRODUCTIVIDAD EN LA EMPRESA GRUPO CRECER EMPRESARIAL DISTRITO Y PROVINCIA DE TRUJILLO\, REGIÓN LA LIBERTAD",20251014,20260714,"MULTISERVICIOS CRECER EMPRESARIAL E.I.R.L.","TRUJILLO","TRUJILLO","LA LIBERTAD",130101,45000.0000,11734,6150,"SOLES",20260707
"BID 4","PROGRAMA DE INNOVACIÓN MODERNIZACIÓN TECNOLÓGICA Y EMPRENDIMIENTO - MIPYMES DIGITALES",2025,"629-PROINNOVATE-IMTEMD-2025","IMPLEMENTACIÓN DE UN SISTEMA DIGITAL INTEGRADO PARA OPTIMIZAR LA GESTIÓN COMERCIAL Y LOGÍSTICA DE INSUMOS AGRÍCOLAS Y CAFÉ EN LA \"CORPORACIÓN DE PRODUCTORES AGROPECUARIOS ALTO MARAÑÓN S.A.C.\"",20260107,20261207,"CORPORACIÓN DE PRODUCTORES AGROPECUARIOS ALTO MARAÑON S.A.C.","JAEN","JAEN","CAJAMARCA",060801,45000.0000,10285.71,6857.14,"SOLES",20260707
"BID 4","EMPRENDIMIENTOS DINAMICOS",2025,"630-PROINNOVATE-EDI-2025","MENTE BONITA: PLATAFORMA DIGITAL DE SALUD MENTAL QUE CONECTA A PERSONAS CON EXPERTOS DE SALUD MENTAL DE MANERA RÁPIDA\, SEGURA Y PERSONALIZADA",20250922,20260722,"REPRESENTACIONES MENTE BONITA SAC","MIRAFLORES","LIMA","LIMA",150122,150000.0000,25297.38,42000,"SOLES",20260707
"BID 4","PROGRAMA DE INNOVACIÓN MODERNIZACIÓN TECNOLÓGICA Y EMPRENDIMIENTO - MIPYMES DIGITALES",2025,"631-PROINNOVATE-IMTEMD-2025","POSICIONAMIENTO Y FORTALECIMIENTO DE LA MARCA GENERYC PHARMA EN TARAPOTO A TRAVÉS DE ESTRATEGIAS DE MARKETING DIGITAL\, DESARROLLO DE ECOMMERCE E INTEGRACIÓN DE CANALES DE VENTA PARA INCREMENTAR SU VISIBILIDAD\, COMPETITIVIDAD Y VENTAS LOCALES EN EL MERCADO.",20251014,20260814,"GRUPO OLAZABAL MUÑOZ S.A.C.","TARAPOTO","SAN MARTIN","SAN MARTIN",220901,45000.0000,10285.71,6857.14,"SOLES",20260707
"BID 4","EMPRENDIMIENTOS INNOVADORES",2025,"632-PROINNOVATE-EIN-2025","AECODE: ECOSISTEMA DE EDTECH Y MARKETPLACE DE CONTENIDO PARA LA CONSTRUCCIÓN CON IA",20251010,20260710,"AECODE INGENIERIA Y PROGRAMACION S.A.C.","MAGDALENA DEL MAR","LIMA","LIMA",150120,67000.0000,16090.01,19000,"SOLES",20260707
"BID 4","EMPRENDIMIENTOS INNOVADORES",2025,"633-PROINNOVATE-EIN-2025","METRASHOP: PARA CALCULAR MATERIALES DE CONSTRUCCIÓN",20251002,20260702,"ROMERO CARTOLIN TEODORO RONAL","EL AGUSTINO","LIMA","LIMA",150111,57975.9900,16715.47,8200,"SOLES",20260707
"BID 4","EMPRENDIMIENTOS DINAMICOS",2025,"634-PROINNOVATE-EDI-2025","BILDIN: SAAS PARA LA GESTIÓN DE RECURSOS EN CONSTRUCCIÓN",20251002,20260702,"BILDIN S.A.C.","SAN ISIDRO","LIMA","LIMA",150131,128576.2900,19439.71,36000,"SOLES",20260707
"BID 4","EMPRENDIMIENTOS INNOVADORES",2025,"635-PROINNOVATE-EIN-2025","HEALER: CENTRO DE BIENESTAR DIGITAL BASADO EN IA Y ENFOCADO EN SALUD MUSCULOESQUELÉTICA",20251029,20260729,"VALDEZ GUADALUPE HUGO ALFONSO","CHORRILLOS","LIMA","LIMA",150108,67000.0000,11887.93,19142.8,"SOLES",20260707
"BID 4","VALIDACIÓN DE LA INNOVACIÓN",2025,"636-PROINNOVATE-PIEC2-2025","VALIDACIÓN TÉCNICA Y COMERCIAL DE BIORREACTOR SOSTENIBLE DE FERMENTACIÓN DE CEREZO DE CAFÉ PARA LA EMPRESA INDUSTRIAS FRACLEN S.R.L.",20251010,20260710,"INDUSTRIAS FRACLEN S.R.L.","LIMA","LIMA","LIMA",150101,420282.4900,71717.51,130000,"SOLES",20260707
"BID 4","PROGRAMA DE INNOVACIÓN MODERNIZACIÓN TECNOLÓGICA Y EMPRENDIMIENTO - MIPYMES DIGITALES",2025,"637-PROINNOVATE-IMTEMD-2025","MODERNIZACIÓN DIGITAL DE VALKAFE MEDIANTE PLATAFORMA INTELIGENTE DE GESTIÓN DE PEDIDOS Y RECOMENDACIONES PARA MEJORAR LA EFICIENCIA OPERATIVA Y LA EXPERIENCIA DEL CLIENTE.",20251010,20260810,"VKASA GROUP S.A.C.","TARAPOTO","SAN MARTIN","SAN MARTIN",220901,45000.0000,10285.8,6857.1,"SOLES",20260707
"BID 4","EMPRENDIMIENTOS INNOVADORES",2025,"639-PROINNOVATE-EIN-2025","CARROQHATU: PLATAFORMA OMNICANAL PARA COMPRAR/VENDER AUTOS USADOS CON VERIFICACIÓN TÉCNICA Y LEGAL",20251003,20260703,"MAMANI ARACAYO REVELINO BRAYAN","JULIACA","SAN ROMAN","PUNO",211101,55000.0000,3200,20375,"SOLES",20260707
"BID 4","EMPRENDIMIENTOS INNOVADORES",2025,"641-PROINNOVATE-EIN-2025","SMILE AND GO:   PLATAFORMA WEB APP QUE CONECTA ODONTOLOGOS CON CONSULTORIOS PARA ALQUILAR.",20251002,20260502,"FERDAN INVERSIONES S.A.C.","SAN ISIDRO","LIMA","LIMA",150131,55000.0000,8100,15471.43,"SOLES",20260707
"BID 4","EMPRENDIMIENTOS INNOVADORES",2025,"642-PROINNOVATE-EIN-2025","LABORAL.AI: PLATAFORMA DE INSERCIÓN Y RECLUTAMIENTO LABORAL",20251010,20260710,"SINARAHUA TERRONES JUAN PABLO SEGUNDO","SAN LUIS","LIMA","LIMA",150134,67000.0000,9572.43,19142.86,"SOLES",20260707
"BID 4","EMPRENDIMIENTOS INNOVADORES",2025,"643-PROINNOVATE-EIN-2025","QUICKPAY: COMPRA Y PAGA TODO DESDE TU CELULAR",20251029,20260729,"CHAVEZ PACHAS ELIO GIANCARLO","MAGDALENA DEL MAR","LIMA","LIMA",150120,67000.0000,10128,19100,"SOLES",20260707
"BID 4","EMPRENDIMIENTOS INNOVADORES - PERÚ PRODUCE: INNOVACIÓN FRENTE AL CAMBIO CLIMÁTICO",2025,"644-PROINNOVATE-EINCC-2025","SIMON: TECNOLOGÍA DE TRAZABILIDAD PARA LA PESQUERÍA ARTESANAL",20251002,20260702,"ARONI SULCA ELOY","CHORRILLOS","LIMA","LIMA",150108,66999.9800,9652.5,19155,"SOLES",20260707
"BID 4","EMPRENDIMIENTOS INNOVADORES",2025,"645-PROINNOVATE-EIN-2025","CREATORS REWARDS: PLATAFORMA DE SUSCRIPCIÓN PARA MEGA-INFLUENCERS",20251023,20260623,"PAZOS MANUICO LUIS MIGUEL","PUEBLO LIBRE","LIMA","LIMA",150121,66999.8400,12650.56,16698,"SOLES",20260707
"BID 4","VALIDACIÓN DE LA INNOVACIÓN",2025,"647-PROINNOVATE-PIEC2-2025","VALIDACION DE UN EQUIPO\,BASADO EN EL PRINCIPIO DE ELECTROFULGURACIÓN\, PARA ESTERILIZAR LOS CONDUCTOS RADICULARES EN ENDODONCIA Y CIRUGÍA DENTAL. DESARROLLADO POR MASTER METAL SERVICE E.I.R.L.",20251010,20260810,"MASTER METAL SERVICE E.I.R.L.","SAN JUAN DE LURIGANCHO","LIMA","LIMA",150132,482689.9400,84821.46,132386.4,"SOLES",20260707
"BID 4","EMPRENDIMIENTOS INNOVADORES - PERÚ PRODUCE: INNOVACIÓN FRENTE AL CAMBIO CLIMÁTICO",2025,"648-PROINNOVATE-EINCC-2025","MICELIX: CAJAS BIODEGRADABLES A BASE DE RESIDUOS AGROINDUSTRIALES Y MICELIOS\, QUE PRESERVAN LA CALIDAD DE LAS FRUTAS EN SU TRASLADO MEDIANTE LA CAPTURA DE CO2.",20251010,20260710,"MARCELO GALARZA JHORYA NETSHA","PILLCO MARCA","HUANUCO","HUANUCO",100111,62136.8600,8878,17753,"SOLES",20260707
"BID 4","VALIDACIÓN DE LA INNOVACIÓN",2025,"649-PROINNOVATE-PIEC2-2025","VALIDACIÓN DE UN SISTEMA DE MONITOREO EN TIEMPO REAL DE VIBRACIONES EN EQUIPOS MÓVILES DE INDUSTRIA MINERA GLOBAL\, CON ANÁLISIS PREDICTIVO\, PARA MEJORAR LA SEGURIDAD Y SALUD OCUPACIONAL DE OPERADORES\, EFICIENCIA OPERATIVA Y CUMPLIR CON NORMAS INTERNACIONALES.",20251003,20260803,"TORSA MINING SERVICES PERU SOCIEDAD ANONIMA CERRADA TORSA MINING SERVICES PERU SAC","SANTIAGO DE SURCO","LIMA","LIMA",150140,490585.6500,149924.1,340662.54,"SOLES",20260707
"BID 4","PROGRAMA DE INNOVACIÓN MODERNIZACIÓN TECNOLÓGICA Y EMPRENDIMIENTO - MIPYMES DIGITALES",2025,"650-PROINNOVATE-IMTEMD-2025","IMPLEMENTACIÓN DE PLATAFORMA DIGITAL ESCOLAR PARA AUTOMATIZAR LA COMUNICACIÓN CON PADRES DE FAMILIA Y OPTIMIZAR EL SEGUIMIENTO ACADÉMICO EN TIEMPO REAL\, INTEGRADA AL SIAGIE",20251013,20260713,"COMPLEJO EDUCATIVO PRIVADO LA CATOLICA - GEM S.A.C.","PILCOMAYO","HUANCAYO","JUNIN",120125,45000.0000,10285.72,6857.14,"SOLES",20260707
"BID 4","DESAFÍOS DE INNOVACIÓN EN CADENAS DE VALOR MODALIDAD A",2025,"651-PROINNOVATE-DICVMA-2025","DESAFÍO DE SOLUCIÓN PARA LA UTILIZACIÓN DE RESIDUOS COMO BIOMATERIALES PARA IMPRESIÓN 3D DE CALZADO",20251203,20261103,"INSTITUTO TECNOLÓGICO DE LA PRODUCCIÓN","SAN ISIDRO","LIMA","LIMA",150131,532000.0000,0,56800,"SOLES",20260707
"BID 4","PROGRAMA DE INNOVACIÓN MODERNIZACIÓN TECNOLÓGICA Y EMPRENDIMIENTO - MIPYMES DIGITALES",2025,"653-PROINNOVATE-IMTEMD-2025","IMPLEMENTACIÓN DE SOLUCIONES DIGITALES EN TABACALERA DEL ORIENTE SAC DE TARAPOTO PARA OPTIMIZAR LOS PROCESOS PRODUCTIVOS Y COMERCIALES DE PUROS ARTESANALES\, MEJORAR LA EFICIENCIA OPERATIVA Y FORTALECER LA COMPETITIVIDAD EN LOS MERCADOS INTERNACIONALES.",20251010,20260910,"TABACALERA DEL ORIENTE S.A.C.","TARAPOTO","SAN MARTIN","SAN MARTIN",220901,45000.0000,10285.8,6857.1,"SOLES",20260707
"BID 4","EMPRENDIMIENTOS INNOVADORES",2025,"654-PROINNOVATE-EIN-2025","QURANTEBY: E-COMMERCE PARA LA DIGITALIZACIÓN Y CONEXIÓN DE ARTESANOS Y MARCAS EMERGENTES CON CONSUMIDORES CONSCIENTES",20251010,20260710,"ECOSISTEMAS SOSTENIBLES PERUANOS S.A.C. DE BENEFICIO E INTERÉS COLECTIVO","LINCE","LIMA","LIMA",150116,67000.0000,9574,19142,"SOLES",20260707
"BID 4","PROGRAMA DE INNOVACIÓN MODERNIZACIÓN TECNOLÓGICA Y EMPRENDIMIENTO - MIPYMES DIGITALES",2025,"655-PROINNOVATE-IMTEMD-2025","OPTIMIZAR LA EJECUCIÓN DE LO SERVICIOS MULTITÉCNICOS DE LA EMPRESA CELEGAMI SERVICIOS GENERALES EIRL\, ADOPTANDO TECNOLOGÍAS DIGITALES QUE ORDENEN Y SISTEMATICEN LA INFORMACIÓN DE SUS PROYECTOS DE MANTENIMIENTO",20251029,20260929,"CELEGAMI SERVICIOS GENERALES E.I.R.L.","PIURA","PIURA","PIURA",200101,45000.0000,10292,6858,"SOLES",20260707
"BID 4","PROGRAMA DE INNOVACIÓN MODERNIZACIÓN TECNOLÓGICA Y EMPRENDIMIENTO - MIPYMES DIGITALES",2025,"656-PROINNOVATE-IMTEMD-2025","ESTRATEGIA DE DIGITALIZACIÓN PARA EL FORTALECIMIENTO DE LA GESTIÓN Y COMUNICACIÓN CORPORATIVA DE DON SALAZAR",20251003,20260903,"DON SALAZAR S.A.C.","SAN MIGUEL","LIMA","LIMA",150136,45000.0000,10285.72,6857.14,"SOLES",20260707
"BID 4","EMPRENDIMIENTOS INNOVADORES",2025,"659-PROINNOVATE-EIN-2025","SIACETPRO: SOFTWARE HÍBRIDO (INTERNET Y ESCRITORIO) DE GESTIÓN ACADÉMICA PARA CETPROS.",20250915,20260615,"ROMAN VELIZ ANGELA FERNANDA","HUANCAYO","HUANCAYO","JUNIN",120101,67000.0000,9571.43,19142.85,"SOLES",20260707
"BID 4","EMPRENDIMIENTOS INNOVADORES",2025,"660-PROINNOVATE-EIN-2025","BIO TRANSFER SAC: BIOTECNOLOGÍA MUNDIAL A INVESTIGADORES PERUANOS.",20251124,20260724,"BIO TRANSFER S.A.C.","","","","",55000.0000,7857.14,15714.3,"SOLES",20260707
"BID 4","PROGRAMA DE INNOVACIÓN MODERNIZACIÓN TECNOLÓGICA Y EMPRENDIMIENTO - MIPYMES DIGITALES",2025,"661-PROINNOVATE-IMTEMD-2025","MEJORA DE LA PRODUCTIVIDAD OPERATIVA Y COMERCIAL EN ZEUS MARITIME S.R.L. MEDIANTE LA IMPLEMENTACIÓN DE HERRAMIENTAS DIGITALES QUE FORTALEZCAN EL CONTROL DE PEDIDOS\, OPTIMICEN LA TRAZABILIDAD LOGÍSTICA Y MEJOREN LA ATENCIÓN POSTVENTA.",20250926,20260726,"ZEUS MARITIME S.R.L. SHIPPING AGENCY AND BROCKERS","CALLAO","CALLAO","CALLAO",070101,45000.0000,10286,6857,"SOLES",20260707
"BID 4","EMPRENDIMIENTOS INNOVADORES",2025,"662-PROINNOVATE-EIN-2025","UMALLIY: USO DE IA PARA SELECCIÓN LABORAL",20251023,20260723,"SUCNO QUIROZ AMERICO MICHAEL","SANTIAGO DE SURCO","LIMA","LIMA",150140,67000.0000,9571.43,19142.85,"SOLES",20260707
"BID 4","EMPRENDIMIENTOS INNOVADORES - PERÚ PRODUCE: INNOVACIÓN FRENTE AL CAMBIO CLIMÁTICO",2025,"663-PROINNOVATE-EINCC-2025","BURK\, LENTES SOSTENIBLES CON UNA BISAGRA PATENTADA INCREÍBLE",20251002,20260702,"BURKHARDT PORTILLO ANDREAS","ATE","LIMA","LIMA",150103,67000.0000,9571.44,19142.86,"SOLES",20260707
"BID 4","EMPRENDIMIENTOS INNOVADORES",2025,"664-PROINNOVATE-EIN-2025","TIKRAY: INTEGRACIÓN EN TIEMPO REAL DE ECOMMERCE - ERP",20251002,20260702,"ALVA MALDONADO EDUARDO","MIRAFLORES","LIMA","LIMA",150122,67000.0000,18750,10000,"SOLES",20260707
"BID 4","EMPRENDIMIENTOS INNOVADORES - PERÚ PRODUCE: INNOVACIÓN FRENTE AL CAMBIO CLIMÁTICO",2025,"665-PROINNOVATE-EINCC-2025","ECOBIT: PLATAFORMA QUE RECOMPENSA POR RECICLAR Y CUIDAR EL PLANETA",20251003,20260703,"HUINCHO QUISPE YEFRY","HUANCAVELICA","HUANCAVELICA","HUANCAVELICA",090101,67000.0000,9571.43,19142.85,"SOLES",20260707
"BID 4","EMPRENDIMIENTOS INNOVADORES - PERÚ PRODUCE: INNOVACIÓN FRENTE AL CAMBIO CLIMÁTICO",2025,"666-PROINNOVATE-EINCC-2025","BIOCONTROL PERÚ: PRODUCCIÓN DE CONTROLADOR BIOLÓGICO TELENOMUS REMUS PARA EL CONTROL DE SPODOPTERA SPP EN CULTIVOS ORGÁNICOS",20251002,20260702,"ZAVALETA HUERTA CAROLINA GIOVANNA","TRUJILLO","TRUJILLO","LA LIBERTAD",130101,67000.0000,9800,19200,"SOLES",20260707
"BID 4","EMPRENDIMIENTOS INNOVADORES - PERÚ PRODUCE: INNOVACIÓN FRENTE AL CAMBIO CLIMÁTICO",2025,"667-PROINNOVATE-EINCC-2025","KEYCIT GR-44: MÓDULOS PARA TRATAR LAS AGUAS RESIDUALES",20251010,20260710,"HUILLCAHUAMAN TTITO JOB ELIAS","URCOS","QUISPICANCHI","CUSCO",081201,67000.0000,10192.38,18600,"SOLES",20260707
"BID 4","EMPRENDIMIENTOS INNOVADORES",2025,"668-PROINNOVATE-EIN-2025","ORDERY: GESTIÓN MODERNA DE COMPRAS Y REQUERIMIENTOS.",20251023,20260723,"SERVICIOS DE TECNOLOGIA Y ADMINISTRACION S.A.C.","SAN BORJA","LIMA","LIMA",150130,55000.0000,6000,19000,"SOLES",20260707
"BID 4","EMPRENDIMIENTOS INNOVADORES",2025,"669-PROINNOVATE-EIN-2025","MANTRA: WHATSAPP PARA EMPRESAS",20250926,20260426,"CUENTAS JULI RUDIYARD HESSMEL","PAUCARPATA","AREQUIPA","AREQUIPA",040112,55000.0000,11900,11671,"SOLES",20260707
"BID 4","EMPRENDIMIENTOS INNOVADORES",2025,"670-PROINNOVATE-EIN-2025","MARCO: MULTIPLATAFORMA INTEGRAL PARA LA MEJORA DE LA GESTIÓN EDUCATIVA",20251002,20260702,"VIGO GUEVARA MITSUKO MILUSKA DINA","TARAPOTO","SAN MARTIN","SAN MARTIN",220901,67000.0000,9572.05,19142.8,"SOLES",20260707
"BID 4","EMPRENDIMIENTOS DINAMICOS",2025,"673-PROINNOVATE-EDI-2025","CRETA: INTERNET DE LAS COSAS PARA PRODUCTIVIDAD DE FÁBRICAS",20251010,20260610,"GRUPO CRETA SAC","PUENTE PIEDRA","LIMA","LIMA",150125,150000.0000,21428.57,42857.14,"SOLES",20260707
"BID 4","EMPRENDIMIENTOS INNOVADORES - PERÚ PRODUCE: INNOVACIÓN FRENTE AL CAMBIO CLIMÁTICO",2025,"674-PROINNOVATE-EINCC-2025","BIOINOCULATE EARTH: BIOFERTILIZANTES REPOTENCIADOS CON MICROORGANISMOS NATIVOS AMAZÓNICOS",20251010,20260610,"PERCCA LIPE YESENIA KATERIN","SAN SEBASTIAN","CUSCO","CUSCO",080105,61850.0100,8901.17,17645,"SOLES",20260707
"BID 4","PROGRAMA DE INNOVACIÓN MODERNIZACIÓN TECNOLÓGICA Y EMPRENDIMIENTO - MIPYMES DIGITALES",2025,"675-PROINNOVATE-IMTEMD-2025","DIGITALIZACIÓN DOCUMENTAL PARA OPTIMIZAR LA GESTIÓN CONTABLE Y FORTALECER LA RELACIÓN CON CLIENTES",20251003,20260903,"NORIEGA & CORONEL CONSULTORES ASOCIADOS S.A.C.","VICTOR LARCO HERRERA","TRUJILLO","LA LIBERTAD",130111,33000.0000,8100,3900,"SOLES",20260707
"BID 4","PROGRAMA DE INNOVACIÓN MODERNIZACIÓN TECNOLÓGICA Y EMPRENDIMIENTO - MIPYMES DIGITALES",2025,"676-PROINNOVATE-IMTEMD-2025","IMPLEMENTACIÓN DE SOLUCIONES TECNOLÓGICAS INNOVADORAS EN IKIITU\, COMO REALIDAD AUMENTADA EN CARTAS\, POSICIONAMIENTO SEO\, MARKETING DIGITAL\, CRM ESPECIALIZADO Y PÁGINA WEB INTERACTIVA.",20251003,20260903,"IKIITU SAC","IQUITOS","MAYNAS","LORETO",160101,45000.0000,10285.72,6857.14,"SOLES",20260707
"BID 4","PROGRAMA DE INNOVACIÓN MODERNIZACIÓN TECNOLÓGICA Y EMPRENDIMIENTO - MIPYMES DIGITALES",2025,"678-PROINNOVATE-IMTEMD-2025","DIGITALIZACIÓN ESTRATÉGICA PARA LA INTEGRACIÓN OPERATIVA Y LA OPTIMIZACIÓN DE PROCESOS COMERCIALES EN BLEFIP SAC\, DISTRITO DE MAJES\, PROVINCIA DE CAYLLOMA\, REGIÓN AREQUIPA",20251118,20260918,"BEFLIP S.A.C.","MAJES","CAYLLOMA","AREQUIPA",040520,44800.0000,10300,6830,"SOLES",20260707
"BID 4","PROGRAMA DE INNOVACIÓN MODERNIZACIÓN TECNOLÓGICA Y EMPRENDIMIENTO - MIPYMES DE CALIDAD",2025,"681-PROINNOVATE-IMTEMC-2025","IMPLEMENTACIÓN Y CERTIFICACIÓN DE UN SISTEMA DE GESTIÓN DE CALIDAD EN BASE A LA NORMA ISO 9001:2015\, EN LA EMPRESA \"CENTRO DE GESTIÓN ESTRATÉGICA A&T E.I.R.L.\"",20251029,20260829,"CENTRO DE GESTION ESTRATEGICA A & T E.I.R.L","YANACANCHA","PASCO","PASCO",190113,45000.0000,10285.71,6857.14,"SOLES",20260707
"BID 4","PROGRAMA DE INNOVACIÓN MODERNIZACIÓN TECNOLÓGICA Y EMPRENDIMIENTO - MIPYMES DIGITALES",2025,"682-PROINNOVATE-IMTEMD-2025","TRANSFORMACIÓN DIGITAL DE LOS PROCESOS PRODUCTIVOS Y COMERCIALES PARA OPTIMIZAR LA EFICIENCIA OPERATIVA Y AMPLIAR SU POSICIONAMIENTO EN EL MERCADO. DE LA EMPRESA ASERRADERO PREVCA SRL",20251002,20260802,"ASERRADERO PREVCA SRL","JOSE LEONARDO ORTIZ","CHICLAYO","LAMBAYEQUE",140105,44970.0000,10278,6852,"SOLES",20260707
"BID 4","PROGRAMA DE INNOVACIÓN MODERNIZACIÓN TECNOLÓGICA Y EMPRENDIMIENTO - MIPYMES DIGITALES",2025,"683-PROINNOVATE-IMTEMD-2025","IMPLEMENTACIÓN DE HERRAMIENTAS DIGITALES PARA OPTIMIZAR LOS PROCESOS DE SEGUIMIENTO DE PROSPECTOS Y GESTIÓN DE PROYECTOS DE SERVICIOS AUDIOVISUALES EN LA EMPRESA ENLACE COMUNICACIÓN INTEGRAL SCRL",20251002,20260702,"ENLACE COMUNICACION INTEGRAL SOCIEDAD COMERCIAL DE RESPONSABILIDAD LIMITADA","PIURA","PIURA","PIURA",200101,45000.0000,10292,6858,"SOLES",20260707
"BID 4","PROGRAMA DE INNOVACIÓN MODERNIZACIÓN TECNOLÓGICA Y EMPRENDIMIENTO - MIPYMES DIGITALES",2025,"684-PROINNOVATE-IMTEMD-2025","TRANSFORMACIÓN DIGITAL PARA LA MEJORA DEL ALCANCE COMERCIAL\, LA EXPERIENCIA DEL CLIENTE Y LA EFICIENCIA EN PROCESOS DE ATENCIÓN EN ENTORNOS VIRTUALES DE BIM TECHNOLOGYS S.A.C.",20251010,20260810,"BIM TECHNOLOGYS S.A.C.","CHICLAYO","CHICLAYO","LAMBAYEQUE",140101,44900.0000,10260,6840,"SOLES",20260707
"BID 4","PROGRAMA DE INNOVACIÓN MODERNIZACIÓN TECNOLÓGICA Y EMPRENDIMIENTO - MIPYMES DIGITALES",2025,"685-PROINNOVATE-IMTEMD-2025","ESTRATEGIA DE TRANSFORMACIÓN DIGITAL PARA OPTIMIZAR PROCESOS OPERACIONALES\, DE GESTIÓN Y FINANCIERO\, Y AMPLIAR EL ALCANCE COMERCIAL Y DE ATENCIÓN AL CLIENTE DE LA EMPRESA GRUPO MI REDENTOR S.A.C.",20250926,20260626,"GRUPO MI REDENTOR S.A.C.","HUANCHACO","TRUJILLO","LA LIBERTAD",130104,44900.0000,10260,6840,"SOLES",20260707
"BID 4","EMPRENDIMIENTOS INNOVADORES",2025,"686-PROINNOVATE-EIN-2025","GATÓPOLIS: SERVICIO VETERINARIO 2.0 PARA GATOS",20251023,20260723,"CAVA NUÑEZ EDUARDO","JESUS MARIA","LIMA","LIMA",150113,55000.0000,8422.92,18000,"SOLES",20260707
"BID 4","PROGRAMA DE INNOVACIÓN MODERNIZACIÓN TECNOLÓGICA Y EMPRENDIMIENTO - MIPYMES DIGITALES",2025,"687-PROINNOVATE-IMTEMD-2025","FORTALECIMIENTO DE LA GESTIÓN INTERNA\, EJECUCIÓN DE SERVICIOS Y LA PROYECCIÓN COMERCIAL MEDIANTE LA INCORPORACIÓN DE HERRAMIENTAS DIGITALES QUE OPTIMICEN PROCESOS\, MEJOREN LA TRAZABILIDAD Y AMPLÍEN EL ALCANCE INSTITUCIONAL. DE ECO AMAZONICO PERU SRL",20251029,20260729,"ECO AMAZONICO PERU SRL","SAN MIGUEL","LIMA","LIMA",150136,44900.0000,10260,6840,"SOLES",20260707
"BID 4","PROGRAMA DE INNOVACIÓN MODERNIZACIÓN TECNOLÓGICA Y EMPRENDIMIENTO - MIPYMES DIGITALES",2025,"688-PROINNOVATE-IMTEMD-2025","IMPLEMENTACIÓN DE PLATAFORMA INTEGRAL DIGITAL PARA EVENTOS SOCIALES Y CORPORATIVOS",20251002,20260702,"BIENES SERVICIOS Y OBRAS S.R.L.","TRUJILLO","TRUJILLO","LA LIBERTAD",130101,45000.0000,10286,6857,"SOLES",20260707
"BID 4","EMPRENDIMIENTOS INNOVADORES - PERÚ PRODUCE: INNOVACIÓN FRENTE AL CAMBIO CLIMÁTICO",2025,"689-PROINNOVATE-EINCC-2025","AGROBIOFISH: TRANSFORMAMOS RESIDUOS DE PESCADO EN BIOFERTILIZANTES SOSTENIBLES\, REDUCIENDO CONTAMINACIÓN Y PROMOVIENDO UNA AGRICULTURA ORGÁNICA Y CIRCULAR.",20251118,20260718,"AGROBIOFISH S.A.C.","CERRO COLORADO","AREQUIPA","AREQUIPA",040104,67000.0000,9603.45,19150,"SOLES",20260707
"BID 4","PROGRAMA DE INNOVACIÓN MODERNIZACIÓN TECNOLÓGICA Y EMPRENDIMIENTO - MIPYMES DIGITALES",2025,"690-PROINNOVATE-IMTEMD-2025","FORTALECIMIENTO DE LA GESTIÓN INTERNA\, COMERCIAL Y ADMINISTRATIVA MEDIANTE LA INCORPORACIÓN DE HERRAMIENTAS DIGITALES QUE OPTIMICEN LA COORDINACIÓN OPERATIVA\, MEJOREN LA TOMA DE DECISIONES Y AMPLÍEN EL ALCANCE HACIA NUEVOS MERCADOS EN PANADERIA FLORES S.A.C",20251014,20260814,"PANADERIA FLORES S.A.C","LAMAS","LAMAS","SAN MARTIN",220501,44900.0000,10260,6840,"SOLES",20260707
"BID 4","PROGRAMA DE INNOVACIÓN MODERNIZACIÓN TECNOLÓGICA Y EMPRENDIMIENTO - MIPYMES DIGITALES",2025,"691-PROINNOVATE-IMTEMD-2025","TRANSFORMACIÓN DIGITAL PARA OPTIMIZAR INVENTARIOS\, COMPRAS\, VENTAS Y ATENCIÓN AL CLIENTE\, Y POTENCIAR LA PRESENCIA ONLINE Y EL MARKETING DIGITAL PARA EMPRESA ESPECIALISTA EN EQUIPOS INFORMÁTICOS E INFORMATICA",20251029,20260629,"DATEC CONSULTING SAC","CHICLAYO","CHICLAYO","LAMBAYEQUE",140101,45000.0000,10300,6855,"SOLES",20260707
"BID 4","PROGRAMA DE INNOVACIÓN MODERNIZACIÓN TECNOLÓGICA Y EMPRENDIMIENTO - MIPYMES DIGITALES",2025,"692-PROINNOVATE-IMTEMD-2025","INCREMENTAR LA PRODUCTIVIDAD DE LA EMPRESA CHOCOLATERÍA MEDIANTE LA ADOPCIÓN DE HERRAMIENTAS DIGITALES QUE ORDENEN SUS PROCESOS\, MEJOREN EL USO DE SU CAPACIDAD INSTALADA Y ELEVEN SUS INDICADORES DE DESEMPEÑO.",20251010,20260810,"CHOCOLATERIA DEL PERU SAC","PIURA","PIURA","PIURA",200101,45000.0000,10292,6858,"SOLES",20260707
"BID 4","PROGRAMA DE INNOVACIÓN MODERNIZACIÓN TECNOLÓGICA Y EMPRENDIMIENTO - MIPYMES DIGITALES",2025,"694-PROINNOVATE-IMTEMD-2025","IMPLEMENTACIÓN DE UN SISTEMA SEGURO Y CENTRALIZADO PARA GESTIONAR COMUNICACIONES CON CLIENTES\, QUE INCLUYA PLATAFORMAS COMO WHATSAPP\, FACEBOOK\, INSTAGRAM\, LINKEDIN Y TIKTOK\, PARA MEJORAR LA ATENCIÓN Y FIDELIZACIÓN",20251002,20260902,"CARPETA DIGITAL EDUCATION & LEGIS E.I.R.L.","TRUJILLO","TRUJILLO","LA LIBERTAD",130101,44900.0000,10260,6840,"SOLES",20260707
"BID 4","PROGRAMA DE INNOVACIÓN MODERNIZACIÓN TECNOLÓGICA Y EMPRENDIMIENTO - MIPYMES DIGITALES",2025,"695-PROINNOVATE-IMTEMD-2025","IMPLEMENTACIÓN DE HERRAMIENTAS DIGITALES EN LOS PROCESOS COMERCIALES DE FRANKO'S CHICKEN PARA FORTALECER LA PROMOCIÓN DE MARCA\, INCREMENTAR LAS VENTAS Y MEJORAR LA EXPERIENCIA DEL CONSUMIDOR",20251002,20260802,"FRANKO'S CHICKEN S.A.C.","BREÑA","LIMA","LIMA",150105,45000.0000,10286,6857,"SOLES",20260707
"BID 4","CONCURSO DE PROYECTOS COLABORATIVOS DE INNOVACIÓN ABIERTA MODALIDAD A",2025,"696-PROINNOVATE-IAMA-2025","INICIATIVAS DE INNOVACIÓN ABIERTA PARA EL CO-DESARROLLO Y ADOPCIÓN DE SOLUCIONES TECNOLÓGICAS QUE PERMITAN LOGRAR TRAZABILIDAD Y EFICIENCIA OPERATIVA\, IMPULSANDO LA COMPETITIVIDAD DE WT SOURCING PERU Y EL FORTALECIMIENTO DE LA CADENA TEXTIL PERUANA",20250919,20260919,"WT SOURCING PERU S.A.C. BIC","SANTIAGO DE SURCO","LIMA","LIMA",150140,1571515.0800,808723.43,763169.54,"SOLES",20260707
"BID 4","PROGRAMA DE INNOVACIÓN MODERNIZACIÓN TECNOLÓGICA Y EMPRENDIMIENTO - MIPYMES DIGITALES",2025,"697-PROINNOVATE-IMTEMD-2025","ESTRATEGIA DE DIGITALIZACIÓN PARA EL FORTALECIMIENTO DE LA GESTIÓN COMERCIAL Y PROCESOS DE MARKETING PARA MEJORAR LA EXPERIENCIA Y SATISFACCIÓN DEL CLIENTE DE LA EMPRESA \"CAM INGENIEROS & CONSULTORES S.A.C.\"",20251010,20260910,"CAM INGENIEROS & CONSULTORES S.A.C.","LIMA","LIMA","LIMA",150101,45000.0000,10285.72,6857.13,"SOLES",20260707
"BID 4","PROGRAMA DE INNOVACIÓN MODERNIZACIÓN TECNOLÓGICA Y EMPRENDIMIENTO - MIPYMES DIGITALES",2025,"699-PROINNOVATE-IMTEMD-2025","ESTRATEGIA DE DIGITALIZACIÓN PARA EL POSICIONAMIENTO COMERCIAL Y FORTALECIMIENTO DE LA PRESENCIA NACIONAL DE UNA FIRMA DE ASESORÍA EMPRESARIAL\, CONTABLE\, TRIBUTARIA Y LEGAL.",20251003,20260703,"C GESTIONA CONSULTORA TECNOLOGICA CONTABLE SOCIEDAD ANONIMA CERRADA","CASTILLO GRANDE","LEONCIO PRADO","HUANUCO",100608,45000.0000,10285.72,6857.14,"SOLES",20260707
"BID 4","EMPRENDIMIENTOS INNOVADORES",2025,"700-PROINNOVATE-EIN-2025","INVESTAMYPE: PLATAFORMA FINTECH DE SOLUCIONES INTELIGENTES DE PAGOS\, SUBASTAS Y LIQUIDEZ PARA MYPES",20251010,20260710,"SOLUCIONES DIGITALES MYPE S.A.C.","LINCE","LIMA","LIMA",150116,54997.6000,10016.4,13554,"SOLES",20260707
"BID 4","PROGRAMA DE INNOVACIÓN MODERNIZACIÓN TECNOLÓGICA Y EMPRENDIMIENTO - MIPYMES DIGITALES",2025,"701-PROINNOVATE-IMTEMD-2025","FORTALECIMIENTO OPERATIVO Y COMERCIAL DE INVERSIONES TURISICAS BUGANVILLA SAC MEDIANTE LA INTEGRACIÓN DE SOLUCIONES DIGITALES PARA OPTIMIZAR LA GESTIÓN ADMINISTRATIVA HOTELERA\, POSICIONAMIENTO DIGITAL DEL NEGOCIO Y MAYOR GENERACION DE CAPTACIÓN DE CLIENTES B2C",20251029,20260929,"INVERSIONES TURISTICAS BUGANVILLA SAC","TARAPOTO","SAN MARTIN","SAN MARTIN",220901,45000.0000,10285.8,6857.1,"SOLES",20260707
"BID 4","PROGRAMA DE INNOVACIÓN MODERNIZACIÓN TECNOLÓGICA Y EMPRENDIMIENTO - MIPYMES DIGITALES",2025,"702-PROINNOVATE-IMTEMD-2025","DISEÑO E IMPLEMENTACIÓN DE UNA HERRAMIENTA DIGITAL QUE FACILITE EL REGISTRO\, GESTIÓN Y ANÁLISIS DE INFORMACIÓN TÉCNICA-PRODUCTIVA DE PRODUCTORES DE CACAO\, ALINEADO CON ESTÁNDARES DE CERTIFICACIONES INTERNACIONALES PARA FINES DE EXPORTACIÓN.",20251003,20260703,"EMPRESA DE SERVICIOS GENERALES CONSULTORES E INVERSIONES ESAING SAC  ESAING SAC","CHOLON","MARAÑON","HUANUCO",100702,44970.0000,10278,6852,"SOLES",20260707
"BID 4","PROGRAMA DE INNOVACIÓN MODERNIZACIÓN TECNOLÓGICA Y EMPRENDIMIENTO - MIPYMES DIGITALES",2025,"703-PROINNOVATE-IMTEMD-2025","DIGITALIZACIÓN DEL HOTEL \"EL GRAN PATRIARCA\": IMPLEMENTACIÓN DE SOLUCIONES DIGITALES Y FORTALECIMIENTO DE SU ESTRATEGIA DE MARKETING DIGITAL PARA INCREMENTAR LA PRODUCTIVIDAD DEL NEGOCIO.",20251010,20260910,"SERVICIOS GENERALES KILLASUMAQ S.A.C.","CAJAMARCA","CAJAMARCA","CAJAMARCA",060101,45000.0000,10285.71,6857.14,"SOLES",20260707
"BID 4","PROGRAMA DE INNOVACIÓN MODERNIZACIÓN TECNOLÓGICA Y EMPRENDIMIENTO - MIPYMES DIGITALES",2025,"704-PROINNOVATE-IMTEMD-2025","ESTRATEGIA DE DIGITALIZACIÓN PARA MEJORAR LA EFICIENCIA OPERATIVA\, AUTOMATIZAR LA GESTIÓN DE PEDIDOS Y SERVICIOS TÉCNICOS\, Y FORTALECER LA ATENCIÓN Y SEGUIMIENTO DE CLIENTES EN CIA ALTO MAYO S.A.C.\, INCREMENTANDO LA COMPETITIVIDAD EN LA ERA DIGITAL EMPRESARIAL",20250926,20260726,"CIA ALTO MAYO S.A.C.","MOYOBAMBA","MOYOBAMBA","SAN MARTIN",220101,45000.0000,10286,6857,"SOLES",20260707
"BID 4","EMPRENDIMIENTOS INNOVADORES",2025,"706-PROINNOVATE-EIN-2025","COLMETEC: USO DE SENSORES IOT PARA MONITOREO AMBIENTAL EN COLMENAS Y REPORTES CON RECOMENDACIONES DE MANEJO.",20251230,20260830,"QUISPE MONROY KEVIN FIDEL","MOQUEGUA","MARISCAL NIETO","MOQUEGUA",180101,67000.0000,9856,19000,"SOLES",20260707
"BID 4","EMPRENDIMIENTOS INNOVADORES",2025,"707-PROINNOVATE-EIN-2025","DENED: E-LEARNING Y CROWDSOURCING PARA ODONTÓLOGOS CON POCA EXPERIENCIA",20251017,20260717,"AGUIRRE LOYOLA ANDY RENZO","NUEVO CHIMBOTE","SANTA","ANCASH",021809,55000.0000,9000,14572,"SOLES",20260707
"BID 4","PROGRAMA DE INNOVACIÓN MODERNIZACIÓN TECNOLÓGICA Y EMPRENDIMIENTO - MIPYMES DIGITALES",2025,"708-PROINNOVATE-IMTEMD-2025","AUTOMATIZACIÓN Y MEJORA DE LA GESTIÓN MANUAL DEL REGISTRO DE LOS SERVICIOS DE MANTENIMIENTO VEHICULAR\, VENTA DE LUBRICANTES Y REPUESTOS PARA POTENCIAR LA PRODUCTIVIDAD EN LAS OPERACIONES  Y ELEVAR LA PROPUESTA DE  VALOR DE LA EMPRESA COMERCIAL ANGULO SRL",20251029,20260929,"COMERCIAL ANGULO SRL","CHACHAPOYAS","CHACHAPOYAS","AMAZONAS",010101,44900.0000,10260,6840,"SOLES",20260707
"BID 4","PROGRAMA DE INNOVACIÓN MODERNIZACIÓN TECNOLÓGICA Y EMPRENDIMIENTO - MIPYMES DIGITALES",2025,"709-PROINNOVATE-IMTEMD-2025","DISEÑO\, DESARROLLO E IMPLEMENTACIÓN DE UN SISTEMA EMPRESARIAL PARA LA GESTIÓN DE PÓLIZAS\, SINIESTROS Y FACTURACIÓN EN CONSULTORA NORTE ASESORES & CORREDORES DE SEGUROS SAC",20251202,20260902,"CONSULTORA NORTE ASESORES & CORREDORES DE SEGUROS SOCIEDAD ANONIMA CERRADA","CHICLAYO","CHICLAYO","LAMBAYEQUE",140101,45000.0000,10285.71,6857.14,"SOLES",20260707
"BID 4","PROGRAMA DE INNOVACIÓN MODERNIZACIÓN TECNOLÓGICA Y EMPRENDIMIENTO - MIPYMES DIGITALES",2025,"710-PROINNOVATE-IMTEMD-2025","IMPLEMENTACIÓN DE HERRAMIENTAS DIGITALES PARA OPTIMIZAR LA GESTIÓN DE PRODUCCIÓN\, INVENTARIOS\, CONTROL DE CALIDAD Y VENTAS EN LÍNEA EN LA EMPRESA ROMERO INDUSTRIAL SAC",20251010,20260810,"ROMERO INDUSTRIAL SAC","EL TAMBO","HUANCAYO","JUNIN",120114,43500.0000,9900,6600,"SOLES",20260707
"BID 4","EMPRENDIMIENTOS INNOVADORES",2025,"711-PROINNOVATE-EIN-2025","YALA: ASISTENTE IA PARA VENTAS EN VIVO DE COLECCIONABLES EN LATINOAMÉRICA",20250926,20260626,"ATAMARI ALDAZABAL OWEN RIVALDO","BARRANCO","LIMA","LIMA",150104,67000.0000,9572,19142.94,"SOLES",20260707
"BID 4","EMPRENDIMIENTOS INNOVADORES",2025,"713-PROINNOVATE-EIN-2025","PSICONECTA: UNIMOS PERSONAS CON SU PSICÓLOGO IDEAL MEDIANTE TECNOLOGÍA Y ASESORAMIENTO.",20251002,20260702,"COLEAL S.A.C.","LA MOLINA","LIMA","LIMA",150114,67000.0000,10000,19000,"SOLES",20260707
"BID 4","EMPRENDIMIENTOS INNOVADORES",2025,"714-PROINNOVATE-EIN-2025","MAU: ASISTENTE CONTABLE VIRTUAL",20251023,20260723,"PONCE YAURIMO JOHN IRVIN","ATE","LIMA","LIMA",150103,67000.0000,13400,19000,"SOLES",20260707
"BID 4","VALIDACIÓN DE LA INNOVACIÓN",2025,"715-PROINNOVATE-PIEC2-2025","VALIDACIÓN Y EMPAQUETAMIENTO DE KIT DE EXTRACCIÓN DE ADN CON NANOPARTÍCULAS MAGNÉTICAS PARA EL ANÁLISIS DE LA DIVERSIDAD DE LA MICROBIOTA INTESTINAL EN COMUNIDADES NATIVAS EN ZONAS REMOTAS PERUANAS REALIZADO POR INBIOMEDIC S.A.C.",20251023,20261023,"INBIOMEDIC S.A.C.","LINCE","LIMA","LIMA",150116,124518.6900,39801.31,84823,"SOLES",20260707
"BID 4","PROGRAMA DE INNOVACIÓN MODERNIZACIÓN TECNOLÓGICA Y EMPRENDIMIENTO - MIPYMES DIGITALES",2025,"716-PROINNOVATE-IMTEMD-2025","OPTIMIZACIÓN Y DIGITALIZACIÓN INTEGRAL DEL SISTEMA COMERCIAL PARA EL POSICIONAMIENTO\, DIFUSIÓN Y EXPANSIÓN DE LA LÍNEA DE COSMÉTICOS NATURALES A BASE DE MANTECA DE CACAO EN EL NUEVO LOCAL DE OXAPAMPA\, MEDIANTE ESTRATEGIAS DE MARKETING DIGITAL",20251029,20260729,"CHOCOLATES AMYRA S.R.L.","OXAPAMPA","OXAPAMPA","PASCO",190301,45000.0000,10286,6857,"SOLES",20260707
"BID 4","EMPRENDIMIENTOS INNOVADORES",2025,"717-PROINNOVATE-EIN-2025","BIENESTAR Y DESARROLLO EMPRESARIAL: AYUDA A LAS EMPRESAS A FORTALECER SUS ENTORNOS LABORALES CON ENFOQUE DE GÉNERO\, CULTURA DE PAZ Y SOSTENIBILIDAD.",20251002,20260502,"LAURA JARA DE OBREGON JULIA ISABEL","SAN BORJA","LIMA","LIMA",150130,50000.0000,11000,27000,"SOLES",20260707
"BID 4","VALIDACIÓN DE LA INNOVACIÓN",2025,"718-PROINNOVATE-PIEC2-2025","VALIDACIÓN (TÉCNICA-COMERCIAL) Y EMPAQUETAMIENTO DE UN SISTEMA DE CREACIÓN DE COLECCIONES EXCLUSIVAS DE ESCULTURAS Y PIEZAS DE ARTE Y DISEÑO EN METAL INSPIRADAS EN CULTURA PERUANA Y DESARROLLADAS CON MANUFACTURA DE PRECISIÓN PARA MERCADO NACIONAL/INTERNACIONAL",20251003,20260903,"INVENTUM INGENIERIA S.A.","LIMA","LIMA","LIMA",150101,500000.0000,88949.23,235000,"SOLES",20260707
"BID 4","EMPRENDIMIENTOS INNOVADORES",2025,"722-PROINNOVATE-EIN-2025","ROFS.TECH\, CONECTAMOS CLIENTES CON TÉCNICOS DE MEJORAMIENTO DEL HOGAR",20251006,20260606,"REGISTROS ONLINE FACILITADORES SEGUROS TECHNOLOGY S.A.C.","SAN ISIDRO","LIMA","LIMA",150131,67000.0000,9590,19145,"SOLES",20260707
"BID 4","MIPYMES DE CALIDAD PARA LA INDUSTRIA NAVAL",2025,"723-PROINNOVATE-MCIN-2025","IMPLEMENTACIÓN DE LA CERTIFICACIÓN TRINORMA EN EL PROCESO DE VENTA AL POR MENOR DE COMBUSTIBLES EN \"SERVICENTRO SANTA CLARA S.A.C.\"",20251211,20260911,"SERVICENTRO SANTA CLARA S.A.C.","SAYAN","HUAURA","LIMA",150811,64500.0000,15500,10222,"SOLES",20260707
"BID 4","PROGRAMA DE INNOVACIÓN MODERNIZACIÓN TECNOLÓGICA Y EMPRENDIMIENTO - MIPYMES DIGITALES",2025,"724-PROINNOVATE-IMTEMD-2025","IMPLEMENTACIÓN DE SISTEMA CRM Y DESARROLLO DE PÁGINA WEB COMERCIAL INTEGRADA",20251118,20260818,"SISTEMAS INFORMATICOS & TECNOLOGIA EMPRESARIAL HCO SOCIEDAD COMERCIAL DE RESPONSABILIDAD LIMITADA","HUANUCO","HUANUCO","HUANUCO",100101,45000.0000,12171.43,7114.29,"SOLES",20260707
"BID 4","PROGRAMA DE INNOVACIÓN MODERNIZACIÓN TECNOLÓGICA Y EMPRENDIMIENTO - MIPYMES DIGITALES",2025,"726-PROINNOVATE-IMTEMD-2025","TRANSFORMACION DIGITAL PARA MEJORAR LA ADMINISTRACION DEL NEGOCIO Y POTENCIAR LAS VENTAS",20251010,20260710,"FESCA SERVICES AND SUPPLY SAC","MIRAFLORES","LIMA","LIMA",150122,45000.0000,10285.71,6857.14,"SOLES",20260707
"BID 4","EMPRENDIMIENTOS INNOVADORES",2025,"727-PROINNOVATE-EIN-2025","FLYTEEK: PLATAFORMA EDUCATIVA PARA CIENTIFICOS",20251010,20260510,"CRISTIAN RICHARD SAICO CCOPE","LA MOLINA","LIMA","LIMA",150114,67000.0000,10000,19200,"SOLES",20260707
"BID 4","PROGRAMA DE INNOVACIÓN MODERNIZACIÓN TECNOLÓGICA Y EMPRENDIMIENTO - MIPYMES DIGITALES",2025,"729-PROINNOVATE-IMTEMD-2025","DIGITALIZACIÓN DE PROCESOS INTERNOS CLAVE PARA MEJORAR LA PRODUCTIVIDAD Y FORTALECER LA TOMA DE DECISIONES ESTRATÉGICAS",20251003,20260703,"CORALL DEVELOPMENT AND RESEARCH S.A.C.","TRUJILLO","TRUJILLO","LA LIBERTAD",130101,45000.0000,10850,6930,"SOLES",20260707
"BID 4","EMPRENDIMIENTOS DINAMICOS",2025,"730-PROINNOVATE-EDI-2025","ESCUELA AMERICANA DE INNOVACION S.A.C. : PLATAFORMA E-LEARNING PARA PROFESIONALES",20251007,20260607,"ESCUELA AMERICANA DE INNOVACION S.A.C.","TRUJILLO","TRUJILLO","LA LIBERTAD",130101,150000.0000,26400,38200,"SOLES",20260707
"BID 4","EMPRENDIMIENTOS INNOVADORES",2025,"731-PROINNOVATE-EIN-2025","TURISMO LAB: FORMACIÓN EJECUTIVA EN TURISMO PARA CERRAR BRECHAS DIGITALES",20251211,20260811,"TURISMO LAB GROUP S.A.C.","SAN JUAN DE LURIGANCHO","LIMA","LIMA",150132,54999.7300,5614.95,17956.48,"SOLES",20260707
"BID 4","EMPRENDIMIENTOS DINÁMICOS - PERÚ PRODUCE: INNOVACIÓN FRENTE AL CAMBIO CLIMÁTICO",2025,"732-PROINNOVATE-EDICC-2025","TRAZAR: AGRICULTURA FAMILIAR CON TECNOLOGÍA DE PRECISIÓN",20251003,20261003,"INTELIGENCIA\, INNOVACION\, GEOGRAFIA Y SOFTWARE S.A.C.","JOSE LEONARDO ORTIZ","CHICLAYO","LAMBAYEQUE",140105,150000.0000,21428.57,42857.14,"SOLES",20260707
"BID 4","EMPRENDIMIENTOS DINAMICOS",2025,"733-PROINNOVATE-EDI-2025","OXAMANIA: EMPRENDIMIENTO GASTRONÓMICO INNOVADOR PROPONE SALSAS DE ROCOTO\, FRUTA Y HIERBAS ANCESTRALES",20251031,20260831,"L & B BOTTGER S.A.C.","OXAPAMPA","OXAPAMPA","PASCO",190301,149998.0000,17277,52800,"SOLES",20260707
"BID 4","PROGRAMA DE INNOVACIÓN MODERNIZACIÓN TECNOLÓGICA Y EMPRENDIMIENTO - MIPYMES DIGITALES",2025,"734-PROINNOVATE-IMTEMD-2025","TRANSFORMACIÓN DIGITAL INTEGRAL PARA MEJORAR LA EFICIENCIA OPERATIVA\, OPTIMIZAR LA GESTIÓN DE LA INFORMACIÓN Y FORTALECER LA RELACIÓN CON CLIENTES EN ENTORNOS DE ALTA COMPETENCIA EMPRESARIAL.",20251029,20260729,"ESTRUCTURAS METALICAS SALINAS SOCIEDAD ANONIMA CERRADA","VEINTISEIS DE OCTUBRE","PIURA","PIURA",200115,45000.0000,10286,6857,"SOLES",20260707
"BID 4","PROGRAMA DE INNOVACIÓN MODERNIZACIÓN TECNOLÓGICA Y EMPRENDIMIENTO - MIPYMES DIGITALES",2025,"735-PROINNOVATE-IMTEMD-2025","DIGITALIZACIÓN DE PROCESOS OPERATIVOS DE LA EMPRESA PARA CERRAR LAS BRECHAS TECNOLÓGICAS Y AUMENTAR LA EFICIENCIA DE OPERATIVA DE LA EMPRESA CONTEXFYG",20251010,20260910,"CONTEX F Y G SAC","SAN LUIS","LIMA","LIMA",150134,45000.0000,10285.71,6857.14,"SOLES",20260707
"BID 4","PROGRAMA DE INNOVACIÓN MODERNIZACIÓN TECNOLÓGICA Y EMPRENDIMIENTO - MIPYMES DIGITALES",2025,"737-PROINNOVATE-IMTEMD-2025","AUTOMATIZACIÓN DE LA GESTIÓN COMERCIAL Y ATENCIÓN AL CLIENTE CON CRM INTEGRADO PARA INSUMOS Y ACCESORIOS DE OFICINA SAC",20251010,20260810,"INSUMOS Y ACCESORIOS DE OFICINA S.A.C.","SURQUILLO","LIMA","LIMA",150141,45000.0000,10285.72,6857.14,"SOLES",20260707
"BID 4","PROGRAMA DE INNOVACIÓN MODERNIZACIÓN TECNOLÓGICA Y EMPRENDIMIENTO - MIPYMES DIGITALES",2025,"738-PROINNOVATE-IMTEMD-2025","IMPLEMENTACIÓN DE ESTRATEGIAS DIGITALES EN FRUTOS Y PROCESOS S.A.C. PARA IMPULSAR EL CRECIMIENTO COMERCIAL Y LA FIDELIZACIÓN DE CLIENTES",20251010,20260710,"FRUTOS Y PROCESOS S.A.C.","LA MOLINA","LIMA","LIMA",150114,45000.0000,10292,6858,"SOLES",20260707
"BID 4","PROGRAMA DE INNOVACIÓN MODERNIZACIÓN TECNOLÓGICA Y EMPRENDIMIENTO - MIPYMES DIGITALES",2025,"739-PROINNOVATE-IMTEMD-2025","OPTIMIZACIÓN DIGITAL DE LOS PROCESOS COMERCIALES\, ADMINISTRATIVOS Y LOGÍSTICOS DE PANNING",20251010,20260810,"PANNING S.A.C.","ATE","LIMA","LIMA",150103,45000.0000,10285.72,6857.14,"SOLES",20260707
"BID 4","PROGRAMA DE INNOVACIÓN MODERNIZACIÓN TECNOLÓGICA Y EMPRENDIMIENTO - MIPYMES DIGITALES",2025,"740-PROINNOVATE-IMTEMD-2025","INCREMENTAR LA EFICIENCIA Y MEJORAR LA GESTIÓN DE LAS SUBDIMENSIONES OPERACIONAL Y COMERCIAL FINANCIERO PARA MANTENER EL LIDERAZGO DEL MERCADO CORPORATIVO DEL MOBILIARIO CONTRACT",20251023,20260923,"ZUÑIGA ESPACIOS Y  PROYECTOS S.A.C.","VILLA EL SALVADOR","LIMA","LIMA",150142,44999.0000,10286,6857,"SOLES",20260707
"BID 4","PROGRAMA DE INNOVACIÓN MODERNIZACIÓN TECNOLÓGICA Y EMPRENDIMIENTO - MIPYMES DIGITALES",2025,"741-PROINNOVATE-IMTEMD-2025","TRANSFORMACIÓN DIGITAL PARA LA OPTIMIZACIÓN GESTIÓN LOGÍSTICA Y TRAZABILIDAD\, PARA INCREMENTAR LA PRODUCTIVIDAD DE NOVAL COMPANY S.A.C.",20251023,20260723,"NOVAL COMPANY SAC","SAN JUAN DE LURIGANCHO","LIMA","LIMA",150132,45000.0000,10285.71,6857.14,"SOLES",20260707
"BID 4","PROGRAMA DE INNOVACIÓN MODERNIZACIÓN TECNOLÓGICA Y EMPRENDIMIENTO - MIPYMES DIGITALES",2025,"742-PROINNOVATE-IMTEMD-2025","IMPLEMENTACIÓN DE PLATAFORMA WEB OMNICANAL CON INTELIGENCIA ARTIFICIAL PARA OPTIMIZAR LA ATENCIÓN DIGITAL DE CLIENTES EN PROGREZ CONSULTORES ASOCIADOS S.A.C.",20251023,20260823,"PROGREZ CONSULTORES ASOCIADOS S.A.C.","MIRAFLORES","LIMA","LIMA",150122,45000.0000,10285.71,6857.14,"SOLES",20260707
"BID 4","PROGRAMA DE INNOVACIÓN MODERNIZACIÓN TECNOLÓGICA Y EMPRENDIMIENTO - MIPYMES DIGITALES",2025,"743-PROINNOVATE-IMTEMD-2025","IMPLEMENTACIÓN DE HERRAMIENTAS DIGITALES PARA FORTALECER EL PROCESO COMERCIAL DE OKR UNIVERSITY MEJORANDO LA CAPTACIÓN Y CONVERSIÓN DE PROSPECTOS A CLIENTES B2B EN LATINOAMÉRICA",20251002,20260702,"GRUPO SILVA S.A.C.","SANTIAGO DE SURCO","LIMA","LIMA",150140,44999.5400,10285.6,6857.06,"SOLES",20260707
"BID 4","PROGRAMA DE INNOVACIÓN MODERNIZACIÓN TECNOLÓGICA Y EMPRENDIMIENTO - MIPYMES DIGITALES",2025,"745-PROINNOVATE-IMTEMD-2025","OPTIMIZACIÓN DE PROCESOS LOGÍSTICOS Y ADMINISTRATIVOS EN INVERSIONES SANELI S.A.C. A TRAVÉS DE LA DIGITALIZACIÓN PARA LOGRAR TRAZABILIDAD\, CONTROL DE FLOTA Y EFICIENCIA OPERATIVA.",20251002,20260802,"INVERSIONES SANELI S.A.C.","SULLANA","SULLANA","PIURA",200601,45000.0000,10286,6857,"SOLES",20260707
"BID 4","PROGRAMA DE INNOVACIÓN MODERNIZACIÓN TECNOLÓGICA Y EMPRENDIMIENTO - MIPYMES DIGITALES",2025,"746-PROINNOVATE-IMTEMD-2025","IMPLEMENTAR UNA ESTRATEGIA DE DIGITALIZACIÓN PARA OPTIMIZAR LA GESTIÓN INTERNA DE COSTOS Y FACILITAR DECISIONES EMPRESARIALES EN LOS PROYECTOS DE INGENIERÍA CIVIL DE LA EMPRESA ICL CONSULTORÍA Y CONSTRUCCIÓN S.A.C.",20251029,20260929,"I.C.L. CONSULTORIA Y CONSTRUCCION S.A.C.","CASTILLA","PIURA","PIURA",200104,45000.0000,10292,6858,"SOLES",20260707
"BID 4","PROGRAMA DE INNOVACIÓN MODERNIZACIÓN TECNOLÓGICA Y EMPRENDIMIENTO - MIPYMES DIGITALES",2025,"747-PROINNOVATE-IMTEMD-2025","TRANSFORMACIÓN DIGITAL DE LOS PROCESOS COMERCIALES\, OPERACIONALES Y LOGÍSTICOS DE CORPORACIÓN LOGÍSTICA DEL NORTE PERÚ PARA OPTIMIZAR LA GESTIÓN DE CLIENTES\, LA TRAZABILIDAD DE ENVÍOS\, LA PLANIFICACIÓN DE RUTAS Y LA ATENCIÓN POSTVENTA.",20251017,20260917,"CORPORACION LOGISTICA DEL NORTE PERU S.A.C.S.","PIURA","PIURA","PIURA",200101,45000.0000,10286,6857,"SOLES",20260707
"BID 4","PROGRAMA DE INNOVACIÓN MODERNIZACIÓN TECNOLÓGICA Y EMPRENDIMIENTO - MIPYMES DIGITALES",2025,"748-PROINNOVATE-IMTEMD-2025","AUTOMATIZACIÓN\, DIGITALIZACIÓN E INTEGRACIÓN DE LOS PROCESOS OPERATIVOS Y COMERCIALES DE LA EMPRESA HIDROPÓNIKA S.A.C. PARA EL FORTALECIMIENTO DE LA EMPRESA Y AUMENTO DE SU PRODUCTIVIDAD.",20251002,20260702,"HIDROPONIKA S.A.C.","LA MOLINA","LIMA","LIMA",150114,45000.0000,10285.71,6857.14,"SOLES",20260707
"BID 4","VALIDACIÓN DE LA INNOVACIÓN",2025,"749-PROINNOVATE-PIEC2-2025","VALIDACIÓN TÉCNICA Y COMERCIAL DE UN NEBULIZADOR CON MAYOR EFICIENCIA EN LA APLICACIÓN DE FITOSANITARIOS ADAPTADO A LAS CONDICIONES VARIABLES DEL TERRENO EN CULTIVOS DE ARÁNDANOS DE EXPORTACIÓN",20251003,20260803,"AFA GROUP DE MAQUINARIAS Y REPUESTOS E.I.R.L.","TRUJILLO","TRUJILLO","LA LIBERTAD",130101,499955.0100,163435.89,350213.84,"SOLES",20260707
"BID 4","PROGRAMA DE INNOVACIÓN MODERNIZACIÓN TECNOLÓGICA Y EMPRENDIMIENTO - MIPYMES DIGITALES",2025,"750-PROINNOVATE-IMTEMD-2025","ESTRATEGIA DE INNOVACIÓN DIGITAL ORIENTADA AL FORTALECIMIENTO DE LOS PROCESOS INTERNOS OPERACIONALES Y AL INCREMENTO DE LA EFICIENCIA EN LA INTERACCIÓN DE CLIENTES CON CANALES DE ATENCIÓN Y CAPTACIÓN DIGITAL.",20251007,20260707,"SUPREME FOODS E.I.R.L.","CHICLAYO","CHICLAYO","LAMBAYEQUE",140101,44900.0000,10260,6840,"SOLES",20260707
"BID 4","PROGRAMA DE INNOVACIÓN MODERNIZACIÓN TECNOLÓGICA Y EMPRENDIMIENTO - MIPYMES DIGITALES",2025,"751-PROINNOVATE-IMTEMD-2025","TRANSFORMACIÓN DIGITAL DE TLPEC EVENTOS S.A.C. MEDIANTE LA INTEGRACIÓN DE PROCESOS OPERATIVOS Y ADMINISTRATIVOS\, Y LA CENTRALIZACIÓN DIGITAL DE LA ATENCIÓN COMERCIAL\, PARA OPTIMIZAR LA EXPERIENCIA DEL CLIENTE EN EVENTOS CORPORATIVOS",20251002,20260702,"TLPECP EVENTOS INTEGRALES SOCIEDAD ANONIMA CERRADA  -  TLPEC EVENTOS S.A.C.","SANTIAGO DE SURCO","LIMA","LIMA",150140,45000.0000,10286,6857,"SOLES",20260707
"BID 4","EMPRENDIMIENTOS INNOVADORES",2025,"752-PROINNOVATE-EIN-2025","UBERFY: PLATAFORMA ON-DEMAND PARA TAXIS Y LOGÍSTICA\, IMPULSANDO LA ECONOMÍA COLABORATIVA",20251023,20260623,"MELGAREJO SOLIS ARNOLD KEVIN","SAN MARTIN DE PORRES","LIMA","LIMA",150135,54999.7000,5000.3,18571,"SOLES",20260707
"BID 4","PROGRAMA DE INNOVACIÓN MODERNIZACIÓN TECNOLÓGICA Y EMPRENDIMIENTO - MIPYMES DIGITALES",2025,"753-PROINNOVATE-IMTEMD-2025","DIGITALIZACIÓN DE PROCESOS OPERATIVOS PARA MEJORAR LA COORDINACIÓN\, PRODUCTIVIDAD Y TRAZABILIDAD EMPRESARIAL",20251013,20260713,"ECO-100 ARQUITECTOS S.A.C.","MIRAFLORES","LIMA","LIMA",150122,45000.0000,10285.72,6857.14,"SOLES",20260707
"BID 4","PROGRAMA DE INNOVACIÓN MODERNIZACIÓN TECNOLÓGICA Y EMPRENDIMIENTO - MIPYMES DIGITALES",2025,"754-PROINNOVATE-IMTEMD-2025","OPTIMIZACIÓN DEL CICLO DE VENTA EN IM CONSULTORES PARA LA AUTOMATIZACIÓN DE PROCESOS DE MARKETING Y COMERCIALES MEJORANDO SU COMPETITIVIDAD EN LA IMPLEMENTACIÓN DE SISTEMAS DE GESTIÓN INTEGRADOS PARA PYMES PERUANAS.",20251013,20260913,"INTEGRAL MANAGEMENT HSEQ S.A.C.","LIMA","LIMA","LIMA",150101,45000.0000,10285.71,6857.14,"SOLES",20260707
"BID 4","PROGRAMA DE INNOVACIÓN MODERNIZACIÓN TECNOLÓGICA Y EMPRENDIMIENTO - MIPYMES DIGITALES",2025,"755-PROINNOVATE-IMTEMD-2025","AUTOMATIZACIÓN Y GESTIÓN ESTRATÉGICA DE INSUMOS Y PRODUCTOS TERMINADOS PARA IMPULSAR LA PRODUCTIVIDAD Y SOSTENIBILIDAD OPERATIVA DE AMANTANI",20251029,20260929,"AMANTANI KNITS SOCIEDAD ANONIMA CERRADA","VILLA EL SALVADOR","LIMA","LIMA",150142,45000.0000,10285.72,6857.14,"SOLES",20260707
"BID 4","EMPRENDIMIENTOS INNOVADORES",2025,"756-PROINNOVATE-EIN-2025","CHIQUILANDIA\, JUGUETES Y MATERIAL INCLUSIVO.",20251002,20260702,"ARNEDO CHALCO ANGEL LUIS","SAN JUAN DE MIRAFLORES","LIMA","LIMA",150133,54191.0000,9734,15453,"SOLES",20260707
"BID 4","PROGRAMA DE INNOVACIÓN MODERNIZACIÓN TECNOLÓGICA Y EMPRENDIMIENTO - MIPYMES DIGITALES",2025,"757-PROINNOVATE-IMTEMD-2025","IMPLEMENTACIÓN DE HERRAMIENTA DIGITAL PARA REDUCIR LAS BRECHAS TRIBUTARIAS DE LAS MICROEMPRESAS PERUANAS: MENDIETA PYME",20250926,20260826,"MENDIETA SERVICIOS CONTABLES SOCIEDAD ANONIMA CERRADA","CHACLACAYO","LIMA","LIMA",150107,45000.0000,10285.72,6857.14,"SOLES",20260707
"BID 4","PROGRAMA DE INNOVACIÓN MODERNIZACIÓN TECNOLÓGICA Y EMPRENDIMIENTO - MIPYMES DIGITALES",2025,"758-PROINNOVATE-IMTEMD-2025","AGROBIOFLOW: SISTEMA INTEGRAL DE GESTIÓN DIGITAL DE DEMANDA\, PRODUCCIÓN Y TRAZABILIDAD DE BIOINSUMOS AGRÍCOLAS.",20251010,20260710,"MICROBIAL FACTORY S.A.C.","SAN MARTIN DE PORRES","LIMA","LIMA",150135,45000.0000,10285.72,6857.14,"SOLES",20260707
"BID 4","PROGRAMA DE INNOVACIÓN MODERNIZACIÓN TECNOLÓGICA Y EMPRENDIMIENTO - MIPYMES DIGITALES",2025,"759-PROINNOVATE-IMTEMD-2025","TRANSFORMACIÓN DIGITAL PARA LA OPTIMIZACIÓN DE PROCESOS PRODUCTIVOS Y LOGÍSTICOS Y EL FORTALECIMIENTO DE LA GESTIÓN COMERCIAL",20251211,20261011,"NUTRIMIENTOS Y VETERINARIA EL ARCA DE NOE E.I.R.L.","JOSE LEONARDO ORTIZ","CHICLAYO","LAMBAYEQUE",140105,45000.0000,10300,6850,"SOLES",20260707
"BID 4","PROGRAMA DE INNOVACIÓN MODERNIZACIÓN TECNOLÓGICA Y EMPRENDIMIENTO - MIPYMES DIGITALES",2025,"760-PROINNOVATE-IMTEMD-2025","ESTRATEGIA DE DIGITALIZACIÓN PARA LA MEJORA EN LA EFICIENCIA OPERATIVA Y SATISFACCIÓN DEL CLIENTE",20251010,20260810,"ACOMO NEGOCIOS FINANCIEROS S.A.C.","SANTIAGO DE SURCO","LIMA","LIMA",150140,45000.0000,10285.71,6857.14,"SOLES",20260707
"BID 4","PROGRAMA DE INNOVACIÓN MODERNIZACIÓN TECNOLÓGICA Y EMPRENDIMIENTO - MIPYMES DIGITALES",2025,"761-PROINNOVATE-IMTEMD-2025","DESARROLLO DE UNA PLATAFORMA DIGITAL SAAS MODULAR PARA AUTOMATIZAR PROCESOS OPERATIVOS EN MYPES PRODUCTIVAS\, AGILIZANDO SU TRANSFORMACIÓN DIGITAL MEDIANTE NUESTROS SERVICIOS DE CONSULTORÍA ESPECIALIZADA EN OPTIMIZACIÓN DE PROCESOS Y ESCALAMIENTO SOSTENIBLE.",20251002,20260802,"INVERSIONES 4F S.A.C.","SAN ISIDRO","LIMA","LIMA",150131,45000.0000,10286,6857,"SOLES",20260707
"BID 4","PROGRAMA DE INNOVACIÓN MODERNIZACIÓN TECNOLÓGICA Y EMPRENDIMIENTO - MIPYMES DIGITALES",2025,"762-PROINNOVATE-IMTEMD-2025","IMPLEMENTACIÓN DE UN SISTEMA DE GESTIÓN EMPRESARIAL A MEDIDA PARA OPTIMIZAR PROCESOS CONTABLES Y MEJORAR LA TOMA DE DECISIONES EN S&M ASESORES SAC",20251010,20260710,"S & M ASESORES S.A.C","LOS OLIVOS","LIMA","LIMA",150117,45000.0000,10285.71,6857.14,"SOLES",20260707
"BID 4","PROGRAMA DE INNOVACIÓN MODERNIZACIÓN TECNOLÓGICA Y EMPRENDIMIENTO - MIPYMES DIGITALES",2025,"763-PROINNOVATE-IMTEMD-2025","CAPACITACIÓN PARA ISA SHIPPING SAC EN EL FORTALECIMIENTO DE LA IDENTIDAD DIGITAL\, ESTRATEGIAS DE POSICIONAMIENTO Y AUTOMATIZACIÓN EN EL SECTOR LOGÍSTICO PARA GENERAR OPORTUNIDADES COMERCIALES.",20251002,20260802,"ISA SHIPPING SAC","LA VICTORIA","LIMA","LIMA",150115,45000.0000,10285.71,6857.14,"SOLES",20260707
"BID 4","PROGRAMA DE INNOVACIÓN MODERNIZACIÓN TECNOLÓGICA Y EMPRENDIMIENTO - MIPYMES DIGITALES",2025,"764-PROINNOVATE-IMTEMD-2025","ESTRATEGIA DE DIGITALIZACIÓN PARA EL FORTALECIMIENTO DE LA GESTIÓN Y COMUNICACIÓN CORPORATIVA",20251014,20260714,"OPERACIONES DEPORTE Y TECNOLOGIA PERU S.A.C.","ATE","LIMA","LIMA",150103,45000.0000,10285.71,6857.14,"SOLES",20260707
"BID 4","EMPRENDIMIENTOS INNOVADORES",2025,"765-PROINNOVATE-EIN-2025","ONE CANAL SAC: PLATAFORMA DE SALARIO BAJO DEMANDA (EWA) QUE OPERA A TRAVÉS DE UN MODELO B2B2C.",20251010,20260710,"ONE CANAL S.A.C.","TACNA","TACNA","TACNA",230101,66994.0000,11210,19494.93,"SOLES",20260707
"BID 4","PROGRAMA DE INNOVACIÓN MODERNIZACIÓN TECNOLÓGICA Y EMPRENDIMIENTO - MIPYMES DIGITALES",2025,"766-PROINNOVATE-IMTEMD-2025","IMPLEMENTACIÓN DE HERRAMIENTAS DIGITALES EN LA OPERACIÓN COMERCIAL: UNA RUTA PARA AUMENTAR LA CONVERSIÓN DE LEADS\, CONSOLIDAR EL NICHO DE MERCADO Y MEJORAR LA EXPERIENCIA DE LOS CLIENTES",20251010,20260710,"BANNERPLANT S.A.C.","JESUS MARIA","LIMA","LIMA",150113,45000.0000,10286,6857,"SOLES",20260707
"BID 4","EMPRENDIMIENTOS INNOVADORES",2025,"767-PROINNOVATE-EIN-2025","ICHIK LAB-JUGUETES CIENTÍFICOS PARA TODOS",20251001,20260701,"ICHIK LAB S.A.C.","SAN MARTIN DE PORRES","LIMA","LIMA",150135,55000.0000,6860,16713.9,"SOLES",20260707
"BID 4","EMPRENDIMIENTOS INNOVADORES",2025,"768-PROINNOVATE-EIN-2025","KURU NATURAL DRINKING STRAWS",20251010,20260710,"ECOLOGICAL INVESTMENTS KURU S.A.C.","SURQUILLO","LIMA","LIMA",150141,55000.0000,13750,9821.5,"SOLES",20260707
"BID 4","EMPRENDIMIENTOS INNOVADORES",2025,"769-PROINNOVATE-EIN-2025","SIMULACROS MEDICOS: PREPARACIÓN ESTRATÉGICA PARA EXÁMENES DE LOS ESTUDIANTES DE MEDICINA.",20251002,20260702,"PEÑA OSCUVILCA AMÉRICO","LINCE","LIMA","LIMA",150116,55000.0000,15714.29,7857.14,"SOLES",20260707
"BID 4","PROGRAMA DE INNOVACIÓN MODERNIZACIÓN TECNOLÓGICA Y EMPRENDIMIENTO - MIPYMES DIGITALES",2025,"770-PROINNOVATE-IMTEMD-2025","OPTIMIZACIÓN DE LAS HERRAMIENTAS DIGITALES Y AUTOMATIZACIÓN DE LOS PROCESOS INTERNOS PARA MEJORAR LA EFICIENCIA EN LA ATENCIÓN AL CLIENTE E INCREMENTAR EL VOLUMEN DE VENTAS DE LA EMPRESA PALO CRUZ INVERSIONES S.A.C. EN AREQUIPA - PERÚ",20251014,20260714,"PALO CRUZ INVERSIONES S.A.C.","AREQUIPA","AREQUIPA","AREQUIPA",040101,44900.0000,10260,6840,"SOLES",20260707
"BID 4","PROGRAMA DE INNOVACIÓN MODERNIZACIÓN TECNOLÓGICA Y EMPRENDIMIENTO - MIPYMES DIGITALES",2025,"771-PROINNOVATE-IMTEMD-2025","DIGITALIZACIÓN DE PROCESOS PARA REDUCIR TIEMPOS DE ATENCIÓN Y MEJORAR LA COORDINACIÓN OPERATIVA DE LOS SERVICIOS TURÍSTICOS",20251014,20260714,"VLADYTOURS EMPRESA INDIVIDUAL DE RESPONSABILIDAD LIMITADA - VLADYTOURS E.I.R.L.","WANCHAQ","CUSCO","CUSCO",080108,45000.0000,10285.72,6857.14,"SOLES",20260707
"BID 4","PROGRAMA DE INNOVACIÓN MODERNIZACIÓN TECNOLÓGICA Y EMPRENDIMIENTO - MIPYMES DIGITALES",2025,"772-PROINNOVATE-IMTEMD-2025","\"DIGITALIZACIÓN ESTRATÉGICA PARA EL CONTROL EFICIENTE DE PROYECTOS Y LA EXPANSIÓN COMERCIAL DE SERVICIOS AMBIENTALES DE LA EMPRESA KOSKO\"",20251002,20260702,"KOSKO PERU SOCIEDAD ANONIMA CERRADA - KOSKO PERU S.A.C.","CAYMA","AREQUIPA","AREQUIPA",040103,45000.0000,10286,6857,"SOLES",20260707
"BID 4","PROGRAMA DE INNOVACIÓN MODERNIZACIÓN TECNOLÓGICA Y EMPRENDIMIENTO - MIPYMES DIGITALES",2025,"773-PROINNOVATE-IMTEMD-2025","DIGITALIZACIÓN DE PROCESOS CLAVE PARA AUMENTAR LA EFICIENCIA\, TRAZABILIDAD Y CONTROL OPERATIVO EN ETC TOUR OPERADOR",20251010,20260710,"E.T.C. TOUR OPERADOR S.R.L.","PUNO","PUNO","PUNO",210101,45000.0000,10285.72,6857.14,"SOLES",20260707
"BID 4","PROGRAMA DE INNOVACIÓN MODERNIZACIÓN TECNOLÓGICA Y EMPRENDIMIENTO - MIPYMES DIGITALES",2025,"774-PROINNOVATE-IMTEMD-2025","SOLUCIÓN INTEGRAL DE GESTIÓN PARA LA TRANSFORMACIÓN DIGITAL DE INDUSTRIAS TECHOS PERÚ S.A.C: OPTIMIZACIÓN DE PROCESOS Y TRAZABILIDAD EN LA INDUSTRIA DE MANUFACTURA",20251029,20260729,"INDUSTRIA TECHOS PERU S.A.C.","CERRO COLORADO","AREQUIPA","AREQUIPA",040104,45000.0000,10285.71,6857.14,"SOLES",20260707
"BID 4","DESAFÍOS DE INNOVACIÓN EN CADENAS DE VALOR MODALIDAD A",2025,"775-PROINNOVATE-DICVMA-2025","DESARROLLO DE UN SISTEMA TECNOLÓGICO PARA LA VALORIZACIÓN DEL ALPERUJO DE LA CADENA OLIVÍCOLA Y SU TRANSFORMACIÓN EN BIOCUEROS SOSTENIBLES APLICADOS EN LA RUTA DEL OLIVO PATRIMONIAL EN LA REGIÓN SUR",20251203,20261203,"INSTITUTO TECNOLÓGICO DE LA PRODUCCIÓN","SAN ISIDRO","LIMA","LIMA",150131,531960.0000,0,67150,"SOLES",20260707
"BID 4","PROGRAMA DE INNOVACIÓN MODERNIZACIÓN TECNOLÓGICA Y EMPRENDIMIENTO - MIPYMES DIGITALES",2025,"776-PROINNOVATE-IMTEMD-2025","TRANSFORMACIÓN DIGITAL PARA MEJORAR LA COMPETITIVIDAD Y AUMENTAR LA CAPTACIÓN DE CLIENTES EN MACHUPICCHU EXCLUSIVE TOURS",20251007,20260707,"MACHUPICCHU EXCLUSIVE TOURS EMPRESA INDIVIDUAL DE RESPONSABILIDAD LIMITADA","WANCHAQ","CUSCO","CUSCO",080108,45000.0000,10286,6857,"SOLES",20260707
"BID 4","PROGRAMA DE INNOVACIÓN MODERNIZACIÓN TECNOLÓGICA Y EMPRENDIMIENTO - MIPYMES DIGITALES",2025,"777-PROINNOVATE-IMTEMD-2025","REDUCCIÓN DE BRECHAS TECNOLÓGICAS PARA LA MEJORA DEL DESEMPEÑO PRODUCTIVO EN EL SECTOR TEXTIL",20251002,20260702,"INDUSTRIAS SPORT MONZON E.I.R.L.","AREQUIPA","AREQUIPA","AREQUIPA",040101,45000.0000,10286,6857,"SOLES",20260707
"BID 4","PROGRAMA DE INNOVACIÓN MODERNIZACIÓN TECNOLÓGICA Y EMPRENDIMIENTO - MIPYMES DIGITALES",2025,"778-PROINNOVATE-IMTEMD-2025","PROYECTO DE DIGITALIZACIÓN DE LAS ÁREAS DE PRODUCCIÓN Y ALMACÉN DE INSUMOS Y MATERIAS PRIMAS\, PARA MEJORAR LA TRAZABILIDAD DE LA EMPRESA PANIFICADORA LA FLOR DEL PAN S.A.C.",20251010,20260710,"PANIFICADORA LA FLOR DEL PAN S.A.C.","LA ESPERANZA","TRUJILLO","LA LIBERTAD",130105,45000.0000,12800,7200,"SOLES",20260707
"BID 4","PROGRAMA DE INNOVACIÓN MODERNIZACIÓN TECNOLÓGICA Y EMPRENDIMIENTO - MIPYMES DIGITALES",2025,"780-PROINNOVATE-IMTEMD-2025","TRANSFORMACIÓN DIGITAL INTEGRAL DE LOS PROCESOS OPERATIVOS Y COMERCIALES DE 347 COPY E.I.R.L. PARA FORTALECER SU COMPETITIVIDAD\, PRODUCTIVIDAD Y POSICIONAMIENTO\, A TRAVÉS DE SOLUCIONES TECNOLÓGICAS QUE OPTIMICEN SU GESTIÓN INTERNA Y EXPERIENCIA DEL CLIENTE",20251029,20260729,"347 COPY E.I.R.L.","CHACHAPOYAS","CHACHAPOYAS","AMAZONAS",010101,45000.0000,10285.71,6857.14,"SOLES",20260707
"BID 4","PROGRAMA DE INNOVACIÓN MODERNIZACIÓN TECNOLÓGICA Y EMPRENDIMIENTO - MIPYMES DIGITALES",2025,"781-PROINNOVATE-IMTEMD-2025","FORTALECIMIENTO DE LA EFICIENCIA OPERATIVA\, PARA LA INTEGRACIÓN Y AUTOMATIZACIÓN DE PROCESOS INTERNOS\, CONTABLES FINANCIEROS\, Y POTENCIAR LA PRESENCIA Y ALCANCE COMERCIAL EN ENTORNOS DIGITALES 24/7 PARA COMERCIALIZAR PRODUCTOS.",20251010,20260710,"FERREMASS S.A.C.","BAGUA GRANDE","UTCUBAMBA","AMAZONAS",010701,44900.0000,10260,6840,"SOLES",20260707
"BID 4","PROGRAMA DE INNOVACIÓN MODERNIZACIÓN TECNOLÓGICA Y EMPRENDIMIENTO - MIPYMES DIGITALES",2025,"782-PROINNOVATE-IMTEMD-2025","TRANSFORMACIÓN DIGITAL INTEGRAL EN GRUPO THAIZ PARA OPTIMIZAR LOS PROCESOS DE PRODUCCIÓN Y SERVICIO\, FORTALECER LA GESTIÓN INTERNA Y MEJORAR LA TRAZABILIDAD Y RELACIÓN CON LOS CLIENTES EN EL SECTOR LAVANDERÍA E INSUMOS TÉCNICOS ESPECIALIZADOS",20251002,20260902,"GRUPO THAIZ SOCIEDAD COMERCIAL DE RESPONSABILIDAD LIMITADA","MACHUPICCHU","URUBAMBA","CUSCO",081304,45000.0000,10286,6857,"SOLES",20260707
"BID 4","PROGRAMA DE INNOVACIÓN MODERNIZACIÓN TECNOLÓGICA Y EMPRENDIMIENTO - MIPYMES DIGITALES",2025,"783-PROINNOVATE-IMTEMD-2025","ESTRATEGIA DE TRANSFORMACIÓN DIGITAL PARA HABILITAR UN CANAL DE COMPRAS DIGITALES\, GESTIONAR CLIENTES FRECUENTES CON ASISTENTES DE INTELIGENCIA ARTIFICIAL Y OPTIMIZAR FACTURACIÓN E INVENTARIO\, IMPULSANDO LA EXPANSIÓN EN MERCADOS LOCALES E INTERNACIONALES.",20251029,20260729,"PIRWA COMPANY S.A.C.","CHUNGUI","LA MAR","AYACUCHO",050505,44200.0000,10080,6720,"SOLES",20260707
"BID 4","DESAFÍOS DE INNOVACIÓN EN CADENAS DE VALOR MODALIDAD A",2025,"785-PROINNOVATE-DICVMA-2025","DESAFÍO DE INNOVACIÓN EN LA CADENA DE VALOR DE SUELAS PARA CALZADO EN MATERIAL EVA Y BIDENSIDAD\, ADOPTANDO TÉCNICAS Y TECNOLOGÍAS INTELIGENTES PARA DESARROLLAR PRODUCTOS COMPETITIVOS INTERNACIONALMENTE FORTALECIENDO A LAS EMPRESAS DE SUELAS A NIVEL NACIONAL",20251203,20261203,"INSTITUTO TECNOLÓGICO DE LA PRODUCCIÓN","SAN ISIDRO","LIMA","LIMA",150131,530728.0000,0,66000,"SOLES",20260707
"BID 4","PROGRAMA DE INNOVACIÓN MODERNIZACIÓN TECNOLÓGICA Y EMPRENDIMIENTO - MIPYMES DIGITALES",2025,"786-PROINNOVATE-IMTEMD-2025","TRANSFORMACIÓN DIGITAL PARA LA INTEGRACIÓN DE SISTEMAS DE VENTA E INTEROPERABILIDAD CON ALMACÉN Y FINANZAS PARA LA MEJORA DE LA EFICIENCIA OPERATIVA Y COMERCIAL",20251003,20260803,"MARCO POLO TRADING E.I.R.L.","SANTIAGO DE SURCO","LIMA","LIMA",150140,44900.0000,10300,6800,"SOLES",20260707
"BID 4","PROGRAMA DE INNOVACIÓN MODERNIZACIÓN TECNOLÓGICA Y EMPRENDIMIENTO - MIPYMES DIGITALES",2025,"787-PROINNOVATE-IMTEMD-2025","TRANSFORMACIÓN DIGITAL PARA FORTALECER EL POSICIONAMIENTO DE LA EMPRESA ALARMAS COBRA S.A.C. EN EL SECTOR DE SEGURIDAD ELECTRÓNICA",20251002,20260802,"ALARMAS COBRA S.A.C.","LINCE","LIMA","LIMA",150116,45000.0000,10285.72,6857.14,"SOLES",20260707
"BID 4","EMPRENDIMIENTOS INNOVADORES",2025,"789-PROINNOVATE-EIN-2025","FIDELIA: PLATAFORMA MOBILE QUE PERMITE A PYMES Y MYPES CREAR PROGRAMAS DE FIDELIZACIÓN.",20251029,20260729,"CHAVEZ CAMARGO PEDRO MARTIN","MIRAFLORES","LIMA","LIMA",150122,48825.0000,8500,13050,"SOLES",20260707
"BID 4","PROGRAMA DE INNOVACIÓN MODERNIZACIÓN TECNOLÓGICA Y EMPRENDIMIENTO - MIPYMES DIGITALES",2025,"790-PROINNOVATE-IMTEMD-2025","TRANSFORMACIÓN DIGITAL PARA ASEGURAR TRAZABILIDAD\, ESTANDARIZACIÓN DE PROCESOS Y MEJORA CONTINUA EN SERVICIOS OFTALMOLÓGICOS",20251010,20260710,"INVERSIONES MULTIMEDIC S.A.C.","LINCE","LIMA","LIMA",150116,45000.0000,10286,6857,"SOLES",20260707
"BID 4","PROGRAMA DE INNOVACIÓN MODERNIZACIÓN TECNOLÓGICA Y EMPRENDIMIENTO - MIPYMES DIGITALES",2025,"791-PROINNOVATE-IMTEMD-2025","OPTIMIZACIÓN DE LA GESTIÓN DE CLIENTES Y PROCESOS EN CORSOCIUS CONSULTORÍA EN TALENTO HUMANO\, MEDIANTE UN SOFTWARE CON INTELIGENCIA ARTIFICIAL Y SOPORTE DE ESTRATEGIAS DE MARKETING DIGITAL PARA LA AUTOMATIZACIÓN DE SUS PROCESOS Y LA TOMA DE DECISIONES.",20251023,20260723,"MERAKI CONSULTORIAS E.I.R.L.","JESUS MARIA","LIMA","LIMA",150113,45000.0000,10286,6857,"SOLES",20260707
"BID 4","PROGRAMA DE INNOVACIÓN MODERNIZACIÓN TECNOLÓGICA Y EMPRENDIMIENTO - MIPYMES DIGITALES",2025,"792-PROINNOVATE-IMTEMD-2025","DIGITALIZACIÓN ESTRATÉGICA PARA OPTIMIZAR LA GESTIÓN DE PROCESOS OPERACIONALES EN LA PRODUCCIÓN DE BENEFICIO AVÍCOLA Y FORTALECER LA PRESENCIA Y ALCANCE COMERCIAL DE BIG CHICKEN AVICOLA S.A.C.",20251010,20260710,"BIG CHICKEN AVICOLA S.A.C.","LA VICTORIA","CHICLAYO","LAMBAYEQUE",140106,44900.0000,10260,6840,"SOLES",20260707
"BID 4","PROGRAMA DE INNOVACIÓN MODERNIZACIÓN TECNOLÓGICA Y EMPRENDIMIENTO - MIPYMES DIGITALES",2025,"793-PROINNOVATE-IMTEMD-2025","DISEÑO E IMPLEMENTACIÓN DE UNA PLATAFORMA MULTIFUNCIONAL PARA POTENCIAR LA PRODUCTIVIDAD EN LAS OPERACIONES DE LA EMPRESA Y BRINDAR UN MEJOR SERVICIO AL CLIENTE.",20251029,20260929,"INTED PERU EIRL","CHACHAPOYAS","CHACHAPOYAS","AMAZONAS",010101,44900.0000,10260,6840,"SOLES",20260707
"BID 4","PROGRAMA DE INNOVACIÓN MODERNIZACIÓN TECNOLÓGICA Y EMPRENDIMIENTO - MIPYMES DIGITALES",2025,"794-PROINNOVATE-IMTEMD-2025","DIGITALIZACIÓN Y OPTIMIZACIÓN DE LOS PROCESOS INTERNOS DE LA EMPRESA\, ENFOCADA A LA ATENCIÓN EFICAZ DEL PACIENTE EN EL CENTRO MÉDICO TRAMAZON DOCTOR.",20251031,20260731,"TRAMAZON S.A.C.","SAN JUAN BAUTISTA","MAYNAS","LORETO",160113,45000.0000,13608,6000,"SOLES",20260707
"BID 4","PROGRAMA DE INNOVACIÓN MODERNIZACIÓN TECNOLÓGICA Y EMPRENDIMIENTO - MIPYMES DIGITALES",2025,"795-PROINNOVATE-IMTEMD-2025","DESARROLLO\, IMPLEMENTACIÓN Y CAPACITACIÓN DE HERRAMIENTAS DIGITALES PARA LA GESTIÓN COMERCIAL\, LOGÍSTICA\, Y CREACIÓN DE ESTRATEGIAS DE MARKETING DIGITAL PARA FORTALECER LA RELACIÓN CON CLIENTES Y AMPLIAR EL POSICIONAMIENTO DE BIOPROTECK",20251010,20260710,"BIOPROTECK S.A.C.","LINCE","LIMA","LIMA",150116,45000.0000,10286,6857,"SOLES",20260707
"BID 4","VALIDACIÓN DE LA INNOVACIÓN",2025,"796-PROINNOVATE-PIEC2-2025","VALIDACIÓN TÉCNICA Y COMERCIAL DEL MINIJARDÍN CLONAL DE PINUS RADIATA\, DE SU MACROPROPAGACIÓN EN VIVERO Y DE PLANTONES GENÉTICAMENTE SELECCIONADOS\, GARANTIZANDO ASÍ LA ALTA PRODUCCIÓN\, ADAPTABILIDAD AGROECOLÓGICA\, RESISTENCIA A ENFERMEDADES Y SOSTENIBILIDAD",20251002,20260802,"NKMS E.I.R.L.","LA MOLINA","LIMA","LIMA",150114,481311.3300,80446.67,143130,"SOLES",20260707
"BID 4","PROGRAMA DE INNOVACIÓN MODERNIZACIÓN TECNOLÓGICA Y EMPRENDIMIENTO - MIPYMES DIGITALES",2025,"797-PROINNOVATE-IMTEMD-2025","MEJORAMIENTO DE LA EFICIENCIA OPERATIVA Y LA EXPERIENCIA DEL PACIENTE EN LIGNUM CENTRO ODONTOLÓGICO PARA FORTALECER SU CRECIMIENTO SOSTENIDO.",20251010,20260710,"GRUPO LIGNUM S.A.C.","LA MOLINA","LIMA","LIMA",150114,45000.0000,10286,6857,"SOLES",20260707
"BID 4","PROGRAMA DE INNOVACIÓN MODERNIZACIÓN TECNOLÓGICA Y EMPRENDIMIENTO - MIPYMES DIGITALES",2025,"798-PROINNOVATE-IMTEMD-2025","FORTALECIMIENTO DIGITAL PARA LA GESTIÓN INTEGRAL DE PROYECTOS\, SERVICIOS DE INSTALACIÓN Y MANTENIMIENTO EN LA EMPRESA CRINVER PERU S.A.C.",20251013,20260713,"CRINVER PERU SAC","SAN MARTIN DE PORRES","LIMA","LIMA",150135,45000.0000,10286,6857,"SOLES",20260707
"BID 4","PROGRAMA DE INNOVACIÓN MODERNIZACIÓN TECNOLÓGICA Y EMPRENDIMIENTO - MIPYMES DIGITALES",2025,"799-PROINNOVATE-IMTEMD-2025","DISEÑO E IMPLEMENTACIÓN DE UN PLAN DE MARKETING DIGITAL Y COMERCIAL PARA CAPTAR CLIENTES B2G Y ESTANDARIZAR LOS PROCESOS DE VENTA EN TECNOTRENDS\, EMPRESA DE DESARROLLO DE SOFTWARE GUBERNAMENTAL.",20251010,20260910,"TECNOTRENDS S.A.C.","TARAPOTO","SAN MARTIN","SAN MARTIN",220901,45000.0000,10285.71,6857.14,"SOLES",20260707
"BID 4","PROGRAMA DE INNOVACIÓN MODERNIZACIÓN TECNOLÓGICA Y EMPRENDIMIENTO - MIPYMES DIGITALES",2025,"800-PROINNOVATE-IMTEMD-2025","FORTALECIMIENTO DIGITAL DEL PROCESO COMERCIAL PARA LA MEJORA EN LA GESTIÓN DE RESERVAS\, PAGOS Y ATENCIÓN AL CLIENTE EN ENTORNOS DIGITALES DE TPP PERÚ E.I.R.L.",20251010,20260710,"TPP PERU S.A.C.","TARAPOTO","SAN MARTIN","SAN MARTIN",220901,44970.0000,10278,6852,"SOLES",20260707
"BID 4","PROGRAMA DE INNOVACIÓN MODERNIZACIÓN TECNOLÓGICA Y EMPRENDIMIENTO - MIPYMES DIGITALES",2025,"802-PROINNOVATE-IMTEMD-2025","DESARROLLO DE UN APLICATIVO MÓVIL PARA EL SEGUIMIENTO ÁGIL Y LA TRAZABILIDAD EN TIEMPO REAL DE MERCANCÍAS DE TGL SAC REDUCIENDO EL USO DE PAPEL\, PERSONALIZANDO LA EXPERIENCIA DEL CLIENTE Y FORTALECIENDO EL POSICIONAMIENTO COMPETITIVO DE LA EMPRESA",20251014,20260714,"TRANSGLOBAL LOGISTIC S.A.C.","LIMA","LIMA","LIMA",150101,45000.0000,10286,6857,"SOLES",20260707
"BID 4","EMPRENDIMIENTOS INNOVADORES",2025,"803-PROINNOVATE-EIN-2025","AGROTEC: PLATAFORMA QUE DIGITALIZA E INTEGRA A ACTORES DE CADENAS PRODUCTIVAS AGRÍCOLAS",20251013,20260713,"AGRICULTURA TECNOLOGICA Y SERVICIOS SOCIEDAD ANONIMA CERRADA","PIURA","PIURA","PIURA",200101,55000.0000,900,25000,"SOLES",20260707
"BID 4","PROGRAMA DE INNOVACIÓN MODERNIZACIÓN TECNOLÓGICA Y EMPRENDIMIENTO - MIPYMES DIGITALES",2025,"804-PROINNOVATE-IMTEMD-2025","\"IMPLEMENTACIÓN DE SOLUCIONES DIGITALES ERP Y CRM PARA EL CONTROL DE PRODUCCIÓN\, TRAZABILIDAD Y GESTIÓN COMERCIAL EN METAL PRO\"",20251031,20260731,"METALPRO S.A.C.","JACOBO HUNTER","AREQUIPA","AREQUIPA",040107,44900.0000,10260,6840,"SOLES",20260707
"BID 4","PROGRAMA DE INNOVACIÓN MODERNIZACIÓN TECNOLÓGICA Y EMPRENDIMIENTO - MIPYMES DIGITALES",2025,"805-PROINNOVATE-IMTEMD-2025","TRANSFORMACIÓN DIGITAL INTEGRAL PARA LA OPTIMIZACIÓN COMERCIAL\, EL INCREMENTO DE VENTAS Y LA CAPTACIÓN DE CLIENTES EN CORPORACION FERRETERA MINATH S.A.C. MEDIANTE LA INTEGRACIÓN DE PROCESOS\, AUTOMATIZACIÓN Y ESTRATEGIAS DE MARKETING DIGITAL.",20251010,20260710,"CORPORACION FERRETERA MINATH S.A.C.","TRUJILLO","TRUJILLO","LA LIBERTAD",130101,45000.0000,10286,6857,"SOLES",20260707
"BID 4","PROGRAMA DE INNOVACIÓN MODERNIZACIÓN TECNOLÓGICA Y EMPRENDIMIENTO - MIPYMES DIGITALES",2025,"806-PROINNOVATE-IMTEMD-2025","IMPLEMENTACIÓN DE HERRAMIENTAS DIGITALES PARA REDUCIR LA BRECHA TECNOLÓGICA Y AUMENTAR LA PRODUCTIVIDAD EMPRESARIAL DE SERVICIOS LOGISTICOS Y GENERALES PERU M & A E.I.R.L.",20251010,20260710,"SERVICIOS LOGISTICOS Y GENERALES PERU M & A E.I.R.L.","SAN MARTIN DE PORRES","LIMA","LIMA",150135,45000.0000,10285.71,6857.14,"SOLES",20260707
"BID 4","PROGRAMA DE INNOVACIÓN MODERNIZACIÓN TECNOLÓGICA Y EMPRENDIMIENTO - MIPYMES DIGITALES",2025,"807-PROINNOVATE-IMTEMD-2025","TRANSFORMACIÓN DIGITAL PARA POTENCIAR LA ATENCIÓN INTEGRAL EN FISIOTERAPIA\, SALUD DEPORTIVA Y HORMONAL.",20251014,20260914,"HEROEZ INVESTMENTS GROUP S.A.C.","MIRAFLORES","LIMA","LIMA",150122,45000.0000,10285.72,6857.14,"SOLES",20260707
"BID 4","PROGRAMA DE INNOVACIÓN MODERNIZACIÓN TECNOLÓGICA Y EMPRENDIMIENTO - MIPYMES DIGITALES",2025,"808-PROINNOVATE-IMTEMD-2025","IMPLEMENTACIÓN DE UN SISTEMA PARA AUTOMATIZACIÓN DE CARGA DE COMPROBANTES DE PAGO A MARKETPLACES PARA MIPYMES EN LA EMPRESA \" YUCA E.I.R.L\".",20251118,20260818,"YUCA EIRL","SAN LUIS","LIMA","LIMA",150134,45000.0000,10285.71,6857.14,"SOLES",20260707
"BID 4","PROGRAMA DE INNOVACIÓN MODERNIZACIÓN TECNOLÓGICA Y EMPRENDIMIENTO - MIPYMES DIGITALES",2025,"809-PROINNOVATE-IMTEMD-2025","TRANSFORMACIÓN DIGITAL PARA FORTALECER LA GESTIÓN OPERATIVA Y COMERCIAL DE AGROTECH INNOVA S.A.C.",20251224,20260824,"AGROTECH INNOVA S.A.C.","JEPELACIO","MOYOBAMBA","SAN MARTIN",220104,45000.0000,10285.71,6857.14,"SOLES",20260707
"BID 4","PROGRAMA DE INNOVACIÓN MODERNIZACIÓN TECNOLÓGICA Y EMPRENDIMIENTO - MIPYMES DIGITALES",2025,"810-PROINNOVATE-IMTEMD-2025","TRANSFORMACIÓN DIGITAL PARA EL FORTALECIMIENTO DE LA GESTIÓN INTEGRAL Y EL SEGUIMIENTO EFICIENTE DE PROYECTOS DE DESARROLLO TECNOLÓGICO EN PERU INTERCORP",20251029,20260729,"PERU INTERNATIONAL CORPORATION E.I.R.L.","AREQUIPA","AREQUIPA","AREQUIPA",040101,45000.0000,10286,6857,"SOLES",20260707
"BID 4","PROGRAMA DE INNOVACIÓN MODERNIZACIÓN TECNOLÓGICA Y EMPRENDIMIENTO - MIPYMES DIGITALES",2025,"811-PROINNOVATE-IMTEMD-2025","TRANSFORMACIÓN DIGITAL PARA LA OPTIMIZACIÓN DE PROCESOS OPERATIVOS Y MEJORA EN LA EXPERIENCIA DEL CLIENTE EN EL RESTAURANTE LA MURALLA",20251014,20260714,"LA MURALLA URBANA SAC","LIMA","LIMA","LIMA",150101,45000.0000,10285.71,6857.14,"SOLES",20260707
"BID 4","PROGRAMA DE INNOVACIÓN MODERNIZACIÓN TECNOLÓGICA Y EMPRENDIMIENTO - MIPYMES DIGITALES",2025,"812-PROINNOVATE-IMTEMD-2025","\"PITUCA CHIPS - IMPLEMENTACIÓN DE UN SISTEMA INTEGRADO PARA MEJORAR LA PRODUCTIVIDAD DE LOS PROCESOS DE SEMBRÍO\, PROCESAMIENTO\, ALMACENAMIENTO Y COMERCIALIZACIÓN DEL PRODUCTO PITUCA CHIPS\"",20251029,20260729,"LAVALLE COMPANY S.A.C.","PUEBLO LIBRE","LIMA","LIMA",150121,45000.0000,10285.72,6857.14,"SOLES",20260707
"BID 4","EMPRENDIMIENTOS INNOVADORES",2025,"813-PROINNOVATE-EIN-2025","ECOFIELTROS ALPAQAYTU: ECO ESFERAS PARA SECADORA ELABORADO CON RESIDUOS DE FIBRA DE ALPACA.",20251029,20260729,"WONDERLANA EIRL","","","","",38349.7500,6035.25,11025,"SOLES",20260707
"BID 4","PROGRAMA DE INNOVACIÓN MODERNIZACIÓN TECNOLÓGICA Y EMPRENDIMIENTO - MIPYMES DIGITALES",2025,"814-PROINNOVATE-IMTEMD-2025","TRANSFORMACIÓN DIGITAL PARA LA OPTIMIZACIÓN DE PROCESOS OPERATIVOS Y FORTALECIMIENTO DE LA GESTIÓN DE SERVICIOS EN CASYSA C&B SAC",20251013,20260713,"CASYSA C & B S.A.C.","SECHURA","SECHURA","PIURA",200801,45000.0000,10285.72,6857.14,"SOLES",20260707
"BID 4","PROGRAMA DE INNOVACIÓN MODERNIZACIÓN TECNOLÓGICA Y EMPRENDIMIENTO - MIPYMES DIGITALES",2025,"815-PROINNOVATE-IMTEMD-2025","OPTIMIZACIÓN INTEGRAL DE PROCESOS PRODUCTIVOS Y DE VENTA MEDIANTE LA DIGITALIZACIÓN DE OPERACIONES Y LA IMPLEMENTACIÓN DE CANALES COMERCIALES EN LÍNEA",20251010,20260710,"YESKA EMPRESA INDIVIDUAL DE RESPONSABILIDAD LIMITADA - YESKA E.I.R.L.","WANCHAQ","CUSCO","CUSCO",080108,45000.0000,10285.72,6857.14,"SOLES",20260707
"BID 4","PROGRAMA DE INNOVACIÓN MODERNIZACIÓN TECNOLÓGICA Y EMPRENDIMIENTO - MIPYMES DIGITALES",2025,"816-PROINNOVATE-IMTEMD-2025","\"INCORPORACIÓN DE TECNOLOGÍAS DIGITALES EN LA EMPRESA TICA GROUP EIRL A TRAVÉS DE LA IMPLEMENTACIÓN DE HERRAMIENTAS DE GESTIÓN QUE INTEGREN LA LOGÍSTICA\, CONTROL DE CALIDAD Y VENTAS CON EL OBJETIVO DE MEJORAR NUESTROS PROCESOS INTERNOS.\"",20251010,20260910,"TICA GROUP E.I.R.L.","CUSCO","CUSCO","CUSCO",080101,45000.0000,10285.72,6857.14,"SOLES",20260707
"BID 4","PROGRAMA DE INNOVACIÓN MODERNIZACIÓN TECNOLÓGICA Y EMPRENDIMIENTO - MIPYMES DIGITALES",2025,"817-PROINNOVATE-IMTEMD-2025","\"IMPLEMENTACIÓN DE UN SISTEMA DIGITAL PARA LA OPTIMIZACIÓN E INTEGRACIÓN DE LOS PROCESOS DE VENTAS\, OPERACIONES Y MARKETING EN LA EMPRESA MACHUPICHU SACRED EIRL PARA MEJORAR LA CALIDAD DE ATENCIÓN Y EXPERIENCIA DE NUESTROS CLIENTES\"",20251010,20260910,"MACHUPICCHU SACRED E.I.R.L.","SANTIAGO","CUSCO","CUSCO",080106,45000.0000,10285.72,6857.14,"SOLES",20260707
"BID 4","PROGRAMA DE INNOVACIÓN MODERNIZACIÓN TECNOLÓGICA Y EMPRENDIMIENTO - MIPYMES DIGITALES",2025,"818-PROINNOVATE-IMTEMD-2025","IMPLEMENTACIÓN DE HERRAMIENTAS DIGITALES PARA LA GESTIÓN INTELIGENTE DEL PROCESO DE ATENCIÓN AL CLIENTE PARA MEJORAR SU EXPERIENCIA Y ASEGURAR LA COMPETITIVIDAD A NIVEL NACIONAL Y EL ESCALAMIENTO A NIVEL INTERNACIONAL DEL SAAS",20251029,20260729,"TECH SOLUTIONS PERU EMPRESA INDIVIDUAL DE RESPONSABILIDAD LIMITADA","CASTILLO GRANDE","LEONCIO PRADO","HUANUCO",100608,44970.0000,10278,6852,"SOLES",20260707
"BID 4","PROGRAMA DE INNOVACIÓN MODERNIZACIÓN TECNOLÓGICA Y EMPRENDIMIENTO - MIPYMES DIGITALES",2025,"820-PROINNOVATE-IMTEMD-2025","IMPLEMENTACION DE HERRAMIENTAS DIGITALES PARA AMPLIAR EL ALCANCE DE PROTEINAS PREMIUM Y ANTI-ANEMIA AL CONSUMIDOR FINAL",20251013,20260713,"A Z CHEMICAL EIRL","MAGDALENA DEL MAR","LIMA","LIMA",150120,45000.0000,10286,6857,"SOLES",20260707
"BID 4","VALIDACIÓN DE LA INNOVACIÓN",2025,"822-PROINNOVATE-PIEC2-2025","VALIDACIÓN TÉCNICA Y COMERCIAL DE UN SISTEMA DE DIAGNÓSTICO PARA LA DETECCIÓN DE FALLAS EN MÁQUINAS TEJEDORAS RECTILÍNEAS DE DIFERENTES GENERACIONES Y TECNOLOGÍAS DESARROLLADA POR ACCURATEX LATAM S.A.C.",20251029,20261029,"ACCURATEX LATAM S.A.C.","SANTIAGO DE SURCO","LIMA","LIMA",150140,500000.0000,89430,250000,"SOLES",20260707
"BID 4","PROGRAMA DE INNOVACIÓN MODERNIZACIÓN TECNOLÓGICA Y EMPRENDIMIENTO - MIPYMES DIGITALES",2025,"823-PROINNOVATE-IMTEMD-2025","IMPLEMENTACIÓN DE UN SISTEMA PARA OPTIMIZAR EL NIVEL DE SERVICIO\, REDUCIR COSTOS OPERATIVOS Y FORTALECER LA COMPETITIVIDAD TECNOLÓGICA DE UNIMARKOVIC COMO BPO ESPECIALIZADO EN PRODUCTOS FINANCIEROS Y DE TELECOMUNICACIONES.",20251010,20260910,"UNION DE NEGOCIOS INTERNACIONALES MARKOVIC S.A.C. - UNIMARKOVIC S.A.C.","SAN ISIDRO","LIMA","LIMA",150131,45000.0000,10286,6857,"SOLES",20260707
"BID 4","EMPRENDIMIENTOS INNOVADORES",2025,"824-PROINNOVATE-EIN-2025","MAPPEA: SISTEMA INTEGRADO PARA LA GESTIÓN DE FLOTA DE BUSES DE TRANSPORTE PÚBLICO.",20251023,20260723,"LEYVA RODRIGUEZ MAURICIO ALONSO","CHORRILLOS","LIMA","LIMA",150108,55000.0000,5000,22000,"SOLES",20260707
"BID 4","PROGRAMA DE INNOVACIÓN MODERNIZACIÓN TECNOLÓGICA Y EMPRENDIMIENTO - MIPYMES DIGITALES",2025,"825-PROINNOVATE-IMTEMD-2025","DIGITALIZACIÓN DE LA GESTIÓN INTEGRAL DE LA AGENCIA DE TURISMO PERÚ ANCESTRAL PATHS EIRL PARA UNA MAYOR EFICIENCIA Y CRECIMIENTO DE SUS OPERACIONES.",20251202,20260702,"PERU ANCESTRAL PATHS E.I.R.L.","SAN JERONIMO","CUSCO","CUSCO",080104,45000.0000,10285.71,6857.14,"SOLES",20260707
"BID 4","PROGRAMA DE INNOVACIÓN MODERNIZACIÓN TECNOLÓGICA Y EMPRENDIMIENTO - MIPYMES DIGITALES",2025,"826-PROINNOVATE-IMTEMD-2025","ESTRATEGIA DE DIGITALIZACIÓN PARA POTENCIAR LA GESTIÓN OPERATIVA Y FORTALECER EL ALCANCE COMERCIAL DE TRANSPORTE FRONTERA",20251107,20260807,"TRANSPORTE FRONTERA INVERSIONES S.A.C.","AREQUIPA","AREQUIPA","AREQUIPA",040101,45000.0000,10286,6857,"SOLES",20260707
"BID 4","PROGRAMA DE INNOVACIÓN MODERNIZACIÓN TECNOLÓGICA Y EMPRENDIMIENTO - MIPYMES DIGITALES",2025,"827-PROINNOVATE-IMTEMD-2025","MODERNIZACIÓN DIGITAL Y FORTALECIMIENTO EN EL CICLO COMERCIAL DE WAYKI TREK TRANSPORTES PARA FORTALECER LA INTERACCIÓN CON LOS CLIENTES Y MEJORAR LA EFICIENCIA EN LA CONVERSIÓN Y POSTVENTA",20251029,20260729,"WAYKI TREK TRANSPORTES TURISTICOS SOCIEDAD ANONIMA CERRADA / WAYKI TREK S.A.C.","CUSCO","CUSCO","CUSCO",080101,45000.0000,10286,6857,"SOLES",20260707
"BID 4","PROGRAMA DE INNOVACIÓN MODERNIZACIÓN TECNOLÓGICA Y EMPRENDIMIENTO - MIPYMES DIGITALES",2025,"828-PROINNOVATE-IMTEMD-2025","IMPLEMENTACIÓN DE HERRAMIENTAS DIGITALES PARA OPTIMIZAR LA GESTIÓN LOGÍSTICA Y OPERATIVA EN PROYECTOS CIVILES Y DE INGENIERÍA EN PEDRISA S.R.L.",20251010,20260910,"PEDRISA S.R.L.","ESPINAR","ESPINAR","CUSCO",080801,45000.0000,13000,6500,"SOLES",20260707
"BID 4","PROGRAMA DE INNOVACIÓN MODERNIZACIÓN TECNOLÓGICA Y EMPRENDIMIENTO - MIPYMES DIGITALES",2025,"829-PROINNOVATE-IMTEMD-2025","INTERCONEXIÓN ENTRE PROVEEDORES Y EMPRESAS QUE REQUIEREN ALQUILAR MAQUINARIA PESADA MEDIANTE EL DESARROLLO DE TECNOLOGÍAS DIGITALES PARA EL IMPULSO DE LA GESTIÓN COMERCIAL DE LA EMPRESA CISAMP.",20251029,20260929,"COMPAÑIA INDUSTRIAL SAN MARTIN DE PORRES S.R.L.","SULLANA","SULLANA","PIURA",200601,45000.0000,10285.71,6857.14,"SOLES",20260707
"BID 4","PROGRAMA DE INNOVACIÓN MODERNIZACIÓN TECNOLÓGICA Y EMPRENDIMIENTO - MIPYMES DIGITALES",2025,"830-PROINNOVATE-IMTEMD-2025","DIGITALIZACIÓN DE PROCESOS COMERCIALES Y DE GESTIÓN DE CLIENTES DE LA EMPRESA DEL VALLE PROPIEDADES\, PARA MEJORAR SU PRODUCTIVIDAD A NIVEL COMERCIAL Y SATISFACCIÓN DEL CLIENTE",20251118,20260918,"DEL VALLE PROPIEDADES & ASOCIADOS SOCIEDAD COMERCIAL DE RESPONSABILIDAD LIMITADA","CASTILLA","PIURA","PIURA",200104,45000.0000,10292,6858,"SOLES",20260707
"BID 4","PROGRAMA DE INNOVACIÓN MODERNIZACIÓN TECNOLÓGICA Y EMPRENDIMIENTO - MIPYMES DIGITALES",2025,"831-PROINNOVATE-IMTEMD-2025","DESARROLLO DE UNA HERRAMIENTA DIGITAL PARA LA GESTIÓN DE: ODONTOGRAMAS\, SERVICIOS CLÍNICOS\, EVOLUCIÓN DEL PACIENTE\, TRATAMIENTOS DENTALES PARA LA EMPRESA \"SAN IGNACIO DE PIURA S.A.C\"",20251107,20260907,"SAN IGNACIO DE PIURA SOCIEDAD ANONIMA CERRADA - SAN IGNACIO DE PIURA S.A.C.","PIURA","PIURA","PIURA",200101,44996.0000,10290,6852,"SOLES",20260707
"BID 4","PROGRAMA DE INNOVACIÓN MODERNIZACIÓN TECNOLÓGICA Y EMPRENDIMIENTO - MIPYMES DIGITALES",2025,"832-PROINNOVATE-IMTEMD-2025","DIGITALIZACION DE LA GESTION COMERCIAL DE PRODUCTOS INMOBILIARIOS EN LA EMPRESA ASESORIA E INVERSIONES TANTALEAN SAC",20251014,20260914,"ASESORIA E INVERSIONES TANTALEAN SAC","CHICLAYO","CHICLAYO","LAMBAYEQUE",140101,45000.0000,10285.72,6857.14,"SOLES",20260707
"BID 4","PROGRAMA DE INNOVACIÓN MODERNIZACIÓN TECNOLÓGICA Y EMPRENDIMIENTO - MIPYMES DIGITALES",2025,"833-PROINNOVATE-IMTEMD-2025","DESARROLLO DE ESTRATEGIAS COMERCIALES PARA FORTALECER EL CICLO DE VENTAS Y LA GESTIÓN DE CLIENTES EN LOS SERVICIOS DE TELECOMUNICACIONES DE LA EMPRESA SANTEL DISTRIBUCIONES S.A.C",20251023,20260723,"SANTEL DISTRIBUCIONES S.A.C.","CERRO COLORADO","AREQUIPA","AREQUIPA",040104,45000.0000,10286,6857,"SOLES",20260707
"BID 4","PROGRAMA DE INNOVACIÓN MODERNIZACIÓN TECNOLÓGICA Y EMPRENDIMIENTO - MIPYMES DIGITALES",2025,"834-PROINNOVATE-IMTEMD-2025","PLATAFORMA INTEGRADA DE PREVENTA PARA ESTANDARIZAR PROPUESTAS\, AGILIZAR APROBACIONES Y MEJORAR LA EXPERIENCIA DEL CLIENTE.",20251031,20260731,"ENMC SYSTEM E.I.R.L.","ICA","ICA","ICA",110101,44900.0000,10260,6840,"SOLES",20260707
"BID 4","PROGRAMA DE INNOVACIÓN MODERNIZACIÓN TECNOLÓGICA Y EMPRENDIMIENTO - MIPYMES DIGITALES",2025,"835-PROINNOVATE-IMTEMD-2025","\"DIGITALIZACIÓN ESTRATÉGICA DE LA GESTIÓN EMPRESARIAL Y MARKETING PARA LA OPTIMIZACIÓN DE PROCESOS Y RENTABILIDAD EN BERTRAND-SAVOIRE CONSTRUCTORA SRL\"",20251010,20260710,"BERTRAND-SAVOIRE CONSTRUCTORA S.R.L.","CAYMA","AREQUIPA","AREQUIPA",040103,45000.0000,10285.71,6857.14,"SOLES",20260707
"BID 4","PROGRAMA DE INNOVACIÓN MODERNIZACIÓN TECNOLÓGICA Y EMPRENDIMIENTO - MIPYMES DIGITALES",2025,"836-PROINNOVATE-IMTEMD-2025","DESARROLLO E IMPLEMENTACIÓN DE UN SISTEMA DE GESTIÓN EMPRESARIAL (ERP) Y DISEÑO DE ESTRATEGIA PROMOCIONAL WEB SOCIAL MEDIA EN STREEF FOOD CAYEJERO PARA MEJORAR LA EXPERIENCIA ADMINISTRATIVA DEL NEGOCIO MEJOR GESTIÓN COMERCIAL Y POSICIONAMIENTO DIGITAL DE MARCA",20251010,20260810,"STREEF FOOD CAYEJERO S.A.C.","TARAPOTO","SAN MARTIN","SAN MARTIN",220901,45000.0000,10285.8,6857.1,"SOLES",20260707
"BID 4","PROGRAMA DE INNOVACIÓN MODERNIZACIÓN TECNOLÓGICA Y EMPRENDIMIENTO - MIPYMES DIGITALES",2025,"837-PROINNOVATE-IMTEMD-2025","DISEÑO E IMPLEMENTACIÓN DE PLATAFORMA INTEGRADA PARA LA GESTIÓN DE INVENTARIOS Y VENTAS EN LÍNEA DE PRODUCTOS GASTRONÓMICOS Y PASTELERÍA TRADICIONAL DE RAMIREZ TAFUR SAC",20251016,20260716,"RAMIREZ TAFUR SAC","PIMENTEL","CHICLAYO","LAMBAYEQUE",140112,45000.0000,10286,6857,"SOLES",20260707
"BID 4","PROGRAMA DE INNOVACIÓN MODERNIZACIÓN TECNOLÓGICA Y EMPRENDIMIENTO - MIPYMES DIGITALES",2025,"838-PROINNOVATE-IMTEMD-2025","INCREMENTO DE LA PRODUCTIVIDAD\, EFICIENCIA OPERATIVA Y VISIBILIDAD DIGITAL EN WAYKU COCINA AMAZÓNICA PARA MEJORAR LA GESTIÓN Y ATENCIÓN AL CLIENTE",20251017,20260717,"INVERSIONES PANBU E.I.R.L.","LAMAS","LAMAS","SAN MARTIN",220501,45000.0000,10285.8,6857.1,"SOLES",20260707
"BID 4","PROGRAMA DE INNOVACIÓN MODERNIZACIÓN TECNOLÓGICA Y EMPRENDIMIENTO - MIPYMES DIGITALES",2025,"839-PROINNOVATE-IMTEMD-2025","DIGITALIZACIÓN ESTRATÉGICA PARA MEJORAR LA PRODUCTIVIDAD\, TRAZABILIDAD Y CAPACIDAD DE RESPUESTA EN LA CADENA DE VALOR ELÉCTRICA INDUSTRIAL",20251016,20260716,"ENGINEERING TOTAL PERU SOCIEDAD ANONIMA CERRADA","VILLA MARIA DEL TRIUNFO","LIMA","LIMA",150143,45000.0000,10286,6857,"SOLES",20260707
"BID 4","PROGRAMA DE INNOVACIÓN MODERNIZACIÓN TECNOLÓGICA Y EMPRENDIMIENTO - MIPYMES DIGITALES",2025,"840-PROINNOVATE-IMTEMD-2025","PLATAFORMA DIGITAL INTEGRAL PARA LA COMERCIALIZACIÓN DE CACAO Y CHOCOLATE\, TRAZABILIDAD Y GESTIÓN DE CLIENTES DE AGRONEGOCIOS LA GRANJA",20251211,20261011,"AGRONEGOCIOS LA GRANJA S.A.C.","MORALES","SAN MARTIN","SAN MARTIN",220910,44900.0000,10260,6840,"SOLES",20260707
"BID 4","PROGRAMA DE INNOVACIÓN MODERNIZACIÓN TECNOLÓGICA Y EMPRENDIMIENTO - MIPYMES DIGITALES",2025,"841-PROINNOVATE-IMTEMD-2025","DIGITALIZACIÓN DE PROCESOS CLAVE DE MERCADEO PARA FORTALECER LA IDENTIDAD DE MARCA Y VISIBILIDAD EN INTERNET DE MULTISERVICIOS APAVET SRL\, DESARROLLANDO AUTORIDAD EN CONTROL SANITARIO Y GENERANDO FLUJO DE INTERESADOS HACIA SU FUNNEL DE CONVERSIÓN.",20251010,20260910,"MULTISERVICIOS APAVET SRL","ANDRES AVELINO CACERES DORREGARAY","HUAMANGA","AYACUCHO",050116,45000.0000,10286,6857,"SOLES",20260707
"BID 4","PROGRAMA DE INNOVACIÓN MODERNIZACIÓN TECNOLÓGICA Y EMPRENDIMIENTO - MIPYMES DIGITALES",2025,"843-PROINNOVATE-IMTEMD-2025","IMPLEMENTACIÓN DE ESTRATEGIAS DE MARKETING DIGITAL\, PLATAFORMA WEB Y SISTEMA ERP PARA MEJORAR LA VISIBILIDAD\, LA GESTIÓN COMERCIAL Y LA PRODUCTIVIDAD DE G Y G ALQUILER DE AUTOMÓVILES S.A.C.",20251107,20260807,"G Y G ALQUILER DE AUTOMOVILES S.A.C.","CERRO COLORADO","AREQUIPA","AREQUIPA",040104,40000.0000,9000,6000,"SOLES",20260707
"BID 4","PROGRAMA DE INNOVACIÓN MODERNIZACIÓN TECNOLÓGICA Y EMPRENDIMIENTO - MIPYMES DE CALIDAD",2025,"844-PROINNOVATE-IMTEMC-2025","IMPLEMENTACIÓN Y CERTIFICACIÓN DEL SISTEMA INTEGRADO DE GESTIÓN BAJO LAS NORMAS ISO 9001\, ISO 14001 E ISO 45001 PARA EL FORTALECIMIENTO EMPRESARIAL DE TAC GYC S.A.C.",20251007,20261007,"TAC GERENCIA Y CONSTRUCCION SAC  TAC GYC SAC","MIRAFLORES","LIMA","LIMA",150122,59500.0000,15500,10000,"SOLES",20260707
"BID 4","PROGRAMA DE INNOVACIÓN MODERNIZACIÓN TECNOLÓGICA Y EMPRENDIMIENTO - MIPYMES DIGITALES",2025,"845-PROINNOVATE-IMTEMD-2025","OPTIMIZACIÓN INTEGRAL DE OPERACIONES A TRAVÉS DE LA IMPLEMENTACIÓN DE UN SISTEMA ERP Y SOLUCIONES DIGITALES\, PARA EL CRECIMIENTO EMPRESARIAL EN MYLCOM COMUNICACIONES S.R.L.",20251010,20260710,"MYL COMUNICACIONES S.R.L.","LIMA","LIMA","LIMA",150101,44900.0000,10260,6840,"SOLES",20260707
"BID 4","PROGRAMA DE INNOVACIÓN MODERNIZACIÓN TECNOLÓGICA Y EMPRENDIMIENTO - MIPYMES DE CALIDAD",2025,"846-PROINNOVATE-IMTEMC-2025","IMPLEMENTACIÓN Y CERTIFICACIÓN DE LA BINORMA ISO 9001:2015 E ISO 45001:2018 PARA EL ASEGURAMIENTO DE LA CALIDAD Y LA PREVENCIÓN DE RIESGOS LABORALES EN PSAI S.A.C.",20251010,20260810,"PRODUCTOS Y SERVICIOS AGROINDUSTRIALES SAC  PSAI SAC","SANTA ANITA","LIMA","LIMA",150137,45000.0000,11571.43,7714.29,"SOLES",20260707
"BID 4","PROGRAMA DE INNOVACIÓN MODERNIZACIÓN TECNOLÓGICA Y EMPRENDIMIENTO - MIPYMES DIGITALES",2025,"847-PROINNOVATE-IMTEMD-2025","IMPLEMENTACIÓN DE UNA SOLUCIÓN DIGITAL EN LA EMPRESA \"O.M.C & A.A.R. INGENIERÍA Y CONSTRUCCIÓN\" PARA EL CONTROL Y TRAZABILIDAD EN TIEMPO REAL DE LAS OPERACIONES INTERNAS DEL NEGOCIO.",20251029,20260729,"O.M.C. & A.A.R. INGENIERIA Y CONSTRUCCION S.R.L.","JAEN","JAEN","CAJAMARCA",060801,45000.0000,10285.71,6857.14,"SOLES",20260707
"BID 4","PROGRAMA DE INNOVACIÓN MODERNIZACIÓN TECNOLÓGICA Y EMPRENDIMIENTO - MIPYMES DIGITALES",2025,"848-PROINNOVATE-IMTEMD-2025","IMPULSO COMERCIAL INTELIGENTE DE PALLET GREEN MEDIANTE TRANSFORMACIÓN DIGITAL DE MARKETING Y VENTAS SOSTENIBLES",20251107,20261007,"C & S COMERCIAL SANTIAGO E.I.R.L.","ANCON","LIMA","LIMA",150102,45000.0000,11040,6960,"SOLES",20260707
"BID 4","PROGRAMA DE INNOVACIÓN MODERNIZACIÓN TECNOLÓGICA Y EMPRENDIMIENTO - MIPYMES DIGITALES",2025,"849-PROINNOVATE-IMTEMD-2025","IMPLEMENTACIÓN Y ADECUACIÓN DE TECNOLOGÍAS DIGITALES EN EL RESTAURANTE COMBATE PERUANO PARA POTENCIAR SU PROPUESTA DE VALOR AL VINCULAR Y DIGITALIZAR PROCESOS QUE PERMITAN UN MAYOR CONTROL OPERATIVO ASÍ COMO EL CRECIMIENTO EN VENTAS.",20251031,20260731,"COMBATE PERUANO SOCIEDAD ANONIMA CERRADA","MAGDALENA DEL MAR","LIMA","LIMA",150120,45000.0000,10285.71,6857.14,"SOLES",20260707
"BID 4","PROGRAMA DE INNOVACIÓN MODERNIZACIÓN TECNOLÓGICA Y EMPRENDIMIENTO - MIPYMES DIGITALES",2025,"850-PROINNOVATE-IMTEMD-2025","IMPLEMENTACIÓN DE SOLUCIONES DIGITALES PARA OPTIMIZAR LOS PROCESOS DE TOSTADO\, TRAZABILIDAD Y COMERCIALIZACIÓN DE PRODUCTOS DERIVADOS DE CAFÉ Y CACAO E INCREMENTAR LA EFICIENCIA OPERATIVA Y AMPLIACIÓN DE MERCADO EN \"AGROINDUSTRIAS LA PERLA E.I.R.L.\"",20251029,20260729,"AGROINDUSTRIAS LA PERLA E.I.R.L","JAEN","JAEN","CAJAMARCA",060801,45000.0000,10286,6857,"SOLES",20260707
"BID 4","PROGRAMA DE INNOVACIÓN MODERNIZACIÓN TECNOLÓGICA Y EMPRENDIMIENTO - MIPYMES DIGITALES",2025,"851-PROINNOVATE-IMTEMD-2025","IMPLEMENTACIÓN DE SOLUCIONES DIGITALES PARA LA MEJORA DE TRAZABILIDAD\, PROMOCIÓN Y ATENCIÓN EN LOS SERVICIOS DE CAFÉ FUSIONES E.I.R.L.",20260218,20261018,"CAFE FUSIONES E.I.R.L.","CHACHAPOYAS","CHACHAPOYAS","AMAZONAS",010101,45000.0000,10285.71,6857.14,"SOLES",20260707
"BID 4","PROGRAMA DE INNOVACIÓN MODERNIZACIÓN TECNOLÓGICA Y EMPRENDIMIENTO - MIPYMES DIGITALES",2025,"852-PROINNOVATE-IMTEMD-2025","TRANSFORMACIÓN DIGITAL PARA EL MANEJO Y PROCESAMIENTO DE LA INFORMACIÓN GENERADA DE LOS PROCESOS OPERATIVOS ADMINISTRATIVOS Y FORTALECIMIENTO DEL SISTEMA DE PROMOCIÓN DE LOS PRODUCTOS DE MOLIENDA (HARINAS Y ALIMENTOS BALANCEADOS) DE LA EMPRESA \"ALINOR S.A.C.\"",20251118,20260818,"AGROINDUSTRIAS ALIMENTARIAS DEL NORTE - ALINOR S.A.C.","SAN IGNACIO","SAN IGNACIO","CAJAMARCA",060901,45000.0000,10285.72,6857.14,"SOLES",20260707
"BID 4","PROGRAMA DE INNOVACIÓN MODERNIZACIÓN TECNOLÓGICA Y EMPRENDIMIENTO - MIPYMES DE CALIDAD",2025,"853-PROINNOVATE-IMTEMC-2025","PROYECTO DE IMPLEMENTACION Y CERTIFICACION DE UN SISTEMA INTREGRADO DE GESTION BASADO EN LAS NORMAS ISO 9001:2015\, ISO 14001:2015 \, ISO 45001:2018",20251029,20260929,"V & C CORPORATION SOCIEDAD ANONIMA CERRADA","CHACLACAYO","LIMA","LIMA",150107,60000.0000,21840,38320,"SOLES",20260707
"BID 4","PROGRAMA DE INNOVACIÓN MODERNIZACIÓN TECNOLÓGICA Y EMPRENDIMIENTO - MIPYMES DIGITALES",2025,"854-PROINNOVATE-IMTEMD-2025","TRANSFORMACIÓN DIGITAL INTEGRAL PARA REACTIVOS JEANS SRL: OPTIMIZACIÓN DE OPERACIONES Y GESTIÓN ESTRATÉGICA DE RECURSOS EN LA INDUSTRIA TEXTIL AREQUIPEÑA",20251010,20260710,"REACTIVOS JEANS S.R.L.","CERRO COLORADO","AREQUIPA","AREQUIPA",040104,45000.0000,10285.71,6857.14,"SOLES",20260707
"BID 4","PROGRAMA DE INNOVACIÓN MODERNIZACIÓN TECNOLÓGICA Y EMPRENDIMIENTO - MIPYMES DE CALIDAD",2025,"855-PROINNOVATE-IMTEMC-2025","IMPLEMENTACIÓN Y CERTIFICACIÓN DE UNA NORMA ISO 9001 EN LA EMPRESA SISEDAT\, CON EL OBJETIVO DE AMPLIAR SU CARTERA DE CLIENTES Y MEJORAR LA CALIDAD DE SUS PROYECTOS.",20251007,20260707,"SOLUCIONES INTEGRALES EN SEGURIDAD ELECTRONICA Y DATOS S.A.C.","SANTA ANITA","LIMA","LIMA",150137,45000.0000,11571.46,7714.26,"SOLES",20260707
"BID 4","PROGRAMA DE INNOVACIÓN MODERNIZACIÓN TECNOLÓGICA Y EMPRENDIMIENTO - MIPYMES DIGITALES",2025,"858-PROINNOVATE-IMTEMD-2025","DIGITALIZACIÓN DEL CONTROL ANALÍTICO EN GEOGREEN MEDIANTE PLATAFORMA LIMS PARA TRAZABILIDAD\, EFICIENCIA OPERATIVA Y CUMPLIMIENTO NORMATIVO",20251010,20260810,"GEOGREEN TEC S.A.C.","TARAPOTO","SAN MARTIN","SAN MARTIN",220901,45000.0000,11040,6960,"SOLES",20260707
"BID 4","PROGRAMA DE INNOVACIÓN MODERNIZACIÓN TECNOLÓGICA Y EMPRENDIMIENTO - MIPYMES DIGITALES",2025,"859-PROINNOVATE-IMTEMD-2025","MEJORA DEL POSICIONAMIENTO DE MARCA COMO HELADERIA\, CAFÉ Y GENERACIÓN DE DEMANDA ORGÁNICA DE NAPOLI ARTISAN GELATO SAC MEDIANTE LA IMPLEMENTACIÓN DE HERRAMIENTAS DIGITALES",20251023,20260923,"NAPOLI ARTISAN GELATO SAC","SURQUILLO","LIMA","LIMA",150141,45000.0000,10286,6857,"SOLES",20260707
"BID 4","PROGRAMA DE INNOVACIÓN MODERNIZACIÓN TECNOLÓGICA Y EMPRENDIMIENTO - MIPYMES DE CALIDAD",2025,"860-PROINNOVATE-IMTEMC-2025","IMPLEMENTACIÓN Y CERTIFICACIÓN DE UN SISTEMA INTEGRADO DE GESTIÓN (SIG) CON BASE EN LAS NORMAS ISO 9001\, ISO 45001 E ISO 14001 EN LA EMPRESA TOTAL WEIGHT & SYSTEMS S.A.C.",20251010,20260710,"TOTAL WEIGHT & SYSTEMS S.A.C.","SAN MARTIN DE PORRES","LIMA","LIMA",150135,60000.0000,15428.57,10285.71,"SOLES",20260707
"BID 4","PROGRAMA DE INNOVACIÓN MODERNIZACIÓN TECNOLÓGICA Y EMPRENDIMIENTO - MIPYMES DE CALIDAD",2025,"861-PROINNOVATE-IMTEMC-2025","CERTIFICACIÓN ISO 9001 PARA LA OPTIMIZACIÓN DEL SERVICIO DE DOMICILIO COMERCIAL Y FISCAL\, GESTIÓN DE CORRESPONDENCIA Y ATENCIÓN DE VISITAS\, QUE SCHREIBER BUSINESS CENTER BRINDA A SUS CLIENTES.",20251003,20260903,"SCHREIBER BUSINESS CENTER SOCIEDAD ANONIMA CERRADA","SAN ISIDRO","LIMA","LIMA",150131,45000.0000,11571.43,7714.28,"SOLES",20260707
"BID 4","PROGRAMA DE INNOVACIÓN MODERNIZACIÓN TECNOLÓGICA Y EMPRENDIMIENTO - MIPYMES DIGITALES",2025,"862-PROINNOVATE-IMTEMD-2025","ESTRATEGIA DE DIGITALIZACIÓN PARA LA PRODUCTIVIDAD: MEJORAMIENTO DE LA OPERACIÓN\, SEGUIMIENTO Y CONTROL DE COSTOS\, Y ANÁLISIS DE LA INFORMACIÓN EN TIEMPO REAL",20251023,20260723,"ZENTRICA DIGITAL S.A.C","MIRAFLORES","LIMA","LIMA",150122,45000.0000,10286,6857,"SOLES",20260707
"BID 4","PROGRAMA DE INNOVACIÓN MODERNIZACIÓN TECNOLÓGICA Y EMPRENDIMIENTO - MIPYMES DIGITALES",2025,"863-PROINNOVATE-IMTEMD-2025","INTEGRACIÓN DE UN SISTEMA ERP Y CRM WEB QUE AUTOMATICE LOS PROCESOS DE GESTIÓN COMERCIAL\, LOGÍSTICA Y PLANIFICACIÓN DE PRESUPUESTOS EN MULTINEGOCIOS 360 SAC PARA ATRIBUIR DE MEJORES CAPACIDADES DE GESTIÓN PRESUPUESTAL\,CONTROL DE COSTOS Y PLANIFICACIÓN DE VENTA",20251023,20260823,"MULTINEGOCIOS 360 S.A.C.","MORALES","SAN MARTIN","SAN MARTIN",220910,45000.0000,10285.8,6857.1,"SOLES",20260707
"BID 4","PROGRAMA DE INNOVACIÓN MODERNIZACIÓN TECNOLÓGICA Y EMPRENDIMIENTO - MIPYMES DIGITALES",2025,"867-PROINNOVATE-IMTEMD-2025","DIGITALIZACIÓN DEL SERVICIO DE ASESORÍA ESPECIALIZADA PARA LA PRODUCCIÓN AGRÍCOLA: OPTIMIZANDO LA GESTIÓN\, COMUNICACIÓN Y MEJORANDO LA EXPERIENCIA DEL CLIENTE.",20260203,20261003,"PROYECTOS Y CONSTRUCCIONES GEBOL SAC","JOSE LEONARDO ORTIZ","CHICLAYO","LAMBAYEQUE",140105,45000.0000,10285.72,6857.14,"SOLES",20260707
"BID 4","PROGRAMA DE INNOVACIÓN MODERNIZACIÓN TECNOLÓGICA Y EMPRENDIMIENTO - MIPYMES DIGITALES",2025,"870-PROINNOVATE-IMTEMD-2025","MEJORA DE LA EXPERIENCIA DEL CLIENTE Y DEL PROCESO DE SEGUIMIENTO COMERCIAL PARA EL IMPULSO DE LAS VENTAS DE REPUESTOS Y ACCESORIOS PARA MOTOCICLETAS DE LA EMPRESA REGENDA ITK.",20251023,20260723,"REGENDA ITK CORPORACION S.R.L.","CASTILLA","PIURA","PIURA",200104,45000.0000,10285.71,6857.14,"SOLES",20260707
"BID 4","PROGRAMA DE INNOVACIÓN MODERNIZACIÓN TECNOLÓGICA Y EMPRENDIMIENTO - MIPYMES DIGITALES",2025,"871-PROINNOVATE-IMTEMD-2025","ESTRATEGIA DE TRANSFORMACIÓN DIGITAL PARA LA OPTIMIZACIÓN DE PROCESOS INTERNOS Y FORTALECIMIENTO COMERCIAL EN DAVASPA E.I.R.L.",20251017,20260917,"DAVASPA E.I.R.L.","VEINTISEIS DE OCTUBRE","PIURA","PIURA",200115,45000.0000,10292,6858,"SOLES",20260707
"BID 4","PROGRAMA DE INNOVACIÓN MODERNIZACIÓN TECNOLÓGICA Y EMPRENDIMIENTO - MIPYMES DIGITALES",2025,"872-PROINNOVATE-IMTEMD-2025","ESTRATEGIA DE DIGITALIZACIÓN PARA MEJORAR LA GESTIÓN COMERCIAL Y OPTIMIZAR LA CADENA DE ABASTECIMIENTO DE PRODUCTOS PECUARIOS",20251031,20260930,"VETERINARIA SINAI SAC","CHICLAYO","CHICLAYO","LAMBAYEQUE",140101,45000.0000,10300,6850,"SOLES",20260707
"BID 4","PROGRAMA DE INNOVACIÓN MODERNIZACIÓN TECNOLÓGICA Y EMPRENDIMIENTO - MIPYMES DIGITALES",2025,"873-PROINNOVATE-IMTEMD-2025","IMPLEMENTACIÓN DE UNA ESTRATEGIA DE DIGITALIZACIÓN QUE FORTALEZCA LA GESTIÓN ADMINISTRATIVA\, COMERCIAL Y TÉCNICA DE CONSORCIO DVASQUEZ S.A.C.\, IMPULSANDO SU MODERNIZACIÓN Y REDUCIENDO LA BRECHA TECNOLÓGICA EXISTENTE.",20251017,20260917,"CONSORCIO DVASQUEZ S.A.C.","JOSE LEONARDO ORTIZ","CHICLAYO","LAMBAYEQUE",140105,44970.0000,10278,6852,"SOLES",20260707
"BID 4","EMPRENDIMIENTOS DINAMICOS",2025,"874-PROINNOVATE-EDI-2025","PRICE LAB: ESCALABILIDAD DE OPTIMIZACIÓN DE PRECIOS CON INTELIGENCIA ARTIFICIAL EN LA INDUSTRIA RETAIL EN LATINOAMERICA.",20251217,20260917,"SMARTEK PERU SAC","MIRAFLORES","LIMA","LIMA",150122,140000.0000,53000,7000,"SOLES",20260707
"BID 4","PROGRAMA DE INNOVACIÓN MODERNIZACIÓN TECNOLÓGICA Y EMPRENDIMIENTO - MIPYMES DIGITALES",2025,"875-PROINNOVATE-IMTEMD-2025","OPTIMIZACIÓN INTEGRAL DE PROCESOS PARA LA GESTIÓN COMERCIAL Y ATENCIÓN AL CLIENTE EN EL SECTOR FERRETERO",20251211,20260911,"LIS COMPANY EIRL","CHICLAYO","CHICLAYO","LAMBAYEQUE",140101,45000.0000,10300,6850,"SOLES",20260707
"BID 4","PROGRAMA DE INNOVACIÓN MODERNIZACIÓN TECNOLÓGICA Y EMPRENDIMIENTO - MIPYMES DIGITALES",2025,"876-PROINNOVATE-IMTEMD-2025","TRANSFORMACIÓN DIGITAL EN QOQAW S.A.C. PARA OPTIMIZAR LA GESTIÓN DE RELACIONES COMERCIALES\, CONTROL DE TIEMPOS Y SEGUIMIENTO DE PROYECTOS.",20251014,20260714,"QOQAW SOCIEDAD ANONIMA CERRADA - QOQAW S.A.C.","CAYMA","AREQUIPA","AREQUIPA",040103,45000.0000,10286,6857,"SOLES",20260707
"BID 4","PROGRAMA DE INNOVACIÓN MODERNIZACIÓN TECNOLÓGICA Y EMPRENDIMIENTO - MIPYMES DIGITALES",2025,"877-PROINNOVATE-IMTEMD-2025","DISEÑO E IMPLEMENTACIÓN DE UNA HERRAMIENTA DIGITAL INTERACTIVA PARA MONITOREO DEL AVANCE DE SERVICIOS EN TIEMPO REAL Y PAGINA WEB CORPORATIVA CON SOPORTE DE INTELIGENCIA ARTIFICIAL",20251127,20260827,"CONSTRUCTORA Y CONSULTORIA MATZADA EMPRESA INDIVIDUAL DE RESPONSABILIDAD LIMITADA","PIURA","PIURA","PIURA",200101,44996.0000,10290,6852,"SOLES",20260707
"BID 4","PROGRAMA DE INNOVACIÓN MODERNIZACIÓN TECNOLÓGICA Y EMPRENDIMIENTO - MIPYMES DIGITALES",2025,"878-PROINNOVATE-IMTEMD-2025","TRANSFORMACIÓN DIGITAL PARA INTEGRAR Y OPTIMIZAR PROCESOS OPERATIVOS\, FORTALECER LA GESTIÓN ADMINISTRATIVA-FINANCIERA Y DESARROLLAR CAPACIDADES EN TRANSAL S.A.C.",20251013,20260813,"TRANSFORMADORA DE ALIMENTOS AMERICA S.A.C.","AREQUIPA","AREQUIPA","AREQUIPA",040101,45000.0000,14400,25600,"SOLES",20260707
"BID 4","EMPRENDIMIENTOS INNOVADORES",2025,"879-PROINNOVATE-EIN-2025","IACERTS: EMISIÓN\, ENVÍO Y VALIDACIÓN MASIVA DE CERTIFICADOS ELECTRÓNICOS EDUCATIVOS.",20251029,20260729,"IANALYTICS CORPORATION S.A.C.","","","","",55000.0000,14300,12000,"SOLES",20260707
"BID 4","PROGRAMA DE INNOVACIÓN MODERNIZACIÓN TECNOLÓGICA Y EMPRENDIMIENTO - MIPYMES DIGITALES",2025,"880-PROINNOVATE-IMTEMD-2025","TRANSFORMACIÓN DIGITAL PARA LA MEJORA DE PROCESOS INTERNOS\, TRAZABILIDAD OPERATIVA Y FORTALECIMIENTO DE LA EXPERIENCIA DEL CLIENTE EN LAGO ALVA INMOBILIARIA SAC",20251023,20260723,"LAGO & ALVA INMOBILIARIA SAC","LIMA","LIMA","LIMA",150101,45000.0000,10286,6857,"SOLES",20260707
"BID 4","PROGRAMA DE INNOVACIÓN MODERNIZACIÓN TECNOLÓGICA Y EMPRENDIMIENTO - MIPYMES DIGITALES",2025,"881-PROINNOVATE-IMTEMD-2025","TRANSFORMACIÓN DIGITAL PARA LA OPTIMIZACIÓN DE CANALES COMERCIALES\, GESTIÓN DE CLIENTES Y MEJORA DE LA RENTABILIDAD EN VIKINGOS INVERSIONES GASTRONÓMICAS E.I.R.L.",20251010,20260710,"VIKINGOS INVERSIONES GASTRONOMICAS EMPRESA INDIVIDUAL DE RESPONSABILIDAD LIMITADA","AREQUIPA","AREQUIPA","AREQUIPA",040101,42065.0000,9531,6354,"SOLES",20260707
"BID 4","PROGRAMA DE INNOVACIÓN MODERNIZACIÓN TECNOLÓGICA Y EMPRENDIMIENTO - MIPYMES DE CALIDAD",2025,"882-PROINNOVATE-IMTEMC-2025","MEJORAMIENTO DE PROCESOS A TRAVÉS DE LA CERTIFICACIÓN DE LA NORMA ISO 9001:2015 SISTEMA DE GESTIÓN DE CALIDAD",20251029,20260729,"OPTIMICE SERVICE EIRL","COMAS","LIMA","LIMA",150110,35000.0000,9000,6000,"SOLES",20260707
"BID 4","PROGRAMA DE INNOVACIÓN MODERNIZACIÓN TECNOLÓGICA Y EMPRENDIMIENTO - MIPYMES DE CALIDAD",2025,"883-PROINNOVATE-IMTEMC-2025","DESARROLLO E IMPLEMENTACIÓN DEL SISTEMA DE GESTIÓN DE SEGURIDAD Y SALUD EN EL TRABAJO EN COMTECSA DEL PERÚ S.A.C\, SEGÚNISO45001:2018",20251010,20260610,"COMTECSA DEL PERU S.A.C.","MAGDALENA DEL MAR","LIMA","LIMA",150120,43500.0000,11785.71,6857.14,"SOLES",20260707
"BID 4","PROGRAMA DE INNOVACIÓN MODERNIZACIÓN TECNOLÓGICA Y EMPRENDIMIENTO - MIPYMES DIGITALES",2025,"884-PROINNOVATE-IMTEMD-2025","IMPLEMENTACIÓN DE HERRAMIENTAS DIGITALES QUE AUMENTEN LA PRODUCTIVIDAD DE MEGALATINO E INTEGREN LA INFORMACIÓN ATOMIZADA",20251029,20260829,"MEGA LATINO EIRL","JAUJA","JAUJA","JUNIN",120401,44900.0000,10260,6840,"SOLES",20260707
"BID 4","PROGRAMA DE INNOVACIÓN MODERNIZACIÓN TECNOLÓGICA Y EMPRENDIMIENTO - MIPYMES DIGITALES",2025,"885-PROINNOVATE-IMTEMD-2025","TRANSFORMACIÓN DIGITAL PARA OPTIMIZAR PROCESOS LOGÍSTICOS\, FORTALECER LA GESTIÓN DE INVENTARIOS Y POTENCIAR LA GENERACIÓN DE INDICADORES PARA IMPULSAR OPORTUNIDADES COMERCIALES B2B EN FRALU LA CASITA DE LOS MATERIALES.",20251014,20260714,"FRALU LA CASITA DE LOS MATERIALES E.I.R.L.","SAN BORJA","LIMA","LIMA",150130,45000.0000,10286,6857,"SOLES",20260707
"BID 4","PROGRAMA DE INNOVACIÓN MODERNIZACIÓN TECNOLÓGICA Y EMPRENDIMIENTO - MIPYMES DIGITALES",2025,"886-PROINNOVATE-IMTEMD-2025","DIGITALIZACIÓN DE PROCESOS COMERCIALES Y LOGÍSTICOS PARA OPTIMIZAR LA ATENCIÓN AL CLIENTE Y LA TRAZABILIDAD DE PEDIDOS EN JOYERÍA KILARYS S.A.C.",20251010,20260710,"JOYERIA KILARYS S.A.C","MIRAFLORES","LIMA","LIMA",150122,45000.0000,10285.71,6857.14,"SOLES",20260707
"BID 4","PROGRAMA DE INNOVACIÓN MODERNIZACIÓN TECNOLÓGICA Y EMPRENDIMIENTO - MIPYMES DIGITALES",2025,"887-PROINNOVATE-IMTEMD-2025","TRANSFORMACION DIGITAL DE CONSULTORIA Y CONTADORES LRB",20251029,20260729,"CONSULTORIA Y CONTADORES LRB SOCIEDAD ANONIMA CERRADA - CONSULTORIA Y CONTADORES LRB S.A.C.","SANTIAGO DE SURCO","LIMA","LIMA",150140,45000.0000,10285.72,6857.14,"SOLES",20260707
"BID 4","PROGRAMA DE INNOVACIÓN MODERNIZACIÓN TECNOLÓGICA Y EMPRENDIMIENTO - MIPYMES DIGITALES",2025,"888-PROINNOVATE-IMTEMD-2025","TRANSFORMACIÓN DIGITAL PARA LA OPTIMIZACIÓN DEL PROCESO DE SELECCIÓN DE PERSONAL Y MEJORA EN LA TRAZABILIDAD DEL SERVICIO AL CLIENTE",20251013,20260713,"HRB S.A.C.","MIRAFLORES","LIMA","LIMA",150122,45000.0000,10285.72,6857.14,"SOLES",20260707
"BID 4","PROGRAMA DE INNOVACIÓN MODERNIZACIÓN TECNOLÓGICA Y EMPRENDIMIENTO - MIPYMES DE CALIDAD",2025,"889-PROINNOVATE-IMTEMC-2025","EXPANSIÓN A NUEVOS MERCADOS MEDIANTE EL FORTALECIMIENTO DE IMAGEN Y CERTIFICACIÓN ISO 9001:2015 EN REYES Y OLIVERA ODONTÓLOGOS S.R.L.\, CON UN ENFOQUE EN LA MEJORA PRODUCTIVA Y LA SATISFACCIÓN DEL CLIENTE.",20251029,20260629,"REYES & OLIVERA ODONTOLOGOS S.R.L.","TACNA","TACNA","TACNA",230101,45000.0000,11571.43,7714.28,"SOLES",20260707
"BID 4","PROGRAMA DE INNOVACIÓN MODERNIZACIÓN TECNOLÓGICA Y EMPRENDIMIENTO - MIPYMES DE CALIDAD",2025,"890-PROINNOVATE-IMTEMC-2025","IMPLEMENTACIÓN Y CERTIFICACIÓN DEL SISTEMA ISO 9001:2015 EN LADRILLOS MURALLA S.R.L. PARA MEJORAR LA PRODUCTIVIDAD Y ACCESO A NUEVOS MERCADOS EN EL SECTOR LADRILLERO DEL SUR DEL PERÚ.",20251007,20260707,"LADRILLOS MURALLA SOCIEDAD COMERCIAL DE RESPONSABILIDAD LIMITADA","SAN JERONIMO","CUSCO","CUSCO",080104,45000.0000,11571.43,7714.29,"SOLES",20260707
"BID 4","PROGRAMA DE INNOVACIÓN MODERNIZACIÓN TECNOLÓGICA Y EMPRENDIMIENTO - MIPYMES DIGITALES",2025,"891-PROINNOVATE-IMTEMD-2025","IMPLEMENTACIÓN DE HERRAMIENTAS DIGITALES PARA OPTIMIZAR PROCESOS INTERNOS\, MEJORA EN LA EXPERIENCIA DEL CLIENTE Y POTENCIAR LA PRODUCTIVIDAD EMPRESARIAL DE LA CAFETERÍA JOLEY COFFEE",20251107,20260807,"JOLEY COFFEE S.A.C.","SORITOR","MOYOBAMBA","SAN MARTIN",220105,45000.0000,10500,6800,"SOLES",20260707
"BID 4","PROGRAMA DE INNOVACIÓN MODERNIZACIÓN TECNOLÓGICA Y EMPRENDIMIENTO - MIPYMES DIGITALES",2025,"892-PROINNOVATE-IMTEMD-2025","MEJORA Y ESCALAMIENTO DE LA HERRAMIENTA DE GESTIÓN DE SUBSIDIOS DE LA EMPRESA EXTERNA PARA OPTIMIZAR SU EFICIENCIA OPERATIVA Y FORTALECER SU CAPTACIÓN DE CLIENTES",20251013,20260913,"EXTERNA ASESORES EMPRESARIALES SAC","SAN BORJA","LIMA","LIMA",150130,45000.0000,10285.71,6857.14,"SOLES",20260707
"BID 4","PROGRAMA DE INNOVACIÓN MODERNIZACIÓN TECNOLÓGICA Y EMPRENDIMIENTO - MIPYMES DIGITALES",2025,"893-PROINNOVATE-IMTEMD-2025","IMPLEMENTACIÓN DE UN PROCESO INTEGRAL DE TRANSFORMACIÓN DIGITAL QUE PERMITA OPTIMIZAR LA GESTIÓN COMERCIAL Y OPERATIVA \, MEJORANDO LA EFICIENCIA\, COMUNICACIÓN\, TRAZABILIDAD DE LA INFORMACIÓN Y LA EXPERIENCIA DEL CLIENTE EN LA EMPRESA CLINICA INDUSTRIAL SAC.",20251029,20260829,"CLINICA INDUSTRIAL SAC","CHICLAYO","CHICLAYO","LAMBAYEQUE",140101,44970.0000,10278,6852,"SOLES",20260707
"BID 4","PROGRAMA DE INNOVACIÓN MODERNIZACIÓN TECNOLÓGICA Y EMPRENDIMIENTO - MIPYMES DIGITALES",2025,"894-PROINNOVATE-IMTEMD-2025","OPTIMIZACIÓN DE LOS PROCESOS DE DIGITALIZACIÓN ESTRATÉGICA EN CORPORACIÓN INOCUA E.I.R.L. PARA EL DESARROLLO DE LOS SISTEMAS DE GESTIÓN Y PRODUCTIVIDAD EMPRESARIAL EN EL DISTRITO DE SUBTANJALLA\, PROVINCIA Y REGIÓN DE ICA.",20251118,20260818,"CORPORACION INOCUA E.I.R.L.","SUBTANJALLA","ICA","ICA",110112,45000.0000,10289,6856,"SOLES",20260707
"BID 4","PROGRAMA DE INNOVACIÓN MODERNIZACIÓN TECNOLÓGICA Y EMPRENDIMIENTO - MIPYMES DIGITALES",2025,"895-PROINNOVATE-IMTEMD-2025","ESTRATEGIA DE TRANSFORMACIÓN DIGITAL PARA OPTIMIZAR LA GESTIÓN DE PROYECTOS\, CONTROLAR COSTOS Y RENTABILIDAD POR OBRA\, Y APROVECHAR EL ANÁLISIS DE DATOS PARA DIGITALIZAR PROCESOS\, MEJORANDO LA EFICIENCIA OPERATIVA Y LA CAPACIDAD CONSULTIVA.",20260109,20260909,"CONSTRUCTORA & CONSULTORA ORB S.A.C.","INDEPENDENCIA","HUARAZ","ANCASH",020105,44550.0000,10170,6780,"SOLES",20260707
"BID 4","PROGRAMA DE INNOVACIÓN MODERNIZACIÓN TECNOLÓGICA Y EMPRENDIMIENTO - MIPYMES DIGITALES",2025,"896-PROINNOVATE-IMTEMD-2025","IMPLEMENTACIÓN DE CRM INTEGRADO PARA CAPTACIÓN INTELIGENTE Y FIDELIZACIÓN ACTIVA EN LÍNEAS TEXTIL Y ODONTOLÓGICA DE CORPORACIÓN JUSTO JYC",20251014,20260714,"CORPORACION JUSTO JYC S.A.C.","SAN JUAN DE LURIGANCHO","LIMA","LIMA",150132,45000.0000,10285.72,6857.14,"SOLES",20260707
"BID 4","EMPRENDIMIENTOS INNOVADORES",2025,"897-PROINNOVATE-EIN-2025","LEXIA: ASISTENTE CON INTELIGENCIA ARTIFICIAL PARA ABOGADOS",20251023,20260723,"LEXIA LEGALTECH S.A.C.","CALLAO","CALLAO","CALLAO",070101,67000.0000,10000,18880,"SOLES",20260707
"BID 4","PROGRAMA DE INNOVACIÓN MODERNIZACIÓN TECNOLÓGICA Y EMPRENDIMIENTO - MIPYMES DE CALIDAD",2025,"898-PROINNOVATE-IMTEMC-2025","IMPLEMENTACIÓN Y CERTIFICACIÓN DEL SISTEMA HACCP EN LA LÍNEA DE PRODUCCIÓN DE MEZCLAS EN POLVO PARA BEBIDAS INSTANTÁNEAS",20251029,20260929,"CORPORACION LABORATORIOS EDWARD'S S.A.C.","MARIANO MELGAR","AREQUIPA","AREQUIPA",040109,44844.0000,11536,7686,"SOLES",20260707
"BID 4","PROGRAMA DE INNOVACIÓN MODERNIZACIÓN TECNOLÓGICA Y EMPRENDIMIENTO - MIPYMES DE CALIDAD",2025,"899-PROINNOVATE-IMTEMC-2025","IMPLEMENTACIÓN Y CERTIFICACIÓN DEL SISTEMA DE GESTIÓN DE CALIDAD EN BASE A LA NORMA ISO 9001:2015 EN LA EMPRESA SAFETY & QUALITY CONSULTING EIRL",20251014,20260714,"SAFETY & QUALITY CONSULTING EIRL","SANTIAGO DE SURCO","LIMA","LIMA",150140,38757.6300,10642.37,6050,"SOLES",20260707
"BID 4","PROGRAMA DE INNOVACIÓN MODERNIZACIÓN TECNOLÓGICA Y EMPRENDIMIENTO - MIPYMES DE CALIDAD",2025,"900-PROINNOVATE-IMTEMC-2025","IMPLEMENTACIÓN Y CERTIFICACIÓN EN LA NORMAS ISO 9001:2015 EN LA EMPRESA WME CONTRATA S.R.L.",20251010,20260910,"WME CONTRATA S.R.L.","SANTIAGO DE SURCO","LIMA","LIMA",150140,45000.0000,11571.43,7714.28,"SOLES",20260707
"BID 4","PROGRAMA DE INNOVACIÓN MODERNIZACIÓN TECNOLÓGICA Y EMPRENDIMIENTO - MIPYMES DIGITALES",2025,"901-PROINNOVATE-IMTEMD-2025","MODERNIZACIÓN DIGITAL DE PET UNIVERSE PARA POTENCIAR SU POSICIONAMIENTO\, RELACIONAMIENTO CON CLIENTES Y CAPACIDADES COMERCIALES.",20251202,20260902,"KAVAN MK INVERSIONES SAC","LA MOLINA","LIMA","LIMA",150114,45000.0000,10286,6857,"SOLES",20260707
"BID 4","PROGRAMA DE INNOVACIÓN MODERNIZACIÓN TECNOLÓGICA Y EMPRENDIMIENTO - MIPYMES DIGITALES",2025,"902-PROINNOVATE-IMTEMD-2025","TRANSFORMACIÓN DIGITAL PARA LA MEJORA DE PROCESOS PRODUCTIVOS Y COMERCIALES DEL ABONO ORGÁNICO DIRIGIDO A MERCADO DE AGROEXPORTACIÓN",20251118,20260918,"INVERSIONES FERTI OLMOS SAC","OLMOS","LAMBAYEQUE","LAMBAYEQUE",140308,45000.0000,10300,6850,"SOLES",20260707
"BID 4","PROGRAMA DE INNOVACIÓN MODERNIZACIÓN TECNOLÓGICA Y EMPRENDIMIENTO - MIPYMES DE CALIDAD",2025,"903-PROINNOVATE-IMTEMC-2025","HACIA UNA CADENA LOGÍSTICA SEGURA: DIAGNÓSTICO E IMPLEMENTACIÓN DEL SISTEMA DE GESTIÓN BASC PARA INCREMENTAR LA PRODUCTIVIDAD\, FORTALECER LA SEGURIDAD OPERATIVA Y CONSOLIDAR LA INTERNACIONALIZACIÓN DE GSLOG\, AGENCIA DE CARGA INTERNACIONAL",20251023,20260923,"G  &  S LOGISTICS SAC","MAGDALENA DEL MAR","LIMA","LIMA",150120,36363.8500,10036.15,6327.24,"SOLES",20260707
"BID 4","PROGRAMA DE INNOVACIÓN MODERNIZACIÓN TECNOLÓGICA Y EMPRENDIMIENTO - MIPYMES DIGITALES",2025,"904-PROINNOVATE-IMTEMD-2025","CREACIÓN DE UN SISTEMA INTEGRAL QUE CONTEMPLE LA COMUNICACIÓN DIGITAL QUE PERMITA ASESORAR SOBRE VIAJES TURISTICOS Y ASI PERMITA AUMENTAR LAS VENTAS Y FIDELIZAR A CLIENTES DE NUESTRA EMPRESA TUTUNKI BIRD PERU",20251010,20260710,"TUTUNKI BIRD PERU S.A.C.","MIRAFLORES","LIMA","LIMA",150122,45000.0000,10285.71,6857.14,"SOLES",20260707
"BID 4","PROGRAMA DE INNOVACIÓN MODERNIZACIÓN TECNOLÓGICA Y EMPRENDIMIENTO - MIPYMES DE CALIDAD",2025,"908-PROINNOVATE-IMTEMC-2025","IMPLEMENTACIÓN DEL SISTEMA DE GESTIÓN INTEGRADO Y CERTIFICACIÓN EN LAS NORMAS ISO 9001:2015\, ISO 14001:2015 E ISO 45001:2018",20251003,20260903,"GEORYS INGENIEROS S.A.C.","LA VICTORIA","LIMA","LIMA",150115,60000.0000,15515,10200,"SOLES",20260707
"BID 4","PROGRAMA DE INNOVACIÓN MODERNIZACIÓN TECNOLÓGICA Y EMPRENDIMIENTO - MIPYMES DE CALIDAD",2025,"909-PROINNOVATE-IMTEMC-2025","IMPLEMENTACION Y CERTIFICACION ISO 9001:2015 EN GARDEN CENTER 4 ESTACIONES",20251031,20260731,"GARDEN CENTER 4 ESTACIONES S.A.C.","CIENEGUILLA","LIMA","LIMA",150109,44999.4700,11740,7600.01,"SOLES",20260707
"BID 4","EMPRENDIMIENTOS INNOVADORES",2025,"910-PROINNOVATE-EIN-2025","UMAYUX LED: TECNOLOGÍA DE LUZ LED COLOR AZUL PARA EL TRATAMIENTO DE LA ICTERICIA NEONATAL.",20251031,20260731,"MORALES LICLA PAMELA MÓNICA","PISCO","PISCO","ICA",110501,67000.0000,9571.43,19142.86,"SOLES",20260707
"BID 4","PROGRAMA DE INNOVACIÓN MODERNIZACIÓN TECNOLÓGICA Y EMPRENDIMIENTO - MIPYMES DIGITALES",2025,"911-PROINNOVATE-IMTEMD-2025","DISEÑO\, DESARROLLO E IMPLEMENTACIÓN DE UNA HERRAMIENTA DIGITAL 100% CLOUD PARA LA AUTOMATIZACIÓN DE LOS PROCESOS OPERATIVOS Y ADMINISTRATIVOS DE LA EMPRESA QUE CONLLEVEN A SU EXPANSIÓN DE SUS VENTAS EN OTRAS REGIONES DEL PAÍS",20251118,20260818,"BABY INDUSTRIAS DEL PERU EIRL","REQUE","CHICLAYO","LAMBAYEQUE",140113,44900.0000,10260,6840,"SOLES",20260707
"BID 4","EMPRENDIMIENTOS INNOVADORES",2025,"912-PROINNOVATE-EIN-2025","GOINMUEBLES.COM: PLATAFORMA DE FINANCIAMIENTO COLECTIVO CROWDFUNDING CON INTELIGENCIA ARTIFICIAL PARA INVERSIONISTAS INMOBILIARIOS",20251014,20260714,"LOAIZA FUENTES DAVID ARTURO","SANTIAGO DE SURCO","LIMA","LIMA",150140,67000.0000,11000,19100,"SOLES",20260707
"BID 4","PROGRAMA DE INNOVACIÓN MODERNIZACIÓN TECNOLÓGICA Y EMPRENDIMIENTO - MIPYMES DIGITALES",2025,"913-PROINNOVATE-IMTEMD-2025","OPTIMIZACIÓN DE LOS PROCESOS OPERATIVOS\, DE PROMOCION Y DE ATENCION AL CLIENTE CON EL USO DE TECNOLOGIAS DIGITALES",20251107,20260907,"ELIJA TRAVEL TOURS S.A.C.","LA BANDA DE SHILCAYO","SAN MARTIN","SAN MARTIN",220909,45000.0000,10500,6800,"SOLES",20260707
"BID 4","PROGRAMA DE INNOVACIÓN MODERNIZACIÓN TECNOLÓGICA Y EMPRENDIMIENTO - MIPYMES DIGITALES",2025,"914-PROINNOVATE-IMTEMD-2025","TRANSFORMACIÓN DIGITAL INTEGRAL PARA LA OPTIMIZACIÓN OPERATIVA\, EL FORTALECIMIENTO COMERCIAL Y LA EXPANSIÓN DE MERCADO",20251014,20260714,"TODO SERVICIOS S.A.C.","JOSE LUIS BUSTAMANTE Y RIVERO","AREQUIPA","AREQUIPA",040129,45000.0000,10286,6857,"SOLES",20260707
"BID 4","PROGRAMA DE INNOVACIÓN MODERNIZACIÓN TECNOLÓGICA Y EMPRENDIMIENTO - MIPYMES DIGITALES",2025,"915-PROINNOVATE-IMTEMD-2025","IMPLEMENTACIÓN DE HERRAMIENTAS DIGITALES PARA FORTALECER LAS CAPACIDADES DEL PROCESO COMERCIAL PARA OPERACIONES POTENCIALES A NIVEL NACIONAL DE LA EMPRESA VALMORE CONSULTORES ASOCIADOS S.A.C.",20251107,20260807,"VALMORE CONSULTORES ASOCIADOS S.A.C.","CAYMA","AREQUIPA","AREQUIPA",040103,45000.0000,10285.71,6857.14,"SOLES",20260707
"BID 4","PROGRAMA DE INNOVACIÓN MODERNIZACIÓN TECNOLÓGICA Y EMPRENDIMIENTO - MIPYMES DIGITALES",2025,"916-PROINNOVATE-IMTEMD-2025","IMPLEMENTACIÓN DE HERRAMIENTAS DIGITALES PARA OPTIMIZAR LA GESTIÓN OPERATIVA Y COMERCIAL DE COMERCIO EL TRIUNFO CAFETALERO S.A.C. EN EL RUBRO AGRÍCOLA EN JAÉN.",20251014,20260714,"COMERCIO EL TRIUNFO CAFETALERO S.A.C.","JAEN","JAEN","CAJAMARCA",060801,45000.0000,10285.71,6857.14,"SOLES",20260707
"BID 4","PROGRAMA DE INNOVACIÓN MODERNIZACIÓN TECNOLÓGICA Y EMPRENDIMIENTO - MIPYMES DIGITALES",2025,"917-PROINNOVATE-IMTEMD-2025","IMPLEMENTACIÓN DE UNA SOLUCIÓN DIGITAL PARA OPTIMIZAR LA TRAZABILIDAD DEL ACOPIO\, PROCESAMIENTO Y COMERCIALIZACIÓN DEL CAFE EN LA EMPRESA \"JOINGREEN S.A.C.\"",20251031,20260731,"JOINGREEN S.A.C","SAN IGNACIO","SAN IGNACIO","CAJAMARCA",060901,44550.0000,10170,6780,"SOLES",20260707
"BID 4","Startup Perú PLUG - Atracción de Emprendedores Extranjeros - CAMBIO CLIMÁTICO",2025,"918-PROINNOVATE-AEECC-2025","ECO2MINING: PLATAFORMA DE GESTIÓN DE GASES DE EFECTO INVERNADERO PARA LA INDUSTRIA MINERA.",20250930,20260730,"ECO2 PERU S.A.C.","SANTIAGO DE SURCO","LIMA","LIMA",150140,150430.1700,0,0,"SOLES",20260707
"BID 4","PROGRAMA DE INNOVACIÓN MODERNIZACIÓN TECNOLÓGICA Y EMPRENDIMIENTO - MIPYMES DIGITALES",2025,"919-PROINNOVATE-IMTEMD-2025","\"TRANSFORMACIÓN DIGITAL PARA LA COMPETITIVIDAD Y SOSTENIBILIDAD DEL TURISMO: IMPLEMENTACIÓN DE SOLUCIONES TECNOLÓGICAS Y ESTRATEGICAS DE MARKETING PARA LA OPTIMIZACIONES DE LA GESTIÓN HOTELERA\"",20251029,20260729,"REY PALACE HOTEL S.R.L.","CAJAMARCA","CAJAMARCA","CAJAMARCA",060101,45000.0000,10285.71,6857.14,"SOLES",20260707
"BID 4","PROGRAMA DE INNOVACIÓN MODERNIZACIÓN TECNOLÓGICA Y EMPRENDIMIENTO - MIPYMES DIGITALES",2025,"920-PROINNOVATE-IMTEMD-2025","IMPLEMENTACIÓN DE HERRAMIENTAS DIGITALES PARA MODERNIZAR LA GESTIÓN COMERCIAL\, AMPLIAR EL POSICIONAMIENTO EN EL MERCADO Y OPTIMIZAR LA CALIDAD TÉCNICA DE LOS PROYECTOS DE ESTRUCTURAS METÁLICAS DE T.HIERRO PROYECTOS METÁLICOS E.I.R.L.",20251010,20260810,"T. HIERRO PROYECTOS METALICOS E.I.R.L","CHICLAYO","CHICLAYO","LAMBAYEQUE",140101,44970.0000,10278,6852,"SOLES",20260707
"BID 4","PROGRAMA DE INNOVACIÓN MODERNIZACIÓN TECNOLÓGICA Y EMPRENDIMIENTO - MIPYMES DIGITALES",2025,"921-PROINNOVATE-IMTEMD-2025","DIGITALIZACIÓN INTEGRAL DEL FLUJO DE ACOPIO\, CONTROL DE STOCK Y TRAZABILIDAD DEL CAFÉ EN LA \"COOPERATIVA AGRARIA CAFETALERA RAYOS DEL SOL\".",20251031,20260731,"COOPERATIVA AGRARIA CAFETALERA  RAYOS DEL SOL","JAEN","JAEN","CAJAMARCA",060801,45000.0000,10285.71,6857.14,"SOLES",20260707
"BID 4","PROGRAMA DE INNOVACIÓN MODERNIZACIÓN TECNOLÓGICA Y EMPRENDIMIENTO - MIPYMES DIGITALES",2025,"922-PROINNOVATE-IMTEMD-2025","IMPLEMENTAR UNA ESTRATEGIA DE DIGITALIZACIÓN PARA FORTALECER LA GESTIÓN DEL CAPITAL HUMANO Y LA MEJORA DE LA EFICIENCIA OPERATIVA DE LAS ACTIVIDADES ECONÓMICAS DE E&G GRUPO S.A.C.",20251202,20260902,"E & G GRUPO S.A.C","PIURA","PIURA","PIURA",200101,45000.0000,10292,6858,"SOLES",20260707
"BID 4","PROGRAMA DE INNOVACIÓN MODERNIZACIÓN TECNOLÓGICA Y EMPRENDIMIENTO - MIPYMES DIGITALES",2025,"923-PROINNOVATE-IMTEMD-2025","DESARROLLO E IMPLEMENTACIÓN DE UNA APP DIGITAL PARA LA GESTIÓN EFICIENTE DEL MANTENIMIENTO DE AIRES ACONDICIONADOS\, CON TRAZABILIDAD\, REPORTES AUTOMATIZADOS Y ENFOQUE EN PRODUCTIVIDAD Y FIDELIZACIÓN DE CLIENTES DE BGM SAC",20251014,20260714,"BGM INGENIERIA & SERVICIOS SAC","SANTIAGO DE SURCO","LIMA","LIMA",150140,45000.0000,10285.71,6857.14,"SOLES",20260707
"BID 4","PROGRAMA DE INNOVACIÓN MODERNIZACIÓN TECNOLÓGICA Y EMPRENDIMIENTO - MIPYMES DIGITALES",2025,"924-PROINNOVATE-IMTEMD-2025","IMPLEMENTACIÓN DE UN SISTEMA PARA ESTANDARIZAR\, INTEGRAR Y OPTIMIZAR PROCESOS EMPRESARIALES\, CON EL FIN DE REDUCIR COSTOS Y MEJORAR EL CONTROL DE GESTIÓN EN LAS ÁREAS LOGÍSTICA\, COMERCIAL Y CONTABLE DE DISTRIBUIDORA NATURALITA EIRL.",20251010,20260910,"DISTRIBUIDORA NATURALITA E.I.R.L.","PAUCARPATA","AREQUIPA","AREQUIPA",040112,45000.0000,10286,6857,"SOLES",20260707
"BID 4","PROGRAMA DE INNOVACIÓN MODERNIZACIÓN TECNOLÓGICA Y EMPRENDIMIENTO - MIPYMES DIGITALES",2025,"925-PROINNOVATE-IMTEMD-2025","HERRAMIENTAS CLOUD PARA LA GESTIÓN DE MANTENIMIENTOS\, PRESUPUESTOS Y ADMINISTRACIÓN OPERACIONAL EN INAMEL S.A.C.",20251029,20260729,"INAMEL S.A.C.","CAYMA","AREQUIPA","AREQUIPA",040103,45000.0000,10286,6857,"SOLES",20260707
"BID 4","PROGRAMA DE INNOVACIÓN MODERNIZACIÓN TECNOLÓGICA Y EMPRENDIMIENTO - MIPYMES DIGITALES",2025,"928-PROINNOVATE-IMTEMD-2025","INTEGRACIÓN Y OPTIMIZACIÓN DE HERRAMIENTAS DIGITALES PARA ELEVAR LA EFICIENCIA OPERATIVA Y AUMENTAR LA PRODUCTIVAD DE LA EMPRESA ASCENSORES Y SERVICIOS",20251029,20260829,"ASCENSORES & SERVICIOS PERU SOCIEDAD ANONIMA CERRADA - ASCENSORES & SERVICIOS PERU S.A.C.","AREQUIPA","AREQUIPA","AREQUIPA",040101,45000.0000,10285.71,6857.14,"SOLES",20260707
"BID 4","PROGRAMA DE INNOVACIÓN MODERNIZACIÓN TECNOLÓGICA Y EMPRENDIMIENTO - MIPYMES DIGITALES",2025,"929-PROINNOVATE-IMTEMD-2025","DIGITALIZACIÓN Y AUTOMATIZACIÓN DE LOS PROCESOS CLAVE DE GESTIÓN DOCUMENTAL Y ANÁLISIS DE AUDIENCIAS JUDICIALES EN DEFENSA LEGAL & JUSTICIA S.A.C.",20251029,20260729,"DEFENSA LEGAL & JUSTICIA S.A.C","BELLAVISTA","CALLAO","CALLAO",070102,45000.0000,10285.71,6857.14,"SOLES",20260707
"BID 4","EMPRENDIMIENTOS DINAMICOS",2025,"930-PROINNOVATE-EDI-2025","CODEA UNI: PLATAFORMA EDUCATIVA CON IA\, QUE IMPULSA LA DIGITALIZACIÓN DEL SECTOR MINERO.",20251118,20260818,"CODEA S.A.C.","COMAS","LIMA","LIMA",150110,149992.9900,42782.71,21500,"SOLES",20260707
"BID 4","EMPRENDIMIENTOS INNOVADORES",2025,"931-PROINNOVATE-EIN-2025","TRANZFER.ME: REMESAS DIGITALES P2P PARA MIGRANTES QUE ENVÍAN DINERO EN LATINOAMÉRICA",20251118,20260718,"TRANZFER ME S.A.C.","","","","",54950.0000,6930.01,16620,"SOLES",20260707
"BID 4","PROGRAMA DE INNOVACIÓN MODERNIZACIÓN TECNOLÓGICA Y EMPRENDIMIENTO - MIPYMES DIGITALES",2025,"933-PROINNOVATE-IMTEMD-2025","TRASFORMACIÓN DIGITAL EN LA EMPRESA A&A HORUS S.A.C. A TRAVÉS DE LA INTEGRACIÓN DE SOLUCIONES DIGITALES Y HERRAMIENTAS TICS QUE OPTIMICEN SUS OPERACIONES ADMINISTRATIVAS\, LOGÍSTICAS Y CONTROL FINANCIERO PARA UN MAYOR DESEMPEÑO COMO NEGOCIO GASTRONÓMICO",20251107,20260807,"A & A HORUS S.A.C.","COMAS","LIMA","LIMA",150110,45000.0000,10300,6857.14,"SOLES",20260707
"BID 4","EMPRENDIMIENTOS INNOVADORES",2025,"934-PROINNOVATE-EIN-2025","LEGALADO: SOLUCIONANDO TUS RECLAMOS BANCARIOS",20251023,20260623,"LEGALADO S.A.C.","TRUJILLO","TRUJILLO","LA LIBERTAD",130101,67000.0000,10117.63,19000,"SOLES",20260707
"BID 4","Startup Perú PLUG - Atracción de Emprendedores Extranjeros - CAMBIO CLIMÁTICO",2025,"935-PROINNOVATE-AEECC-2025","HOLA TRACTOR: DISPOSITIVOS IOT PARA MONITOREO Y GESTIÓN DE MAQUINARIA AGRÍCIOLA CON ENFOQUE EN REDUCCIÓN DE EMISIÓN DE GASES.",20251118,20260918,"HOLA TRACTOR S.A.C.","SANTIAGO DE SURCO","LIMA","LIMA",150140,123894.0300,0,0,"SOLES",20260707
"BID 4","PROGRAMA DE INNOVACIÓN MODERNIZACIÓN TECNOLÓGICA Y EMPRENDIMIENTO - MIPYMES DIGITALES",2025,"936-PROINNOVATE-IMTEMD-2025","IMPLEMENTACIÓN DE HERRAMIENTA DIGITAL PARA AUMENTAR LA EFICIENCIA\, AUTOMATIZANDO PROCESOS OPERATIVOS Y DE GESTIÓN EN LA EMPRESA KOONSULT HUNTERS",20251107,20261007,"KONSULT HUNTERS S.A.C.","SAN ISIDRO","LIMA","LIMA",150131,45000.0000,10285.71,6857.14,"SOLES",20260707
"BID 4","PROGRAMA DE INNOVACIÓN MODERNIZACIÓN TECNOLÓGICA Y EMPRENDIMIENTO - MIPYMES DIGITALES",2025,"937-PROINNOVATE-IMTEMD-2025","POSICIONAMIENTO A TRAVÉS DE DIGITALIZACIÓN EMPRESARIAL",20251023,20260723,"INVERSIONES VETERINARIAS MONTANA S.A.C. - INVETMONT S.A.C.","SANTIAGO DE SURCO","LIMA","LIMA",150140,33000.0000,7200,4800,"SOLES",20260707
"BID 4","PROGRAMA DE INNOVACIÓN MODERNIZACIÓN TECNOLÓGICA Y EMPRENDIMIENTO - MIPYMES DIGITALES",2025,"938-PROINNOVATE-IMTEMD-2025","IMPLEMENTACIÓN DE TECNOLOGÍAS IOT Y ANÁLISIS PREDICTIVO PARA OPTIMIZAR LA PRODUCCIÓN Y CALIDAD DEL VINO EN LA EMPRESA CACETEJ SRL",20251014,20260714,"CACETEJ SRL","UCHUMAYO","AREQUIPA","AREQUIPA",040124,45000.0000,10285.71,6857.14,"SOLES",20260707
"BID 4","PROGRAMA DE INNOVACIÓN MODERNIZACIÓN TECNOLÓGICA Y EMPRENDIMIENTO - MIPYMES DIGITALES",2025,"939-PROINNOVATE-IMTEMD-2025","TRANSFORMACIÓN DIGITAL CON ENFOQUE EN VENTAS MULTICANAL Y ANALÍTICA DE DATOS PARA LA EXPANSIÓN COMERCIAL Y CRECIMIENTO DE SERVICIOS Y CATERING COPACABANA S.A.C",20251014,20260714,"SERVICIOS Y CATERING COPACABANA S.A.C.","CUSCO","CUSCO","CUSCO",080101,45000.0000,10286,6857,"SOLES",20260707
"BID 4","PROGRAMA DE INNOVACIÓN MODERNIZACIÓN TECNOLÓGICA Y EMPRENDIMIENTO - MIPYMES DIGITALES",2025,"940-PROINNOVATE-IMTEMD-2025","INNOVACIÓN EN SERVICIOS ODONTOLÓGICOS MEDIANTE LA DIGITALIZACIÓN Y OPTIMIZACIÓN DE PROCESOS EN ORTHOCENTER STETIC DENTAL E.I.R.L.",20251023,20260723,"ORTHOCENTER STETIC DENTAL E.I.R.L","AREQUIPA","AREQUIPA","AREQUIPA",040101,45000.0000,10286,6857,"SOLES",20260707
"BID 4","PROGRAMA DE INNOVACIÓN MODERNIZACIÓN TECNOLÓGICA Y EMPRENDIMIENTO - MIPYMES DIGITALES",2025,"941-PROINNOVATE-IMTEMD-2025","ADAPTACIÓN TECNOLÓGICA PARA MEJORAR LA EXPERIENCIA DEL CLIENTE\, Y EL POSICIONAMIENTO COMERCIAL EN QATAY QUE AYUDE A SUPERAR BRECHAS EN EL PROCESO DE VENTA.",20251031,20260731,"QATAY PERU EMPRESA INDIVIDUAL DE RESPONSABILIDAD LIMITADA","SAN SEBASTIAN","CUSCO","CUSCO",080105,45000.0000,10286,6857,"SOLES",20260707
"BID 4","PROGRAMA DE INNOVACIÓN MODERNIZACIÓN TECNOLÓGICA Y EMPRENDIMIENTO - MIPYMES DIGITALES",2025,"942-PROINNOVATE-IMTEMD-2025","TRANSFORMACION DIGITAL DE LOS PROCESOS INTERNOS PARA MEJORAR LA EFICIENCIA\, TRAZABILIDAD Y CONTROL OPERACIONAL EN 4K CONSORCIO SRL",20251029,20260829,"4K CONSORCIO S.R.L.","MOCHE","TRUJILLO","LA LIBERTAD",130107,45000.0000,10286,6857,"SOLES",20260707
"BID 4","PROGRAMA DE INNOVACIÓN MODERNIZACIÓN TECNOLÓGICA Y EMPRENDIMIENTO - MIPYMES DIGITALES",2025,"943-PROINNOVATE-IMTEMD-2025","ESTRATEGIAS COMERCIALES Y DE MARKETING INNOVADOR QUE TRANSFORMA LA VISIBILIDAD DE TU MARCA\, OPTIMIZA EL CRECIMIENTO Y AUMENTA LA RENTABILIDAD EN AMPLA SOLVERING E.I.R.L. IMPULSANDO TU NEGOCIO Y MEJORARAN LA CONEXIÓN CON TUS CLIENTES",20251031,20260831,"AMPLA SOLVERING EIRL","CAYMA","AREQUIPA","AREQUIPA",040103,45000.0000,10286,6857,"SOLES",20260707
"BID 4","PROGRAMA DE INNOVACIÓN MODERNIZACIÓN TECNOLÓGICA Y EMPRENDIMIENTO - MIPYMES DE CALIDAD",2025,"944-PROINNOVATE-IMTEMC-2025","IMPLEMENTACION Y CERTIFICACION DE LA NORMA DE GESTION DE SEGURIDAD Y SALUD EN EL TRABAJO  ISO 45001: 2018",20251031,20260831,"ISOLUTIONS CONSULTING SAC","AREQUIPA","AREQUIPA","AREQUIPA",040101,45000.0000,11571.43,7714.28,"SOLES",20260707
"BID 4","EMPRENDIMIENTOS INNOVADORES",2025,"945-PROINNOVATE-EIN-2025","DATA WAVE SOLUTIONS: SISTEMA DE PLANIFICACIÓN DE OPERACIONES CON TECNOLOGIA ML/COPILOT PARA EMPRESAS MEDIANAS.",20251127,20260827,"PORTUGAL GALLARDO MONICA DEL PILAR","LA MOLINA","LIMA","LIMA",150114,66506.0800,13983.96,14940,"SOLES",20260707
"BID 4","PROGRAMA DE INNOVACIÓN MODERNIZACIÓN TECNOLÓGICA Y EMPRENDIMIENTO - MIPYMES DE CALIDAD",2025,"946-PROINNOVATE-IMTEMC-2025","IMPLEMENTACIÓN Y CERTIFICACIÓN DEL SISTEMA DE GESTIÓN DE CALIDAD EN BASE A LA NORMA ISO 9001 EN LA EMPRESA SOQUITEX ING. S.R.L PARA LA MEJORA DE LA PRODUCTIVIDAD Y LOGRAR ACCESO A NUEVOS CLIENTES",20251010,20260910,"SOQUITEX ING. S.R.LTDA","CHORRILLOS","LIMA","LIMA",150108,44991.5300,11580.78,7712.84,"SOLES",20260707
"BID 4","PROGRAMA DE INNOVACIÓN MODERNIZACIÓN TECNOLÓGICA Y EMPRENDIMIENTO - MIPYMES DE CALIDAD",2025,"947-PROINNOVATE-IMTEMC-2025","IMPLEMENTACIÓN Y CERTIFICACIÓN DE UN SISTEMA INTEGRADO DE GESTIÓN (SIG) CON BASE EN LAS NORMAS ISO 9001:2015\, ISO 37001:2016 E ISO 45001:2018 EN LA EMPRESA SAFE SCAFFOLDING ENGINEERING SAC",20251029,20260929,"SAFE SCAFFOLDING ENGINEERING S.A.C.","SAN ISIDRO","LIMA","LIMA",150131,60000.0000,15428.57,10285.71,"SOLES",20260707
"BID 4","PROGRAMA DE INNOVACIÓN MODERNIZACIÓN TECNOLÓGICA Y EMPRENDIMIENTO - MIPYMES DE CALIDAD",2025,"948-PROINNOVATE-IMTEMC-2025","MEJORA DE PRODUCTIVIDAD Y ACCESO A NUEVOS MERCADOS A TRAVÉS DE LA IMPLEMENTACIÓN Y CERTIFICACIÓN DEL SISTEMA DE GESTIÓN DE SEGURIDAD Y SALUD EN EL TRABAJO EN LA EMPRESA MUR TECNOLOGIA S.A.C. BAJO LA NORMA ISO 45001:2018",20251107,20260907,"MUR TECNOLOGIA S.A.C.","SURQUILLO","LIMA","LIMA",150141,44996.9900,16203,28799.98,"SOLES",20260707
"BID 4","INNOVACIÓN EMPRESARIAL",2025,"949-PROINNOVATE-PIEC1-2025","DESARROLLO DE PROTOTIPO DE SISTEMA INTEGRAL CON INTELIGENCIA ARTIFICIAL DE BÚSQUEDA AUTOMÁTICA DE INFORMACIÓN SENSIBLE FILTRADA EN INTERNET Y MONITOREO MULTICANAL\, ESPECIALIZADO EN PEQUEÑAS Y MEDIANAS EMPRESAS DEL SECTOR MINERÍA EN PERÚ",20251013,20260713,"SEKURA SAC","SAN ISIDRO","LIMA","LIMA",150131,200000.0000,34500,100000,"SOLES",20260707
"BID 4","PROGRAMA DE INNOVACIÓN MODERNIZACIÓN TECNOLÓGICA Y EMPRENDIMIENTO - MIPYMES DIGITALES",2025,"950-PROINNOVATE-IMTEMD-2025","DIGITALIZACIÓN DE LA GESTIÓN COMERCIAL Y AUTOMATIZACIÓN DEL SEGUIMIENTO DE CLIENTES EN SERVACIR",20251023,20260723,"SERVICIOS DE ADMINISTRACION COBRANZAS E INVERSIONES RABA SOCIEDAD ANONIMA CERRADA  SERVACIR SAC","SURQUILLO","LIMA","LIMA",150141,45000.0000,10285.72,6857.14,"SOLES",20260707
"BID 4","PROGRAMA DE INNOVACIÓN MODERNIZACIÓN TECNOLÓGICA Y EMPRENDIMIENTO - MIPYMES DIGITALES",2025,"951-PROINNOVATE-IMTEMD-2025","IMPLEMENTACIÓN DE ESTRATEGIAS DIGITALES PARA LA OPTIMIZACIÓN DE LOS PROCESOS PRODUCTIVOS Y CAPTACION DE CLIENTES",20251029,20260829,"TOMANGUILLO & GONZALEZ ABOGADOS SOCIEDAD CIVIL DE RESPONSABILIDAD LIMITADA","MOYOBAMBA","MOYOBAMBA","SAN MARTIN",220101,45000.0000,10350,6800,"SOLES",20260707
"BID 4","PROGRAMA DE INNOVACIÓN MODERNIZACIÓN TECNOLÓGICA Y EMPRENDIMIENTO - MIPYMES DIGITALES",2025,"954-PROINNOVATE-IMTEMD-2025","OPTIMIZACIÓN DE PROCESOS E IMPLEMENTACIÓN DIGITAL PARA MEJORAR LA GESTIÓN DE INVENTARIOS Y FORTALECER LA PRESENCIA COMERCIAL Y DIGITAL DE TEXTILES Y CONFECCIONES ATLAS E.I.R.L.",20251107,20260807,"TEXTILES Y CONFECCIONES ATLAS E.I.R.L.","AREQUIPA","AREQUIPA","AREQUIPA",040101,45000.0000,10286,6857,"SOLES",20260707
"BID 4","EMPRENDIMIENTOS INNOVADORES",2025,"955-PROINNOVATE-EIN-2025","NATURE CONTROL: PRODUCTO NATURAL Y ORGANICO PARA COMBATIR EL DENGUE.",20251106,20260706,"MORANTE SILVA PAMELA MILAGROS","CATACAOS","PIURA","PIURA",200105,53932.2400,10747.78,9000,"SOLES",20260707
"BID 4","EMPRENDIMIENTOS DINAMICOS",2025,"956-PROINNOVATE-EDI-2025","LEXMAX: PLATAFORMA LEGALTECH QUE OPTIMIZA LA GESTIÓN DE CUMPLIMIENTO EMPRESARIAL CON CONTROL Y ALERTAS INTELIGENTES.",20251230,20260830,"PERU LEGAL ABOGADOS S.A.C.","SAN ISIDRO","LIMA","LIMA",150131,149996.6100,21428.93,42856,"SOLES",20260707
"BID 4","PROGRAMA DE INNOVACIÓN MODERNIZACIÓN TECNOLÓGICA Y EMPRENDIMIENTO - MIPYMES DE CALIDAD",2025,"957-PROINNOVATE-IMTEMC-2025","IMPLEMENTACIÓN Y CERTIFICACIÓN DE LA NORMA ISO 9001:2015 EN LA EMPRESA INCAL PERÚ S.A.C.",20251202,20260802,"INCAL PERÚ S.A.C.","YANAHUARA","AREQUIPA","AREQUIPA",040126,45000.0000,11571.43,7714.28,"SOLES",20260707
"BID 4","PROGRAMA DE INNOVACIÓN MODERNIZACIÓN TECNOLÓGICA Y EMPRENDIMIENTO - MIPYMES DIGITALES",2025,"958-PROINNOVATE-IMTEMD-2025","IMPLEMENTACIÓN DE HERRAMIENTAS DIGITALES PARA REDUCIR LA BRECHA TECNOLÓGICA Y FORTALECER LA GESTIÓN COMERCIAL Y OPERATIVA DE LA EMPRESA MYSTI SERV S.A.C.",20251029,20260729,"MYSTI SERV S.A.C.","ILO","ILO","MOQUEGUA",180301,45000.0000,13000,6500,"SOLES",20260707
"BID 4","INNOVACIÓN EMPRESARIAL",2025,"959-PROINNOVATE-PIEC1-2025","DISEÑO Y DESARROLLO DE UN SISTEMA SOPORTADO EN IA GENERATIVA\, MODELABLE Y PERSONALIZABLE\, QUE IDENTIFICA BRECHAS ENTRE PERSONAS Y PERFILES DE PUESTOS\, PARA OPTIMIZAR PROCESOS DE GESTIÓN DE TALENTO EN EMPRESAS MEDIANAS Y GRANDES EN LATINOAMÉRICA",20251003,20260803,"CT DESARROLLO SAC","PIURA","PIURA","PIURA",200101,192000.0000,36000,93900,"SOLES",20260707
"BID 4","PROGRAMA DE INNOVACIÓN MODERNIZACIÓN TECNOLÓGICA Y EMPRENDIMIENTO - MIPYMES DE CALIDAD",2025,"960-PROINNOVATE-IMTEMC-2025","CERTIFICACIÓN DE SISTEMA DE GESTIÓN ANTISOBORNO ISO 37001:2025 DE MAC INGENIERÍA",20251031,20260731,"MAC INGENIERIA S.A.C.","MIRAFLORES","LIMA","LIMA",150122,44200.0000,11800,7200,"SOLES",20260707
"BID 4","PROGRAMA DE INNOVACIÓN MODERNIZACIÓN TECNOLÓGICA Y EMPRENDIMIENTO - MIPYMES DIGITALES",2025,"961-PROINNOVATE-IMTEMD-2025","MEJORAMIENTO DE LAS CAPACIDADES EMPRESARIALES Y COMERCIALES DE MEGASOLUTIONS SRL A TRAVES DE LA TRANSFORMACION DIGITAL DE SU NEGOCIO PARA ADQUIRIR VENTAJAS COMPETITIVAS Y DIFERENCIADORES EN EL MERCADO DE PRODUCTOS CON ENFOQUE INTEGRAL EN LA ECONOMIA CIRCULAR",20251023,20260823,"MEGA SOLUTIONS EMPRESA INDIVIDUAL DE RESPONSABILIDAD LIMITADA","JUANJUI","MARISCAL CACERES","SAN MARTIN",220601,45000.0000,10285.8,6857.1,"SOLES",20260707
"BID 4","PROGRAMA DE INNOVACIÓN MODERNIZACIÓN TECNOLÓGICA Y EMPRENDIMIENTO - MIPYMES DIGITALES",2025,"962-PROINNOVATE-IMTEMD-2025","IMPLEMENTACIÓN DE INTELIGENCIA ARTIFICIAL PARA LA OPTIMIZACIÓN DEL PROCESO COMERCIAL\, FORTALECIMIENTO DE LA GESTIÓN DE LA EXPERIENCIA DEL CLIENTE Y LA ELIMINACIÓN DEL USO DEL PAPEL EN TODAS LAS OPERACIONES DE GOODLINKS PERU EIRL.",20251107,20260807,"GOODLINKS PERU E.I.R.L.","SAN MIGUEL","LIMA","LIMA",150136,45000.0000,10285.72,6857.14,"SOLES",20260707
"BID 4","PROGRAMA DE INNOVACIÓN MODERNIZACIÓN TECNOLÓGICA Y EMPRENDIMIENTO - MIPYMES DIGITALES",2025,"964-PROINNOVATE-IMTEMD-2025","TRANSFORMACIÓN DIGITAL PARA OPTIMIZAR LA TRAZABILIDAD\, CONTROL DE INVENTARIO Y GESTIÓN COMERCIAL DE AGRONORTE",20251224,20260924,"AGRONEGOCIO DEL NORTE 2 MARIAS EMPRESA INDIVIDUAL DE RESPONSABILIDAD LIMITADA - AGRONORTE 2 M EIRL.","PIURA","PIURA","PIURA",200101,45000.0000,10285.71,6857.14,"SOLES",20260707
"BID 4","PROGRAMA DE INNOVACIÓN MODERNIZACIÓN TECNOLÓGICA Y EMPRENDIMIENTO - MIPYMES DE CALIDAD",2025,"965-PROINNOVATE-IMTEMC-2025","IMPLEMENTACIÓN Y CERTIFICACIÓN DE LA NORMA ISO 9001:2015 EN LA EMPRESA OFH SERVICIOS GENERALES SOCIEDAD COMERCIAL DE RESPONSABILIDAD LIMITADA",20251029,20260929,"OFH SERVICIOS GENERALES SOCIEDAD COMERCIAL DE RESPONSABILIDAD LIMITADA","ISLAY","ISLAY","AREQUIPA",040704,45000.0000,11571.43,7714.28,"SOLES",20260707
"BID 4","PROGRAMA DE INNOVACIÓN MODERNIZACIÓN TECNOLÓGICA Y EMPRENDIMIENTO - MIPYMES DIGITALES",2025,"967-PROINNOVATE-IMTEMD-2025","TRANSFORMACIÓN DIGITAL PARA LA AUTOMATIZACIÓN DE LA PRODUCCIÓN Y EL FORTALECIMIENTO DEL SERVICIO AL CLIENTE EN LA EMPRESA AGROINDUSTRIAL CAMPONORTE S.R.L.",20251010,20260910,"EMPRESA AGROINDUSTRIAL CAMPONORTE S.R.L.","JAZAN","BONGARA","AMAZONAS",010307,45000.0000,10285.71,6857.14,"SOLES",20260707
"BID 4","PROGRAMA DE INNOVACIÓN MODERNIZACIÓN TECNOLÓGICA Y EMPRENDIMIENTO - MIPYMES DE CALIDAD",2025,"968-PROINNOVATE-IMTEMC-2025","CERTIFICACIÓN ISO 9001\, ISO 14001\, E ISO 45001 PARA FORTALECER LA CALIDAD DEL SERVICIO Y LA SEGURIDAD OPERATIVA DEL TRANSPORTE PRIVADO DE PASAJEROS Y ARRENDAMIENTO VEHICULAR\, GARANTIZANDO UN SERVICIO SEGURO\, CONFIABLE Y COMPETITIVO EN LA REGIÓN SUR DEL PAÍS.",20251230,20261130,"TRANSPORTES CAMINOS DEL INCA SRL","MOQUEGUA","MARISCAL NIETO","MOQUEGUA",180101,59675.0000,15345,10230,"SOLES",20260707
"BID 4","VALIDACIÓN DE LA INNOVACIÓN",2025,"969-PROINNOVATE-PIEC2-2025","VALIDACIÓN TÉCNICO COMERCIAL DE POLIOLES VEGETALES CON ADITIVOS ANTIMICROBIANOS A PARTIR DE ACEITE DE PALMA PARA EL SECTOR DE ESPUMAS DE PU FLEXIBLE",20251029,20261029,"AVS NATUR FOOD E.I.R.L.","SANTIAGO DE SURCO","LIMA","LIMA",150140,499911.8500,83504.15,249930,"SOLES",20260707
"BID 4","PROGRAMA DE INNOVACIÓN MODERNIZACIÓN TECNOLÓGICA Y EMPRENDIMIENTO - MIPYMES DIGITALES",2025,"970-PROINNOVATE-IMTEMD-2025","DIGITALIZACIÓN INTEGRAL PARA LA OPTIMIZACIÓN DE PROCESOS DE ATENCIÓN (TOMA DE PEDIDOS)\, GESTIÓN ADMINISTRATIVA\, GESTIÓN OPERATIVA Y EXPERIENCIA DEL CLIENTE EN UN RESTAURANT DE COMIDA RÁPIDA",20251224,20260924,"Z-BURGER E.I.R.L","RIOJA","RIOJA","SAN MARTIN",220801,45000.0000,10285.72,6857.14,"SOLES",20260707
"BID 4","PROGRAMA DE INNOVACIÓN MODERNIZACIÓN TECNOLÓGICA Y EMPRENDIMIENTO - MIPYMES DIGITALES",2025,"971-PROINNOVATE-IMTEMD-2025","FORTALECIMIENTO DE LA GESTIÓN COMERCIAL\, ADMINISTRATIVA Y PROMOCIÓN DE SERVICIOS EN INMOBILIARIA LLANOS A TRAVÉS DE LA INTEGRACIÓN DE SOLUCIONES DIGITALES PARA ADQUIRIR MEJORES CAPACIDADES DE VENTAS\,GESTIÓN DE RECURSOS Y PROSPECCIÓN DE CLIENTES POTENCIALES B2C",20251120,20260920,"INMOBILIARIA LLANOS E.I.R.L.","TARAPOTO","SAN MARTIN","SAN MARTIN",220901,45000.0000,10300,6857.14,"SOLES",20260707
"BID 4","EMPRENDIMIENTOS INNOVADORES",2025,"972-PROINNOVATE-EIN-2025","SKY DREAMS PERU: EXPERIENCIAS PREMIUN EN GLOBO AEROSTÁTICO",20251023,20260723,"SKY DREAMS PERU TOUR OPERATOR EMPRESA INDIVIDUAL DE RESPONSABILIDAD LIMITADA","","","","",55000.0000,3300,23000,"SOLES",20260707
"BID 4","EMPRENDIMIENTOS INNOVADORES",2025,"973-PROINNOVATE-EIN-2025","VISION-D: VISOR PARA PERSONAS CON DISCAPACIDAD AUDITIVA.",20251031,20260731,"HUAMAN PEREDO LEONCIO PABLO","JESUS MARIA","LIMA","LIMA",150113,38400.0000,6068.05,10750,"SOLES",20260707
"BID 4","PROGRAMA DE INNOVACIÓN MODERNIZACIÓN TECNOLÓGICA Y EMPRENDIMIENTO - MIPYMES DIGITALES",2025,"974-PROINNOVATE-IMTEMD-2025","IMPLEMENTACIÓN DE UN SISTEMA EN LA NUBE DE GESTIÓN DE ALMACENES Y PROYECTOS CON ESTRATEGIAS DE MARKETING PARA MAXIMIZAR LA EFICIENCIA Y PRODUCTIVIDAD EN MOBEC RS&SO E.I.R.L",20251202,20260902,"MOBEC RS&SO E.I.R.L","CUSCO","CUSCO","CUSCO",080101,45000.0000,10286,6857,"SOLES",20260707
"BID 4","PROGRAMA DE INNOVACIÓN MODERNIZACIÓN TECNOLÓGICA Y EMPRENDIMIENTO - MIPYMES DIGITALES",2025,"975-PROINNOVATE-IMTEMD-2025","OPTIMIZACIÓN DE LOS PROCESOS COMERCIALES\, TRIBUTARIOS Y DE INVENTARIO PARA EL FORTALECIMIENTO DE LA COMPETITIVIDAD EN DISTRIBUCIONES AGROPECUARIOS JULIACA E.I.R.L.\, INTEGRANDO ESTRATEGIAS DE MARKETING DIGITAL.",20251031,20260731,"DISTRIBUCIONES AGROPECUARIOS JULIACA EIRL","JULIACA","SAN ROMAN","PUNO",211101,45000.0000,10286,6857,"SOLES",20260707
"BID 4","PROGRAMA DE INNOVACIÓN MODERNIZACIÓN TECNOLÓGICA Y EMPRENDIMIENTO - MIPYMES DIGITALES",2025,"976-PROINNOVATE-IMTEMD-2025","FORTALECIMIENTO DE LA GESTIÓN COMERCIAL Y COMPETITIVIDAD DE HIDDEN GARDEN E.I.R.L. MEDIANTE LA OPTIMIZACIÓN DE PROCESOS Y LA TRANSFORMACIÓN DIGITAL.",20251029,20260729,"HIDDEN GARDEN EIRL","WANCHAQ","CUSCO","CUSCO",080108,45000.0000,10286,6857,"SOLES",20260707
"BID 4","PROGRAMA DE INNOVACIÓN MODERNIZACIÓN TECNOLÓGICA Y EMPRENDIMIENTO - MIPYMES DIGITALES",2025,"977-PROINNOVATE-IMTEMD-2025","TRANSFORMACIÓN DIGITAL EN WORK WEAR INDUSTRIAL E.I.R.L. A TRAVÉS DE LA IMPLEMENTACIÓN DE SOLUCIONES DIGITALES PARA OPTIMIZAR LA GESTIÓN DE CLIENTES\, SEGUIMIENTO DE PEDIDOS Y ACELERACIÓN DE VENTAS.",20251014,20260714,"WORK WEAR INDUSTRIAL E.I.R.L.","AREQUIPA","AREQUIPA","AREQUIPA",040101,45000.0000,10286,6857,"SOLES",20260707
"BID 4","PROGRAMA DE INNOVACIÓN MODERNIZACIÓN TECNOLÓGICA Y EMPRENDIMIENTO - MIPYMES DIGITALES",2025,"978-PROINNOVATE-IMTEMD-2025","POTENCIANDO CM LINE E.I.R.L. CON CLOUD COMPUTING\, GOBERNANZA DE DATOS Y SOLUCIONES EN PRIVATE CLOUD PARA OPTIMIZAR LA GESTIÓN LOGÍSTICA\, FINANCIERA Y FACTURACIÓN DE LA EMPRESA",20251023,20260723,"CM LINE E.I.R.L.","PAUCARPATA","AREQUIPA","AREQUIPA",040112,45000.0000,10286,6857,"SOLES",20260707
"BID 4","PROGRAMA DE INNOVACIÓN MODERNIZACIÓN TECNOLÓGICA Y EMPRENDIMIENTO - MIPYMES DIGITALES",2025,"979-PROINNOVATE-IMTEMD-2025","TRANSFORMACIÓN DIGITAL PARA LA OPTIMIZACIÓN DE PROCESOS Y LA SOSTENIBILIDAD EN LA EMPRESA CORPORACION SAMEX SAC",20251031,20260930,"CORPORACION SAMEX SAC","TACNA","TACNA","TACNA",230101,45000.0000,10289,6856,"SOLES",20260707
"BID 4","PROGRAMA DE INNOVACIÓN MODERNIZACIÓN TECNOLÓGICA Y EMPRENDIMIENTO - MIPYMES DIGITALES",2025,"980-PROINNOVATE-IMTEMD-2025","TRANSFORMACIÓN DIGITAL PARA FORTALECER LA ASISTENCIA TÉCNICA Y LA PRODUCTIVIDAD REGENERATIVA EN CULTIVOS DE CAJAMARCA Y AMAZONAS",20251017,20260717,"AGROINVERSIONES TIGREPAMPA EIRL","CAJARURO","UTCUBAMBA","AMAZONAS",010702,45000.0000,10285.8,6857.1,"SOLES",20260707
"BID 4","PROGRAMA DE INNOVACIÓN MODERNIZACIÓN TECNOLÓGICA Y EMPRENDIMIENTO - MIPYMES DE CALIDAD",2025,"981-PROINNOVATE-IMTEMC-2025","IMPLEMENTACIÓN Y CERTIFICACIÓN DE UN SISTEMA INTEGRADO DE GESTIÓN BASADOS EN LAS NORMAS ISO 9001:2015\, ISO 14001:2015\, ISO 45001:2018 EN LA EMPRESA PRETOR INGENIERÍA EN SISTEMAS DE CONTROL S.A.C.",20251118,20260918,"PRETOR INGENIERIA EN SISTEMAS DE CONTROL SOCIEDAD ANONIMA CERRADA","YANAHUARA","AREQUIPA","AREQUIPA",040126,60000.0000,15428.57,10285.71,"SOLES",20260707
"BID 4","PROGRAMA DE INNOVACIÓN MODERNIZACIÓN TECNOLÓGICA Y EMPRENDIMIENTO - MIPYMES DE CALIDAD",2025,"985-PROINNOVATE-IMTEMC-2025","IMPLEMENTACIÓN DEL SISTEMA DE GESTIÓN AMBIENTAL ISO 14001:2015 EN SUCCESS SDISE S.A.C. PARA SERVICIOS DE INSTALACIÓN Y MANTENIMIENTO MECÁNICO\, INSTRUMENTAL Y ELÉCTRICO EN INDUSTRIA Y MINERÍA.",20251202,20261002,"SUCCESS SDISE SOCIEDAD ANONIMA CERRADA  SDISE SAC","JOSE LUIS BUSTAMANTE Y RIVERO","AREQUIPA","AREQUIPA",040129,43480.0000,11805.71,6857.14,"SOLES",20260707
"BID 4","PROGRAMA DE INNOVACIÓN MODERNIZACIÓN TECNOLÓGICA Y EMPRENDIMIENTO - MIPYMES DIGITALES",2025,"987-PROINNOVATE-IMTEMD-2025","TRANSFORMACIÓN DIGITAL PARA LA COMERCIALIZACIÓN PERSONALIZADA DE PRODUCTOS TEXTILES MEDIANTE E-COMMERCE OPTIMIZADO\, REBRANDING ESTRATÉGICO Y PRESENCIA DIGITAL MULTICANAL",20251211,20260911,"JOVI & SOL QUNUQ ALPACA S.A.C.","CAYMA","AREQUIPA","AREQUIPA",040103,45000.0000,10285.72,6857.14,"SOLES",20260707
"BID 4","PROGRAMA DE INNOVACIÓN MODERNIZACIÓN TECNOLÓGICA Y EMPRENDIMIENTO - MIPYMES DIGITALES",2025,"991-PROINNOVATE-IMTEMD-2025","ESTRATEGIA DE TRANSFORMACIÓN DIGITAL PARA OPTIMIZAR EL DESARROLLO DE PRODUCTO\, LA PRODUCCIÓN Y LA GESTIÓN COMERCIAL EN QORIANKA PERÚ S.A.C.",20251029,20260829,"QORIANKA PERU SAC","LA PECA","BAGUA","AMAZONAS",010206,45000.0000,10285.71,6857.14,"SOLES",20260707
"BID 4","PROGRAMA DE INNOVACIÓN MODERNIZACIÓN TECNOLÓGICA Y EMPRENDIMIENTO - MIPYMES DE CALIDAD",2025,"993-PROINNOVATE-IMTEMC-2025","OBTENCION DE LA CERTIFICACION ISO 9001 PARA LOS SERVICIOS DE DATA CENTER",20251010,20260810,"GRUPOSANDEMER SOCIEDAD ANONIMA CERRADA","SAN JUAN DE LURIGANCHO","LIMA","LIMA",150132,40179.7500,10332.25,6888,"SOLES",20260707
"BID 4","PROGRAMA DE INNOVACIÓN MODERNIZACIÓN TECNOLÓGICA Y EMPRENDIMIENTO - MIPYMES DE CALIDAD",2025,"994-PROINNOVATE-IMTEMC-2025","IMPLEMENTACIÓN Y CERTIFICACIÓN DE LA BINORMA (ISO 14001:2015 E ISO 45001:2018) PARA LA MEJORA DE CALIDAD\, EFICIENCIA OPERATIVA Y SOSTENIBILIDAD DE LOS SERVICIOS EN SANEAMIENTO AMBIENTAL OFRECIDOS POR LA EMPRESA SANGLOPER S.A.C",20251202,20261002,"SANEAMIENTO GLOBAL PERU SAC","SAN MARTIN DE PORRES","LIMA","LIMA",150135,44998.8000,11571.12,7714.08,"SOLES",20260707
"BID 4","PROGRAMA DE INNOVACIÓN MODERNIZACIÓN TECNOLÓGICA Y EMPRENDIMIENTO - MIPYMES DIGITALES",2025,"995-PROINNOVATE-IMTEMD-2025","REDUCCIÓN DE COSTOS Y AUMENTO DE LA COMPETITIVIDAD EXPORTADORA EN MUNDO INTARSIA S.A.C. MEDIANTE LA OPTIMIZACIÓN DE LA PRODUCCIÓN TEXTIL CON ESTRATEGIAS DE VISUALIZACIÓN DE PRODUCTOS.",20251031,20260731,"MUNDO INTARSIA SOCIEDAD ANONIMA CERRADA  MUNDO INTARSIA SAC","SAN JERONIMO","CUSCO","CUSCO",080104,45000.0000,10286,6857,"SOLES",20260707
"BID 4","PROGRAMA DE INNOVACIÓN MODERNIZACIÓN TECNOLÓGICA Y EMPRENDIMIENTO - MIPYMES DIGITALES",2025,"999-PROINNOVATE-IMTEMD-2025","IMPULSO DE LA PRODUCTIVIDAD Y EFICIENCIA EN PERU FLORES TRAVEL AGENCY MEDIANTE LA OPTIMIZACIÓN DE PROCESOS Y LA AUTOMATIZACIÓN INTEGRAL.",20251031,20260731,"PERU FLORES TRAVEL AGENCY TOURS OPERADOR EMPRESA INDIVIDUAL DE RESPONSABILIDAD LIMITADA","SAN SEBASTIAN","CUSCO","CUSCO",080105,45000.0000,10286,6857,"SOLES",20260707
"BID 4","PROGRAMA DE INNOVACIÓN MODERNIZACIÓN TECNOLÓGICA Y EMPRENDIMIENTO - MIPYMES DIGITALES",2025,"1000-PROINNOVATE-IMTEMD-2025","OPTIMIZACIÓN DE OPERACIONES Y FORTALECIMIENTO DEL POSICIONAMIENTO DE LA FONDA DEL LABRIEGO S.R.L. MEDIANTE LA DIGITALIZACIÓN DE PEDIDOS Y ESTRATEGIAS DE MARKETING.",20251118,20260918,"CORPORACION LA FONDA DEL LABRIEGO S.R.L.","SOCABAYA","AREQUIPA","AREQUIPA",040122,45000.0000,10286,6857,"SOLES",20260707
"BID 4","PROGRAMA DE INNOVACIÓN MODERNIZACIÓN TECNOLÓGICA Y EMPRENDIMIENTO - MIPYMES DIGITALES",2025,"1001-PROINNOVATE-IMTEMD-2025","TRANSFORMACIÓN INTEGRAL PARA LA OPTIMIZACIÓN LOGÍSTICA\, AUTOMATIZACIÓN DE PROCESOS Y FORTALECIMIENTO DE LA PRESENCIA DIGITAL EN AGROANDES JULIACA E.I.R.L.",20251031,20260731,"AGROANDES JULIACA EMPRESA INDIVIDUAL DE RESPONSABILIDAD LIMITADA","JULIACA","SAN ROMAN","PUNO",211101,45000.0000,10286,6857,"SOLES",20260707
"BID 4","PROGRAMA DE INNOVACIÓN MODERNIZACIÓN TECNOLÓGICA Y EMPRENDIMIENTO - MIPYMES DIGITALES",2025,"1002-PROINNOVATE-IMTEMD-2025","DIGITALIZACIÓN DE PROCESOS CLÍNICOS Y ADMINISTRATIVOS PARA OPTIMIZAR LA GESTIÓN INTEGRAL DE ATENCIÓN\, FORTALECER LA CONECTIVIDAD DE RESULTADOS MÉDICOS Y MEJORAR LA PRODUCTIVIDAD OPERATIVA EN MAXILOX.",20251029,20260829,"CENTRO RADIOLOGICO MAXILOX SOCIEDAD ANONIMA CERRADA","JULIACA","SAN ROMAN","PUNO",211101,45000.0000,10286,6857,"SOLES",20260707
"BID 4","PROGRAMA DE INNOVACIÓN MODERNIZACIÓN TECNOLÓGICA Y EMPRENDIMIENTO - MIPYMES DIGITALES",2025,"1003-PROINNOVATE-IMTEMD-2025","DIGITALIZACIÓN DE PROCESOS COMERCIALES PARA MEJORAR LA IMAGEN Y PRESENCIA DIGITAL\, PROMOVER LA GENERACIÓN DE LEADS\, GESTIONAR SU TRÁNSITO POR EL EMBUDO DE VENTAS Y OPTIMIZAR LA CONVERSIÓN DE KATANT SAC",20251118,20260818,"INVERSIONES Y SERVICIOS KATANT S.A.C.","AYACUCHO","HUAMANGA","AYACUCHO",050101,45000.0000,10286,6857,"SOLES",20260707
"BID 4","Startup Perú PLUG - Atracción de Emprendedores Extranjeros - CAMBIO CLIMÁTICO",2025,"1004-PROINNOVATE-AEECC-2025","CALIFIX COMPLIANCE: AUDITORÍA AUTOMATIZADA Y SUSTENTABLE PARA CONTRATISTAS DE MINERÍA.",20251031,20260831,"CALIFIX PERU S.A.C.","SAN ISIDRO","LIMA","LIMA",150131,151221.8400,0,0,"SOLES",20260707
"BID 4","PROGRAMA DE INNOVACIÓN MODERNIZACIÓN TECNOLÓGICA Y EMPRENDIMIENTO - MIPYMES DE CALIDAD",2025,"1005-PROINNOVATE-IMTEMC-2025","IMPLEMENTACIÓN Y CERTIFICACIÓN DEL SISTEMA HACCP APLICADA A LAS LÍNEAS DE PRODUCCIÓN DE QUESOS FRESCOS Y YOGURT EN INDUSTRIA ALIMENTARIA BONANZA EIRL.",20251029,20260829,"INDUSTRIA ALIMENTARIA BONANZA EMPRESA INDIVIDUAL DE RESPONSABILIDAD LIMITADA","LIMA","LIMA","LIMA",150101,42288.1400,11011.87,7200,"SOLES",20260707
"BID 4","PROGRAMA DE INNOVACIÓN MODERNIZACIÓN TECNOLÓGICA Y EMPRENDIMIENTO - MIPYMES DIGITALES",2025,"1006-PROINNOVATE-IMTEMD-2025","DISEÑAR UN SOFTWARE A MEDIDA PARA CENTRALIZAR LA INFORMACION DE LA EMPRESA SHOULDER TO SHOULDER CONSULTORES INTEGRALES PERU E.I.R.L. PARA REDUCIR COSTOS Y OPTIMIZAR PROCESOS",20251023,20260723,"SHOULDER TO SHOULDER CONSULTORES INTEGRALES PERU E.I.R.L.","CAYMA","AREQUIPA","AREQUIPA",040103,45000.0000,10285.71,6857.14,"SOLES",20260707
"BID 4","PROGRAMA DE INNOVACIÓN MODERNIZACIÓN TECNOLÓGICA Y EMPRENDIMIENTO - MIPYMES DE CALIDAD",2025,"1007-PROINNOVATE-IMTEMC-2025","IMPLEMENTACIÓN DEL SG-SST (ISO 45001:2018) EN INDUSTRIAL HUZA E.I.R.L. PARA GARANTIZAR UN ENTORNO LABORAL SEGURO\, CUMPLIMIENTO NORMATIVO Y MEJORA DE LA COMPETITIVIDAD",20251029,20260829,"INDUSTRIAL HUZA EIRL","WANCHAQ","CUSCO","CUSCO",080108,45000.0000,11571.43,7714.29,"SOLES",20260707
"BID 4","PROGRAMA DE INNOVACIÓN MODERNIZACIÓN TECNOLÓGICA Y EMPRENDIMIENTO - MIPYMES DE CALIDAD",2025,"1008-PROINNOVATE-IMTEMC-2025","IMPLEMENTACIÓN Y CERTIFICACIÓN DE UN SISTEMA DE GESTIÓN DE LA CALIDAD (SGC) EN BASE A ISO 9001:2015 EN LA EMPRESA METRICA ANALITICA S.A.C.",20251106,20260706,"METRICA ANALITICA SOCIEDAD ANONIMA CERRADA-METRICA ANALITICA S.A.C.","LIMA","LIMA","LIMA",150101,45000.0000,11571.43,7714.28,"SOLES",20260707
"BID 4","PROGRAMA DE INNOVACIÓN MODERNIZACIÓN TECNOLÓGICA Y EMPRENDIMIENTO - MIPYMES DIGITALES",2025,"1009-PROINNOVATE-IMTEMD-2025","SISTEMA INTEGRADO DE GESTIÓN COMERCIAL Y LOGÍSTICA PARA BF PERÚ: DIGITALIZACIÓN DE IMPORTACIONES\, SERVICIOS Y PROCESOS ADMINISTRATIVOS",20251023,20260723,"BF PERU IMPORTACIONES Y SERVICIOS S.A.C.","CAYMA","AREQUIPA","AREQUIPA",040103,45000.0000,10285.71,6857.14,"SOLES",20260707
"BID 4","PROGRAMA DE INNOVACIÓN MODERNIZACIÓN TECNOLÓGICA Y EMPRENDIMIENTO - MIPYMES DIGITALES",2025,"1010-PROINNOVATE-IMTEMD-2025","PLATAFORMA DIGITAL CON SOPORTE GEOESPACIAL PARA LA GESTIÓN INTEGRAL\, CONSULTA Y SEGUIMIENTO DE LOS ESTUDIOS DE IMPACTO AMBIENTAL\, PARA MEJORAR LA PRODUCTIVIDAD E INCREMENTAR LOS SERVICIOS BRINDADOS POR LA EMPRESA.",20251023,20260723,"CONSULTORIA Y ASESORIA INTEGRAL CUSCO SOCIEDAD COMERCIAL DE RESPONSABILIDAD LIMITADA-CONASIN S.R.L.","WANCHAQ","CUSCO","CUSCO",080108,44900.0000,10260,6840,"SOLES",20260707
"BID 4","PROGRAMA DE INNOVACIÓN MODERNIZACIÓN TECNOLÓGICA Y EMPRENDIMIENTO - MIPYMES DE CALIDAD",2025,"1011-PROINNOVATE-IMTEMC-2025","IMPLEMENTACIÓN Y CERTIFICACIÓN DE LOS SISTEMAS DE GESTIÓN ISO 9001 E ISO 45001 PARA LA MEJORA DE LA CALIDAD DE LOS SERVICIOS LOGÍSTICOS\, LA SEGURIDAD Y SALUD EN EL TRABAJO DE ROJO EXPRESS LOGÍSTICA SAC",20251202,20260802,"ROJO EXPRESS LOGISTICA S.A.C.","LIMA","LIMA","LIMA",150101,45000.0000,12500,7700,"SOLES",20260707
"BID 4","PROGRAMA DE INNOVACIÓN MODERNIZACIÓN TECNOLÓGICA Y EMPRENDIMIENTO - MIPYMES DE CALIDAD",2025,"1012-PROINNOVATE-IMTEMC-2025","IMPLEMENTACIÓN DE ISO 9001:2015 EN EJ BUILDING S.A.C. PARA LA OPTIMIZACIÓN\, ESTANDARIZACIÓN Y LA MEJORA CONTINUA DE LOS PROCESOS CON EL PROPÓSITO DE ESTABLECER PROCESOS EFICIENTES Y FORTALECER LA SATISFACCIÓN DEL CLIENTE",20251010,20260710,"EJ BUILDING S.A.C.","SAN MIGUEL","LIMA","LIMA",150136,38925.4200,12874.58,4300,"SOLES",20260707
"BID 4","PROGRAMA DE INNOVACIÓN MODERNIZACIÓN TECNOLÓGICA Y EMPRENDIMIENTO - MIPYMES DE CALIDAD",2025,"1013-PROINNOVATE-IMTEMC-2025","IMPLEMENTACIÓN INTEGRADA DEL SISTEMA DE GESTIÓN DE CALIDAD ISO 9001 Y DEL SISTEMA DE GESTIÓN AMBIENTAL ISO 14001:2015 PARA OPTIMIZAR LA CALIDAD DEL SERVICIO Y LA SOSTENIBILIDAD AMBIENTAL EN MACHU PICCHU PERU TOURS",20251107,20260807,"MACHUPICCHU PERU TOURS TRAVEL AGENCY EIRL","WANCHAQ","CUSCO","CUSCO",080108,45000.0000,11571.43,7714.29,"SOLES",20260707
"BID 4","PROGRAMA DE INNOVACIÓN MODERNIZACIÓN TECNOLÓGICA Y EMPRENDIMIENTO - MIPYMES DE CALIDAD",2025,"1014-PROINNOVATE-IMTEMC-2025","CERTIFICACIÓN DEL SISTEMA DE GESTIÓN AMBIENTAL ISO 14001:2015 EN QUÍMICA PRÓCERES EIRL PARA FORTALECER SU COMPETITIVIDAD\, CUMPLIR REQUERIMIENTOS LEGALES Y MITIGAR IMPACTOS AMBIENTALES MEDIANTE CONTROLES OPERACIONALES EN SUS ACTIVIDADES",20251029,20260729,"QUIMICA PROCERES EIRL","SAN ANTONIO","HUAROCHIRI","LIMA",150716,44281.1900,12858.81,6831,"SOLES",20260707
"BID 4","Startup Perú PLUG - Atracción de Emprendedores Extranjeros - CAMBIO CLIMÁTICO",2025,"1015-PROINNOVATE-AEECC-2025","SENSORDATA: OPTIMIZACIÓN DE OPERACIONES EN CAMPO CON TECNOLOGÍA DE SUPERVISIÓN Y CONTROL EN TIEMPO REAL.",20251118,20260818,"SENSORDATA S.A.C.","SANTIAGO DE SURCO","LIMA","LIMA",150140,151932.0000,0,0,"SOLES",20260707
"BID 4","Startup Perú PLUG - Atracción de Emprendedores Extranjeros - CAMBIO CLIMÁTICO",2025,"1016-PROINNOVATE-AEECC-2025","AQUATRACE: DIGITALIZA LA TRAZABILIDAD DE PRODUCTOS Y RESIDUOS EN LA CADENA HIDROBIOLÓGICA CIRCULAR.",20251023,20260823,"NEMO CHRONOS S.A.C.","SANTIAGO DE SURCO","LIMA","LIMA",150140,152000.0000,0,0,"SOLES",20260707
"BID 4","PROGRAMA DE INNOVACIÓN MODERNIZACIÓN TECNOLÓGICA Y EMPRENDIMIENTO - MIPYMES DIGITALES",2025,"1017-PROINNOVATE-IMTEMD-2025","TRANSFORMACIÓN DIGITAL PARA LA OPTIMIZACIÓN DE LA GESTIÓN COMERCIAL Y DE LA ATENCIÓN AL CLIENTE EN CANALES DIGITALES",20251118,20260818,"TIENDAS SKAID SOCIEDAD ANONIMA CERRADA","SAN MARTIN DE PORRES","LIMA","LIMA",150135,45000.0000,10285.71,6857.14,"SOLES",20260707
"BID 4","PROGRAMA DE INNOVACIÓN MODERNIZACIÓN TECNOLÓGICA Y EMPRENDIMIENTO - MIPYMES DE CALIDAD",2025,"1018-PROINNOVATE-IMTEMC-2025","IMPLEMENTACIÓN Y CERTIFICACIÓN DE LA NORMA ISO 9001:2015 EN LA EMPRESA LOPEZ SERVICIOS AMBIENTALES E.I.R.L.",20251118,20260918,"LOPEZ SERVICIOS AMBIENTALES EMPRESA INDIVIDUAL DE RESPONSABILIDAD LIMITADA","CERRO COLORADO","AREQUIPA","AREQUIPA",040104,45000.0000,11571.43,7714.28,"SOLES",20260707
"BID 4","EMPRENDIMIENTOS INNOVADORES",2025,"1019-PROINNOVATE-EIN-2025","RENCANTA: PLATAFORMA DE MODA CIRCULAR INFANTIL.",20251014,20260614,"PORLLES CORDOVA ALICIA ANGELA","SANTIAGO DE SURCO","LIMA","LIMA",150140,67000.0000,9571.43,19142.86,"SOLES",20260707
"BID 4","VALIDACIÓN DE LA INNOVACIÓN",2025,"1020-PROINNOVATE-PIEC2-2025","VALIDACIÓN TÉCNICA Y COMERCIAL DE LA PLATAFORMA NEXUS CONNECT AI PARA LA OPTIMIZACIÓN CONVERSACIONAL EN TIEMPO REAL CON INTELIGENCIA ARTIFICIAL",20251029,20261029,"CONTACTA HABILIDAD S.A.C.","LIMA","LIMA","LIMA",150101,478646.0000,180394,138720,"SOLES",20260707
"BID 4","EMPRENDIMIENTOS DINAMICOS",2025,"1021-PROINNOVATE-EDI-2025","CINNAMON: SOLUCIONES BIOTECNOLÓGICAS PARA EL CONTROL FITOSANITARIO DE LOS CULTIVOS AGRICOLAS DE EXPORTACIÓN Y TRADICIONALES.",20251029,20260629,"CINNAMON S.A.C.","LA MOLINA","LIMA","LIMA",150114,149570.0000,42330,37800,"SOLES",20260707
"BID 4","PROGRAMA DE INNOVACIÓN MODERNIZACIÓN TECNOLÓGICA Y EMPRENDIMIENTO - MIPYMES DE CALIDAD",2025,"1022-PROINNOVATE-IMTEMC-2025","IMPLEMENTAR Y CERTIFICAR UN SISTEMA DE GESTIÓN DE LA CALIDAD ISO 9001:2015 EN LA EMPRESA SAN NICOLAS CORREDORES DE SEGUROS S.A.C. PARA INCREMENTAR LA SATISFACCIÓN DE LOS CLIENTES Y ESTANDARIZAR LOS PROCESOS.",20251118,20260818,"SAN NICOLAS CORREDORES DE SEGUROS S.A.C. - SN CORREDORES DE SEGUROS S.A.C.","WANCHAQ","CUSCO","CUSCO",080108,45000.0000,11571.43,7714.29,"SOLES",20260707
"BID 4","PROGRAMA DE INNOVACIÓN MODERNIZACIÓN TECNOLÓGICA Y EMPRENDIMIENTO - MIPYMES DE CALIDAD",2025,"1023-PROINNOVATE-IMTEMC-2025","FORTALECIMIENTO DE LA COMPETITIVIDAD DE DIOVIC TACTICAL SECURITY S.A.C. CON LA CERTIFICACIÓN DEL SISTEMA INTEGRADO ISO 9001\, ISO 14001 E ISO 45001 PARA FORTALECER PROCESOS\, ASEGURAR CALIDAD\, SOSTENIBILIDAD Y SEGURIDAD.",20251029,20260829,"DIOVIC TACTICAL SECURITY S.A.C.","PAUCARPATA","AREQUIPA","AREQUIPA",040112,59999.8000,15428.52,10285.68,"SOLES",20260707
"BID 4","PROGRAMA DE INNOVACIÓN MODERNIZACIÓN TECNOLÓGICA Y EMPRENDIMIENTO - MIPYMES DE CALIDAD",2025,"1031-PROINNOVATE-IMTEMC-2025","CERTIFICACIÓN DEL SISTEMA DE GESTIÓN DE LA CALIDAD ISO 9001:2015 EN LA EMPRESA SUMMAS S.A.C.\, CON  EL OBJETIVO DE ESTANDARIZAR SUS PROCESOS\, GARANTIZANDO UNA MEJORA CONTINUA PARA LA  SATISFACCION DE NUESTROS CLIENTES",20251023,20260623,"SUMMAS S.A.C.","SANTIAGO DE SURCO","LIMA","LIMA",150140,43381.2700,12618.73,6000,"SOLES",20260707
"BID 4","PROGRAMA DE INNOVACIÓN MODERNIZACIÓN TECNOLÓGICA Y EMPRENDIMIENTO - MIPYMES DE CALIDAD",2025,"1033-PROINNOVATE-IMTEMC-2025","IMPLEMENTACIÓN DEL SISTEMA DE GESTIÓN DE LA CALIDAD EN SIDESUR S.A.C. PARA CONSOLIDAR SU PRESENCIA EN EL SECTOR PÚBLICO E INCURSIONAR EN EL MERCADO PRIVADO MEDIANTE LA CERTIFICACIÓN ISO 9001:2015",20251118,20260818,"SIDESUR S.A.C.","PAUCARPATA","AREQUIPA","AREQUIPA",040112,45000.0000,11571.43,7714.29,"SOLES",20260707
"BID 4","PROGRAMA DE INNOVACIÓN MODERNIZACIÓN TECNOLÓGICA Y EMPRENDIMIENTO - MIPYMES DE CALIDAD",2025,"1034-PROINNOVATE-IMTEMC-2025","IMPLEMENTACIÓN Y CERTIFICACIÓN DE UN SISTEMA DE GESTION PARA ORGANIZACIONES EDUCATIVAS BAJO LOS ESTÁNDARES INTERNACIONALES DE LA ISO 21001:2018 EN LA I.E.P. SAN AGUSTÍN CUNA JARDÍN E.I.R.L.\, PARA MEJORAR LOS INGRESOS Y OPTIMIZAR PROCESOS",20251118,20260718,"SAN AGUSTIN CUNA JARDIN E.I.R.L.","WANCHAQ","CUSCO","CUSCO",080108,45000.0000,11571.43,7714.29,"SOLES",20260707
"BID 4","PROGRAMA DE INNOVACIÓN MODERNIZACIÓN TECNOLÓGICA Y EMPRENDIMIENTO - MIPYMES DIGITALES",2025,"1035-PROINNOVATE-IMTEMD-2025","IMPLEMENTAR HERRAMIENTAS DIGITALES QUE OPTIMICEN LA GESTIÓN PRODUCTIVA Y DESARROLLEN ESTRATEGIAS DE MARKETING DIGITAL Y COMERCIO ELECTRÓNICO PARA INCREMENTAR LA PRODUCTIVIDAD Y LOGRAR LA EXPANSIÓN DE MERCADO EN LA EMPRESA JR INDUSTRIAS DEL CAUCHO EIRL",20251118,20260818,"JR INDUSTRIA DEL CAUCHO E.I.R.L.","AREQUIPA","AREQUIPA","AREQUIPA",040101,45000.0000,10285.71,6857.14,"SOLES",20260707
"BID 4","PROGRAMA DE INNOVACIÓN MODERNIZACIÓN TECNOLÓGICA Y EMPRENDIMIENTO - MIPYMES DIGITALES",2025,"1036-PROINNOVATE-IMTEMD-2025","MEJORA DE LA EFICIENCIA OPERATIVA Y CRECIMIENTO COMERCIAL EN INDUSTRIA TEXTIL ATLAS E.I.R.L. A TRAVÉS DE LA IMPLEMENTACIÓN DE HERRAMIENTAS DIGITALES PARA GESTIÓN DE STOCK Y MARKETING.",20251118,20260918,"INDUSTRIA TEXTIL ATLAS EIRL","AREQUIPA","AREQUIPA","AREQUIPA",040101,45000.0000,10286,6857,"SOLES",20260707
"BID 4","PROGRAMA DE INNOVACIÓN MODERNIZACIÓN TECNOLÓGICA Y EMPRENDIMIENTO - MIPYMES DE CALIDAD",2025,"1037-PROINNOVATE-IMTEMC-2025","IMPLEMENTACIÓN DE LA NORMA ISO 9001:2015 EN AMAZONAS KITENI E.I.R.L. CON LA FINALIDAD DE AUMENTAR LA SATISFACCIÓN DE LOS CLIENTES\, ESTANDARIZAR LOS PROCESOS DE HOSPEDAJE\, RESTAURANTE Y LAVANDERÍA",20251031,20260731,"AMAZONAS KITENI E.I.R.L.","ECHARATE","LA CONVENCION","CUSCO",080902,45000.0000,11571.43,7714.29,"SOLES",20260707
"BID 4","PROGRAMA DE INNOVACIÓN MODERNIZACIÓN TECNOLÓGICA Y EMPRENDIMIENTO - MIPYMES DIGITALES",2025,"1038-PROINNOVATE-IMTEMD-2025","FORTALECIMIENTO DE MAP SALUD MEDIANTE LA IMPLEMENTACIÓN DE TECNOLOGÍAS DIGITALES INNOVADORAS A TRAVÉS DEL PROGRAMA PROINNÓVATE",20251014,20260714,"MAPSALUD S.A.C.","SAN BORJA","LIMA","LIMA",150130,45000.0000,10285.71,6857.14,"SOLES",20260707
"BID 4","PROGRAMA DE INNOVACIÓN MODERNIZACIÓN TECNOLÓGICA Y EMPRENDIMIENTO - MIPYMES DE CALIDAD",2025,"1039-PROINNOVATE-IMTEMC-2025","FORTALECIMIENTO EN LA COMPETITIVIDAD DE LA EMPRESA GEOSIM SERVICES E.I.R.L. EN EL SECTOR DE SERVICIOS TÉCNICOS PARA LA MINERÍA MEDIANTE LA CERTIFICACIÓN DE LA TRINORMA: ISO 9001\, 14001\, 45001",20251118,20260718,"GEOSIM SERVICES E.I.R.L.","YANAHUARA","AREQUIPA","AREQUIPA",040126,60000.0000,15428.58,10285.72,"SOLES",20260707
"BID 4","PROGRAMA DE INNOVACIÓN MODERNIZACIÓN TECNOLÓGICA Y EMPRENDIMIENTO - MIPYMES DE CALIDAD",2025,"1040-PROINNOVATE-IMTEMC-2025","DIAGNÓSTICO\, IMPLEMENTACIÓN Y CERTIFICACIÓN DE LA EMPRESA CEDIAMEDICAL E.I.R.L. BAJO LA NORMA ISO 9001:2015\, CON LA FINALIDAD DE ESTANDARIZAR SUS PROCESOS Y MEJORAR LA SATISFACCIÓN DE SUS CLIENTES.",20251118,20260818,"CEDIAMEDICAL EMPRESA INDIVIDUAL DE RESPONSABILIDAD LIMITADA","HUANUCO","HUANUCO","HUANUCO",100101,42000.0000,10800,7200,"SOLES",20260707
"BID 4","Startup Perú PLUG - Atracción de Emprendedores Extranjeros - CAMBIO CLIMÁTICO",2025,"1041-PROINNOVATE-AEECC-2025","CRYSTALCOL INDUSTRY: DISEÑO Y FABRICACIÓN DE VIDRIO FOTOVOLTAICO PARA LAS SMARTCITIES.",20251029,20260829,"CRYSTALCOL INDUSTRY S.A.C.","MIRAFLORES","LIMA","LIMA",150122,151000.0400,0,0,"SOLES",20260707
"BID 4","PROGRAMA DE INNOVACIÓN MODERNIZACIÓN TECNOLÓGICA Y EMPRENDIMIENTO - MIPYMES DE CALIDAD",2025,"1042-PROINNOVATE-IMTEMC-2025","IMPLEMENTACIÓN Y CERTIFICACIÓN DEL SISTEMA DE GESTIÓN DE SEGURIDAD Y SALUD EN EL TRABAJO EN BASE A LA NORMA ISO 45001:2018 EN LA EMPRESA GRUPO FIX SOLUCIONES SAC",20251010,20260710,"GRUPO FIX SOLUCIONES SOCIEDAD ANONIMA CERRADA -  GRUPO FIX SOLUCIONES S.A.C.","LA MOLINA","LIMA","LIMA",150114,44099.1500,12900.85,6050,"SOLES",20260707
"BID 4","PROGRAMA DE INNOVACIÓN MODERNIZACIÓN TECNOLÓGICA Y EMPRENDIMIENTO - MIPYMES DE CALIDAD",2025,"1043-PROINNOVATE-IMTEMC-2025","\"IMPLEMENTACIÓN Y CERTIFICACIÓN DEL SISTEMA DE GESTIÓN DE CALIDAD Y SEGURIDAD EN EL TRABAJO Y MEDIO AMBIENTE ISO 9001\, ISO 14001 E ISO 45001 EN LA EMPRESA HÚMICOS LBÉRICOS PERUANOS SAC PARA MEJORAR LA CALIDAD DEL SERVICIO Y LLEGAR A NUEVOS CLIENTES\"",20251029,20260829,"HUMICOS IBERICOS PERUANOS S.A.C.","LA MOLINA","LIMA","LIMA",150114,59280.0000,18760,8040,"SOLES",20260707
"BID 4","PROGRAMA DE INNOVACIÓN MODERNIZACIÓN TECNOLÓGICA Y EMPRENDIMIENTO - MIPYMES DE CALIDAD",2025,"1044-PROINNOVATE-IMTEMC-2025","IMPLEMENTACIÓN DE SISTEMA INTEGRADO DE GESTIÓN Y OBTENCIÓN DE LA CERTIFICACIÓN TRINORMA ISO 9001:2015\, ISO 14001:2015 E ISO 45001:2018 EN LA EMPRESA AFATEL S.A.C.",20251014,20260614,"AFATEL S.A.C.","MIRAFLORES","LIMA","LIMA",150122,60000.0000,15428.57,10285.71,"SOLES",20260707
"BID 4","PROGRAMA DE INNOVACIÓN MODERNIZACIÓN TECNOLÓGICA Y EMPRENDIMIENTO - MIPYMES DIGITALES",2025,"1045-PROINNOVATE-IMTEMD-2025","TRANSFORMACIÓN DIGITAL EN DISTRIBUIDORA AGROFER SAN ANTONIO E.I.R.L. PARA LA GESTIÓN EFICIENTE Y CONTROL ESTRATÉGICO DE CLIENTES\, VENTAS E INVENTARIOS DIGITALES",20251118,20260818,"DISTRIBUIDORA AGROFER SAN ANTONIO EIRL","JULIACA","SAN ROMAN","PUNO",211101,45000.0000,10286,6857,"SOLES",20260707
"BID 4","PROGRAMA DE INNOVACIÓN MODERNIZACIÓN TECNOLÓGICA Y EMPRENDIMIENTO - MIPYMES DE CALIDAD",2025,"1046-PROINNOVATE-IMTEMC-2025","ESTANDARIZACIÓN DE PROCESOS Y FORTALECIMIENTO DE SU COMPETITIVIDAD A TRAVÉS DE LA IMPLEMENTACIÓN Y CERTIFICACIÓN DEL SISTEMA DE GESTIÓN DE CALIDAD BAJO LA NORMA ISO 9001:2015 EN LA EMPRESA NEMESI CONSTRUCCIONES Y SERVICIOS GENERALES",20251118,20260718,"NEMESI CONSTRUCCIONES Y SERVICIOS GENERALES E.I.R.L.","JOSE LUIS BUSTAMANTE Y RIVERO","AREQUIPA","AREQUIPA",040129,45000.0000,11571.43,7714.28,"SOLES",20260707
"BID 4","PROGRAMA DE INNOVACIÓN MODERNIZACIÓN TECNOLÓGICA Y EMPRENDIMIENTO - MIPYMES DE CALIDAD",2025,"1048-PROINNOVATE-IMTEMC-2025","FORTALECIMIENTO DE LA SEGURIDAD Y SALUD OCUPACIONAL EN EL TRANSPORTE NACIONAL E INTERNACIONAL DE CARGA\, MINERALES Y PRODUCTOS QUÍMICOS PARA EL CRECIMIENTO FORMAL DE LA PEQUEÑA MINERÍA DE AREQUIPA MEDIANTE LA CERTIFICACIÓN ISO 45001:2018",20251127,20260927,"EMPRESA TRANSPORTES DE CARGA CHE CARLITOS S.R.L.","CERRO COLORADO","AREQUIPA","AREQUIPA",040104,43765.8900,11254.11,3751.35,"SOLES",20260707
"BID 4","PROGRAMA DE INNOVACIÓN MODERNIZACIÓN TECNOLÓGICA Y EMPRENDIMIENTO - MIPYMES DIGITALES",2025,"1049-PROINNOVATE-IMTEMD-2025","IMPLEMENTACIÓN DE UNA SOLUCIÓN DIGITAL INTEGRADA PARA OPTIMIZAR LA GESTIÓN DE PEDIDOS\, INVENTARIO\, ATENCIÓN POSTVENTA Y ANÁLISIS DE DATOS\, MEJORANDO LA EFICIENCIA OPERATIVA\, REDUCIENDO ERRORES Y FORTALECIENDO LA EXPERIENCIA DEL CLIENTE.",20251029,20260629,"PALADIN COMMERCE S.A.C.","BELLAVISTA","CALLAO","CALLAO",070102,45000.0000,10286,6857,"SOLES",20260707
"BID 4","PROGRAMA DE INNOVACIÓN MODERNIZACIÓN TECNOLÓGICA Y EMPRENDIMIENTO - MIPYMES DIGITALES",2025,"1050-PROINNOVATE-IMTEMD-2025","DIGITALIZACIÓN ESTRATÉGICA PARA FORTALECER LA GESTIÓN DE PEDIDOS Y LA ATENCIÓN AL CLIENTE EN RESTAURANTES",20251031,20260630,"CREPISIMO S.A.C.","AREQUIPA","AREQUIPA","AREQUIPA",040101,45000.0000,10286,6857,"SOLES",20260707
"BID 4","PROGRAMA DE INNOVACIÓN MODERNIZACIÓN TECNOLÓGICA Y EMPRENDIMIENTO - MIPYMES DIGITALES",2025,"1051-PROINNOVATE-IMTEMD-2025","DIGITALIZACIÓN DE LOS PROCESOS CLAVES DE LA EMPRESA AGROFORESTAL LA TORRE EIRL. QUE PERMITAN UNA MEJOR PLANIFICACIÓN\, CONTROL \, EFICIENCIA Y POSICIONAMIENTO DE SUS LÍNEAS DE NEGOCIO A PARTIR DEL CAFÉ.",20260203,20261103,"AGROFORESTAL LA TORRE EIRL.","VILLA RICA","OXAPAMPA","PASCO",190307,45000.0000,10285.71,6857.14,"SOLES",20260707
"BID 4","PROGRAMA DE INNOVACIÓN MODERNIZACIÓN TECNOLÓGICA Y EMPRENDIMIENTO - MIPYMES DE CALIDAD",2025,"1052-PROINNOVATE-IMTEMC-2025","\"IMPLEMENTACIÓN Y CERTIFICACIÓN DEL SISTEMA DE GESTIÓN DE SEGURIDAD Y SALUD EN EL TRABAJO BASADA EN LA NORMA ISO 45001:2018 EN LA EMPRESA INDUSTRIAS METÁLICAS OFICERVITECMER S.A.C.\"",20251023,20260823,"INDUSTRIAS METALICAS OFICERVITECMER SOCIEDAD ANONIMA CERRADA","SURQUILLO","LIMA","LIMA",150141,44500.0000,11523.2,7600,"SOLES",20260707
"BID 4","PROGRAMA DE INNOVACIÓN MODERNIZACIÓN TECNOLÓGICA Y EMPRENDIMIENTO - MIPYMES DE CALIDAD",2025,"1053-PROINNOVATE-IMTEMC-2025","IMPLEMENTACIÓN Y  CERTIFICACIÓN DEL SISTEMA DE GESTIÓN INTEGRADO SEGÚN ISO 9001:2015\, ISO 14001:2015 E ISO  45001:2018 EN LA EMPRESA ACERO ESTUDIO LATAM S.A.C.",20251107,20260707,"ACERO ESTUDIO LATAM SOCIEDAD ANONIMA CERRADA - ACERO ESTUDIO LATAM SAC","MIRAFLORES","LIMA","LIMA",150122,59980.0000,15665.75,10170,"SOLES",20260707
"BID 4","EMPRENDIMIENTOS INNOVADORES",2025,"1054-PROINNOVATE-EIN-2025","ENJAMBRE: COLMENAS EN RED PARA POLINIZACIÓN Y TRAZABILIDAD B2B CON IOT+BLOCKCHAIN",20251014,20260514,"HUAYLLA ZAVALETA ADRIAN ALEX","OTUZCO","OTUZCO","LA LIBERTAD",130601,67000.0000,9571.43,19142.86,"SOLES",20260707
"BID 4","VALIDACIÓN DE LA INNOVACIÓN - CAMBIO CLIMÁTICO",2025,"1055-PROINNOVATE-PIEC2CC-2025","VALIDACIÓN TÉCNICA Y COMERCIAL DEL PRODUCTO TEC-SOIL PARA LA REMEDIACIÓN DE PASIVOS MINEROS Y CIERRE DE MINAS\, QUE PERMITA EL CUMPLIMIENTO DE LA NORMATIVA AMBIENTAL.",20251104,20260804,"INPROYEN CONSULTING S.A.C.","SAN ISIDRO","LIMA","LIMA",150131,187901.0000,51108,74700,"SOLES",20260707
"BID 4","PROGRAMA DE INNOVACIÓN MODERNIZACIÓN TECNOLÓGICA Y EMPRENDIMIENTO - MIPYMES DE CALIDAD",2025,"1056-PROINNOVATE-IMTEMC-2025","CERTIFICACIÓN ISO 9001:2015 EN E&M CONSERGEN EMPRESA INDIVIDUAL DE RESPONSABILIDAD LIMITADA PARA LA MEJORA DE LA CALIDAD EN EL SERVICIO DE ARRENDAMIENTO DE EQUIPOS Y MAQUINARIA Y EL ACCESO A CONTRATOS DE MAYOR EXIGENCIA",20251118,20260718,"E&M CONSERGEN EMPRESA INDIVIDUAL DE RESPONSABILIDAD LIMITADA","ECHARATE","LA CONVENCION","CUSCO",080902,45000.0000,11571.43,7714.29,"SOLES",20260707
"BID 4","EMPRENDIMIENTOS INNOVADORES",2025,"1057-PROINNOVATE-EIN-2025","STARTFUND: CROWDFUNDING DE RECOMPENSA QUE AYUDA A LA PRODUCCIÓN DE PROYECTOS CREATIVOS",20251014,20260614,"GONZALEZ OTOYA BARRERA RAFAEL EDUARDO","TACNA","TACNA","TACNA",230101,67000.0000,9571.43,19142.85,"SOLES",20260707
"BID 4","PROGRAMA DE INNOVACIÓN MODERNIZACIÓN TECNOLÓGICA Y EMPRENDIMIENTO - MIPYMES DIGITALES",2025,"1058-PROINNOVATE-IMTEMD-2025","IMPLEMENTACIÓN DE HERRAMIENTAS DIGITALES PARA AUMENTAR LA PRODUCTIVIDAD EMPRESARIAL E INCREMENTAR LAS VENTAS",20251029,20260729,"QUIMICOS BIODEGRADABLES DEL PERU S.A.C.","ATE","LIMA","LIMA",150103,45000.0000,10285.71,6857.14,"SOLES",20260707
"BID 4","PROGRAMA DE INNOVACIÓN MODERNIZACIÓN TECNOLÓGICA Y EMPRENDIMIENTO - MIPYMES DE CALIDAD",2025,"1060-PROINNOVATE-IMTEMC-2025","IMPLEMENTACION Y CERTIFICACION DEL SISTEMA DE GESTION DE CALIDAD\, ISO 9001:2015 PARA CORPORACION EDUCATIVA DE EXTENSIÓN PROFESIONAL DANIEL ALCIDES CARRION S.A.C.",20251106,20260806,"CORPORACION EDUCATIVA DE EXTENSION PROFESIONAL DANIEL ALCIDES CARRION S.A.C. - CEEPRODAC S.A.C.","LIMA","LIMA","LIMA",150101,42000.0000,10800,7200,"SOLES",20260707
"BID 4","PROGRAMA DE INNOVACIÓN MODERNIZACIÓN TECNOLÓGICA Y EMPRENDIMIENTO - MIPYMES DE CALIDAD",2025,"1061-PROINNOVATE-IMTEMC-2025","FORTALECIMIENTO DE LA GESTIÓN ORGANIZACIONAL EN FARES CONTRATISTAS A TRAVÉS DE LA CERTIFICACIÓN TRINORMA ISO 9001\, 14001 Y 45001\, PROMOVIENDO UN SERVICIO DE TRANSPORTE ESPECIALIZADO\, MÁS COMPETITIVO\, SEGURO Y AMBIENTALMENTE RESPONSABLE",20251127,20260827,"FARES CONTRATISTAS Y SERVICIOS GENERALES S.R.L.","ESPINAR","ESPINAR","CUSCO",080801,59675.0000,15345,10230,"SOLES",20260707
"BID 4","PROGRAMA DE INNOVACIÓN MODERNIZACIÓN TECNOLÓGICA Y EMPRENDIMIENTO - MIPYMES DE CALIDAD",2025,"1062-PROINNOVATE-IMTEMC-2025","IMPLEMENTACIÓN Y CERTIFICACIÓN DE UN SISTEMA DE GESTIÓN DE LA CALIDAD ISO 9001:2015 EN TEJADA CENTRO ODONTOLOGICO ESPECIALIZADO E.I.R.L. PARA MEJORAR LA SATISFACCIÓN DEL CLIENTE\, ESTANDARIZAR LOS PROCESOS CLÍNICOS Y ADMINISTRATIVOS.",20251118,20260718,"TEJADA CENTRO ODONTOLOGICO ESPECIALIZADO E.I.R.L.","TACNA","TACNA","TACNA",230101,45000.0000,11571.43,7714.28,"SOLES",20260707
"BID 4","VALIDACIÓN DE LA INNOVACIÓN - CAMBIO CLIMÁTICO",2025,"1063-PROINNOVATE-PIEC2CC-2025","VALIDACIÓN TÉCNICA Y COMERCIAL DE BIOMATERIALES TEXTILES AMÁZONICOS: TELA DE ALGODÓN-AGUAJE Y ALGODÓN-CHAMBIRA\, PARA EL MERCADO DE LUJO SOSTENIBLE DE EUROPA.",20251029,20261029,"AGROINDUSTRIAS MONARCA S.A.C.","JUANJUI","MARISCAL CACERES","SAN MARTIN",220601,499975.0000,150039,277800,"SOLES",20260707
"BID 4","PROGRAMA DE INNOVACIÓN MODERNIZACIÓN TECNOLÓGICA Y EMPRENDIMIENTO - MIPYMES DE CALIDAD",2025,"1064-PROINNOVATE-IMTEMC-2025","CERTIFICACIÓN DEL SIG ISO 9001\, 14001 Y 45001 PARA CORPORACIÓN TRACTO SONI PARA MEJORAR SU COMPETITIVIDAD\, Y SU LIDERAZGO EN LA OFERTA DE SERVICIOS INTEGRALES DE FABRICACIÓN Y MANTENIMIENTO DE PIEZAS INDUSTRIALES BAJO ESTÁNDARES INTERNACIONALES",20251029,20260729,"CORPORACION TRACTO SONI E.I.R.L.","CERRO COLORADO","AREQUIPA","AREQUIPA",040104,58216.6700,14970,9980,"SOLES",20260707
"BID 4","PROGRAMA DE INNOVACIÓN MODERNIZACIÓN TECNOLÓGICA Y EMPRENDIMIENTO - MIPYMES DE CALIDAD",2025,"1065-PROINNOVATE-IMTEMC-2025","IMPLEMENTACIÓN Y CERTIFICACIÓN DEL SISTEMA DE GESTIÓN DE CALIDAD SEGÚN ISO 9001:2015 EN LA EMPRESA ASCENSORES OTOYA S.A.C.",20251106,20260806,"ASCENSORES OTOYA SAC","JESUS MARIA","LIMA","LIMA",150113,45000.0000,11684,7616,"SOLES",20260707
"BID 4","PROGRAMA DE INNOVACIÓN MODERNIZACIÓN TECNOLÓGICA Y EMPRENDIMIENTO - MIPYMES DE CALIDAD",2025,"1066-PROINNOVATE-IMTEMC-2025","CERTIFICACIÓN DEL SISTEMA DE GESTIÓN DE CALIDAD SEGÚN ISO 9001: ESTRATEGIA PARA LA MEJORA CONTINUA EN AB ENGRANAJES S.A.C",20251023,20260723,"AB ENGRANAJES S.A.C.","LIMA","LIMA","LIMA",150101,28695.0000,7605,3000,"SOLES",20260707
"BID 4","PROGRAMA DE INNOVACIÓN MODERNIZACIÓN TECNOLÓGICA Y EMPRENDIMIENTO - MIPYMES DIGITALES",2025,"1067-PROINNOVATE-IMTEMD-2025","IMPLEMENTACIÓN DE UNA PLATAFORMA LOGÍSTICA INTELIGENTE CON ERP A MEDIDA\, QUE INTEGRA LA AUTOMATIZACIÓN MEDIANTE IA Y RPA PARA LA OPTIMIZACIÓN DE COTIZACIONES MASIVAS\, GESTIÓN DOCUMENTARIA Y PUBLICACIÓN DIGITAL AUTOMATIZADA DE FICHAS TÉCNICAS DE PRODUCTOS.",20251107,20260807,"COMERCIO PERU FENIX EIRL","SURQUILLO","LIMA","LIMA",150141,45000.0000,10285.72,6857.14,"SOLES",20260707
"BID 4","PROGRAMA DE INNOVACIÓN MODERNIZACIÓN TECNOLÓGICA Y EMPRENDIMIENTO - MIPYMES DIGITALES",2025,"1068-PROINNOVATE-IMTEMD-2025","ESTRATEGIA DE DIGITALIZACIÓN PARA LA MEJORA EN LA PRODUCTIVIDAD LEGAL Y OPTIMIZACIÓN DEL SERVICIO AL CLIENTE",20251107,20260807,"J & N ASESORIA LEGAL Y CONSULTORIA S.A.C.","CHINCHA ALTA","CHINCHA","ICA",110201,44998.0000,10285.2,6856.8,"SOLES",20260707
"BID 4","PROGRAMA DE INNOVACIÓN MODERNIZACIÓN TECNOLÓGICA Y EMPRENDIMIENTO - MIPYMES DE CALIDAD",2025,"1070-PROINNOVATE-IMTEMC-2025","IMPLEMENTACIÓN Y CERTIFICACIÓN DEL SISTEMA DE GESTIÓN DE LA INNOCUIDAD HACCP EN LAS LÍNEAS DE PRODUCCIÓN DE AGUA DE MESA Y HIELO PARA EL IMPULSO DE LA PRODUCTIVIDAD Y EL ACCESO A NUEVOS MERCADOS DE LA EMPRESA FRIGOCENTRO SCRL DEL DISTRITO AMARILIS - HUÁNUCO.",20251118,20260718,"FRIGOCENTRO SOCIEDAD COMERCIAL DE RESPONSABILIDAD LIMITADA","HUANUCO","HUANUCO","HUANUCO",100101,44999.9600,11571.42,7714.28,"SOLES",20260707
"BID 4","VALIDACIÓN DE LA INNOVACIÓN - CAMBIO CLIMÁTICO",2025,"1071-PROINNOVATE-PIEC2CC-2025","VALIDACIÓN TÉCNICA Y COMERCIAL DE UNA BEBIDA ENERGIZANTE Y ANTIOXIDANTE ELABORADA A PARTIR DE RESIDUOS DE PULPA DE CAFÉ PARA SU REVALORIZACIÓN\, ELABORADA POR CENTRAL DE ORGANIZACIONES PRODUCTORAS DE CAFE Y CACAO DEL PERU- CAFE PERU",20251202,20261202,"CENTRAL DE ORGANIZACIONES PRODUCTORAS DE CAFE Y CACAO DEL PERU- CAFE PERU","LIMA","LIMA","LIMA",150101,412434.1800,98095.54,178350,"SOLES",20260707
"BID 4","VALIDACIÓN DE LA INNOVACIÓN - CAMBIO CLIMÁTICO",2025,"1072-PROINNOVATE-PIEC2CC-2025","MISS LADY - SISTEMA SMART DE PRODUCCIÓN TEXTIL INCLUSIVA Y SOSTENIBLE INTEGRANDO LA MODA ON DEMAND Y PRODUCCIÓN EN SERIE BASADO EN APRENDIZAJE AUTOMATIZADO Y REDUCCION DE SOBREPRODUCCION TEXTIL MEJORANDO LAS CO2E/AÑO EN SU PRODUCCIÓN",20251118,20261118,"MISS LADY E.I.R.L.","LIMA","LIMA","LIMA",150101,416226.8400,106313.16,175800,"SOLES",20260707
"BID 4","PROGRAMA DE INNOVACIÓN MODERNIZACIÓN TECNOLÓGICA Y EMPRENDIMIENTO - MIPYMES DIGITALES",2025,"1073-PROINNOVATE-IMTEMD-2025","DESARROLLO E IMPLEMENTACIÓN DE UN SISTEMA INTELIGENTE DE GESTION Y MONITOREO DEL TRATAMIENTO DE EFLUENTES PARA INCREMENTAR LA COMPETITIVIDAD Y PRODUCTIVIDAD DE ANDINA PIELES EXPORT SAC",20251029,20260729,"ANDINA PIELES EXPORT S.A.C.","CERRO COLORADO","AREQUIPA","AREQUIPA",040104,45000.0000,10286,6857,"SOLES",20260707
"BID 4","DESAFÍOS DE INNOVACIÓN EN CADENAS DE VALOR MODALIDAD A",2025,"1074-PROINNOVATE-DICVMA-2025","DESARROLLO Y VALIDACIÓN DE UN SISTEMA INTELIGENTE DE MONITOREO FITOSANITARIO PARA LA ROYA Y BROCA DE CAFÉ CON DRONES HIPERESPECTRALES CON FINES DE MEJORAR LA COMPETITIVIDAD EN LA CADENA DE VALOR DEL CAFÉ EN LA REGIÓN AMAZONAS.",20251023,20261023,"ASOCIACION AGRARIA MANOS UNIDAS - ROBLEPAMPA - NUEVA YORK","LONYA GRANDE","UTCUBAMBA","AMAZONAS",010706,523525.4000,71665,29592,"SOLES",20260707
"BID 4","PROGRAMA DE INNOVACIÓN MODERNIZACIÓN TECNOLÓGICA Y EMPRENDIMIENTO - MIPYMES DIGITALES",2025,"1075-PROINNOVATE-IMTEMD-2025","ESTRATEGIA DE TRANSFORMACIÓN DIGITAL PARA OPTIMIZAR LA GESTIÓN COMERCIAL Y FORTALECER LA RELACIÓN CON EL CLIENTE EN COMADI FOOD (DIEGO'S PIZZA).",20251029,20260729,"COMADI FOOD S.A.C. - COFOOD S.A.C.","SAN JUAN DE MIRAFLORES","LIMA","LIMA",150133,44900.0000,10260,6840,"SOLES",20260707
"BID 4","PROGRAMA DE INNOVACIÓN MODERNIZACIÓN TECNOLÓGICA Y EMPRENDIMIENTO - MIPYMES DE CALIDAD",2025,"1076-PROINNOVATE-IMTEMC-2025","IMPLEMENTACIÓN DE UN SISTEMA DE GESTIÓN DE SEGURIDAD Y SALUD EN EL TRABAJO (SGSST) CON BASE EN LA NORMA ISO 45001:2018 EN LA EMPRESA ELECTROTEL PERU SAC",20251107,20260807,"ELECTROTEL PERU SAC","ATE","LIMA","LIMA",150103,45000.0000,11571.43,7714.28,"SOLES",20260707
"BID 4","PROGRAMA DE INNOVACIÓN MODERNIZACIÓN TECNOLÓGICA Y EMPRENDIMIENTO - MIPYMES DE CALIDAD",2025,"1077-PROINNOVATE-IMTEMC-2025","MEJORA DE PROCESOS Y SISTEMA DE GESTIÓN DE CALIDAD\, SST Y MEDIO AMBIENTE PARA BRINDAR CONFIANZA Y CONTRIBUCIÓN A LA INDUSTRIA EN GENERAL",20251107,20260807,"HE GESTIONA S.A.C.","PUEBLO LIBRE","LIMA","LIMA",150121,52470.0000,14120,9000,"SOLES",20260707
"BID 4","EMPRENDIMIENTOS INNOVADORES",2025,"1078-PROINNOVATE-EIN-2025","HANDIN: CONECTANDO CONOCIMIENTO. TICKETERA DIGITAL PARA EVENTOS ACADÉMICOS PROFESIONAL Y EMPRESARIAL.",20251127,20260727,"ROMAN OSORIO ERICK ANTHONY","TRUJILLO","TRUJILLO","LA LIBERTAD",130101,61476.1100,10694.49,18030.4,"SOLES",20260707
"BID 4","PROGRAMA DE INNOVACIÓN MODERNIZACIÓN TECNOLÓGICA Y EMPRENDIMIENTO - MIPYMES DIGITALES",2025,"1079-PROINNOVATE-IMTEMD-2025","DIAGNÓSTICO E IMPLEMENTACIÓN DE UNA APLICACIÓN DIGITAL INTELIGENTE (APP) PARA LA OPTIMIZACIÓN OPERATIVA\, GESTIÓN DE MANTENIMIENTO PREVENTIVO Y REPARACIONES\, COMUNICACIÓN CON EL CLIENTE Y FIDELIZACIÓN POSTVENTA EN EL TALLER ESPECIALIZADO EUROTECH S.A.C.",20251031,20260731,"EUROTECH SOCIEDAD ANONIMA CERRADA","SURQUILLO","LIMA","LIMA",150141,45000.0000,10285.72,6857.14,"SOLES",20260707
"BID 4","PROGRAMA DE INNOVACIÓN MODERNIZACIÓN TECNOLÓGICA Y EMPRENDIMIENTO - MIPYMES DE CALIDAD",2025,"1080-PROINNOVATE-IMTEMC-2025","OPTIMIZACIÓN DE LAS OPERACIONES EN ALFAJORERÍA VILDOSO E.I.R.L. Y FORTALECIMIENTO DE NUESTRA CARTERA DE CLIENTES A TRAVÉS DE LA IMPLEMENTACIÓN Y CERTIFICACIÓN DE LA NORMA INTERNACIONAL ISO 9001:2015 – SISTEMA DE GESTIÓN DE LA CALIDAD",20251107,20260707,"ALFAJORERIA VILDOSO EMPRESA INDIVIDUAL DE RESPONSABILIDAD LIMITADA","DEAN VALDIVIA","ISLAY","AREQUIPA",040703,45000.0000,11571.43,7714.29,"SOLES",20260707
"BID 4","PROGRAMA DE INNOVACIÓN MODERNIZACIÓN TECNOLÓGICA Y EMPRENDIMIENTO - MIPYMES DE CALIDAD",2025,"1081-PROINNOVATE-IMTEMC-2025","IMPLEMENTACIÓN Y CERTIFICACIÓN DEL SISTEMA DE GESTIÓN SEGURIDAD Y SALUD EN EL TRABAJO SEGÚN ISO 45001:2018 EN LA EMPRESA X DIEZ INGENIEROS S.A.C",20251106,20260806,"X DIEZ INGENIEROS SOCIEDAD ANONIMA CERRADA","LA VICTORIA","LIMA","LIMA",150115,45000.0000,11684,7616,"SOLES",20260707
"BID 4","PROGRAMA DE INNOVACIÓN MODERNIZACIÓN TECNOLÓGICA Y EMPRENDIMIENTO - MIPYMES DE CALIDAD",2025,"1083-PROINNOVATE-IMTEMC-2025","IMPLEMENTACIÓN Y CERTIFICACION DEL SISTEMA DE GESTIÓN DE CALIDAD ISO 9001:2015 PARA SSOMAC CONSULTORES S.A.C.",20251029,20260729,"SSOMAC CONSULTORES SAC","SANTIAGO DE SURCO","LIMA","LIMA",150140,40600.0000,10440,6960,"SOLES",20260707
"BID 4","PROGRAMA DE INNOVACIÓN MODERNIZACIÓN TECNOLÓGICA Y EMPRENDIMIENTO - MIPYMES DE CALIDAD",2025,"1084-PROINNOVATE-IMTEMC-2025","ADOPTAR EL SISTEMA DE CERTIFICACIÓN ORGÁNICA PARA FORTALECER LA COMPETITIVIDAD Y SOSTENIBILIDAD DE LA COOPERATIVA HUAYQUIQUIRA EN MERCADO NACIONAL E INTERNACIONAL",20251023,20260923,"COOPERATIVA AGRARIA DE BANANEROS ORGANICOS HUAYQUIQUIRA -COOPABOH","SULLANA","SULLANA","PIURA",200601,45000.0000,16200,28800,"SOLES",20260707
"BID 4","PROGRAMA DE INNOVACIÓN MODERNIZACIÓN TECNOLÓGICA Y EMPRENDIMIENTO - MIPYMES DE CALIDAD",2025,"1085-PROINNOVATE-IMTEMC-2025","IMPLEMENTACIÓN DEL SISTEMA DE GESTIÓN DE INOCUIDAD ALIMENTARIA HACCP EN VIÑA SELVÁTICA-TARAPOTO PARA LA ESTANDARIZACIÓN DE PROCESOS PRODUCTIVOS\, VALORIZACIÓN DE INSUMOS REGIONALES Y ACCESO A CADENAS DE COMERCIALIZACIÓN MODERNA",20260109,20261109,"VIÑA SELVATICA PRODUCTOS S.A.C.","TARAPOTO","SAN MARTIN","SAN MARTIN",220901,45000.0000,11575,7714.3,"SOLES",20260707
"BID 4","EMPRENDIMIENTOS INNOVADORES",2025,"1088-PROINNOVATE-EIN-2025","ROCOS: JUGUETES EDUCATIVOS QUE ESTIMULAN EL PENSAMIENTO CREATIVO Y CAPACIDADES MOTORAS.",20251118,20260718,"JARAMILLO GARCIA FIORELLA MILAGROS","SAN MIGUEL","LIMA","LIMA",150136,67000.0000,15652,15000,"SOLES",20260707
"BID 4","EMPRENDIMIENTOS INNOVADORES",2025,"1091-PROINNOVATE-EIN-2025","WELLGO: PLATAFORMA INTELIGENTE CON PROGRAMAS INTEGRALES PARA SALUD MENTAL Y BIENESTAR.",20251118,20260718,"JARA TINOCO ROSALYN CONSUELO","JESUS MARIA","LIMA","LIMA",150113,67000.0000,9571.43,19142.86,"SOLES",20260707
"BID 4","PROGRAMA DE INNOVACIÓN MODERNIZACIÓN TECNOLÓGICA Y EMPRENDIMIENTO - MIPYMES DE CALIDAD",2025,"1092-PROINNOVATE-IMTEMC-2025","IMPLEMENTACIÓN Y CERTIFICACIÓN DE LA NORMA ISO 14001 PARA FORTALECER LA GESTIÓN AMBIENTAL EN LOS SERVICIOS ESPECIALIZADOS DE INGENIERÍA EN LA EMPRESA DISEÑO E INTEGRIDAD ESTRUCTURAL S.R.L.",20251029,20260829,"DISEÑO E INTEGRIDAD ESTRUCTURAL S.R.L.","TRUJILLO","TRUJILLO","LA LIBERTAD",130101,44660.0000,11640,7500,"SOLES",20260707
"BID 4","PROGRAMA DE INNOVACIÓN MODERNIZACIÓN TECNOLÓGICA Y EMPRENDIMIENTO - MIPYMES DE CALIDAD",2025,"1093-PROINNOVATE-IMTEMC-2025","IMPLEMENTACIÓN Y CERTIFICACIÓN DE LAS NORMAS ISO 9001:2015\, ISO 14001:2015 E ISO 45001:2018 PARA WAYQO S.A.C.",20251107,20260807,"WAYQO SOCIEDAD ANÓNIMA CERRADA","ESPINAR","ESPINAR","CUSCO",080801,50822.2800,13539,8776.04,"SOLES",20260707
"BID 4","PROGRAMA DE INNOVACIÓN MODERNIZACIÓN TECNOLÓGICA Y EMPRENDIMIENTO - MIPYMES DE CALIDAD",2025,"1094-PROINNOVATE-IMTEMC-2025","IMPLEMENTACIÓN Y CERTIFICACIÓN DEL SISTEMA HACCP PARA LA MEJORA DE PROCESOS INTERNOS Y FORTALECER LA INOCUIDAD ALIMENTARIA.",20251127,20260827,"INDUSTRIAL ADM S.A.C.","LURIGANCHO","LIMA","LIMA",150118,42000.0000,10800,7200,"SOLES",20260707
"BID 4","PROGRAMA DE INNOVACIÓN MODERNIZACIÓN TECNOLÓGICA Y EMPRENDIMIENTO - MIPYMES DE CALIDAD",2025,"1095-PROINNOVATE-IMTEMC-2025","ÍMPLEMENTACIÓN DEL SISTEMA DE GESTIÓN DE CALIDAD Y LOGRO DE LA CERTIFICACIÓN INTERNACIONAL ISO 9001:2015 EN COLPA PERU SAC",20251029,20260929,"COLPA PERU S.A.C.","TRUJILLO","TRUJILLO","LA LIBERTAD",130101,42000.0000,10800,7200,"SOLES",20260707
"BID 4","PROGRAMA DE INNOVACIÓN MODERNIZACIÓN TECNOLÓGICA Y EMPRENDIMIENTO - MIPYMES DE CALIDAD",2025,"1096-PROINNOVATE-IMTEMC-2025","CERTIFICACIÓN ISO 9001:2015 EN PROVEMIR E.I.R.L.: ESTANDARIZACIÓN Y MEJORA DE PROCESOS PARA IMPULSAR SU CRECIMIENTO Y COMPETITIVIDAD EN NUEVOS MERCADOS.",20251127,20260727,"PROVERMIN E.I.R.L.","ALTO SELVA ALEGRE","AREQUIPA","AREQUIPA",040102,45000.0000,11571.43,7714.29,"SOLES",20260707
"BID 4","PROGRAMA DE INNOVACIÓN MODERNIZACIÓN TECNOLÓGICA Y EMPRENDIMIENTO - MIPYMES DE CALIDAD",2025,"1097-PROINNOVATE-IMTEMC-2025","FORTALECIMIENTO OPERATIVO Y EXPANSIÓN COMERCIAL DE LA EMPRESA TRADISA E.I.R.L. A TRAVÉS DE LA IMPLEMENTACIÓN Y CERTIFICACIÓN DE LAS NORMAS ISO 9001\, 14001 Y 45001.",20251202,20260802,"TRADISA E.I.R.L.","CERRO COLORADO","AREQUIPA","AREQUIPA",040104,60000.0000,15428.58,10285.71,"SOLES",20260707
"BID 4","PROGRAMA DE INNOVACIÓN MODERNIZACIÓN TECNOLÓGICA Y EMPRENDIMIENTO - MIPYMES DE CALIDAD",2025,"1098-PROINNOVATE-IMTEMC-2025","IMPLEMENTACIÓN Y CERTIFICACIÓN DE LAS NORMAS ISO 45001:2018 E ISO 14001:2015 EN LA EMPRESA OXYMAN COMERCIAL S.A.C.",20251023,20260723,"OXYMAN COMERCIAL SAC","LIMA","LIMA","LIMA",150101,40000.0000,12600,4840,"SOLES",20260707
"BID 4","PROGRAMA DE INNOVACIÓN MODERNIZACIÓN TECNOLÓGICA Y EMPRENDIMIENTO - MIPYMES DE CALIDAD",2025,"1100-PROINNOVATE-IMTEMC-2025","IMPLEMENTACIÓN Y CERTIFICACIÓN DE UN SISTEMA DE GESTIÓN DE LA CALIDAD (SGC) EN BASE A ISO 9001:2015 EN LA EMPRESA QUIMICA & ECOLOGIA S.A.C.",20251202,20260802,"QUIMICA & ECOLOGIA SOCIEDAD ANONIMA CERRADA - QUIMICA & ECOLOGIA S.A.C.","LIMA","LIMA","LIMA",150101,45000.0000,11571.43,7714.28,"SOLES",20260707
"BID 4","INNOVACIÓN EMPRESARIAL - CAMBIO CLIMÁTICO",2025,"1101-PROINNOVATE-PIEC1CC-2025","DESARROLLO DE UNA FORMULACIÓN DE GELATINA TÉCNICA INDUSTRIAL DE ALTA CALIDAD \"PERUGEL\"\, EN BASE AL RESIDUO DE CARNAZA DE BOVINO\, AUTOMATIZANDO EL PROCESO DE HIDROLISIS Y RECIRCULACIÓN DE AGUA\, PARA OBTENER UN PRODUCTO PERUANO COMPETITIVO",20251107,20261107,"PERUGEL S.A.C.","CERRO COLORADO","AREQUIPA","AREQUIPA",040104,199989.8400,27178.16,30500,"SOLES",20260707
"BID 4","Startup Perú PLUG - Atracción de Emprendedores Extranjeros - CAMBIO CLIMÁTICO",2025,"1102-PROINNOVATE-AEECC-2025","SQUAIR ES UNA STARTUP BRASILEÑA QUE DESARROLLÓ UNA PLATAFORMA SAAS PARA INTEGRAR Y OPTIMIZAR LA GESTIÓN DE ACTIVOS FRIGORÍFICOS EN TIEMPO REAL\, PERMITIENDO HASTA UN 30% DE AHORRO DE ENERGÍA Y MAYOR EFICIENCIA OPERATIVA CON UN RÁPIDO RETORNO.",20251122,20260722,"SQUAIR S.A.C.","SANTIAGO DE SURCO","LIMA","LIMA",150140,151999.9900,0,0,"SOLES",20260707
"BID 4","CONCURSO DE PROYECTOS COLABORATIVOS DE INNOVACIÓN ABIERTA MODALIDAD A",2025,"1103-PROINNOVATE-IAMA-2025","PROGRAMA DE INNOVACIÓN ABIERTA\, PARA EL DESAFÍO: DESARROLLO Y VALIDACIÓN DE UN SISTEMA AUTÓNOMO E INTELIGENTE PARA LA GESTIÓN DE PRUEBAS DE SOFTWARE E INCIDENTES EN ENTORNOS DE MEDIOS DE PAGO\, QUE PERMITIRÁ FORTALECER LA COMPETITIVIDAD DIGITAL DE NIUBIZ.",20251023,20261023,"COMPAÑIA PERUANA DE MEDIOS DE PAGO S.A.C","MIRAFLORES","LIMA","LIMA",150122,1600000.0000,800000,800000,"SOLES",20260707
"BID 4","PROGRAMA DE INNOVACIÓN MODERNIZACIÓN TECNOLÓGICA Y EMPRENDIMIENTO - MIPYMES DE CALIDAD",2025,"1104-PROINNOVATE-IMTEMC-2025","IMPLEMENTAR Y CERTIFICAR EL SGC ISO 9001 EN LA EMPRESA KARU PURIY E.I.R.L. PARA AUMENTAR EL NIVEL DE SATISFACCIÓN DE LOS CLIENTES\, CAPACITAR AL PERSONAL Y ESTANDARIZAR LOS SERVICIOS.",20251031,20260630,"KARU PURIY E.I.R.L.","CAYMA","AREQUIPA","AREQUIPA",040103,45000.0000,11571.43,7714.29,"SOLES",20260707
"BID 4","PROGRAMA DE INNOVACIÓN MODERNIZACIÓN TECNOLÓGICA Y EMPRENDIMIENTO - MIPYMES DE CALIDAD",2025,"1105-PROINNOVATE-IMTEMC-2025","FORTALECIMIENTO INSTITUCIONAL MEDIANTE LA IMPLEMENTACIÓN DEL SISTEMA DE GESTIÓN DE CALIDAD ISO 9001:2015 Y ANTISOBORNO ISO 37001:2025 EN MIGUEL ARCANGEL SANTO SERVICIOS GENERALES. S.R.L. MEDIANTE LA MEJORA DE PROCESOS Y ÉTICA EMPRESARIAL",20251107,20261007,"MIGUEL ARCANGEL SANTO SERVICIOS GENERALES S.R.L.","ESPINAR","ESPINAR","CUSCO",080801,45000.0000,11571.44,7714.29,"SOLES",20260707
"BID 4","PROGRAMA DE INNOVACIÓN MODERNIZACIÓN TECNOLÓGICA Y EMPRENDIMIENTO - MIPYMES DE CALIDAD",2025,"1107-PROINNOVATE-IMTEMC-2025","IMPLEMENTACIÓN DEL SISTEMA DE GESTIÓN ANTISOBORNO ISO 37001:2016 EN LA EMPRESA VLF BUSINESS CONSULTING S.A.C.",20251029,20260929,"VLF BUSINESS CONSULTING S.A.C.","MOCHE","TRUJILLO","LA LIBERTAD",130107,42813.5600,11186.44,7240.8,"SOLES",20260707
"BID 4","EMPRENDIMIENTOS INNOVADORES",2025,"1109-PROINNOVATE-EIN-2025","INKA SELECTION: INTERNACIONALIZACIÓN DE CACAO CON TRAZABILIDAD BLOCKCHAIN",20251029,20260529,"CALCULLI  LEANDRO","TACNA","TACNA","TACNA",230101,67000.0000,9571.43,19142.86,"SOLES",20260707
"BID 4","PROGRAMA DE INNOVACIÓN MODERNIZACIÓN TECNOLÓGICA Y EMPRENDIMIENTO - MIPYMES DE CALIDAD",2025,"1110-PROINNOVATE-IMTEMC-2025","ADOPCIÓN DE CERTIFICACIÓN TRINORMA: ISO 9001\, 14001 Y 45001 PARA FORTALECER LA CALIDAD Y ESTANDARIZACIÓN DEL PROCESO DE TRANSPORTE DE AGUA NO POTABLE\, MINIMIZAR EL IMPACTO AMBIENTAL Y APLICAR EFICIENTES POLÍTICAS DE SEGURIDAD EN OVE3 CONSTRUCTORA.",20251118,20261018,"OVE3 CONSTRUCTORA S.A.C.","GUADALUPITO","VIRU","LA LIBERTAD",131203,59423.0000,17227,8240,"SOLES",20260707
"BID 4","PROGRAMA DE INNOVACIÓN MODERNIZACIÓN TECNOLÓGICA Y EMPRENDIMIENTO - MIPYMES DE CALIDAD",2025,"1111-PROINNOVATE-IMTEMC-2025","IMPLEMENTACIÓN Y CERTIFICACIÓN DEL SISTEMA DE GESTIÓN AMBIENTAL BASADO EN LA NORMA 14001:2015 EN BESTSOL PERU S.A.C.",20251107,20260807,"BESTSOL PERU SAC","LINCE","LIMA","LIMA",150116,44100.0000,11340,5040,"SOLES",20260707
"BID 4","PROGRAMA DE INNOVACIÓN MODERNIZACIÓN TECNOLÓGICA Y EMPRENDIMIENTO - MIPYMES DE CALIDAD",2025,"1112-PROINNOVATE-IMTEMC-2025","IMPLEMENTACION Y CERTIFICACION DEL SISTEMA DE GESTION DE CALIDAD ISO 9001:2015 EN LA EMPRESA NORTH RESCUE SRL",20251029,20260729,"NORTH RESCUE S.R.L.","GUADALUPE","PACASMAYO","LA LIBERTAD",130702,44148.3200,12501.68,6600,"SOLES",20260707
"BID 4","EMPRENDIMIENTOS INNOVADORES",2025,"1113-PROINNOVATE-EIN-2025","WABI: APP CON IA PARA ADULTOS AUDHD: ESTRUCTURA\, BIENESTAR Y ENFOQUE WABI-SABI.",20251106,20260606,"BIBOLOTTI OVIEDO RENATO","MAGDALENA DEL MAR","LIMA","LIMA",150120,67000.0000,9571.43,19142.86,"SOLES",20260707
"BID 4","EMPRENDIMIENTOS INNOVADORES",2025,"1114-PROINNOVATE-EIN-2025","SHOPPY.CHAT: SAAS DE AGENTES CON IA QUE MEDIANTE TEXTO\, VOZ Y ROSTRO ATIENDEN CLIENTES E IMPULSAN LAS VENTAS DE PRODUCTOS Y SERVICIOS PARA PYMES.",20251002,20260602,"FAUDELLA BAREA HORACIO VALENTINO","CHORRILLOS","LIMA","LIMA",150108,67000.0000,9860.92,19143,"SOLES",20260707
"BID 4","PROGRAMA DE INNOVACIÓN MODERNIZACIÓN TECNOLÓGICA Y EMPRENDIMIENTO - MIPYMES DE CALIDAD",2025,"1115-PROINNOVATE-IMTEMC-2025","IMPLEMENTAR Y CERTIFICAR DEL SGC ISO 9001:2015 EN LA INSTITUCIÓN EDUCATIVA ALESSANDRO VOLTA PARA MEJORAR LA SATISFACCIÓN DE LOS CLIENTES Y ESTANDARIZAR LOS PROCESOS DE PLANIFICACIÓN CURRICULAR\, CALENDARIZACIÓN Y GESTIÓN ADMINISTRATIVA.",20251106,20260806,"INSTITUCION EDUCATIVA PRIVADA ITALO PERUANO ALESSANDRO VOLTA S.A.C.","CHARACATO","AREQUIPA","AREQUIPA",040105,45000.0000,11571.43,7714.28,"SOLES",20260707
"BID 4","PROGRAMA DE INNOVACIÓN MODERNIZACIÓN TECNOLÓGICA Y EMPRENDIMIENTO - MIPYMES DE CALIDAD",2025,"1116-PROINNOVATE-IMTEMC-2025","IMPLEMENTACIÓN DE ISO 45001:2018 EN KJG SERVICIOS GENERALES E.I.R.L.: FORTALECIENDO LA SEGURIDAD LABORAL Y COMPETITIVIDAD EN SECTORES EXIGENTES",20251118,20260718,"KJG SERVICIOS GENERALES EIRL","ALTO SELVA ALEGRE","AREQUIPA","AREQUIPA",040102,45000.0000,11571.43,7714.28,"SOLES",20260707
"BID 4","EMPRENDIMIENTOS DINAMICOS",2025,"1117-PROINNOVATE-EDI-2025","QUICK EAT: CHATBOTS\, WEBS\, APPS Y FACTURACIÓN PARA RESTAURANTES",20251015,20260515,"QUICK INNOVATIONS SAC","LA PUNTA","CALLAO","CALLAO",070105,150000.0000,22188.05,42420,"SOLES",20260707
"BID 4","PROGRAMA DE INNOVACIÓN MODERNIZACIÓN TECNOLÓGICA Y EMPRENDIMIENTO - MIPYMES DIGITALES",2025,"1118-PROINNOVATE-IMTEMD-2025","IMPLEMENTACIÓN DE UNA ESTRATEGIA DE DIGITALIZACIÓN INTEGRAL PARA OPTIMIZAR LA GESTIÓN DE IMPLEMENTACIÓN\, APLICACIÓN Y AUDITORÍAS DE PROYECTOS\, ADEMÁS DE MEJORAR LA EFICIENCIA OPERATIVA EN MATERIA DE SSO",20251202,20260902,"ABJ INGENIEROS Y CONSULTORES ASOCIADOS SAC","SAN JUAN DE MIRAFLORES","LIMA","LIMA",150133,45000.0000,10285.71,6857.14,"SOLES",20260707
"BID 4","PROGRAMA DE INNOVACIÓN MODERNIZACIÓN TECNOLÓGICA Y EMPRENDIMIENTO - MIPYMES DE CALIDAD",2025,"1119-PROINNOVATE-IMTEMC-2025","IMPLEMENTACIÓN Y CERTIFIACIÓN DEL SISTEMA DE GESTIÓN DE SEGURIDAD Y SALUD EN EL TRABAJO BASADO EN LA NORMA ISO 45001:2018 A INVERSIONES BERMARC S.A.C.",20251222,20260922,"INVERSIONES BERMARC S.A.C.","ATE","LIMA","LIMA",150103,45000.0000,11586.4,7700,"SOLES",20260707
"BID 4","PROGRAMA DE INNOVACIÓN MODERNIZACIÓN TECNOLÓGICA Y EMPRENDIMIENTO - MIPYMES DIGITALES",2025,"1121-PROINNOVATE-IMTEMD-2025","TRANSFORMACIÓN DIGITAL PARA LA AUTOMATIZACIÓN DE LOS PROCESOS DE GESTIÓN DOCUMENTARIA\, ANÁLISIS DE DATOS\, EFICIENCIA OPERATIVA Y MEJORA DE LA EXPERIENCIA DEL CLIENTE DE D'LOZANO CONSULTORES & ASOCIADOS S.A.C FORTALECIENDO SU COMPETITIVIDAD COMERCIAL.",20251118,20260818,"D'LOZANO CONSULTORES & ASOCIADOS S.A.C. - D'LOZANO C & A S.A.C.","VENTANILLA","CALLAO","CALLAO",070106,45000.0000,12171.42,7114.29,"SOLES",20260707
"BID 4","PROGRAMA DE INNOVACIÓN MODERNIZACIÓN TECNOLÓGICA Y EMPRENDIMIENTO - MIPYMES DE CALIDAD",2025,"1124-PROINNOVATE-IMTEMC-2025","IMPLEMENTACIÓN Y CERTIFICACIÓN DE LAS NORMAS ISO 9001\, ISO 14001\, ISO 45001 EN LA EMPRESA \"CORPORACION ARKCONS CONSULTORIA Y CONSTRUCCIONES S.A.C.\"",20251107,20260807,"\"CORPORACION ARKCONS CONSULTORIA Y CONSTRUCCIONES S.A.C.\"","PICHARI","LA CONVENCION","CUSCO",080910,60000.0000,15428.57,10285.71,"SOLES",20260707
"BID 4","PROGRAMA DE INNOVACIÓN MODERNIZACIÓN TECNOLÓGICA Y EMPRENDIMIENTO - MIPYMES DE CALIDAD",2025,"1125-PROINNOVATE-IMTEMC-2025","IMPLEMENTACIÓN Y CERTIFICACIÓN DEL SISTEMA DE GESTIÓN DE CALIDAD EN LA EMPRESA TDI PERU SAC EN BASE A LA NORMA ISO 9001 PARA LA MEJORA DE LA PRODUCTIVIDAD Y LOGRAR ACCESOS A NUEVOS MERCADOS",20251029,20260729,"TDI PERU SAC","MAGDALENA DEL MAR","LIMA","LIMA",150120,44991.1900,11580.73,7712.84,"SOLES",20260707
"BID 4","PROGRAMA DE INNOVACIÓN MODERNIZACIÓN TECNOLÓGICA Y EMPRENDIMIENTO - MIPYMES DE CALIDAD",2025,"1128-PROINNOVATE-IMTEMC-2025","PROCESO DE CERTIFICACIÓN PARA EQUIPOS DE PROTECCIÓN PERUANOS: DIAGNÓSTICO\, IMPLEMENTACIÓN Y CERTIFICACIÓN EN LAS NORMAS ISO 9001 E ISO 14001 PARA INCREMENTAR LA PRODUCTIVIDAD Y MEJORAR EL POSICIONAMIENTO COMERCIAL",20251127,20260827,"EQUIPOS DE PROTECCION PERUANOS S.A.C.","SAN BORJA","LIMA","LIMA",150130,41300.0000,11700,6000,"SOLES",20260707
"BID 4","PROGRAMA DE INNOVACIÓN MODERNIZACIÓN TECNOLÓGICA Y EMPRENDIMIENTO - MIPYMES DE CALIDAD",2025,"1129-PROINNOVATE-IMTEMC-2025","IMPLEMENTACIÓN Y CERTIFICACIÓN DE LA NORMA INTERNACIONAL ISO 45001:2018 SISTEMA DE GESTIÓN DE SEGURIDAD Y SALUD EN EL TRABAJO.",20251202,20260802,"SERVICIOS ESPECIALIZADOS DE ASISTENCIA ARQUEOLOGICA S.A.C. - SEDASAR S.A.C.","PUEBLO LIBRE","LIMA","LIMA",150121,45000.0000,12586,7200,"SOLES",20260707
"BID 4","EMPRENDIMIENTOS INNOVADORES",2025,"1130-PROINNOVATE-EIN-2025","ROBOSKILLS (KALMAN ROBOTICS): PLATAFORMA EDUCATIVA PARA APRENDER ROBÓTICA CON ACCESO REMOTO A ROBOTS REALES.",20251031,20260630,"LAURA ORDOÑEZ ALISON BRAYAN","EL TAMBO","HUANCAYO","JUNIN",120114,67000.0000,10277.39,19050,"SOLES",20260707
"BID 4","PROGRAMA DE INNOVACIÓN MODERNIZACIÓN TECNOLÓGICA Y EMPRENDIMIENTO - MIPYMES DIGITALES",2025,"1133-PROINNOVATE-IMTEMD-2025","EJECUCIÓN DE INICIATIVAS DE DIGITALIZACIÓN PARA FORTALECER LA IDENTIDAD INSTITUCIONAL\, AMPLIAR LA PRESENCIA DIGITAL Y MEJORAR LA CAPTACIÓN Y FIDELIZACIÓN DE ALUMNOS EN LA UNIDAD DE ESTIMULACIÓN TEMPRANA DEL NIDO CRAYOLAS",20251118,20260818,"INSTITUCION EDUCATIVA PARTICULAR CRAYOLAS EIRL","LAMBAYEQUE","LAMBAYEQUE","LAMBAYEQUE",140301,45000.0000,10286,6857,"SOLES",20260707
"BID 4","PROGRAMA DE INNOVACIÓN MODERNIZACIÓN TECNOLÓGICA Y EMPRENDIMIENTO - MIPYMES DIGITALES",2025,"1134-PROINNOVATE-IMTEMD-2025","FINCA LA FLORIDA DIGITAL: ESTRATEGIA INTEGRAL DE COMERCIALIZACIÓN CON PLATAFORMA E-COMMERCE\, PROMOCIÓN 2.0 Y TRAZABILIDAD PARA CAFÉ Y AGUARDIENTE DE ORIGEN PERUANO",20251118,20260918,"FINCA LA FLORIDA S.A.C.","YAMON","UTCUBAMBA","AMAZONAS",010707,44900.0000,10260,6840,"SOLES",20260707
"BID 4","PROGRAMA DE INNOVACIÓN MODERNIZACIÓN TECNOLÓGICA Y EMPRENDIMIENTO - MIPYMES DIGITALES",2025,"1136-PROINNOVATE-IMTEMD-2025","ESTRATEGIA DE TRANSFORMACIÓN DIGITAL PARA REDUCIR LA BRECHA TECNOLÓGICA\, MEJORAR LA EFICIENCIA OPERATIVA\, FORTALECER LA TRAZABILIDAD DE SERVICIOS Y OPTIMIZAR LA ATENCIÓN AL CLIENTE EN CORPORACION CIELO DIVINO S.A.C",20251031,20260731,"CORPORACION CIELO DIVINO S.A.C.","SAN MARTIN DE PORRES","LIMA","LIMA",150135,45000.0000,10286,6857,"SOLES",20260707
"BID 4","PROGRAMA DE INNOVACIÓN MODERNIZACIÓN TECNOLÓGICA Y EMPRENDIMIENTO - MIPYMES DIGITALES",2025,"1137-PROINNOVATE-IMTEMD-2025","TRANSFORMACIÓN DIGITAL PARA CONSORCIO MTV SAC: AUTOMATIZACIÓN DE PROCESOS Y VENTA ONLINE DE CONDUCTORES ELÉCTRICOS PARA MEJORAR COMPETITIVIDAD EMPRESARIAL",20251202,20260902,"CONSORCIO MTV S.A.C.","SURQUILLO","LIMA","LIMA",150141,44900.0000,10260,6840,"SOLES",20260707
"BID 4","PROGRAMA DE INNOVACIÓN MODERNIZACIÓN TECNOLÓGICA Y EMPRENDIMIENTO - MIPYMES DIGITALES",2025,"1138-PROINNOVATE-IMTEMD-2025","IMPLEMENTACIÓN DE UNA PLATAFORMA ESPECIALIZADA EN MARKETING INMOBILIARIO\, PARA CAPITALIZAR LA DEMANDA DE FORMACIÓN ESPECIALIZADA\, POSICIONARSE COMO REFERENTE EN EL NICHO Y MEJORAR EL FLUJO ORGÁNICO DE LEADS CALIFICADOS PARA TAK GROUP",20251127,20260927,"TAK GROUP SOCIEDAD ANONIMA CERRADA - TAK GROUP S.A.C.","ATE","LIMA","LIMA",150103,45000.0000,10286,6857,"SOLES",20260707
"BID 4","PROGRAMA DE INNOVACIÓN MODERNIZACIÓN TECNOLÓGICA Y EMPRENDIMIENTO - MIPYMES DE CALIDAD",2025,"1140-PROINNOVATE-IMTEMC-2025","IMPLEMENTACIÓN Y CERTIFICACIÓN DEL SISTEMA DE GESTIÓN DE CALIDAD SEGÚN LA NORMA ISO 9001:2015\, PARA LA MEJORA CONTINUA DE LOS PROCESOS EN LA EMPRESA CONSULTORES Y EJECUTORES MYR S.A.C.",20251118,20261018,"CONSULTORES Y EJECUTORES MYR SOCIEDAD ANONIMA CERRADA - CEMYR S.A.C.","JULIACA","SAN ROMAN","PUNO",211101,40950.0000,10530,7020,"SOLES",20260707
"BID 4","PROGRAMA DE INNOVACIÓN MODERNIZACIÓN TECNOLÓGICA Y EMPRENDIMIENTO - MIPYMES DE CALIDAD",2025,"1141-PROINNOVATE-IMTEMC-2025","DIAGNOSTICO\, IMPLEMENTACIÓN Y CERTIFICACIÓN DE LAS NORMAS ISO 9001:2015 E ISO 45001:2018 EN LA EMPRESA ESMAT LOGISTICA TOTAL S.A.C.",20251029,20260829,"ESMAT LOGISTICA TOTAL S.A.C.","PACHACAMAC","LIMA","LIMA",150123,39664.3500,12285.65,4740,"SOLES",20260707
"BID 4","PROGRAMA DE INNOVACIÓN MODERNIZACIÓN TECNOLÓGICA Y EMPRENDIMIENTO - MIPYMES DIGITALES",2025,"1142-PROINNOVATE-IMTEMD-2025","TRANSFORMACIÓN DIGITAL EN LA IMPLEMENTACIÓN DE UNA NUEVA LÍNEA DE FREÍDO PARA HOJUELAS DE BANANO",20251029,20260729,"JUANITA LA ESPAÑOLITA E.I.R.L.","CASTILLA","PIURA","PIURA",200104,40000.0000,10300,6000,"SOLES",20260707
"BID 4","EMPRENDIMIENTOS INNOVADORES",2025,"1147-PROINNOVATE-EIN-2025","SPIR-UP: BEBIDA FUNCIONAL GASIFICADA CON BIOACTIVOS BASADOS EN ECONOMÍA CIRCULAR.",20251029,20260629,"AMERI FIERRO ARACELLY MASSIEL","ATE","LIMA","LIMA",150103,67000.0000,9644.96,19159,"SOLES",20260707
"BID 4","PROGRAMA DE INNOVACIÓN MODERNIZACIÓN TECNOLÓGICA Y EMPRENDIMIENTO - MIPYMES DE CALIDAD",2025,"1148-PROINNOVATE-IMTEMC-2025","IMPLEMENTACIÓN DE LAS NORMAS ISO 9001\, 14001 Y 45001 EN KUBE PERU S.A.C. PARA OPTIMIZAR LOS PROCESOS DE PRODUCCIÓN Y DISEÑO DE EMPAQUES\, CAJAS\, ENVASES Y SOLUCIONES GRÁFICAS ECOLÓGICAS\, FORTALECIENDO ASÍ NUESTRA POSICIÓN EN EL MERCADO NACIONAL",20260203,20260903,"KUBE PERU S.A.C","RIMAC","LIMA","LIMA",150128,59500.0000,15400,10120,"SOLES",20260707
"BID 4","EMPRENDIMIENTOS DINAMICOS",2025,"1149-PROINNOVATE-EDI-2025","CASAMARKET: SOFTWARE QUE AUMENTA LA RENTABILIDAD DE BODEGAS",20251021,20260621,"CASAMARKET APP S.A.C.","MIRAFLORES","LIMA","LIMA",150122,150000.0000,22661.02,42490,"SOLES",20260707
"BID 4","EMPRENDIMIENTOS INNOVADORES",2025,"1150-PROINNOVATE-EIN-2025","IDOMUS: PLATAFORMA INTEGRAL PARA AGENTES INMOBILIARIOS USANDO LA IA",20251029,20260629,"LIPA CHAMBI LUIS JIMMY","LINCE","LIMA","LIMA",150116,67000.0000,9571.43,19142.85,"SOLES",20260707
"BID 4","EMPRENDIMIENTOS DINAMICOS",2025,"1151-PROINNOVATE-EDI-2025","FITJAGUAR: PLATAFORMA PARA AYUDAR A LOS GIMNASIOS A MEJORAR LA RETENCIÓN DE SUS CLIENTES",20251029,20260629,"ANKALLPA JAGUAR SAC","CHINCHA ALTA","CHINCHA","ICA",110201,150000.0000,21428.58,42857.14,"SOLES",20260707
"BID 4","PROGRAMA DE INNOVACIÓN MODERNIZACIÓN TECNOLÓGICA Y EMPRENDIMIENTO - MIPYMES DE CALIDAD",2025,"1152-PROINNOVATE-IMTEMC-2025","\"DIAGNÓSTICO\, IMPLEMENTACIÓN Y CERTIFICACIÓN DEL SISTEMA INTEGRADO DE GESTIÓN EN TRANSPORTE NAVARRO PUENTE S.A.\, SEGÚN ISO 9001\, ISO 14001 E ISO 45001\, PARA MEJORAR LA CALIDAD\, EL CUIDADO AMBIENTAL Y LA SEGURIDAD Y SALUD EN EL TRABAJO EN EL TRANSPORTE.\"",20251106,20260806,"TRANSPORTES NAVARRO PUENTE S.A.","LURIN","LIMA","LIMA",150119,58800.0000,15120,10080,"SOLES",20260707
"BID 4","PROGRAMA DE INNOVACIÓN MODERNIZACIÓN TECNOLÓGICA Y EMPRENDIMIENTO - MIPYMES DIGITALES",2025,"1153-PROINNOVATE-IMTEMD-2025","IMPLEMENTACIÓN DE HERRAMIENTAS DIGITALES PARA INTEGRAR Y OPTIMIZAR PROCESOS\, MEJORAR LA SATISFACCIÓN DEL CLIENTE Y REDUCIR COSTOS OPERATIVOS EN OVERTAKE UNLIMITED",20251202,20260902,"OVERTAKE UNLIMITED EIRL","PUEBLO LIBRE","LIMA","LIMA",150121,45000.0000,17000,3000,"SOLES",20260707
"BID 4","PROGRAMA DE INNOVACIÓN MODERNIZACIÓN TECNOLÓGICA Y EMPRENDIMIENTO - MIPYMES DE CALIDAD",2025,"1156-PROINNOVATE-IMTEMC-2025","IMPLEMENTACIÓN DEL SISTEMA INTEGRADO DE GESTIÓN Y SOSTENIBILIDAD BAJO LAS NORMAS ISO 9001:2015\, ISO 14001:2015 E ISO 45001:2018 EN LA EMPRESA SUMAC CAPITAL S.A.C.",20251029,20260729,"SUMAC CAPITAL S.A.C.","SAN ISIDRO","LIMA","LIMA",150131,59998.1500,15809.85,10200,"SOLES",20260707
"BID 4","EMPRENDIMIENTOS DINAMICOS",2025,"1157-PROINNOVATE-EDI-2025","SEGURO AL VOLANTE: PLATAFORMA COMERCIAL 360 QUE AUTOMATIZA LA VENTA DE SEGUROS VEHICULARES.",20251029,20260629,"SEGURO AL VOLANTE E.I.R.L.","MIRAFLORES","LIMA","LIMA",150122,150000.0000,26999.92,42896,"SOLES",20260707
"BID 4","EMPRENDIMIENTOS INNOVADORES",2025,"1158-PROINNOVATE-EIN-2025","MARAVIA: PLATAFORMA DE GESTIÓN EMPRESARIAL AI-FIRST PARA PYMES",20251106,20260706,"ARAUCO GRANDEZ CARLOS FELIPE","SAN BORJA","LIMA","LIMA",150130,67000.0000,9571.48,19142.8,"SOLES",20260707
"BID 4","EMPRENDIMIENTOS INNOVADORES",2025,"1159-PROINNOVATE-EIN-2025","NAVI: PON EN PILOTO AUTOMÁTICO TUS CONTRATACIONES DE PERSONAS CON IA",20251106,20260706,"CASTILLO TRUJILLO BRIAN SALVATTORE","CALLAO","CALLAO","CALLAO",070101,67000.0000,10328,19000,"SOLES",20260707
"BID 4","EMPRENDIMIENTOS INNOVADORES",2025,"1160-PROINNOVATE-EIN-2025","VITALMASH: DESARROLLO DE SOFTWARE CON INTELIGENCIA ARTIFICIAL PARA FORMULAR ALIMENTOS CON PROBIÓTICOS E INSUMOS NATIVOS",20251118,20260618,"CORALES ALEJOS ANABELL IAHAIRA","NUEVO CHIMBOTE","SANTA","ANCASH",021809,67000.0000,9628.13,19086.16,"SOLES",20260707
"BID 4","PROGRAMA DE INNOVACIÓN MODERNIZACIÓN TECNOLÓGICA Y EMPRENDIMIENTO - MIPYMES DE CALIDAD",2025,"1162-PROINNOVATE-IMTEMC-2025","IMPLEMENTACIÓN Y CERTIFICACIÓN DE LA NORMA IS0 9001:2015 EN LA EMPRESA CORPORACION ARSTAS S.A.C",20251107,20260907,"CORPORACION ARSTAS S.A.C.","PUEBLO LIBRE","LIMA","LIMA",150121,44999.9200,11571.43,7714.28,"SOLES",20260707
"BID 4","INNOVACIÓN EMPRESARIAL - CAMBIO CLIMÁTICO",2025,"1164-PROINNOVATE-PIEC1CC-2025","DESARROLLO DE UN PROTOTIPO DE SISTEMA DE RADIACIÓN DE TEMPERATURA PARA EL SECADO ARTIFICIAL DE MADERA QUE UTILIZA ENERGÍA SOLAR\, CONTRIBUYE A LA EFICIENCIA OPERATIVA Y ELIMINA LAS EMISIONES DE CO2 AL AMBIENTE.",20251107,20260907,"MADERERA MARAÑON S.R.LTDA.","MANANTAY","CORONEL PORTILLO","UCAYALI",250107,200000.0000,30660,19800,"SOLES",20260707
"BID 4","INNOVACIÓN EMPRESARIAL",2025,"1166-PROINNOVATE-PIEC1-2025","DESARROLLO DE UN PROCESO DE FERMENTACIÓN CONTROLADA APLICANDO TÉCNICA DE MACERACIÓN CARBÓNICA EN CAFÉ LAVADO EN LA ASOCIACIÓN APROMAYO EN MOYOBAMBA\, SAN MARTIN.",20251107,20260707,"ASOCIACION DE PRODUCTORES AMAZONAS - ALTO MAYO","SORITOR","MOYOBAMBA","SAN MARTIN",220105,194998.0000,22852,33860,"SOLES",20260707
"BID 4","PROGRAMA DE INNOVACIÓN MODERNIZACIÓN TECNOLÓGICA Y EMPRENDIMIENTO - MIPYMES DE CALIDAD",2025,"1167-PROINNOVATE-IMTEMC-2025","IMPLEMENTACIÓN DEL SISTEMA HACCP PARA LA CERTIFICACIÓN DE LA LÍNEA DE LECHE PASTEURIZADA DE LA EMPRESA VACAS FELICES\, EN HUAROCHIRÍ - LIMA\, COMO ESTRATEGIA PARA FORTALECER LA INOCUIDAD Y EL ACCESO A NUEVOS MERCADOS",20251230,20260930,"VACAS FELICES EIRL","SURCO","HUAROCHIRI","LIMA",150732,31150.0000,9450,5500,"SOLES",20260707
"BID 4","PROGRAMA DE INNOVACIÓN MODERNIZACIÓN TECNOLÓGICA Y EMPRENDIMIENTO - MIPYMES DIGITALES",2025,"1168-PROINNOVATE-IMTEMD-2025","DESARROLLO Y FORTALECIMIENTO DE LA IDENTIDAD DE MARCA A TRAVÉS DE ESTRATEGIAS DIGITALES PARA IMPULSAR EL INCREMENTO DEL NÚMERO DE PUNTOS DE VENTA EN EL CANAL TRADICIONAL DE CONSUMO MASIVO Y EL SECTOR HORECA DE PRODUCTOS UCHARIMA EIRL.",20251127,20260827,"PRODUCTOS UCHARIMA E.I.R.L.","SAN JUAN DE MIRAFLORES","LIMA","LIMA",150133,45000.0000,10286,6857,"SOLES",20260707
"BID 4","PROGRAMA DE INNOVACIÓN MODERNIZACIÓN TECNOLÓGICA Y EMPRENDIMIENTO - MIPYMES DIGITALES",2025,"1169-PROINNOVATE-IMTEMD-2025","ESTRATEGIA DIGITAL PARA LA INTEGRACIÓN DE PROCESOS\, ESTANDARIZACIÓN DE DATOS Y OPTIMIZACIÓN DE LA TOMA DE DECISIONES A TRAVÉS DE LA EXPANSIÓN DE UN SISTEMA DIGITAL UNIFICADO",20260109,20261009,"INGENIERIA-OPERACIONES Y CONSTRUCCION SOCIEDAD ANONIMA CERRADA - INOPCON S.A.C.","CASTILLA","PIURA","PIURA",200104,33000.0000,8000,4000,"SOLES",20260707
"BID 4","EMPRENDIMIENTOS INNOVADORES",2025,"1170-PROINNOVATE-EIN-2025","CERTEZIA: SAAS B2B CON DNIE PARA FIRMAS LEGALES\, RÁPIDAS Y SEGURAS EN GRANDES EMPRESAS.",20251029,20260629,"CERTEZIA E.I.R.L.","SAN BARTOLO","LIMA","LIMA",150129,67000.0000,9571.43,19142.85,"SOLES",20260707
"BID 4","PROGRAMA DE INNOVACIÓN MODERNIZACIÓN TECNOLÓGICA Y EMPRENDIMIENTO - MIPYMES DE CALIDAD",2025,"1172-PROINNOVATE-IMTEMC-2025","IMPLEMENTACIÓN Y CERTIFICACIÓN DEL SISTEMA DE GESTIÓN DE LA CALIDAD ISO 9001 PARA EL FORTALECIMIENTO OPERATIVO Y COMERCIAL DE LA EMPRESA FAMZECA",20251211,20260811,"FAMZECA S.A.C.","PUNO","PUNO","PUNO",210101,45000.0000,11571.43,7714.29,"SOLES",20260707
"BID 4","PROGRAMA DE INNOVACIÓN MODERNIZACIÓN TECNOLÓGICA Y EMPRENDIMIENTO - MIPYMES DE CALIDAD",2025,"1175-PROINNOVATE-IMTEMC-2025","CERTIFICACIÓN DE UN SIG EN CORPORACIÓN LARRY\, BASADO EN NORMAS ISO 9001\, 14001 Y 45001\, PARA CONSOLIDAR SU LIDERAZGO EN SERVICIOS DE ELECTRIFICACIÓN Y CONECTIVIDAD DIGITAL CON ENFOQUE EN CALIDAD\, MEDIO AMBIENTE Y SEGURIDAD",20260203,20261003,"CORPORACION LARRY S.A.C.","JULIACA","SAN ROMAN","PUNO",211101,59966.6700,15420,10280,"SOLES",20260707
"BID 4","EMPRENDIMIENTOS DINAMICOS",2025,"1177-PROINNOVATE-EDI-2025","EMPAMAKER: MÁQUINAS MANUALES DE EMPANADAS. MARCA EL NOMBRE Y SABOR SOBRE EL BORDE DE ESTA.",20251101,20260701,"MASTER CRAFTER 3D E.I.R.L.","CARMEN DE LA LEGUA REYNOSO","CALLAO","CALLAO",070103,150000.0000,26663.28,37800,"SOLES",20260707
"BID 4","PROGRAMA DE INNOVACIÓN MODERNIZACIÓN TECNOLÓGICA Y EMPRENDIMIENTO - MIPYMES DE CALIDAD",2025,"1178-PROINNOVATE-IMTEMC-2025","IMPLEMENTACIÓN DE LA NORMA ISO 45001:2018 COMO HERRAMIENTA PARA MEJORAR LA PRODUCTIVIDAD Y GARANTIZAR CONDICIONES SEGURAS EN LA IE SAN JOSÉ LA ESPERANZA.",20251230,20260930,"INSTITUCION EDUCATIVA SAN JOSE LA ESPERANZA EIRL","JULIACA","SAN ROMAN","PUNO",211101,45000.0000,11571.43,7714.29,"SOLES",20260707
"BID 4","PROGRAMA DE INNOVACIÓN MODERNIZACIÓN TECNOLÓGICA Y EMPRENDIMIENTO - MIPYMES DIGITALES",2025,"1179-PROINNOVATE-IMTEMD-2025","IMPLEMENTACIÓN DE UNA SOLUCIÓN DIGITAL PARA LA GESTIÓN DE VENTAS\, CONTROL DE INVENTARIO Y TRAZABILIDAD DE PRODUCTOS FARMACÉUTICOS Y COSMÉTICOS EN LA EMPRESA IMPORTER EVOLUTION - SALUD SAC",20251107,20260807,"IMPORTER EVOLUTION -  SALUD S.A.C.","CARABAYLLO","LIMA","LIMA",150106,44515.0000,10161,6774,"SOLES",20260707
"BID 4","PROGRAMA DE INNOVACIÓN MODERNIZACIÓN TECNOLÓGICA Y EMPRENDIMIENTO - MIPYMES DIGITALES",2025,"1180-PROINNOVATE-IMTEMD-2025","TRANSFORMACIÓN DIGITAL PARA LA OPTIMIZACIÓN DE PROCESOS COMERCIALES Y  OPERATIVA EN EL PUNTO DE VENTA",20251224,20260924,"SUPER VARIADITO'S MINIMARKET S.R.L.","CHICLAYO","CHICLAYO","LAMBAYEQUE",140101,45000.0000,10300,6850,"SOLES",20260707
"BID 4","PROGRAMA DE INNOVACIÓN MODERNIZACIÓN TECNOLÓGICA Y EMPRENDIMIENTO - MIPYMES DIGITALES",2025,"1181-PROINNOVATE-IMTEMD-2025","TRANSFORMACIÓN DIGITAL PARA OPTIMIZAR PROCESOS OPERATIVOS\, FORTALECER LA GESTIÓN COMERCIAL Y MEJORAR LA PRODUCTIVIDAD EMPRESARIAL EN BSERTI CONSULTING EIRL",20251202,20260902,"BSERTI CONSULTING EIRL","BREÑA","LIMA","LIMA",150105,45000.0000,10286,6857,"SOLES",20260707
"BID 4","PROGRAMA DE INNOVACIÓN MODERNIZACIÓN TECNOLÓGICA Y EMPRENDIMIENTO - MIPYMES DIGITALES",2025,"1182-PROINNOVATE-IMTEMD-2025","\"IMPLEMENTACIÓN DE UNA SOLUCIÓN DIGITAL EN LA EMPRESA MEGAVOLT JAÉN S.A.C. CON LA FINALIDAD DE OPTIMIZAR LOS PROCESOS OPERATIVOS\, TÉCNICOS Y ADMINISTRATIVOS PARA MEJORAR LA EFICIENCIA Y TRAZABILIDAD DE SUS PRODUCTOS Y SERVICIOS\"",20251118,20260918,"FERRETERIA Y CONSTRUCCIONES MEGAVOLT - JAEN S.A.C. - MEGAVOLT - JAEN S.A.C.","JAEN","JAEN","CAJAMARCA",060801,45000.0000,10285.71,6857.14,"SOLES",20260707
"BID 4","PROGRAMA DE INNOVACIÓN MODERNIZACIÓN TECNOLÓGICA Y EMPRENDIMIENTO - MIPYMES DIGITALES",2025,"1183-PROINNOVATE-IMTEMD-2025","ESTRATEGIAS DIGITALES PARA LA AMPLIACION DEL MERCADO\, LA MEJORA DEL SERVICIO AL CLIENTE Y LA OPTIMIZACIÓN DE LOS PROCESOS INTERNOS DE LA EMPRESA.",20251118,20260918,"INVERSIONES WIN TAC SERVICIOS GENERALES E.I.R.LTDA","MOYOBAMBA","MOYOBAMBA","SAN MARTIN",220101,45000.0000,14400,25600,"SOLES",20260707
"BID 4","PROGRAMA DE INNOVACIÓN MODERNIZACIÓN TECNOLÓGICA Y EMPRENDIMIENTO - MIPYMES DIGITALES",2025,"1184-PROINNOVATE-IMTEMD-2025","INTEGRACIÓN DE PROCESOS ADMINISTRATIVOS\, FINANCIEROS Y COMERCIALES A TRAVÉS DE TECNOLOGÍAS DIGITALES PARA EL FORTALECIMIENTO DE LA UNIDAD DE NEGOCIO BUSINESS TO BUSINESS (B2B) DE VENTA DE PRODUCTOS NATURISTAS DE LA EMPRESA NATURALLY DIVINE AMAZONIA SAC",20251107,20260807,"NATURALLY DIVINE AMAZONIA S.A.C. - ND AMAZONIA S.A.C.","TARAPOTO","SAN MARTIN","SAN MARTIN",220901,45000.0000,10285.71,6857.14,"SOLES",20260707
"BID 4","PROGRAMA DE INNOVACIÓN MODERNIZACIÓN TECNOLÓGICA Y EMPRENDIMIENTO - MIPYMES DIGITALES",2025,"1185-PROINNOVATE-IMTEMD-2025","IMPLEMENTACIÓN DE UNA PLATAFORMA DIGITAL PARA FORTALECER DEL POSICIONAMIENTO Y LA GESTIÓN COMERCIAL DE LA EMPRESA SERVICIOS GLOBALES GREEN",20251127,20260827,"SERVICIOS GLOBALES GREEN E.I.R.L.","MORALES","SAN MARTIN","SAN MARTIN",220910,44900.0000,10260,6840,"SOLES",20260707
"BID 4","PROGRAMA DE INNOVACIÓN MODERNIZACIÓN TECNOLÓGICA Y EMPRENDIMIENTO - MIPYMES DIGITALES",2025,"1186-PROINNOVATE-IMTEMD-2025","IMPLEMENTACIÓN DE HERRAMIENTAS DIGITALES PARA MEJORA DE EXPERIENCIA DEL CLIENTE",20260203,20261203,"VK STUDIO.HN S.A.C.","MAGDALENA DEL MAR","LIMA","LIMA",150120,45000.0000,10285.71,6857.14,"SOLES",20260707
"BID 4","PROGRAMA DE INNOVACIÓN MODERNIZACIÓN TECNOLÓGICA Y EMPRENDIMIENTO - MIPYMES DIGITALES",2025,"1187-PROINNOVATE-IMTEMD-2025","IMPLEMENTACIÓN DE SOLUCIONES DIGITALES PARA LA OPTIMIZACIÓN DEL CICLO DE RECLUTAMIENTO\, FORTALECIMIENTO DE LA GESTIÓN DEL TALENTO Y MEJORA DE LA TOMA DE DECISIONES EN LA EMPRESA ENLACE TALENTO",20251202,20260902,"LULLI & ASOCIADOS SAC","SAN ISIDRO","LIMA","LIMA",150131,45000.0000,12171.42,7114.29,"SOLES",20260707
"BID 4","PROGRAMA DE INNOVACIÓN MODERNIZACIÓN TECNOLÓGICA Y EMPRENDIMIENTO - MIPYMES DIGITALES",2025,"1188-PROINNOVATE-IMTEMD-2025","DIGITALIZACIÓN INTEGRAL PARA LA OPTIMIZACIÓN DE PROCESOS COMERCIALES Y ATENCIÓN AL CLIENTE EN EL TURISMO RECEPTIVO FRANCÓFONO DE TERRES MAGIQUES DES INCAS",20251107,20260807,"TERRES MAGIQUES DES INCAS E.I.R.L.","MIRAFLORES","LIMA","LIMA",150122,45000.0000,10285.71,6857.14,"SOLES",20260707
"BID 4","EMPRENDIMIENTOS DINAMICOS",2025,"1189-PROINNOVATE-EDI-2025","EXCUELA SA: EDTECH MÓVIL PARA LA CAPACITACIÓN DE TRABAJADORES OPERATIVOS Y RURALES.",20251118,20260718,"EXCUELA SA","MIRAFLORES","LIMA","LIMA",150122,150000.0000,24985.48,42000,"SOLES",20260707
"BID 4","EMPRENDIMIENTOS DINAMICOS",2025,"1190-PROINNOVATE-EDI-2025","BRIXSAN: LIMPIEZA Y SEGURIDAD",20251031,20260630,"BRIXSAN SAC","ASUNCION","CAJAMARCA","CAJAMARCA",060102,144469.4900,35244.51,26680,"SOLES",20260707
"BID 4","PROGRAMA DE INNOVACIÓN MODERNIZACIÓN TECNOLÓGICA Y EMPRENDIMIENTO - MIPYMES DE CALIDAD",2025,"1191-PROINNOVATE-IMTEMC-2025","IMPLEMENTACIÓN Y CERTIFICACIÓN DE LA TRINORMA (ISO 9001:2015\, ISO 14001:2015 E ISO 45001:2018) PARA LA COMERCIALIZACIÓN DE SUMINISTROS DE MANTENIMIENTO INDUSTRIAL DE LA EMPRESA \"PROTENCO SAC\"",20251118,20260818,"PROTENCO S.A.C.","CARABAYLLO","LIMA","LIMA",150106,60000.0000,15700,10280,"SOLES",20260707
"BID 4","PROGRAMA DE INNOVACIÓN MODERNIZACIÓN TECNOLÓGICA Y EMPRENDIMIENTO - MIPYMES DIGITALES",2025,"1193-PROINNOVATE-IMTEMD-2025","TRANSFORMACIÓN DIGITAL PARA OPTIMIZAR RECURSOS EN LOS PROCESOS LOGÍSTICOS\, CON MÓDULOS ESPECIALIZADOS PARA INTEGRAR LA INFORMACIÓN Y PROCESOS DEL ÁREA COMERCIAL DE LA EMPRESA GIGA S.A.C.",20251127,20260827,"GRUPO GIGA SAC","SAN LUIS","LIMA","LIMA",150134,45000.0000,10285.72,6857.13,"SOLES",20260707
"BID 4","PROGRAMA DE INNOVACIÓN MODERNIZACIÓN TECNOLÓGICA Y EMPRENDIMIENTO - MIPYMES DE CALIDAD",2025,"1194-PROINNOVATE-IMTEMC-2025","“IMPLEMENTACIÓN DE UN SISTEMA INTEGRADO DE GESTIÓN DE CALIDAD Y MEDIO AMBIENTE\, BASADO EN LAS NORMAS ISO 9001:2015 E ISO 14001:2015\, EN LA LÍNEA DE PRODUCCIÓN DE CHOCOLATES SOSTENIBLES Y DERIVADOS DE CACAO DE LA EMPRESA VADIHA FOODS SAC”",20251029,20260729,"VADIHA FOODS S.A.C.","JAEN","JAEN","CAJAMARCA",060801,44864.4100,12335.59,7800,"SOLES",20260707
"BID 4","EMPRENDIMIENTOS INNOVADORES",2025,"1196-PROINNOVATE-EIN-2025","KUZI: PLATAFORMA DE RECAUDACIÓN DE FONDOS (CROWFUNDING) ENFOCADA EN DONACIONES Y RECOMPENSAS PARA ONG'S\, MYPES Y STARTUPS",20251106,20260706,"CERVANTES ESPONDA JULIO CESAR","SAN MIGUEL","LIMA","LIMA",150136,67000.0000,9573,19143,"SOLES",20260707
"BID 4","PROGRAMA DE INNOVACIÓN MODERNIZACIÓN TECNOLÓGICA Y EMPRENDIMIENTO - MIPYMES DE CALIDAD",2025,"1197-PROINNOVATE-IMTEMC-2025","IMPLEMENTACIÓN DE LAS NORMAS ISO 9001:2015 E ISO 45001:2018 EN PROYECTNET PARA EL FORTALECIMIENTO DE LA CALIDAD DEL SERVICIO Y LA GESTIÓN DE SEGURIDAD Y SALUD EN EL TRABAJO.",20251118,20260818,"PROYECTOS DE NETWORKING SAC - PROYECTNET SAC","LIMA","LIMA","LIMA",150101,45000.0000,11571.46,7714.25,"SOLES",20260707
"BID 4","EMPRENDIMIENTOS INNOVADORES",2025,"1198-PROINNOVATE-EIN-2025","GREEN ID: PLATAFORMA QUE AYUDA A EXPORTAR VALOR\, ORIGEN Y PROPÓSITO.",20251118,20260718,"VILLAFUERTE ALARCON BRYAN ELEAZAR","LOS OLIVOS","LIMA","LIMA",150117,67000.0000,9572.43,19142.86,"SOLES",20260707
"BID 4","EMPRENDIMIENTOS INNOVADORES",2025,"1199-PROINNOVATE-EIN-2025","DATA AIX: SISTEMA DE EXPLORACIÓN MINERA CON IA PARA ANÁLISIS DE VARIABLES GEOLÓGICAS.",20251118,20260718,"TORRES VALENZUELA JOSE WILLIAMS","LA MOLINA","LIMA","LIMA",150114,67000.0000,9571.43,19142.86,"SOLES",20260707
"BID 4","PROGRAMA DE INNOVACIÓN MODERNIZACIÓN TECNOLÓGICA Y EMPRENDIMIENTO - MIPYMES DE CALIDAD",2025,"1200-PROINNOVATE-IMTEMC-2025","CERTIFICACIÓN DEL SISTEMA DE GESTIÓN DE CALIDAD ISO 9001:2015 EN LOS SERVICIOS DE SANEAMIENTO AMBIENTAL DE CATBEN SRL - AREQUIPA",20251031,20260831,"CATERIANO BENAVIDES SOCIEDAD COMERCIAL DE RESPONSABILIDAD LIMITADA- CATBEN S.R.L.","JOSE LUIS BUSTAMANTE Y RIVERO","AREQUIPA","AREQUIPA",040129,44999.5000,19285.5,7714.4,"SOLES",20260707
"BID 4","PROGRAMA DE INNOVACIÓN MODERNIZACIÓN TECNOLÓGICA Y EMPRENDIMIENTO - MIPYMES DIGITALES",2025,"1201-PROINNOVATE-IMTEMD-2025","\"IMPLEMENTACIÓN DE SOLUCIONES DIGITALES PARA INTEGRAR PROCESOS\, REDUCIR LA BRECHA TECNOLÓGICA Y AUMENTAR LA PRODUCTIVIDAD DE CONCEPCIÓN LÁCTEOS SCRL EN LA PROVINCIA DE CONCEPCIÓN - JUNÍN",20251224,20260924,"CONCEPCION LACTEOS SOCIEDAD COMERCIAL DE RESPONSABILIDAD LIMITADA","CONCEPCION","CONCEPCION","JUNIN",120201,45000.0000,12650,4000,"SOLES",20260707
"BID 4","PROGRAMA DE INNOVACIÓN MODERNIZACIÓN TECNOLÓGICA Y EMPRENDIMIENTO - MIPYMES DIGITALES",2025,"1203-PROINNOVATE-IMTEMD-2025","TRANSFORMACIÓN DIGITAL PARA FORTALECER LA GESTIÓN DE SERVICIO Y OBRA\, MEJORAR LA COMUNICACIÓN CORPORATIVA Y AMPLIAR LA CAPTACIÓN DE CLIENTES DE LA EMPRESA \"G & Z WASICHAY S.A.C.\"",20260226,20261126,"G & Z WASICHAY S.A.C.","JAEN","JAEN","CAJAMARCA",060801,45000.0000,10300,6850,"SOLES",20260707
"BID 4","PROGRAMA DE INNOVACIÓN MODERNIZACIÓN TECNOLÓGICA Y EMPRENDIMIENTO - MIPYMES DIGITALES",2025,"1204-PROINNOVATE-IMTEMD-2025","DIGITALIZACIÓN DE LA CADENA DE SUMINISTRO DE PERECIBLES PARA LA REDUCCIÓN DE DESPERDICIOS Y ECONOMÍA CIRCULAR DE MILKA SUPERMERCADOS EN CAJAMARCA.",20251127,20260827,"MILKA SUPERMERCADOS EIRL","CAJAMARCA","CAJAMARCA","CAJAMARCA",060101,45000.0000,10285.72,6857.14,"SOLES",20260707
"BID 4","PROGRAMA DE INNOVACIÓN MODERNIZACIÓN TECNOLÓGICA Y EMPRENDIMIENTO - MIPYMES DIGITALES",2025,"1205-PROINNOVATE-IMTEMD-2025","DESARROLLO DE UN SOFTWARE PARA LA EXTRACCIÓN\, ANÁLISIS Y VISUALIZACIÓN DE DATOS DE TRANSACCIONES DE NEGOCIO REGISTRADAS EN SIRE-SUNAT\, OPTIMIZANDO LOS PROCESOS DE REVISIÓN TRIBUTARIA Y MEJORANDO LA EFICIENCIA OPERATIVA Y EL NIVEL DE SERVICIO EN NUEVA ANDALUCIA",20251107,20260807,"CONSULTORA EMPRESARIAL NUEVA ANDALUCIA SA","TAMBOPATA","TAMBOPATA","MADRE DE DIOS",170101,45000.0000,10286,6857,"SOLES",20260707
"BID 4","EMPRENDIMIENTOS INNOVADORES",2025,"1206-PROINNOVATE-EIN-2025","PIXEL CIVIK: VISIÓN POR COMPUTADORA CON IA PARA REDUCCIÓN DE ROBOS Y OTRAS ANALÍTICAS",20251202,20260802,"OTERO VEGAS SEBASTIAN","SAN ISIDRO","LIMA","LIMA",150131,66793.5600,13672.84,17800,"SOLES",20260707
"BID 4","EMPRENDIMIENTOS INNOVADORES",2025,"1208-PROINNOVATE-EIN-2025","PANEL WASI: TECNOLOGÍA PARA COMBATIR LAS HELADAS",20251127,20260727,"PILCO MAMANI VERONICA JESUS","PAUCARPATA","AREQUIPA","AREQUIPA",040112,65137.0000,11434.43,19142.86,"SOLES",20260707
"BID 4","EMPRENDIMIENTOS INNOVADORES",2025,"1209-PROINNOVATE-EIN-2025","YOLOHICE: PLATAFORMA DE CO-CREACIÓN DONDE LOS NIÑOS DISEÑAN SUS PROPIAS PRENDAS\, TRANSFORMANDO CON TECNOLOGÍA SU IMAGINACIÓN EN ALGO REAL.",20251106,20260706,"WILSON JUAREZ JOHANN SERGEI","SURQUILLO","LIMA","LIMA",150141,67000.0000,9740,19000,"SOLES",20260707
"BID 4","PROGRAMA DE INNOVACIÓN MODERNIZACIÓN TECNOLÓGICA Y EMPRENDIMIENTO - MIPYMES DIGITALES",2025,"1210-PROINNOVATE-IMTEMD-2025","TRANSFORMACIÓN DIGITAL PARA LA OPTIMIZACIÓN DE LA GESTIÓN APÍCOLA Y FORTALECIMIENTO DE LOS CANALES DE COMERCIALIZACIÓN EN POLINIZACIONES S.A.C.",20251107,20260807,"POLINIZACIONES S.A.C.","AREQUIPA","AREQUIPA","AREQUIPA",040101,45000.0000,10800,6500,"SOLES",20260707
"BID 4","EMPRENDIMIENTOS INNOVADORES",2025,"1211-PROINNOVATE-EIN-2025","GRNDER: HERRAMIENTA DIGITAL QUE FORTALECE LA GESTIÓN DE EXPERIENCIA EN PYMES.",20251118,20260718,"SALGADO MAYAUTE RAUL ENRIQUE","ICA","ICA","ICA",110101,66989.3200,9581.48,19142.4,"SOLES",20260707
"BID 4","PROGRAMA DE INNOVACIÓN MODERNIZACIÓN TECNOLÓGICA Y EMPRENDIMIENTO - MIPYMES DIGITALES",2025,"1212-PROINNOVATE-IMTEMD-2025","IMPLEMENTACIÓN DE UNA PLATAFORMA DIGITAL A MEDIDA PARA REDUCIR LAS BRECHAS DIGITALES EN EL SEGUIMIENTO Y MONITOREO DE PROYECTOS PRODUCTIVOS CON MAYOR EFICIENCIA PARA AUMENTAR LA PRODUCTIVIDAD DE \"CORFIEM\".",20251127,20260827,"CORPORACION DE FOMENTO E INNOVACION EMPRESARIAL S.A.C.","LA BANDA DE SHILCAYO","SAN MARTIN","SAN MARTIN",220909,44900.0000,10260,6840,"SOLES",20260707
"BID 4","EMPRENDIMIENTOS INNOVADORES",2025,"1214-PROINNOVATE-EIN-2025","SPIRUTECH: GOMITAS ANTI ANÉMICAS DELICIOSAS Y NUTRITIVAS\, ELABORADAS A BASE DE ESPIRULINA.",20251029,20260629,"SPIRUTECH S.A.C.","CUSCO","CUSCO","CUSCO",080101,65513.2400,9811.86,18270,"SOLES",20260707
"BID 4","PROGRAMA DE INNOVACIÓN MODERNIZACIÓN TECNOLÓGICA Y EMPRENDIMIENTO - MIPYMES DE CALIDAD",2025,"1216-PROINNOVATE-IMTEMC-2025","IMPLEMENTACIÓN Y CERTIFICACION DEL SISTEMA DE GESTIÓN DE CALIDAD ISO 9001:2015 PARA GP YEP S.A.C.",20251107,20260907,"GP YEP S.A.C.","SAN ISIDRO","LIMA","LIMA",150131,42000.0000,10800,7200,"SOLES",20260707
"BID 4","PROGRAMA DE INNOVACIÓN MODERNIZACIÓN TECNOLÓGICA Y EMPRENDIMIENTO - MIPYMES DIGITALES",2025,"1218-PROINNOVATE-IMTEMD-2025","DISEÑO E IMPLEMENTACIÓN DE PLATAFORMA COMERCIAL PARA CACAO ORGÁNICO Y CHOCOLATE ARTESANAL DE ALTA CALIDAD\, SISTEMA INTEGRADO PARA TRAZABILIDAD\, GESTIÓN Y CALIDAD DE CACAO DE ESPECIALIDAD POR MICROLOTES DE LA EMPRESA",20251107,20260707,"CORDILLERA DEL NOR ORIENTE S.A.C.","LA PECA","BAGUA","AMAZONAS",010206,43500.0000,9900,6600,"SOLES",20260707
"BID 4","EMPRENDIMIENTOS INNOVADORES",2025,"1219-PROINNOVATE-EIN-2025","PETICE: HELADOS SALUDABLES PARA MASCOTAS CON SUPERALIMENTOS\, SIN LACTOSA NI AZÚCAR AÑADIDA.",20251103,20260703,"URBANO QUISPE MARIEL ALEJANDRA","MIRAFLORES","LIMA","LIMA",150122,67000.0100,9576.39,19140,"SOLES",20260707
"BID 4","PROGRAMA DE INNOVACIÓN MODERNIZACIÓN TECNOLÓGICA Y EMPRENDIMIENTO - MIPYMES DIGITALES",2025,"1220-PROINNOVATE-IMTEMD-2025","TRANSFORMACIÓN DIGITAL DE LOS PROCESOS OPERATIVOS Y COMERCIALES DE MESOVID PARA EL FORTALECIMIENTO DE SU COMPETITIVIDAD Y CRECIMIENTO SOSTENIBLE",20260112,20261012,"MESOVID SAC","SANTIAGO DE SURCO","LIMA","LIMA",150140,45000.0000,10285.71,6857.14,"SOLES",20260707
"BID 4","PROGRAMA DE INNOVACIÓN MODERNIZACIÓN TECNOLÓGICA Y EMPRENDIMIENTO - MIPYMES DIGITALES",2025,"1221-PROINNOVATE-IMTEMD-2025","FORTALECIMIENTO DE LOS PROCESOS OPERATIVOS Y COMERCIALES A TRAVÉS DE LA DIGITALIZACIÓN CON EL FIN DE OPTIMIZAR LAS TAREAS INTERNOS\, MEJORAR LA EXPERIENCIA DEL CLIENTE\, FORTALECER LA PRESENCIA EN EL MERCADO Y POTENCIAR EL CRECIMIENTO SOSTENIBLE DE LA EMPRESA.",20251224,20260924,"UMANA ARCHITECTURE SOCIEDAD ANONIMA CERRADA","SAN ISIDRO","LIMA","LIMA",150131,45000.0000,10285.71,6857.14,"SOLES",20260707
"BID 4","PROGRAMA DE INNOVACIÓN MODERNIZACIÓN TECNOLÓGICA Y EMPRENDIMIENTO - MIPYMES DE CALIDAD",2025,"1223-PROINNOVATE-IMTEMC-2025","IMPLEMENTACIÓN DE SISTEMA INTEGRADO DE GESTIÓN (SIG) Y OBTENCIÓN DE LA CERTIFICACIÓN TRINORMA ISO 9001:2015\, ISO 14001:2015 E ISO 45001:2018 EN LA EMPRESA GOYO INGENIEROS CONTRATISTAS S.R.L.",20251029,20260829,"GOYO INGENIEROS CONTRATISTAS SOCIEDAD COMERCIAL DE RESPONSABILIDAD LIMITADA","TAMBURCO","ABANCAY","APURIMAC",030109,60000.0000,15428.57,10285.71,"SOLES",20260707
"BID 4","EMPRENDIMIENTOS INNOVADORES",2025,"1225-PROINNOVATE-EIN-2025","FIM+ PLATAFORMA EDTECH QUE INTEGRA SOSTENIBILIDAD E INNOVACIÓN PARA JÓVENES EN LATAM.",20251106,20260706,"FUTURE INNOVATORS HUB S.A.C.","SAN BORJA","LIMA","LIMA",150130,65000.0000,9883.72,18560,"SOLES",20260707
"BID 4","PROGRAMA DE INNOVACIÓN MODERNIZACIÓN TECNOLÓGICA Y EMPRENDIMIENTO - MIPYMES DE CALIDAD",2025,"1226-PROINNOVATE-IMTEMC-2025","MEJORA PRODUCTIVA Y EXPANSION A NUEVOS MERCADOS EN DANKA CORPORATION PERU E.I.R.L.\, A TRAVÉS DE LA IMPLEMENTACIÓN Y CERTIFICACIÓN ISO 9001:2015.",20251031,20260731,"DANKA CORPORATION PERU E.I.R.L.","YANAHUARA","AREQUIPA","AREQUIPA",040126,45000.0000,11571.43,7714.28,"SOLES",20260707
"BID 4","PROGRAMA DE INNOVACIÓN MODERNIZACIÓN TECNOLÓGICA Y EMPRENDIMIENTO - MIPYMES DIGITALES",2025,"1227-PROINNOVATE-IMTEMD-2025","TRANSFORMACIÓN DIGITAL PARA LA OPTIMIZACIÓN DE LOS PROCESOS OPERATIVOS Y ADMINISTRATIVOS DE LA EMPRESA ESVARO LOGISTIC",20251126,20260826,"ESVARO LOGISTIC S.A.C.","BELLAVISTA","CALLAO","CALLAO",070102,45000.0000,10285.72,6857.14,"SOLES",20260707
"BID 4","EMPRENDIMIENTOS INNOVADORES",2025,"1228-PROINNOVATE-EIN-2025","AWAKE SOCIETY: APP QUE TRANSFORMA ESTRÉS Y ANSIEDAD EN ENERGÍA EN MINUTOS.",20251030,20260630,"ORLANDINI MERCADO OSCAR","PUNTA HERMOSA","LIMA","LIMA",150126,66919.5100,9660.49,19040,"SOLES",20260707
"BID 4","PROGRAMA DE INNOVACIÓN MODERNIZACIÓN TECNOLÓGICA Y EMPRENDIMIENTO - MIPYMES DE CALIDAD",2025,"1229-PROINNOVATE-IMTEMC-2025","\"IMPLEMENTACIÓN Y CERTIFICACIÓN DEL SISTEMA INTEGRADO DE GESTIÓN BASADO EN LAS NORMAS DE ISO 9001:2015 E ISO 14001:2015 A LA EMPRESA HIGHT ASCENTS EXPEDITIONS E.I.R.L.\"",20251118,20261018,"\"HIGHT ASCENTS EXPEDITIONS E.I.R.L.\"","INDEPENDENCIA","HUARAZ","ANCASH",020105,44100.0000,11340,7560,"SOLES",20260707
"BID 4","EMPRENDIMIENTOS INNOVADORES",2025,"1230-PROINNOVATE-EIN-2025","RENTRIP PERÚ: PLATAFORMA DE ALQUILER DE MINIVANS\, VANS Y PACKS DE CAMPINGS CON ASISTENTE IA PARA MEJORAR LA EXPERIENCIA DE USUARIO",20251031,20260630,"ANAYA BACKUS CHRISTIAN ALEXANDER","RIMAC","LIMA","LIMA",150128,47785.3300,6826.48,13652.95,"SOLES",20260707
"BID 4","EMPRENDIMIENTOS INNOVADORES",2025,"1232-PROINNOVATE-EIN-2025","FULLNESS: AYUDAMOS A REDEFINIR CÓMO LA GENTE VIVE Y GESTIONA SU BIENESTAR",20251106,20260706,"LUIS CASTILLO DILAN ALEXANDER","CARABAYLLO","LIMA","LIMA",150106,67000.0000,9571.43,19142.86,"SOLES",20260707
"BID 4","EMPRENDIMIENTOS INNOVADORES",2025,"1233-PROINNOVATE-EIN-2025","CAPULUS COFFEE CHERRY TEA: INFUSIÓN DEL FRUTO DEL CAFÉ",20251127,20261026,"GAVIDIA RODRIGUEZ JORGE OCTAVIO","LA MOLINA","LIMA","LIMA",150114,67000.0000,11945.43,16768.86,"SOLES",20260707
"BID 4","PROGRAMA DE INNOVACIÓN MODERNIZACIÓN TECNOLÓGICA Y EMPRENDIMIENTO - MIPYMES DE CALIDAD",2025,"1234-PROINNOVATE-IMTEMC-2025","IMPLEMENTACIÓN Y CERTIFICACIÓN DEL SISTEMA DE GESTIÓN INTEGRADO SEGÚN ISO 9001:2015\, ISO 14001:2015 E ISO 45001:2018 EN LA EMPRESA INVERSIONES GAZARAL S.A.C.",20251107,20260907,"INVERSIONES GAZARAL S.A.C.","HUARAZ","HUARAZ","ANCASH",020101,59979.6600,15665.69,10170,"SOLES",20260707
"BID 4","PROGRAMA DE INNOVACIÓN MODERNIZACIÓN TECNOLÓGICA Y EMPRENDIMIENTO - MIPYMES DE CALIDAD",2025,"1235-PROINNOVATE-IMTEMC-2025","CERTIFICACIÓN TRINORMA ISO 9001\, 14001 Y 45001 COMO ESTRATEGIA CLAVE PARA MEJORAR LA CALIDAD DEL SERVICIO\, EL DESEMPEÑO AMBIENTAL Y LA GESTIÓN DE RIESGOS LABORALES EN A&S INGENIEROS EN SUS RUBROS DE CONSTRUCCIÓN\, MANTENIMIENTO Y SERVICIOS GENERALES",20251107,20261007,"ALIAGA & SOLIS INGENIEROS E.I.R.L.","GROCIO PRADO","CHINCHA","ICA",110206,59675.0000,15345,10230,"SOLES",20260707
"BID 4","EMPRENDIMIENTOS INNOVADORES",2025,"1236-PROINNOVATE-EIN-2025","ANDESCAPE: PLATAFORMA CON IA QUE CONECTA VIAJEROS CON OPERADORES EN LATAM\, SIN INTERMEDIARIOS\, PERSONALIZA ITINERARIOS CON IMPACTO SOCIAL Y SOSTENIBLE",20251106,20260706,"ALVAREZ LOYOLA PEDRO ANTONIO","AREQUIPA","AREQUIPA","AREQUIPA",040101,67000.0000,9571.43,19142.85,"SOLES",20260707
"BID 4","EMPRENDIMIENTOS INNOVADORES",2025,"1237-PROINNOVATE-EIN-2025","LOCALY: PLATAFORMA PARA RESERVAR ESPACIOS PARA EVENTOS POR HORAS.",20251028,20260628,"YEPES TRUJILLO TALIA MILAGROS FUJIKO","SANTIAGO DE SURCO","LIMA","LIMA",150140,67000.0000,9900,19000,"SOLES",20260707
"BID 4","PROGRAMA DE INNOVACIÓN MODERNIZACIÓN TECNOLÓGICA Y EMPRENDIMIENTO - MIPYMES DIGITALES",2025,"1238-PROINNOVATE-IMTEMD-2025","DIGITALIZACIÓN DE PROCESOS CRÍTICOS DE L'COUSINE S.A.C. MEDIANTE LA IMPLEMENTACIÓN DE UN SISTEMA ERP ESPECIALIZADO PARA OPTIMIZAR LA GESTIÓN DE COMPRAS\, LOGÍSTICA\, ALMACÉN\, PRODUCCIÓN Y FACTURACIÓN\, MEJORANDO LA EFICIENCIA OPERATIVA Y LA RENTABILIDAD.",20251202,20260902,"L'COUSINE S.A.C.","CALLAO","CALLAO","CALLAO",070101,45000.0000,14400,25600,"SOLES",20260707
"BID 4","PROGRAMA DE INNOVACIÓN MODERNIZACIÓN TECNOLÓGICA Y EMPRENDIMIENTO - MIPYMES DE CALIDAD",2025,"1239-PROINNOVATE-IMTEMC-2025","CERTIFICACIÓN ISO 9001:2015 PARA EL FORTALECIMIENTO DE LA PRODUCTIVIDAD Y CALIDAD EN LA TRASTIENDA FÁBRICA DE DISEÑO S.A.C",20251202,20260902,"LA TRASTIENDA FABRICA DE DISENO SOCIEDAD ANONIMA CERRADA","CAYMA","AREQUIPA","AREQUIPA",040103,38899.7000,10071.3,6600,"SOLES",20260707
"BID 4","PROGRAMA DE INNOVACIÓN MODERNIZACIÓN TECNOLÓGICA Y EMPRENDIMIENTO - MIPYMES DIGITALES",2025,"1240-PROINNOVATE-IMTEMD-2025","IMPLEMENTACIÓN E INTEGRACIÓN DE HERRAMIENTAS DIGITALES PARA INCREMENTAR LA PRODUCTIVIDAD DEL PROCESO OPERATIVO DE LA EMPRESA TIB COURIER.",20260109,20260909,"TIBCOURIER PERU S.A.C.","LIMA","LIMA","LIMA",150101,45000.0000,10285.71,6857.14,"SOLES",20260707
"BID 4","PROGRAMA DE INNOVACIÓN MODERNIZACIÓN TECNOLÓGICA Y EMPRENDIMIENTO - MIPYMES DE CALIDAD",2025,"1241-PROINNOVATE-IMTEMC-2025","IMPLEMENTACIÓN Y CERTIFICACIÓN DE UN SISTEMA DE GESTIÓN DE SALUD Y SEGURIDAD OCUPACIONAL CONFORME A ISO 45001 PARA FORTALECER LA SEGURIDAD LABORAL EN GRUPO SISCOG",20251029,20260929,"GRUPO SISCOG SAC","PUENTE PIEDRA","LIMA","LIMA",150125,45000.0000,11573,7714.23,"SOLES",20260707
"BID 4","PROGRAMA DE INNOVACIÓN MODERNIZACIÓN TECNOLÓGICA Y EMPRENDIMIENTO - MIPYMES DIGITALES",2025,"1242-PROINNOVATE-IMTEMD-2025","TRANSFORMACIÓN DIGITAL DE LOS PROCESOS TÉCNICOS Y OPERATIVOS PARA OPTIMIZAR LA PLANIFICACIÓN\, CONTROL DE RENDIMIENTOS Y VALORIZACIONES EN LA PRESTACIÓN DE SERVICIOS ESPECIALIZADOS DE ACABADOS EN OBRAS DE CONSTRUCCIÓN",20251127,20260827,"J.J. PACIFIC  S.R.L.","MIRAFLORES","LIMA","LIMA",150122,45000.0000,10286,6857,"SOLES",20260707
"BID 4","PROGRAMA DE INNOVACIÓN MODERNIZACIÓN TECNOLÓGICA Y EMPRENDIMIENTO - MIPYMES DIGITALES",2025,"1243-PROINNOVATE-IMTEMD-2025","TRANSFORMACIÓN DIGITAL PARA LA OPTIMIZACIÓN DE LA GESTIÓN COMERCIAL\, FINANCIERA Y LOGÍSTICA EN EL SECTOR DE MODA Y ESTILO",20260109,20261009,"HENESSA S.A.C.","SANTIAGO DE SURCO","LIMA","LIMA",150140,44990.0000,10300,6850,"SOLES",20260707
"BID 4","PROGRAMA DE INNOVACIÓN MODERNIZACIÓN TECNOLÓGICA Y EMPRENDIMIENTO - MIPYMES DIGITALES",2025,"1244-PROINNOVATE-IMTEMD-2025","TRANSFORMACIÓN DIGITAL PARA LA OPTIMIZACION E INTEGRACIÓN DE PROCESOS COMERCIALES\, LOGISTICO\, FINANCIEROS Y CONTABLES\, DE MEDIX GROUP SAC PARA MEJORAR EL CONTROL Y EL FLUJO DE PROCESOS Y EL CONTROL DE GESTIÓN",20251107,20260807,"MEDIX GROUP S.A.C.","SAN ISIDRO","LIMA","LIMA",150131,45000.0000,10286,6857,"SOLES",20260707
"BID 4","EMPRENDIMIENTOS INNOVADORES",2025,"1246-PROINNOVATE-EIN-2025","GENERA: IA GENERATIVA CON AGENTES AUTÓNOMOS PARA MAESTROS DE EDUCACIÓN BÁSICA.",20251106,20260706,"MARQUEZ GUERRERO MIGUEL MARTIN","LA PERLA","CALLAO","CALLAO",070104,64068.2400,9158.8,18304.47,"SOLES",20260707
"BID 4","PROGRAMA DE INNOVACIÓN MODERNIZACIÓN TECNOLÓGICA Y EMPRENDIMIENTO - MIPYMES DIGITALES",2025,"1247-PROINNOVATE-IMTEMD-2025","\"DESARROLLO DE UN ECOSISTEMA DIGITAL INTEGRADO PARA LA ASESORÍA CONTABLE\, TRIBUTARIA Y FINANCIERA DE MYPES DEL NORORIENTE PERUANO\, IMPULSADO POR INTELIGENCIA ARTIFICIAL EN V C SOLUCIONES EMPRESARIALES S.A.C.\"",20251211,20260911,"V C SOLUCIONES EMPRESARIALES SAC","JAEN","JAEN","CAJAMARCA",060801,45000.0000,10292,6858,"SOLES",20260707
"BID 4","PROGRAMA DE INNOVACIÓN MODERNIZACIÓN TECNOLÓGICA Y EMPRENDIMIENTO - MIPYMES DIGITALES",2025,"1248-PROINNOVATE-IMTEMD-2025","IMPLEMENTACIÓN DE UNA SOLUCIÓN DIGITAL INTEGRAL EN LA EMPRESA COFFEE GRAIN GLOBAL SAC\, QUE PERMITA AUTOMATIZAR LOS PROCESOS DE ACOPIO\, TRAZABILIDAD Y GESTIÓN COMERCIAL DEL CAFÉ ORO EXPORTABLE DIRIGIDO A MERCADOS INTERNACIONES",20260109,20260809,"COFFEE GRAIN GLOBAL S.A.C.","JAEN","JAEN","CAJAMARCA",060801,45000.0000,10285.71,6857.14,"SOLES",20260707
"BID 4","PROGRAMA DE INNOVACIÓN MODERNIZACIÓN TECNOLÓGICA Y EMPRENDIMIENTO - MIPYMES DIGITALES",2025,"1249-PROINNOVATE-IMTEMD-2025","OPTIMIZACIÓN DE LA GESTIÓN COMERCIAL MEDIANTE UN SISTEMA INTEGRADO DE VENTAS DE REPUESTOS VEHICULARES PARA LA EMPRESA INDUSTRIAS CELPAD JRL S.A.C.",20251202,20260902,"INDUSTRIAS CELPAD JRL S.A.C.","JAEN","JAEN","CAJAMARCA",060801,45000.0000,10285.71,6857.14,"SOLES",20260707
"BID 4","PROGRAMA DE INNOVACIÓN MODERNIZACIÓN TECNOLÓGICA Y EMPRENDIMIENTO - MIPYMES DIGITALES",2025,"1250-PROINNOVATE-IMTEMD-2025","IMPLEMENTACIÓN DE UNA PLATAFORMA DIGITAL DE SEGUIMIENTO Y GESTIÓN DE LOS PROCESOS OPERATIVOS Y COMERCIALES DE UNA EMPRESA DE CONSULTORÍA DE OBRAS DE LA CIUDAD DE IQUITOS\, QUE CONLLEVE A UNA MEJOR TOMA DE DECISIONES.",20251224,20260924,"INVERSIONES Y SERVICIOS SANTA MARTHA E.I.R.L.","IQUITOS","MAYNAS","LORETO",160101,44900.0000,10260,6840,"SOLES",20260707
"BID 4","EMPRENDIMIENTOS INNOVADORES",2025,"1252-PROINNOVATE-EIN-2025","BIOJORBIAL: LÁMINA BIODEGRADABLE ELABORADA CON RECURSOS NATURALES DE LA AMAZONÍA A PARTIR DE ALMIDÓN Y RESINA VEGETAL",20251127,20260627,"LAVADO SOLSOL ANGIE VERONA","IQUITOS","MAYNAS","LORETO",160101,67000.0000,13240,16760,"SOLES",20260707
"BID 4","EMPRENDIMIENTOS INNOVADORES",2025,"1253-PROINNOVATE-EIN-2025","WABI: BEBIDA CON VITAMINAS\, MINERALES Y SABORES LOCALES",20251127,20260727,"WABI LABS S.A.C.","MIRAFLORES","LIMA","LIMA",150122,67000.0000,9930.19,19020,"SOLES",20260707
"BID 4","EMPRENDIMIENTOS INNOVADORES",2025,"1254-PROINNOVATE-EIN-2025","OPERTURI: PLATAFORMA PARA GESTIÓN DE COTIZACIONES CON IA\, COORDINACIONES Y VALIDACIONES DE RESERVAS PARA AGENCIAS DE VIAJE Y TOUR OPERADORES",20251015,20260615,"URETA CARBONE PABLO FERNANDO","LIMA","LIMA","LIMA",150101,67000.0000,9571.44,19142.84,"SOLES",20260707
"BID 4","EMPRENDIMIENTOS INNOVADORES",2025,"1255-PROINNOVATE-EIN-2025","MAIA PLAGAS: SOFTWARE DE SANEAMIENTO AMBIENTAL",20251031,20260630,"HERRERA GORRITI JAVIER DAVID","SAN ISIDRO","LIMA","LIMA",150131,67000.0000,17473,19200,"SOLES",20260707
"BID 4","PROGRAMA DE INNOVACIÓN MODERNIZACIÓN TECNOLÓGICA Y EMPRENDIMIENTO - MIPYMES DE CALIDAD",2025,"1256-PROINNOVATE-IMTEMC-2025","FORTALECIMIENTO DE LA SOSTENIBILIDAD\, SEGURIDAD Y CALIDAD EN SERMIN EIRL\, MEDIANTE LA IMPLEMENTACIÓN Y CERTIFICACIÓN DEL SISTEMA INTEGRADO DE GESTIÓN",20251118,20260918,"SERVICIOS MULTIPLES INTEGRADOS E.I.R.L.","HUANCAYO","HUANCAYO","JUNIN",120101,56000.0000,14400,9600,"SOLES",20260707
"BID 4","PROGRAMA DE INNOVACIÓN MODERNIZACIÓN TECNOLÓGICA Y EMPRENDIMIENTO - MIPYMES DE CALIDAD",2025,"1257-PROINNOVATE-IMTEMC-2025","IMPLEMENTACIÓN INTEGRADA DEL SISTEMA DE GESTIÓN DE CALIDAD ISO 9001 Y DEL SISTEMA DE GESTIÓN AMBIENTAL ISO 14001:2015 PARA OPTIMIZAR LA CALIDAD DEL SERVICIO Y LA SOSTENIBILIDAD AMBIENTAL EN LA EMPRESA OPERADOR DE AVENTURA SUPERIOR EIRL",20251031,20260731,"OPERADOR DE AVENTURA SUPERIOR EMPRESA INDIVIDUAL DE RESPONSABILIDAD LIMITADA","WANCHAQ","CUSCO","CUSCO",080108,44999.9900,11891.02,7440,"SOLES",20260707
"BID 4","PROGRAMA DE INNOVACIÓN MODERNIZACIÓN TECNOLÓGICA Y EMPRENDIMIENTO - MIPYMES DIGITALES",2025,"1258-PROINNOVATE-IMTEMD-2025","MERCADO PACHA: PLATAFORMA DE SUBASTA DIGITAL PARA IMPULSAR EL COMERCIO JUSTO Y EFICIENTE DEL CAFÉ EN LA REGIÓN  AMAZONAS",20251127,20260727,"INGENIERIA PETR SRL","JAZAN","BONGARA","AMAZONAS",010307,41120.0000,9288,6192,"SOLES",20260707
"BID 4","PROGRAMA DE INNOVACIÓN MODERNIZACIÓN TECNOLÓGICA Y EMPRENDIMIENTO - MIPYMES DIGITALES",2025,"1259-PROINNOVATE-IMTEMD-2025","OPTIMIZACIÓN DE LOS PROCESOS OPERATIVOS COMERCIALES DE LA EMPRESA SORSA RETAIL A TRAVÉS DE LA INTEGRACIÓN DE UN CRM Y DISEÑO DE UN PLAN DE MARKETING DIGITAL CON ENFOQUE OMNICANAL AL CLIENTE QUE PERMITA MEJORAR SU PRODUCTIVIDAD\, COMPETITIVIDAD Y RENTABILIDAD",20251118,20260918,"SORSA RETAIL SOCIEDAD COMERCIAL DE RESPONSABILIDAD LIMITADA","TARAPOTO","SAN MARTIN","SAN MARTIN",220901,45000.0000,10300,6857.14,"SOLES",20260707
"BID 4","PROGRAMA DE INNOVACIÓN MODERNIZACIÓN TECNOLÓGICA Y EMPRENDIMIENTO - MIPYMES DIGITALES",2025,"1260-PROINNOVATE-IMTEMD-2025","MODERNIZACIÓN DE LA GESTIÓN EMPRESARIAL EN KANAZAWA KOEN MEDIANTE LA ADOPCIÓN DE HERRAMIENTAS DIGITALES PARA EL CONTROL Y SEGUIMIENTO DE OPERACIONES.",20251202,20260902,"KANAZAWA KOEN SOCIEDAD ANONIMA CERRADA","YARINACOCHA","CORONEL PORTILLO","UCAYALI",250105,45000.0000,10286,6857,"SOLES",20260707
"BID 4","PROGRAMA DE INNOVACIÓN MODERNIZACIÓN TECNOLÓGICA Y EMPRENDIMIENTO - MIPYMES DE CALIDAD",2025,"1261-PROINNOVATE-IMTEMC-2025","IMPLEMENTACIÓN Y CERTIFICACIÓN FLO DEL CAFÉ DE LA COOPERATIVA AGRARIA DE MUJERES INTERCULTURALES DEL VRAEM LTDA QUE PERMITA EL ACCESO A MERCADOS INTERNACIONALES CON CONDICIONES JUSTAS Y ENFOQUE DE EMPODERAMIENTO FEMENINO",20251107,20260807,"COOPERATIVA AGRARIA DE MUJERES INTERCULTURALES DEL VRAEM LTDA","PANGOA","SATIPO","JUNIN",120606,44800.0000,11595,7686,"SOLES",20260707
"BID 4","EMPRENDIMIENTOS INNOVADORES",2025,"1263-PROINNOVATE-EIN-2025","NECTORA: SAAS DE INTELIGENCIA COMERCIAL EN TIEMPO REAL PARA AGROEXPORTACIÓN.",20251029,20260629,"AGTRADE TECHNOLOGIES S.A.C.","SAN MIGUEL","LIMA","LIMA",150136,66338.9800,10301.02,19040,"SOLES",20260707
"BID 4","EMPRENDIMIENTOS INNOVADORES",2025,"1264-PROINNOVATE-EIN-2025","DATASCHOOL\, PLATAFORMA\, SOSTENIBILIDAD FINANCIERA A COLEGIOS",20251118,20260718,"DATA SCHOOL PERU S.A.C.","SAN ISIDRO","LIMA","LIMA",150131,67000.0000,12260,19000,"SOLES",20260707
"BID 4","EMPRENDIMIENTOS DINAMICOS",2025,"1265-PROINNOVATE-EDI-2025","WAWKI: CREAMOS DERIVADOS PREMIUM DE VAINILLA AMAZÓNICA CON TRAZABILIDAD DIGITAL Y COMPROMISO DE COMERCIO JUSTO.",20251118,20260718,"WAWKI S.A.C.","MOYOBAMBA","MOYOBAMBA","SAN MARTIN",220101,150000.0000,24344.92,40032.16,"SOLES",20260707
"BID 4","EMPRENDIMIENTOS INNOVADORES",2025,"1266-PROINNOVATE-EIN-2025","VIGILIA\, SISTEMA INTELIGENTE QUE DETECTA POSTURAS\, CAÍDAS E INMOVILIDAD EN PERSONAS PARA PREVENIR ESCARAS Y ACCIDENTES.",20251118,20260718,"PACHAS TAVARA MARKO ANTONIO","CARABAYLLO","LIMA","LIMA",150106,66999.9900,9571.45,19142.85,"SOLES",20260707
"BID 4","PROGRAMA DE INNOVACIÓN MODERNIZACIÓN TECNOLÓGICA Y EMPRENDIMIENTO - MIPYMES DIGITALES",2025,"1267-PROINNOVATE-IMTEMD-2025","DIGITALIZACIÓN ESTRATÉGICA PARA LA OPTIMIZACIÓN DE PROCESOS LOGÍSTICOS Y DE ATENCIÓN EN SERVICIOS AUTOMOTRICES",20260109,20261009,"MULTIMARCAS ANEXAS EN GRADO E.I.R.L.","SURQUILLO","LIMA","LIMA",150141,44990.0000,10300,6850,"SOLES",20260707
"BID 4","EMPRENDIMIENTOS INNOVADORES",2025,"1268-PROINNOVATE-EIN-2025","RUFTICOS: ARTESANÍAS ECO-INNOVADORAS CON RESIDUOS DE CAFÉ",20251106,20260706,"ORTIZ GABRIEL EMILLY THAIS","VILLA RICA","OXAPAMPA","PASCO",190307,67000.0000,9598.32,19148,"SOLES",20260707
"BID 4","EMPRENDIMIENTOS INNOVADORES",2025,"1269-PROINNOVATE-EIN-2025","D A L A: IMPORTACIÓN DE PRODUCTOS DE ASIA A LATAM",20251127,20260727,"ESCOBAR TELLEZ JOSE CARLOS","MAGDALENA DEL MAR","LIMA","LIMA",150120,52078.4500,9069.64,13250,"SOLES",20260707
"BID 4","EMPRENDIMIENTOS INNOVADORES",2025,"1270-PROINNOVATE-EIN-2025","PATCH HEALING: PARCHE BIOACTIVO PARA QUEMADURAS",20251127,20260727,"BALDERA MARTINEZ KATHERINE JOAN","VENTANILLA","CALLAO","CALLAO",070106,57025.6700,15671.84,9440,"SOLES",20260707
"BID 4","EMPRENDIMIENTOS DINAMICOS",2025,"1271-PROINNOVATE-EDI-2025","BLITZ INK: ECOTINTA CON CAPACIDAD FIJADORA DE CO2",20251127,20260727,"BLITZ PRODUCTORA S.A.C.","SANTIAGO DE SURCO","LIMA","LIMA",150140,150000.0000,21428.57,42857.14,"SOLES",20260707
"BID 4","EMPRENDIMIENTOS INNOVADORES",2025,"1272-PROINNOVATE-EIN-2025","OCEAN PLASTIC SOLUTION: RECICLAMOS EL PLÁSTICO DEL MAR Y ORILLA DE PLAYAS",20251127,20260627,"OCEAN PLASTIC SOLUTION S.A.C.","SANTIAGO DE SURCO","LIMA","LIMA",150140,67000.0000,9574,19142.4,"SOLES",20260707
"BID 4","EMPRENDIMIENTOS DINAMICOS",2025,"1273-PROINNOVATE-EDI-2025","THIRD ARM: BRAZO MECÁNICO PARA DISMINUIR DAÑOS DE CARGA",20251127,20260627,"MAUER COMPANY S.A.C.","MIRAFLORES","LIMA","LIMA",150122,150000.0000,27387.89,42857.14,"SOLES",20260707
"BID 4","PROGRAMA DE INNOVACIÓN MODERNIZACIÓN TECNOLÓGICA Y EMPRENDIMIENTO - MIPYMES DE CALIDAD",2025,"1275-PROINNOVATE-IMTEMC-2025","CERTIFICACIÓN ISO 45001:2018 PARA FORTALECER LA SEGURIDAD Y COMPETITIVIDAD DE G Y S TECNICAS SAGITARIO S.R.L.",20251118,20260718,"G Y S TECNICAS SAGITARIO S.R.L.","ALTO SELVA ALEGRE","AREQUIPA","AREQUIPA",040102,45000.0000,11571.43,7714.29,"SOLES",20260707
"BID 4","EMPRENDIMIENTOS INNOVADORES",2025,"1276-PROINNOVATE-EIN-2025","PACHA: PLATAFORMA DIGITAL DE COMERCIALIZACIÓN DE CAFÉ",20251106,20260706,"TAFUR VARGAS LIZBETH","CHACHAPOYAS","CHACHAPOYAS","AMAZONAS",010101,59188.5000,12058,13350,"SOLES",20260707
"BID 4","PROGRAMA DE INNOVACIÓN MODERNIZACIÓN TECNOLÓGICA Y EMPRENDIMIENTO - MIPYMES DE CALIDAD",2025,"1277-PROINNOVATE-IMTEMC-2025","IMPLEMENTACIÓN Y CERTIFICACIÓN DEL SISTEMA DE GESTIÓN DE LA CALIDAD EN BASE A LA NORMA ISO 9001\, PARA MEJORAR LA EFICIENCIA Y CALIDAD EN LOS PROCESOS DE PRODUCCIÓN DE ROYAL RAYMI SAC",20251029,20260829,"ROYAL RAYMI S.A.C","SAN JUAN BAUTISTA","HUAMANGA","AYACUCHO",050110,42000.0000,10800,7200,"SOLES",20260707
"BID 4","PROGRAMA DE INNOVACIÓN MODERNIZACIÓN TECNOLÓGICA Y EMPRENDIMIENTO - MIPYMES DE CALIDAD",2025,"1278-PROINNOVATE-IMTEMC-2025","CERTIFICACIÓN BASC PARA BUENA VISTA S.A.C.: SEGURIDAD\, CONFIANZA Y EXPANSIÓN COMERCIAL EN CADENAS DE VALOR NACIONALES E INTERNACIONALES",20251107,20261007,"BUENA VISTA SOCIEDAD ANONIMA CERRADA AGENCIA DE ADUANA","SAN MIGUEL","LIMA","LIMA",150136,45000.0000,11580,7710,"SOLES",20260707
"BID 4","PROGRAMA DE INNOVACIÓN MODERNIZACIÓN TECNOLÓGICA Y EMPRENDIMIENTO - MIPYMES DE CALIDAD",2025,"1279-PROINNOVATE-IMTEMC-2025","\"MEJORA DE PROCESOS Y GESTION DE CALIDAD CON EL LOGRO DE LA CERTIFICACION INTERNACIONAL ISO 9001:2015",20251202,20260902,"CORPORACION EMPRESARIAL CARDENAS S.A.C.","TRUJILLO","TRUJILLO","LA LIBERTAD",130101,42000.0000,10800,7200,"SOLES",20260707
"BID 4","EMPRENDIMIENTOS DINAMICOS",2025,"1281-PROINNOVATE-EDI-2025","MOVIL PRINT: INTEGRAR LA TECNOLOGÍA DE CUSTOMIZACIÓN EN VIVO CON EL RUBRO RETAIL MODERNO.",20251106,20260706,"MOVIL PRINT S.A.C.","BREÑA","LIMA","LIMA",150105,140001.0000,22650,37350.43,"SOLES",20260707
"BID 4","PROGRAMA DE INNOVACIÓN MODERNIZACIÓN TECNOLÓGICA Y EMPRENDIMIENTO - MIPYMES DE CALIDAD",2025,"1282-PROINNOVATE-IMTEMC-2025","IMPLEMENTACIÓN Y CERTIFICACIÓN ORGANICA EN LA ASOCIACION FINCA FLOR DE CAFÉ CON EL OBJETIVO DE ACCEDER A NUEVOS MERCADOS INTERNACIONALES E INCREMENTAR SU PRODUCTIVIDAD",20251031,20260630,"ASOCIACION FINCA FLOR DE CAFE","JAEN","JAEN","CAJAMARCA",060801,44974.2600,12235.74,7040,"SOLES",20260707
"BID 4","PROGRAMA DE INNOVACIÓN MODERNIZACIÓN TECNOLÓGICA Y EMPRENDIMIENTO - MIPYMES DE CALIDAD",2025,"1284-PROINNOVATE-IMTEMC-2025","CERTIFICACIÓN DEL SISTEMA INTEGRADO DE GESTIÓN EN CONSTRUCTORA BEJARANO S.A.C. BAJO LAS NORMAS ISO 9001\, ISO 14001 E ISO 45001 PARA FORTALECER SU COMPETITIVIDAD Y ACCESO A NUEVOS MERCADOS ESTRATÉGICOS.",20251211,20260911,"CONSTRUCTORA BEJARANO S.A.C.","AREQUIPA","AREQUIPA","AREQUIPA",040101,60000.0000,15428.58,10285.71,"SOLES",20260707
"BID 4","PROGRAMA DE INNOVACIÓN MODERNIZACIÓN TECNOLÓGICA Y EMPRENDIMIENTO - MIPYMES DE CALIDAD",2025,"1285-PROINNOVATE-IMTEMC-2025","IMPLEMENTACIÓN DEL SISTEMA DE GESTIÓN DE SEGURIDAD Y SALUD EN EL TRABAJO BASADO EN LA NORMA ISO 45001:2018 EN EL CENTRO ÓPTICO GUILLEN TAMAYO",20251103,20260703,"CENTRO OPTICO GUILLEN TAMAYO S.R.L.","AREQUIPA","AREQUIPA","AREQUIPA",040101,45000.0000,11590,7714.28,"SOLES",20260707
"BID 4","PROGRAMA DE INNOVACIÓN MODERNIZACIÓN TECNOLÓGICA Y EMPRENDIMIENTO - MIPYMES DE CALIDAD",2025,"1286-PROINNOVATE-IMTEMC-2025","\"IMPLEMENTACIÓN Y CERTIFICACIÓN DEL SISTEMA DE GESTIÓN AMBIENTAL ISO 14001:2015 PARA LA MITIGACION Y CONTROL DEL IMPACTO AMBIENTAL EN LAS OPERACIONES DE LA EMPRESA HOSTAL LA POSADA DEL MOCHILERO EMPRESA INDIVIDUAL DE RESPONSABILIDAD LIMITADA\"",20251106,20260806,"HOSTAL LA POSADA DEL MOCHILERO EMPRESA INDIVIDUAL DE RESPONSABILIDAD LIMITADA","AREQUIPA","AREQUIPA","AREQUIPA",040101,45000.0000,11571.43,7714.28,"SOLES",20260707
"BID 4","EMPRENDIMIENTOS INNOVADORES",2025,"1287-PROINNOVATE-EIN-2025","SMARTMENTOR360: PLATAFORMA SAAS CON IA CON EVALUACIÓN ONLINE\, REPORTES Y PLAN PERSONALIZADO\, DIRIGIDA A EMPRESAS.",20251106,20260706,"VINCES CLARKE LUZ MARIA","SANTIAGO DE SURCO","LIMA","LIMA",150140,66999.9600,9571.42,19142.85,"SOLES",20260707
"BID 4","EMPRENDIMIENTOS INNOVADORES",2025,"1289-PROINNOVATE-EIN-2025","ESCUELA BEC: CURSOS ONLINE Y ASISTENTE IA POST-CURSO QUE ACOMPAÑA Y ASESORA A PROVEEDORES DE EVENTOS EN SU TRABAJO REAL.",20251106,20260706,"NAPURI VILLANUEVA YSRAEL FRANCIS","BARRANCO","LIMA","LIMA",150104,67000.0000,9681.69,19145,"SOLES",20260707
"BID 4","PROGRAMA DE INNOVACIÓN MODERNIZACIÓN TECNOLÓGICA Y EMPRENDIMIENTO - MIPYMES DE CALIDAD",2025,"1291-PROINNOVATE-IMTEMC-2025","DESARROLLO Y CERTIFICACIÓN DE UN SGC BAJO LA NORMA ISO 9001 EN LA CONSTRUCTORA Y COMERCIALIZADORA J.M.L. S.R.L CON EL OBJETIVO DE INGRESAR A MERCADOS Y MEJORAR NUESTROS PROCESOS INTERNOS.",20251118,20260918,"CONSTRUCTORA Y COMERCIALIZADORA J.M.L. S.R.L.","CAYMA","AREQUIPA","AREQUIPA",040103,45000.0000,11571.43,7714.28,"SOLES",20260707
"BID 4","PROGRAMA DE INNOVACIÓN MODERNIZACIÓN TECNOLÓGICA Y EMPRENDIMIENTO - MIPYMES DE CALIDAD",2025,"1292-PROINNOVATE-IMTEMC-2025","IMPLEMENTACIÓN Y CERTIFICACIÓN DEL SISTEMA DE GESTIÓN DE CALIDAD\, MEDIO AMBIENTE Y SEGURIDAD BASADO EN LAS NORMAS ISO 9001\, ISO 14001 E ISO 45001 PARA LA GESTIÓN DE PRODUCTOS MÉDICOS ODONTOLÓGICOS DE BLANSAC.",20251118,20261018,"BLANCSAC IMPORTACIONES SOCIEDAD ANONIMA CERRADA","LIMA","LIMA","LIMA",150101,60000.0000,15428.62,10285.66,"SOLES",20260707
"BID 4","EMPRENDIMIENTOS INNOVADORES",2025,"1293-PROINNOVATE-EIN-2025","UBICABIEN: PLATAFORMA DE GEOVERIFICACIÓN INTELIGENTE PARA DECISIONES EN INVERSIONES INMOBILIARIAS.",20251118,20260718,"VELA CACERES ESTELI CELESTE","MIRAFLORES","AREQUIPA","AREQUIPA",040110,67000.0000,9571.43,19142.85,"SOLES",20260707
"BID 4","PROGRAMA DE INNOVACIÓN MODERNIZACIÓN TECNOLÓGICA Y EMPRENDIMIENTO - MIPYMES DE CALIDAD",2025,"1294-PROINNOVATE-IMTEMC-2025","CERTIFICACIÓN ISO 9001 EN MEDINA QUINO 7 EJECUTORES Y CONSULTORES S.A.C. CON LA FINALIDAD DE FORTALECER SU POSICIONAMIENTO EN EL MERCADO Y MEJORAR LA PRODUCTIVIDAD DE SUS OPERACIONES",20251230,20260930,"MEDINA QUINO 7 EJECUTORES Y CONSULTORES S.A.C.","SOCABAYA","AREQUIPA","AREQUIPA",040122,45000.0000,11571.49,7714.23,"SOLES",20260707
"BID 4","EMPRENDIMIENTOS INNOVADORES",2025,"1296-PROINNOVATE-EIN-2025","INSPECTIA: INSPECCIÓN REMOTA CON IA EN ESPACIOS CONFINADOS PARA INDUSTRIAS SEGURAS.",20251106,20260706,"CASTILLO ARCE OSCAR PATRICIO IGNACIO","SAN BORJA","LIMA","LIMA",150130,67000.0000,9571.43,19142.86,"SOLES",20260707
"BID 4","EMPRENDIMIENTOS INNOVADORES",2025,"1297-PROINNOVATE-EIN-2025","AMC SEGURIDAD SOSTENIBLE: SISTEMA DE ALARMA VECINAL SOSTENIBLE",20251127,20260627,"ALVA POLO CESAR ADRIAN","","","","",55000.0000,2580,21500,"SOLES",20260707
"BID 4","PROGRAMA DE INNOVACIÓN MODERNIZACIÓN TECNOLÓGICA Y EMPRENDIMIENTO - MIPYMES DIGITALES",2025,"1299-PROINNOVATE-IMTEMD-2025","IMPLEMENTACIÓN DE SISTEMA DIGITAL INTEGRAL DE CONTROL DE INVENTARIO Y EMISIÓN DE PRESUPUESTOS PARA LA INMEDIATEZ DE RESPUESTA A CLIENTES Y MEJORA DE COMPETITIVIDAD EN SERPER SAC",20260204,20261104,"SERVICIOS Y PERSONAL SOCIEDAD ANONIMA CERRADA - SERPER SAC","CIENEGUILLA","LIMA","LIMA",150109,45000.0000,10285.71,6857.14,"SOLES",20260707
"BID 4","PROGRAMA DE INNOVACIÓN MODERNIZACIÓN TECNOLÓGICA Y EMPRENDIMIENTO - MIPYMES DIGITALES",2025,"1300-PROINNOVATE-IMTEMD-2025","TRANSFORMACIÓN DIGITAL PARA LA OPTIMIZACIÓN DEL PROCESO PRODUCTIVO DE ONEDATA Y LA GESTIÓN POR INDICADORES",20251118,20260818,"ONEDATA TECHNOLOGY S.A.C.","SANTIAGO DE SURCO","LIMA","LIMA",150140,45000.0000,10286,6857,"SOLES",20260707
"BID 4","PROGRAMA DE INNOVACIÓN MODERNIZACIÓN TECNOLÓGICA Y EMPRENDIMIENTO - MIPYMES DIGITALES",2025,"1301-PROINNOVATE-IMTEMD-2025","MEJORAR LA PRODUCTIVIDAD COMERCIAL MEDIANTE IMPLEMENTACIÓN DE HERRAMIENTAS DIGITALES QUE PERMITA AUMENTAR LAS VENTAS Y MEJORAR EL POSICIONAMIENTO ONLINE DE LA EMPRESA INNOVALINK",20251224,20260924,"INNOVALINK S.A.C.","MIRAFLORES","LIMA","LIMA",150122,45000.0000,10286,6857,"SOLES",20260707
"BID 4","EMPRENDIMIENTOS INNOVADORES",2025,"1302-PROINNOVATE-EIN-2025","FUTURUM: PLATAFORMA EDUCATIVA QUE CONECTA TUTORES ESPECIALIZADOS CON ALUMNOS Y QUE USA LA IA PARA HACER EL SEGUIMIENTO ACADÉMICO",20251106,20260706,"GRUPO FUTURUM E-LEARNING SOCIEDAD ANONIMA CERRADA","CERRO COLORADO","AREQUIPA","AREQUIPA",040104,67000.0000,9571.48,19142.8,"SOLES",20260707
"BID 4","EMPRENDIMIENTOS INNOVADORES",2025,"1303-PROINNOVATE-EIN-2025","FLEXWORK LATAM: PLATAFORMA IMPULSADA POR IA QUE CONECTA A LAS EMPRESAS CON EL TALENTO ADECUADO\, OPTIMIZANDO LA BÚSQUEDA Y SELECCIÓN DE PERSONAL.",20251124,20260724,"FLEXWORK LATAM S.A.C.S.","MIRAFLORES","LIMA","LIMA",150122,61872.7600,8838.97,17677.93,"SOLES",20260707
"BID 4","EMPRENDIMIENTOS INNOVADORES",2025,"1304-PROINNOVATE-EIN-2025","MINE-TRACK AI: MONITOREO Y OPMITIZACION INTELIGENTE DE MANTENIMIENTO MINERO",20251211,20260811,"CRUZ CHULLO ELVIS RONALD","CERRO COLORADO","AREQUIPA","AREQUIPA",040104,66943.4400,11533.56,18560.4,"SOLES",20260707
"BID 4","EMPRENDIMIENTOS DINAMICOS",2025,"1305-PROINNOVATE-EDI-2025","CREZCO LATAM: PLATAFORMA DE EDUCACIÓN FINANCIERA CON IA",20251106,20260706,"TARGOX PERU S.A.C.","MIRAFLORES","LIMA","LIMA",150122,141018.9800,40780.68,26810,"SOLES",20260707
"BID 4","PROGRAMA DE INNOVACIÓN MODERNIZACIÓN TECNOLÓGICA Y EMPRENDIMIENTO - MIPYMES DE CALIDAD",2025,"1306-PROINNOVATE-IMTEMC-2025","IMPLEMENTACIÓN DE LAS NORMAS ISO 37001\, ISO 14001 E ISO 45001 EN LA EMPRESA SERVICIOS DE SALUD Y MEDIO AMBIENTE S.A.C.",20251118,20260918,"SERVICIOS DE SALUD Y MEDIO AMBIENTE SAC","SAN BORJA","LIMA","LIMA",150130,58242.0100,21919.59,3300,"SOLES",20260707
"BID 4","PROGRAMA DE INNOVACIÓN MODERNIZACIÓN TECNOLÓGICA Y EMPRENDIMIENTO - MIPYMES DE CALIDAD",2025,"1307-PROINNOVATE-IMTEMC-2025","MEJORA DE PROCESOS EN LIDERA DIGITAL S.A.C.\, A TRAVÉS DEL DIAGNÓSTICO\, DISEÑO\, IMPLEMENTACIÓN Y CERTIFICACIÓN DEL SISTEMA DE GESTIÓN DE LA CALIDAD ISO 9001:2015 QUE PERMITA MEJORAR LA TRAZABILIDAD DE LAS OPERACIONES",20251211,20260911,"LIDERA DIGITAL S.A.C.","MAGDALENA DEL MAR","LIMA","LIMA",150120,39736.7300,10763.27,6303,"SOLES",20260707
"BID 4","PROGRAMA DE INNOVACIÓN MODERNIZACIÓN TECNOLÓGICA Y EMPRENDIMIENTO - MIPYMES DE CALIDAD",2025,"1308-PROINNOVATE-IMTEMC-2025","IMPLEMENTACIÓN Y CERTIFICACIÓN ISO 9001:2015 PARA LA MEJORA DE PROCESOS INTERNOS Y GESTIÓN DE REQUISITOS DE CLIENTES EN SERVICIO REVOLUCIONARIO HOSPITALARIO S.A.C.",20251107,20260907,"SERVICIO REVOLUCIONARIO HOSPITALARIO SOCIEDAD ANONIMA CERRADA - SRH S.A.C.","CALLAO","CALLAO","CALLAO",070101,45000.0000,11571.46,7714.25,"SOLES",20260707
"BID 4","PROGRAMA DE INNOVACIÓN MODERNIZACIÓN TECNOLÓGICA Y EMPRENDIMIENTO - MIPYMES DIGITALES",2025,"1309-PROINNOVATE-IMTEMD-2025","IMPLEMENTACIÓN DE UNA SOLUCIÓN TECNOLÓGICA INTEGRAL PARA AUTOMATIZAR LOS PROCESOS CLAVE DE C&M ELAN\, PARA AUMENTO DE SU RENTABILIDAD Y FORTALECER SU POSICIÓN COMPETITIVA EN EL MERCADO TEXTIL",20260203,20261103,"CM ELAN EMPRESA INDIVIDUAL DE RESPONSABILIDAD LIMITADA","JULIACA","SAN ROMAN","PUNO",211101,45000.0000,10285.71,6857.14,"SOLES",20260707
"BID 4","EMPRENDIMIENTOS DINAMICOS",2025,"1311-PROINNOVATE-EDI-2025","MAYUGO: PLATAFORMA PARA CAPACITACIONES DE COLABORADORES QUE GESTIONA EL AVANCE DE DESARROLLO DE CAPACIDADES.",20251127,20260627,"MAYUGO EDUCATION SOCIEDAD ANONIMA CERRADA","HUANUCO","HUANUCO","HUANUCO",100101,150000.0000,22065.93,42857.14,"SOLES",20260707
"BID 4","EMPRENDIMIENTOS INNOVADORES",2025,"1313-PROINNOVATE-EIN-2025","AMELIA TU ASISTENTE IA PARA ENSEÑAR E INSPIRAR CON STEAM",20251127,20260727,"GAMBERINI COZ CARLA PATRICIA","MIRAFLORES","LIMA","LIMA",150122,67000.0000,10929.6,19200,"SOLES",20260707
"BID 4","PROGRAMA DE INNOVACIÓN MODERNIZACIÓN TECNOLÓGICA Y EMPRENDIMIENTO - MIPYMES DE CALIDAD",2025,"1314-PROINNOVATE-IMTEMC-2025","DIAGNOSTICO\, IMPLEMENTACION Y CERTIFICACION ORGANICA CON EL OBJETIVO DE PROMOVER LA CONSERVACION DE LA BIODIVERSIDAD Y ACCEDER A MERCADOS NACIONALES E INTERNACIONALES EN LA COOPERATIVA AGRARIA VALLE DEL MARAÑON DE LA PROVINCIA DE JAEN - REGION CAJAMARCA",20251202,20260902,"COOPERATIVA AGRARIA VALLE DEL MARAÑON","JAEN","JAEN","CAJAMARCA",060801,45000.0000,12465.2,6857.07,"SOLES",20260707
"BID 4","PROGRAMA DE INNOVACIÓN MODERNIZACIÓN TECNOLÓGICA Y EMPRENDIMIENTO - MIPYMES DE CALIDAD",2025,"1315-PROINNOVATE-IMTEMC-2025","IMPLEMENTACIÓN Y CERTIFICACIÓN DE LA NORMA ORGÁNICA EN LA PRODUCCIÓN Y COMERCIALIZACIÓN DE CAFÉ QUE PERMITA INCREMENTAR LA COMPETITIVIDAD Y FACILITAR EL INGRESO A MERCADOS DIFERENCIADOS INTERNACIONALES EN LA ASOCIACIÓN VALLEY COFFEE NORTH PERU\, CAJAMARCA",20251118,20260818,"ASOCIACION DE PRODUCTORES AGROPECUARIOS VALLEY COFFEE NORTH PERU","JAEN","JAEN","CAJAMARCA",060801,45000.0000,11680,7714.3,"SOLES",20260707
"BID 4","EMPRENDIMIENTOS INNOVADORES",2025,"1316-PROINNOVATE-EIN-2025","MYWORKIN: PLATAFORMA DE EMPLEABILIDAD QUE CONECTA A ESTUDIANTES UNIVERSITARIOS CON SU PRIMER EMPLEO.",20251127,20260727,"RODRIGUEZ FRANCO DIEGO","LA MOLINA","LIMA","LIMA",150114,67000.0000,11959.92,16900,"SOLES",20260707
"BID 4","PROGRAMA DE INNOVACIÓN MODERNIZACIÓN TECNOLÓGICA Y EMPRENDIMIENTO - MIPYMES DE CALIDAD",2025,"1318-PROINNOVATE-IMTEMC-2025","IMPLEMENTACIÓN Y CERTIFICACIÓN DE LA NORMA ISO 21001 EN LA INSTITUCIÓN EDUCATIVA DAYPER E.I.R.L. PARA GENERAR UNA VENTAJA COMPETITIVA Y MEJORA DE SUS PROCESOS",20251118,20260918,"DAYPER-PERU E.I.R.L.","TACNA","TACNA","TACNA",230101,45000.0000,11571.43,7714.28,"SOLES",20260707
"BID 4","PROGRAMA DE INNOVACIÓN MODERNIZACIÓN TECNOLÓGICA Y EMPRENDIMIENTO - MIPYMES DE CALIDAD",2025,"1319-PROINNOVATE-IMTEMC-2025","CERTIFICACIÓN FORESTAL FSC CADENA DE CUSTODIA (COC) DE LA EMPRESA GESTIONES FORESTALES JANTARI SRL",20251230,20260930,"GESTIONES FORESTALES JANTARI  S.R.L.","CALLERIA","CORONEL PORTILLO","UCAYALI",250101,45000.0000,11571.45,7714.26,"SOLES",20260707
"BID 4","EMPRENDIMIENTOS INNOVADORES",2025,"1320-PROINNOVATE-EIN-2025","DEDÚCELO",20251202,20260802,"PILCO PRADO LUCAS MANUEL","ALTO SELVA ALEGRE","AREQUIPA","AREQUIPA",040102,67000.0000,16390,18376,"SOLES",20260707
"BID 4","PROGRAMA DE INNOVACIÓN MODERNIZACIÓN TECNOLÓGICA Y EMPRENDIMIENTO - MIPYMES DIGITALES",2025,"1321-PROINNOVATE-IMTEMD-2025","IMPLEMENTACIÓN DE UNA PLATAFORMA SMARTBOOKING Y MARKETING DIGITAL PARA MEJORAR LA EXPERIENCIA DE LOS CLIENTES DEL CONSULTORIO MÉDICO SALUD STÉTIK S.A.C.",20260226,20261026,"CONSULTORIO MEDICO SALUD STETIK S.A.C.","JAEN","JAEN","CAJAMARCA",060801,45000.0000,10285.71,6857.14,"SOLES",20260707
"BID 4","PROGRAMA DE INNOVACIÓN MODERNIZACIÓN TECNOLÓGICA Y EMPRENDIMIENTO - MIPYMES DE CALIDAD",2025,"1322-PROINNOVATE-IMTEMC-2025","IMPLEMENTACIÓN Y CERTIFICACIÓN DE UN SISTEMA DE GESTIÓN DE CALIDAD BASADO EN LA NORMA ISO 9001:2015 EN LOS PROCESOS DE PRODUCCIÓN DE FEDSEG S.A.C.",20251230,20260630,"FEDSEG SAC","LA VICTORIA","LIMA","LIMA",150115,44737.2800,12312.72,6860.4,"SOLES",20260707
"BID 4","PROGRAMA DE INNOVACIÓN MODERNIZACIÓN TECNOLÓGICA Y EMPRENDIMIENTO - MIPYMES DE CALIDAD",2025,"1323-PROINNOVATE-IMTEMC-2025","IMPLEMENTACIÓN Y CERTIFICACIÓN DE LA NORMA ISO 27001:2022\, PARA GESTIONAR LA SEGURIDAD DE LA INFORMACIÓN DE TK BUSINESS ONLINE S.A.C",20251118,20260718,"TK BUSINESS ONLINE S.A.C.","LA MOLINA","LIMA","LIMA",150114,45000.0000,11571.43,7714.29,"SOLES",20260707
"BID 4","PROGRAMA DE INNOVACIÓN MODERNIZACIÓN TECNOLÓGICA Y EMPRENDIMIENTO - MIPYMES DIGITALES",2025,"1325-PROINNOVATE-IMTEMD-2025","DIGITALIZACIÓN ESTRATÉGICA PARA LA EXPANSIÓN COMERCIAL Y LA OPTIMIZACIÓN DE SERVICIOS DE FORMACIÓN Y GESTIÓN HUMANA EN LA EMPRESA CMC & SOLUCIONES EN GESTION HUMANA E.I.R.L.",20251224,20261124,"CMC & SOLUCIONES EN GESTION HUMANA E.I.R.L.","SAN ISIDRO","LIMA","LIMA",150131,45000.0000,10285.72,6857.14,"SOLES",20260707
"BID 4","PROGRAMA DE INNOVACIÓN MODERNIZACIÓN TECNOLÓGICA Y EMPRENDIMIENTO - MIPYMES DE CALIDAD",2025,"1326-PROINNOVATE-IMTEMC-2025","CERTIFICACIÓN ORGÁNICA EN LA PRODUCCIÓN Y COMERCIALIZACIÓN DE CAFÉ ORO EXPORTABLE EN LA COOPERATIVA AGRARIA AROMA CAMPOCAFÉ DE LUYA - AMAZONAS\, PARA EXPANDIR SU PRESENCIA EN EL MERCADO NACIONAL Y ACCEDER A OPORTUNIDADES DE EXPORTACIÓN.",20260109,20260909,"COOPERATIVA AGRARIA AROMA CAMPOCAFE","CAMPORREDONDO","LUYA","AMAZONAS",010502,45000.0000,11880,7715.4,"SOLES",20260707
"BID 4","PROGRAMA DE INNOVACIÓN MODERNIZACIÓN TECNOLÓGICA Y EMPRENDIMIENTO - MIPYMES DE CALIDAD",2025,"1327-PROINNOVATE-IMTEMC-2025","IMPLEMENTACIÓN Y CERTIFICACIÓN DEL SISTEMA DE GESTIÓN DE LA CALIDAD BASADO EN LA NORMA ISO 9001:2015 EN QUECHUA S.A.C.",20251127,20260927,"QUECHUA S.A.C.","HUARAZ","HUARAZ","ANCASH",020101,43500.0000,11200,7450,"SOLES",20260707
"BID 4","PROGRAMA DE INNOVACIÓN MODERNIZACIÓN TECNOLÓGICA Y EMPRENDIMIENTO - MIPYMES DE CALIDAD",2025,"1329-PROINNOVATE-IMTEMC-2025","IMPLEMENTACIÓN Y CERTIFICACIÓN DEL SISTEMA DE GESTIÓN DE CALIDAD BASADO EN LA NORMA ISO  9001:2015 PARA LA EMPRESA LAVERO INGENIERIA Y CONSTRUCCION S.A.C",20251230,20261030,"LAVERO INGENIERIA Y CONSTRUCCION S.A.C.","ATE","LIMA","LIMA",150103,44991.5200,11580.79,7712.84,"SOLES",20260707
"BID 4","PROGRAMA DE INNOVACIÓN MODERNIZACIÓN TECNOLÓGICA Y EMPRENDIMIENTO - MIPYMES DE CALIDAD",2025,"1330-PROINNOVATE-IMTEMC-2025","LOGRO DE CERTIFICACIÓN E IMPLEMENTACIÓN DE CALIDAD SEGÚN LA NORMA ISO 9001:2015 EN MEDILABORIS S.A.C",20260203,20261003,"MEDILABORIS S.A.C.","MAGDALENA DEL MAR","LIMA","LIMA",150120,42000.0000,10800,7200,"SOLES",20260707
"BID 4","PROGRAMA DE INNOVACIÓN MODERNIZACIÓN TECNOLÓGICA Y EMPRENDIMIENTO - MIPYMES DIGITALES",2025,"1332-PROINNOVATE-IMTEMD-2025","DISEÑO E IMPLEMENTACIÓN DE UNA ESTRATEGIA DIGITAL INTEGRAL PARA LA MEJORA DE PROCESOS PRODUCTIVOS\, COMERCIALES Y DE MARKETING EN MASVIDRIO E.I.R.L.",20251118,20260818,"MASVIDRIO EIRL","CHORRILLOS","LIMA","LIMA",150108,45000.0000,10285.71,6857.14,"SOLES",20260707
"BID 4","EMPRENDIMIENTOS DINAMICOS",2025,"1333-PROINNOVATE-EDI-2025","RULEA - PLATAFORMA DE REFUERZO Y MEDICIÓN POR COMPETENCIAS",20251222,20260822,"LA RULA TALLER E.I.R.L.","MIRAFLORES","LIMA","LIMA",150122,135539.1700,25015.24,34400,"SOLES",20260707
"BID 4","PROGRAMA DE INNOVACIÓN MODERNIZACIÓN TECNOLÓGICA Y EMPRENDIMIENTO - MIPYMES DE CALIDAD",2025,"1334-PROINNOVATE-IMTEMC-2025","NIBBLE: FORTALECIENDO LA COMPETITIVIDAD EMPRESARIAL MEDIANTE LA CERTIFICACIÓN ISO 27001",20251107,20260807,"NIBBLE CORPORATION TECH & SOLUTIONS SOCIEDAD ANONIMA CERRADA","CIUDAD NUEVA","TACNA","TACNA",230104,31500.0000,8100,5400,"SOLES",20260707
"BID 4","EMPRENDIMIENTOS INNOVADORES",2025,"1335-PROINNOVATE-EIN-2025","PEZCONFIABLE: TRAZABILIDAD EN LA PESCA ARTESANAL. PLATAFORMA DIGITAL QUE CONECTA PESCADORES ARTESANALES CON DISTRIBUIDORES Y RESTAURANTES.",20251127,20260727,"GONZALES MARIÑO VANESSA","SAN MARTIN DE PORRES","LIMA","LIMA",150135,67000.0000,9571.44,19142.85,"SOLES",20260707
"BID 4","EMPRENDIMIENTOS INNOVADORES",2025,"1337-PROINNOVATE-EIN-2025","FINANGHER",20251118,20260618,"FINANGHER S.A.C. BIC","PARDO MIGUEL","RIOJA","SAN MARTIN",220805,67000.0000,9640.04,19139.96,"SOLES",20260707
"BID 4","PROGRAMA DE INNOVACIÓN MODERNIZACIÓN TECNOLÓGICA Y EMPRENDIMIENTO - MIPYMES DE CALIDAD",2025,"1338-PROINNOVATE-IMTEMC-2025","IMPLEMENTACIÓN Y CERTIFICACIÓN DEL SISTEMA DE GESTIÓN DE SEGURIDAD Y SALUD EN EL TRABAJO ISO 45001:2018 EN LA EMPRESA REVIVAL BK S.R.L.",20260203,20261003,"REVIVAL BK S.R.L.","CALLAO","CALLAO","CALLAO",070101,43482.0100,11777.99,6857.16,"SOLES",20260707
"BID 4","PROGRAMA DE INNOVACIÓN MODERNIZACIÓN TECNOLÓGICA Y EMPRENDIMIENTO - MIPYMES DE CALIDAD",2025,"1340-PROINNOVATE-IMTEMC-2025","IMPLEMENTACIÓN Y CERTIFICACIÓN DEL SISTEMA HACCP EN LA LÍNEA DE ELABORACIÓN DE PULPA Y REFRESCOS CONCENTRADOS DE FRUTAS DE LA EMPRESA PROCEFRUT PERÚ SAC",20251118,20260818,"PROCEFRUT PERU SAC","PACHACAMAC","LIMA","LIMA",150123,44898.3200,12531.68,7680,"SOLES",20260707
"BID 4","Startup Perú PLUG - Atracción de Emprendedores Extranjeros - CAMBIO CLIMÁTICO",2025,"1341-PROINNOVATE-AEECC-2025","AGRONOMIA: SOLUCIÓN INTEGRAL QUE UTILIZA IOT\, IA\, MACHINE LEARNING Y BLOCKCHAIN PARA LA DETECCIÓN TEMPRANA DE ANOMALÍAS EN VIÑEDOS ORGÁNICOS.",20251128,20260928,"FIELD IN SENSE S.A.C.S.","SANTIAGO DE SURCO","LIMA","LIMA",150140,150000.0000,29000,42000,"SOLES",20260707
"BID 4","PROGRAMA DE INNOVACIÓN MODERNIZACIÓN TECNOLÓGICA Y EMPRENDIMIENTO - MIPYMES DE CALIDAD",2025,"1342-PROINNOVATE-IMTEMC-2025","FORTALECIMIENTO DE LA GESTIÓN ORGANIZACIONAL MEDIANTE LA IMPLEMENTACIÓN Y CERTIFICACIÓN DE LA TRINORMA ISO 27001\, ISO 20000-1 E ISO 14001",20251211,20260911,"GRUPO GSD S.A.C.","SANTIAGO DE SURCO","LIMA","LIMA",150140,60000.0000,15500,10280,"SOLES",20260707
"BID 4","EMPRENDIMIENTOS INNOVADORES",2025,"1343-PROINNOVATE-EIN-2025","KOLE: PLATAFORMA QUE CENTRALIZA Y AUTOMATIZA PROCESOS ESCOLARES (COMUNICADOS\, NOTAS\, ASISTENCIAS) CON RFID O NFC E IA",20251118,20260718,"GIL PELAEZ ALONSO ALAIN","TRUJILLO","TRUJILLO","LA LIBERTAD",130101,67000.0000,9571.44,19142.84,"SOLES",20260707
"BID 4","EMPRENDIMIENTOS INNOVADORES",2025,"1344-PROINNOVATE-EIN-2025","PERREANDO: APP QUE CONECTA DE MANERA SEGURA A DOGLOVERS CON LUGARES Y NEGOCIOS PETFRIENDLY.",20251127,20260727,"BRIONES CABANILLAS MARLEJ BEATRICE","SANTIAGO DE SURCO","LIMA","LIMA",150140,67000.0000,9571.43,19142.86,"SOLES",20260707
"BID 4","PROGRAMA DE INNOVACIÓN MODERNIZACIÓN TECNOLÓGICA Y EMPRENDIMIENTO - MIPYMES DIGITALES",2025,"1345-PROINNOVATE-IMTEMD-2025","IMPLEMENTACION DE SOLUCIONES DIGITALES PARA CUBRIR LAS BRECHAS PENDIENTES DE LA COMPAÑIA",20251211,20260911,"MAUVAL SERVICIOS GENERALES S.A.C.","LINCE","LIMA","LIMA",150116,45000.0000,10285.71,6857.14,"SOLES",20260707
"BID 4","PROGRAMA DE INNOVACIÓN MODERNIZACIÓN TECNOLÓGICA Y EMPRENDIMIENTO - MIPYMES DE CALIDAD",2025,"1346-PROINNOVATE-IMTEMC-2025","FORTALECIMIENTO DE LOS PROCESOS PRODUCTIVOS Y DE GESTIÓN EN ECOSMUC MEDIANTE LA CERTIFICACIÓN ISO 9001\, 14001 Y 45001 PARA CONSOLIDAR SU LIDERAZGO EN LA FABRICACIÓN DE ESTRUCTURAS METÁLICAS\, MEJORANDO LA CALIDAD\, SOSTENIBILIDAD AMBIENTAL Y LA SEGURIDAD LABORAL",20260109,20261109,"EMPRESA COMUNAL DE SERVICIOS MULTIPLES CCOCCARETA SOCIEDAD ANONIMA","ESPINAR","ESPINAR","CUSCO",080801,59033.3300,15180,10120,"SOLES",20260707
"BID 4","EMPRENDIMIENTOS DINAMICOS",2025,"1347-PROINNOVATE-EDI-2025","FLASHBOX: LOGÍSTICA VERDE CON MICROALMACENES INTELIGENTES",20251118,20260618,"NIREX PERU S.A.C.","VILLA EL SALVADOR","LIMA","LIMA",150142,149432.2100,22157.79,42199.99,"SOLES",20260707
"BID 4","INNOVACIÓN EMPRESARIAL",2025,"1348-PROINNOVATE-PIEC1-2025","ACTUALIZACIÓN DEL SISTEMA SOFICOOP PARA SER DISTRIBUIDO BAJO UN ESQUEMA DE SOFTWARE COMO SERVICIO (SAAS) E INCORPORACIÓN DE LINEAMIENTOS DE OPEN BANKING Y ESTANDARES DE DESARROLLO SEGURO DE APLICACIONES (PCI DSS Y OWASP)",20251201,20260801,"SOLUCIONES INTEGRALES ELS S.A.C","HUANCAYO","HUANCAYO","JUNIN",120101,199790.0000,25620,166850,"SOLES",20260707
"BID 4","PROGRAMA DE INNOVACIÓN MODERNIZACIÓN TECNOLÓGICA Y EMPRENDIMIENTO - MIPYMES DE CALIDAD",2025,"1349-PROINNOVATE-IMTEMC-2025","IMPLEMENTACIÓN Y CERTIFICACIÓN GLOBAL GAP PARA LA CADENA PRODUCTIVA DE PIÑA EN LA EMPRESA PRODUCTORA AGROINDUSTRIAL COMERCIO Y EXPORTACION CIEZA",20251127,20260827,"PRODUCTORA AGROINDUSTRIAL COMERCIO Y EXPORTACION CIEZA S.A.C.","NUEVA CAJAMARCA","RIOJA","SAN MARTIN",220804,45000.0000,11700,7656,"SOLES",20260707
"BID 4","EMPRENDIMIENTOS INNOVADORES",2025,"1351-PROINNOVATE-EIN-2025","ANDEAN FUNGUS: GALLETAS NUTRITIVAS ELABORADAS CON HONGO DE PINO",20251230,20260830,"CCANSAYA PACCORI EDUAR RUBEN","SAN SEBASTIAN","CUSCO","CUSCO",080105,23922.1800,4100.96,6175,"SOLES",20260707
"BID 4","PROGRAMA DE INNOVACIÓN MODERNIZACIÓN TECNOLÓGICA Y EMPRENDIMIENTO - MIPYMES DE CALIDAD",2025,"1352-PROINNOVATE-IMTEMC-2025","IMPLEMENTACIÓN Y CERTIFICACIÓN DE UN SISTEMA DE GESTIÓN DE LA CALIDAD (SGC) EN BASE A ISO 9001:2015 EN LA EMPRESA GRUPO D'FAMA MARCONA S.R.L.",20251202,20261002,"GRUPO D'FAMA MARCONA S.R.L.","MARCONA","NASCA","ICA",110304,45000.0000,11571.43,7714.28,"SOLES",20260707
"BID 4","EMPRENDIMIENTOS INNOVADORES",2025,"1353-PROINNOVATE-EIN-2025","COPERA: PLATAFORMA ADMINISTRATIVA Y DE TRAZABILIDAD PARA EMPRESAS AGROEXPORTADORAS",20251118,20260718,"CABANILLAS PARDO LENIN","TARAPOTO","SAN MARTIN","SAN MARTIN",220901,67000.0000,9571.43,19142.86,"SOLES",20260707
"BID 4","PROGRAMA DE INNOVACIÓN MODERNIZACIÓN TECNOLÓGICA Y EMPRENDIMIENTO - MIPYMES DIGITALES",2025,"1354-PROINNOVATE-IMTEMD-2025","\"INNOVACIÓN DIGITAL PARA LA OPTIMIZACIÓN DEL APRENDIZAJE Y LA GESTIÓN EDUCATIVA EN HBS EDUCACION S.A.C.\"",20251107,20260807,"HBS EDUCACION S.A.C.","JOSE LEONARDO ORTIZ","CHICLAYO","LAMBAYEQUE",140105,43000.0000,10500,6000,"SOLES",20260707
"BID 4","EMPRENDIMIENTOS INNOVADORES",2025,"1356-PROINNOVATE-EIN-2025","WAYKI",20251106,20260706,"WAYKI INNOVACION S.A.C.","PUEBLO LIBRE","LIMA","LIMA",150121,55501.5000,19320,9900,"SOLES",20260707
"BID 4","EMPRENDIMIENTOS INNOVADORES",2025,"1357-PROINNOVATE-EIN-2025","MOOD: EL EFECTO DE UN CÓCTEL\, SIN LO MALO DEL ALCOHOL.",20251118,20260718,"PACHECO VALENZUELA JOSE ALBERTO","JAUJA","JAUJA","JUNIN",120401,66999.7100,10696.11,19142.6,"SOLES",20260707
"BID 4","PROGRAMA DE INNOVACIÓN MODERNIZACIÓN TECNOLÓGICA Y EMPRENDIMIENTO - MIPYMES DE CALIDAD",2025,"1358-PROINNOVATE-IMTEMC-2025","IMPLEMENTACIÓN Y CERTIFICACIÓN DEL SISTEMA INTEGRADO DE GESTIÓN BASADO EN LAS NORMAS ISO 9001:2015\, ISO 45001:2018 E ISO 14001:2015 EN LA EMPRESA CORPORACION ROYMAR S.A.C.",20251127,20260827,"CORPORACION ROYMAR SOCIEDAD ANONIMA CERRADA - CROYMAR S.A.C.","SAN MARTIN DE PORRES","LIMA","LIMA",150135,58000.0000,15062.4,9900,"SOLES",20260707
"BID 4","EMPRENDIMIENTOS INNOVADORES",2025,"1359-PROINNOVATE-EIN-2025","TRI SALSABOR",20251118,20260618,"BERRIOS BECERRA SUSANA MARIA","LA MOLINA","LIMA","LIMA",150114,67000.0000,9571.43,19142.86,"SOLES",20260707
"BID 4","EMPRENDIMIENTOS DINAMICOS",2025,"1360-PROINNOVATE-EDI-2025","CENTRYCLASS: PLATAFORMA EDUCATIVA DE GEOCIENCIAS EN MINERÍA",20251106,20260706,"CENTRY GROUP SAC","CORONEL GREGORIO ALBARRACIN LANCHIPA","TACNA","TACNA",230110,149328.8200,24681.18,42336,"SOLES",20260707
"BID 4","PROGRAMA DE INNOVACIÓN MODERNIZACIÓN TECNOLÓGICA Y EMPRENDIMIENTO - MIPYMES DIGITALES",2025,"1361-PROINNOVATE-IMTEMD-2025","TECNOLOGÍAS DIGITALES PARA OPTIMIZACIÓN DEL PROCESO PRODUCTIVO DE PRENDAS DE VESTIR EN CORPORACION V Y T EXPORT S.A.C. CON LA FINALIDAD DE PRECIOS MÁS COMPETITIVOS Y DESARROLLAR NUEVOS MERCADOS EN EL EXTERIOR.",20251202,20260902,"CORPORACION V Y T EXPORT S.A.C.","BARRANCO","LIMA","LIMA",150104,45000.0000,10286,6857,"SOLES",20260707
"BID 4","EMPRENDIMIENTOS INNOVADORES",2025,"1363-PROINNOVATE-EIN-2025","MASTERYFIVE\, PLATAFORMA WEB PARA POTENCIAR LA CRIANZA DE NIÑOS ENTRE 6 Y 12 AÑOS.",20251118,20260718,"MASTERY FIVE SOLUTIONS S.A.C.","SANTIAGO DE SURCO","LIMA","LIMA",150140,67000.0000,9828.81,19000,"SOLES",20260707
"BID 4","EMPRENDIMIENTOS INNOVADORES",2025,"1364-PROINNOVATE-EIN-2025","CLEO: FEMTECH CON IA QUE DEMOCRATIZA EL ACCESO A PRODUCTOS MENSTRUALES EN LATAM.",20251106,20260506,"CLEO MUJER S.A.C.","MIRAFLORES","LIMA","LIMA",150122,67000.0000,9571.43,19142.86,"SOLES",20260707
"BID 4","PROGRAMA DE INNOVACIÓN MODERNIZACIÓN TECNOLÓGICA Y EMPRENDIMIENTO - MIPYMES DIGITALES",2025,"1365-PROINNOVATE-IMTEMD-2025","IMPLEMENTACIÓN DE HERRAMIENTA DE DIGITALIZACIÓN PARA LA GESTIÓN Y SEGUIMIENTO DE CLIENTES EN LA EMPRESA TECNOLOGIA APLICADA PERU SAC",20251202,20261002,"TECNOLOGIA APLICADA PERU S.A.C.","CHORRILLOS","LIMA","LIMA",150108,45000.0000,10285.72,6857.14,"SOLES",20260707
"BID 4","EMPRENDIMIENTOS INNOVADORES",2025,"1366-PROINNOVATE-EIN-2025","TURISTIVO\, PLATAFORMA PARA GESTIONAR ITINERARIOS TURÍSTICOS.",20251118,20260718,"HERNANDEZ URDAY DIEGO ALONSO","SAN JUAN BAUTISTA","ICA","ICA",110110,66992.9400,9572.47,19140,"SOLES",20260707
"BID 4","EMPRENDIMIENTOS DINAMICOS",2025,"1367-PROINNOVATE-EDI-2025","SUNKUU 360: GESTIÓN ENERGÉTICA INTELIGENTE PARA EMPRESAS.",20251114,20260714,"SUNKUU ENERGY SAC","CHACHAPOYAS","CHACHAPOYAS","AMAZONAS",010101,150000.0000,26704.62,37926,"SOLES",20260707
"BID 4","PROGRAMA DE INNOVACIÓN MODERNIZACIÓN TECNOLÓGICA Y EMPRENDIMIENTO - MIPYMES DE CALIDAD",2025,"1368-PROINNOVATE-IMTEMC-2025","DIAGNOSTICO\, IMPLEMENTACION Y CERTIFICACION ORGANICA EN LA ASOCIACION DE PRODUCTORES AGROPECUARIAS STANDARD COFFEE-PERU CON EL OBJETIVO DE INCREMENTAR LA PRODUCTIVIDAD Y ACCEDER A MERCADOS INTERNACIONALES",20251118,20260818,"ASOCIACION DE PRODUCTORES AGROPECUARIAS STANDARD COFFEE-PERU","JAEN","JAEN","CAJAMARCA",060801,44997.4500,12652.55,6930,"SOLES",20260707
"BID 4","Startup Perú PLUG - Atracción de Emprendedores Extranjeros - CAMBIO CLIMÁTICO",2025,"1369-PROINNOVATE-AEECC-2025","AGROQUNA: BIOTECNOLOGÍA PARA UNA UN AGRICULTURA MÁS SOSTENIBLE.",20251130,20260730,"AGROQUNA S.A.C.","SANTIAGO DE SURCO","LIMA","LIMA",150140,37710.0000,0,0,"SOLES",20260707
"BID 4","EMPRENDIMIENTOS INNOVADORES",2025,"1370-PROINNOVATE-EIN-2025","CEM: PLATAFORMA EDUCATIVA QUE UTILIZA TECNOLOGÍAS DE VANGUARDIA Y METODOLOGÍAS PEDAGÓGICAS DISRUPTIVAS ENFOCADAS EN LAS ÁREAS DE CIENCIAS.",20251105,20260705,"CENTRO DE ESPECIALIZACIÓN MULTIDISCIPLINARIO S.A.C.","SAN MARTIN DE PORRES","LIMA","LIMA",150135,67000.0000,9571.43,19142.85,"SOLES",20260707
"BID 4","PROGRAMA DE INNOVACIÓN MODERNIZACIÓN TECNOLÓGICA Y EMPRENDIMIENTO - MIPYMES DE CALIDAD",2025,"1371-PROINNOVATE-IMTEMC-2025","IMPLEMENTACIÓN DE LOS SISTEMAS DE GESTIÓN DE LA CALIDAD ISO 9001:2015 Y DE SEGURIDAD Y SALUD EN EL TRABAJO ISO 45001:2018 EN RISO CONCRETOS SAC PARA EL FORTALECIMIENTO DE SUS PROCESOS EN LA PRODUCCIÓN DE PREFABRICADOS Y CONCRETO PREMEZCLADO",20251202,20260902,"RISO CONCRETOS S.A.C.","SABANDIA","AREQUIPA","AREQUIPA",040116,45000.0000,11571.43,7714.28,"SOLES",20260707
"BID 4","PROGRAMA DE INNOVACIÓN MODERNIZACIÓN TECNOLÓGICA Y EMPRENDIMIENTO - MIPYMES DE CALIDAD",2025,"1372-PROINNOVATE-IMTEMC-2025","FORTALECIMIENTO DE LA EFICIENCIA\, SOSTENIBILIDAD Y SEGURIDAD EN SERVICIOS DE LA EMPRESA SILISE S.A.C.\, MEDIANTE LA CERTIFICACIÓN ISO 9001\, 14001 Y 45001",20251118,20260818,"SISTEMA INTEGRAL EN LIMPIEZA Y SEGURIDAD SOCIEDAD ANONIMA CERRADA - SILISE S.A.C.","SAN JUAN DE LURIGANCHO","LIMA","LIMA",150132,58100.0000,14940,9960,"SOLES",20260707
"BID 4","PROGRAMA DE INNOVACIÓN MODERNIZACIÓN TECNOLÓGICA Y EMPRENDIMIENTO - MIPYMES DE CALIDAD",2025,"1373-PROINNOVATE-IMTEMC-2025","IMPLEMENTACIÓN Y CERTIFICACIÓN DEL SISTEMA INTEGRADO DE GESTIÓN (ISO 9001\, ISO 22000 E ISO 45001) EN INVERSIONES RODMA E.I.R.L. PARA OPTIMIZAR PRODUCTIVIDAD\, GARANTIZAR INOCUIDAD Y REDUCIR AUSENTISMO\, FORTALECIENDO SU POSICIONAMIENTO EN EL MERCADO GASTRONÓMICO",20260406,20261206,"INVERSIONES RODMA EMPRESA INDIVIDUAL DE RESPONSABILIDAD LIMITADA","MAGDALENA DEL MAR","LIMA","LIMA",150120,60000.0000,15428.57,10285.71,"SOLES",20260707
"BID 4","INNOVACIÓN EMPRESARIAL",2025,"1374-PROINNOVATE-PIEC1-2025","DESARROLLO DEL ASISTENTE DE IA BILINGÜE \"TRA.DOCTOR\" PARA EL PREDIAGNÓSTICO Y LA CONEXIÓN CON SERVICIOS DE SALUD\, DESTINADO A LA ATENCIÓN EN ZONAS RURALES Y URBANO-MARGINALES\, CON CAPACIDAD DE INTERACCIÓN EN ESPAÑOL Y QUECHUA",20251118,20261118,"DATA MINING SOLUTIONS EIRL","SAN BORJA","LIMA","LIMA",150130,200000.0000,21894.48,25000,"SOLES",20260707
"BID 4","EMPRENDIMIENTOS DINAMICOS",2025,"1376-PROINNOVATE-EDI-2025","IPAY: PLATAFORMA QUE BRINDA ACCESO INMEDIATO A SALARIO DEVENGADO Y CRÉDITOS SEGUROS",20251118,20260618,"SUYAY FINTECH S.A.C.","ATE","LIMA","LIMA",150103,150000.0000,21428.57,42857.14,"SOLES",20260707
"BID 4","EMPRENDIMIENTOS INNOVADORES",2025,"1377-PROINNOVATE-EIN-2025","PRAGMMA: PLATAFORMA EDTECH ESPECIALIZADA EN CAPACITACIÓN EN TECNOLOGÍA A PERFILES SENIORS.",20251118,20261017,"HUAMANI HUAMAN VICTOR RAUL","SAN JUAN DE LURIGANCHO","LIMA","LIMA",150132,37070.0000,6895.17,9000,"SOLES",20260707
"BID 4","PROGRAMA DE INNOVACIÓN MODERNIZACIÓN TECNOLÓGICA Y EMPRENDIMIENTO - MIPYMES DIGITALES",2025,"1378-PROINNOVATE-IMTEMD-2025","\"TRANSFORMACIÓN DIGITAL INTEGRAL DE LOS PROCESOS ÓPTICOS\, CLÍNICOS Y DE GESTIÓN EMPRESARIAL EN CORPORACIÓN GMA LENT?S SRL PARA MEJORAR LA EFICIENCIA OPERATIVA Y AMPLIAR EL ACCESO A SERVICIOS DE SALUD VISUAL DE CALIDAD?",20251211,20260911,"\"CORPORACION GMA LENT'S S.R.L.\"","JAEN","JAEN","CAJAMARCA",060801,45000.0000,10336,6864,"SOLES",20260707
"BID 4","DESAFÍOS DE INNOVACIÓN EN CADENAS DE VALOR MODALIDAD A - CAMBIO CLIMÁTICO",2025,"1381-PROINNOVATE-DICVMACC-2025","DESARROLLO Y VALIDACIÓN DE UN BIOFUNGICIDA NANOENCAPSULADO A PARTIR DE SUBPRODUCTOS DE CAFÉ Y CACAO PARA EL CONTROL DE LA ROYA DEL CAFÉ (HEMILEIA VASTATRIX)\, CON EL FIN DE FORTALECER LA PRODUCTIVIDAD Y COMPETITIVIDAD DE LA CADENA DE VALOR CAFETALERA.",20251127,20261127,"UNIVERSIDAD ANTONIO RUIZ DE MONTOYA","PUEBLO LIBRE","LIMA","LIMA",150121,524999.0000,71700,30630,"SOLES",20260707
"BID 4","PROGRAMA DE INNOVACIÓN MODERNIZACIÓN TECNOLÓGICA Y EMPRENDIMIENTO - MIPYMES DIGITALES",2025,"1382-PROINNOVATE-IMTEMD-2025","IMPLEMENTACIÓN DE UN SISTEMA ERP Y SOLUCIÓN DIGITAL CRM PARA LA OPTIMIZACIÓN OPERATIVA INTERNA DE COMBUSTIBLES RISO & AMC PARA ADQUIRIR UNA MAYOR CAPACIDAD DE GESTIÓN DE RECURSOS\, DESARROLLO DE ESTRATEGIAS E INTEGRACIÓN EFICIENTE DE PROCESOS DE INFORMACIÓN.",20251202,20260902,"COMBUSTIBLES RISO & AMC S.A.C.","TARAPOTO","SAN MARTIN","SAN MARTIN",220901,45000.0000,10285.8,6857.1,"SOLES",20260707
"BID 4","EMPRENDIMIENTOS INNOVADORES",2025,"1383-PROINNOVATE-EIN-2025","ARTIFICIO: CREACIÓN DE UN MÓDULO DE RECOPILACIÓN DE DATA PARA VEHÍCULOS AUTÓNOMOS",20251118,20260718,"ARTIFICIO PERU S.A.C.","BARRANCO","LIMA","LIMA",150104,67000.0000,9571.43,19142.85,"SOLES",20260707
"BID 4","INNOVACIÓN EMPRESARIAL",2025,"1384-PROINNOVATE-PIEC1-2025","DESARROLLO Y VALIDACIÓN DE UNA PLATAFORMA SAAS DE IA PARA OPTIMIZAR PRONÓSTICO DE DEMANDA\, INVENTARIOS Y REABASTECIMIENTO EN RETAIL\, CON PROTOCOLO REPRODUCIBLE\, CON POTENCIAL DE ESCALABILIDAD TÉCNICA Y COMERCIAL HACIA MANUFACTURA.",20251128,20260728,"BLUEPOINT AI S.A.C.S.","CHORRILLOS","LIMA","LIMA",150108,199725.1000,51804.5,103000,"SOLES",20260707
"BID 4","PROGRAMA DE INNOVACIÓN MODERNIZACIÓN TECNOLÓGICA Y EMPRENDIMIENTO - MIPYMES DE CALIDAD",2025,"1385-PROINNOVATE-IMTEMC-2025","CERTIFICACIÓN DEL SISTEMA INTEGRADO DE GESTIÓN EN CALIDAD\, SEGURIDAD Y SALUD EN EL TRABAJO Y MEDIO AMBIENTE PARA ALCANZAR ESTÁNDARES INTERNACIONALES E INCREMENTO DE LA PARTICIPACIÓN EN EL MERCADO NACIONAL",20251107,20260807,"EQUIPO DE PROYECTOS INGENIERIA CONSTRUCCION COMMISSIONING Y ARRANQUE S.A.C.","JESUS MARIA","LIMA","LIMA",150113,59999.7400,15428.96,10285.58,"SOLES",20260707
"BID 4","EMPRENDIMIENTOS DINAMICOS",2025,"1386-PROINNOVATE-EDI-2025","DOCTOC: SISTEMA OPERATIVO CLÍNICO QUE USA IA PARA AUTOMATIZAR DOCUMENTACIÓN MÉDICA Y MEJORAR LA CALIDAD ASISTENCIAL.",20251105,20260705,"DOCTOC S.A.C.","SANTIAGO DE SURCO","LIMA","LIMA",150140,150000.0000,21428.57,42857.14,"SOLES",20260707
"BID 4","PROGRAMA DE INNOVACIÓN MODERNIZACIÓN TECNOLÓGICA Y EMPRENDIMIENTO - MIPYMES DIGITALES",2025,"1387-PROINNOVATE-IMTEMD-2025","TRANSFORMACION DIGITAL DEL PROCESO DE GESTIÓN COMERCIAL\, SEGUIMIENTO A LOS PEDIDOS DE LOS CLIENTES Y LA VENTA ECOMMERCE EN UNA FÁBRICA DE CONFECCIONES INCORPORANDO TECNOLOGÍA CLOUD Y ALERTAS DE INTELIGENCIA ARTIFICIAL",20260217,20261117,"MAQUITEXL EIRL","SANTIAGO DE SURCO","LIMA","LIMA",150140,44900.0000,10260,6840,"SOLES",20260707
"BID 4","INNOVACIÓN EMPRESARIAL - CAMBIO CLIMÁTICO",2025,"1388-PROINNOVATE-PIEC1CC-2025","DESARROLLO DE UN PROTOTIPO DE SUSTRATO VEGETAL ELABORADO A PARTIR DE FIBRA DE PSEUDOTALLO DE BANANO ORGÁNICO PARA EL CULTIVO DE ARÁNDANO DE AGROEXPORTACIÓN EN LAS REGIONES PIURA Y LAMBAYEQUE",20251118,20260918,"CORPORACION ANALPES PERU S.A.C.","SAN ISIDRO","LIMA","LIMA",150131,199995.8000,73399.2,46000,"SOLES",20260707
"BID 4","EMPRENDIMIENTOS INNOVADORES",2025,"1389-PROINNOVATE-EIN-2025","DJ PONLA: CONEXIÓN EN VIVO DE LOS DJS Y SU PÚBLICO.",20251118,20260518,"SALAZAR GARCIA ROBERTO IGNACIO","CASTILLA","PIURA","PIURA",200104,67000.0000,10691.21,18023.08,"SOLES",20260707
"BID 4","INNOVACIÓN EMPRESARIAL",2025,"1390-PROINNOVATE-PIEC1-2025","DESARROLLO Y VALIDACIÓN DE UNA CASACA DE AISLAMIENTO TÉRMICO CERTIFICABLE PARA AMBIENTES FRÍOS UTILIZANDO FIBRAS GRUESAS POCO APROVECHADAS DE ALPACA EN TEJIDO DE PUNTO RECTILÍNEO COMO AISLANTE TÉRMICO",20251118,20260918,"WAKA-S TEXTILES FINOS S.A.C.","AREQUIPA","AREQUIPA","AREQUIPA",040101,199457.6200,127342.38,10000,"SOLES",20260707
"BID 4","PROGRAMA DE INNOVACIÓN MODERNIZACIÓN TECNOLÓGICA Y EMPRENDIMIENTO - MIPYMES DE CALIDAD",2025,"1391-PROINNOVATE-IMTEMC-2025","IMPLEMENTACION DE SISTEMA DE GESTION DE CALIDAD BASADO EN LA NORMA ISO 9001:2015 EN NETDATEL S.A.C.",20251230,20260930,"NETDATEL S.A.C.","SANTA ANITA","LIMA","LIMA",150137,33500.0000,12214.3,6180,"SOLES",20260707
"BID 4","PROGRAMA DE INNOVACIÓN MODERNIZACIÓN TECNOLÓGICA Y EMPRENDIMIENTO - MIPYMES DE CALIDAD",2025,"1392-PROINNOVATE-IMTEMC-2025","FORTALECIMIENTO DE PRÁCTICAS SOSTENIBLES Y MEJORA DE LA POSICIÓN INTERNACIONAL DE LA CADENA DE VALOR DE CACAO ORGÁNICO MEDIANTE LA IMPLEMENTACIÓN DE LA CERTIFICACIÓN COMERCIO JUSTO EN LA COOPERATIVA SANKORI DE PRODUCTORES DE LA COMUNIDAD NATIVA DE TZIRIARI.",20251202,20261102,"LA COOPERATIVA AGRARIA ASHANINKA Y NOMATSIGUENGA CON CRITERIOS AMBIENTALES LTDA","MAZAMARI","SATIPO","JUNIN",120604,44856.8400,11993.16,7480,"SOLES",20260707
"BID 4","PROGRAMA DE INNOVACIÓN MODERNIZACIÓN TECNOLÓGICA Y EMPRENDIMIENTO - MIPYMES DIGITALES",2025,"1393-PROINNOVATE-IMTEMD-2025","\"IMPLEMENTACIÓN DE SISTEMA DE GESTIÓN INTEGRADO PARA DIGITALIZACIÓN Y CONTROL CENTRALIZADO DE VENTAS EN EN LA EMPRESA GRUPO ALEMA SAC\"",20251202,20260902,"GRUPO ALEMA SAC","JAEN","JAEN","CAJAMARCA",060801,45000.0000,10285.71,6857.14,"SOLES",20260707
"BID 4","PROGRAMA DE INNOVACIÓN MODERNIZACIÓN TECNOLÓGICA Y EMPRENDIMIENTO - MIPYMES DE CALIDAD",2025,"1394-PROINNOVATE-IMTEMC-2025","IMPLEMENTACIÓN DE LA CERTIFICACIÓN ORGÁNICA EN LA CADENA PRODUCTIVA DE MACA DESDE LA PRODUCCIÓN DEL CULTIVO HASTA EL PROCESAMIENTO DE DERIVADOS DE MACA\, QUE PERMITA EL ACCESO A NUEVOS MERCADOS NACIONALES E INTERN. A LA EMPRESA AGROINDUSTRIA CONDOR ANDINO EIRL.",20251230,20260930,"AGROINDUSTRIA CONDOR ANDINO E.I.R.L.","EL TAMBO","HUANCAYO","JUNIN",120114,43526.3400,11279.66,7398,"SOLES",20260707
"BID 4","EMPRENDIMIENTOS INNOVADORES",2025,"1395-PROINNOVATE-EIN-2025","TRIBUTAIA: PLATAFORMA INTELIGENTE PARA LA RECAUDACIÓN MUNICIPAL CON CHATBOT E IA",20251114,20260614,"BULEJE MESTANZA BRUCCE EINSTEIN","TARAPOTO","SAN MARTIN","SAN MARTIN",220901,67000.0000,9572,19142.84,"SOLES",20260707
"BID 4","EMPRENDIMIENTOS INNOVADORES",2025,"1396-PROINNOVATE-EIN-2025","ONLY ONE COIN: PLATAFORMA EDUCATIVA VIRTUAL INCLUSIVA QUE DEMOCRATIZA EL APRENDIZAJE DE IDIOMAS.",20251118,20260718,"ECHAVARRIA TELLO LESLIE ROSA","SANTIAGO DE SURCO","LIMA","LIMA",150140,60027.9400,10447.56,15400,"SOLES",20260707
"BID 4","PROGRAMA DE INNOVACIÓN MODERNIZACIÓN TECNOLÓGICA Y EMPRENDIMIENTO - MIPYMES DE CALIDAD",2025,"1398-PROINNOVATE-IMTEMC-2025","MEJORA DE NUESTROS PROCESOS PARA AMPLIAR LA CANTIDAD Y CALIDAD DE SERVICIOS ODONTOLÓGICOS\, INCREMENTAR NUESTROS INGRESOS Y ASEGURAR LA SATISFACCIÓN DEL PACIENTE\, MEDIANTE LA IMPLEMENTACIÓN DE LA NORMA ISO 9001:2015.",20251211,20260811,"CLINICA DENTAL CARITAS FELICES E.I.R.L.","BREÑA","LIMA","LIMA",150105,45000.0000,11571.43,7714.29,"SOLES",20260707
"BID 4","EMPRENDIMIENTOS DINAMICOS",2025,"1399-PROINNOVATE-EDI-2025","SMART DATA: PLATAFORMA EDUCATIVA ESPECIALIZADA EN DATA\, CLOUD\, IA Y ANALYTICS",20251127,20260727,"RED DATA CONSULTING E.I.R.L.","LOS OLIVOS","LIMA","LIMA",150117,50719.9900,9294,13300,"SOLES",20260707
"BID 4","INNOVACIÓN EMPRESARIAL",2025,"1400-PROINNOVATE-PIEC1-2025","PLASDRILLO: DISEÑO\, DESARROLLO Y FABRICACIÓN DE UN LADRILLO DE PLÁSTICO POLIPROPILENO 100% RECICLADO INYECTADO\, LIGERO\, RESISTENTE\, SEGURO\, ECOLÓGICO Y DE BAJO COSTO DE HABILITACIÓN POR M2\, PARA SISTEMAS ESTRUCTURALES DE TECHO DE VIGUETA BOVEDILLA.",20251219,20260819,"LADY PLAST MEL S.A.C.","COMAS","LIMA","LIMA",150110,199654.2300,23733.77,6000,"SOLES",20260707
"BID 4","PROGRAMA DE INNOVACIÓN MODERNIZACIÓN TECNOLÓGICA Y EMPRENDIMIENTO - MIPYMES DE CALIDAD",2025,"1401-PROINNOVATE-IMTEMC-2025","IMPLEMENTACIÓN Y CERTIFICACIÓN FSC - CADENA DE CUSTODIA EN LA EMPRESA \"PRODUCTOS Y DERIVADOS FORESTALES S.A.C.\"",20251127,20260927,"PRODUCTOS Y DERIVADOS FORESTALES SAC","ATE","LIMA","LIMA",150103,45000.0000,11571.71,7714,"SOLES",20260707
"BID 4","PROGRAMA DE INNOVACIÓN MODERNIZACIÓN TECNOLÓGICA Y EMPRENDIMIENTO - MIPYMES DE CALIDAD",2025,"1402-PROINNOVATE-IMTEMC-2025","IMPLEMENTACION Y CERTIFICACION DE LA NORMA ORGANICA PARA LOS CAFES QUE PRODUCE Y COMERCIALIZA LA COOPERATIVA DE SERVICIOS MULTIPLES JESUS SOLIDARIO LTDA DEL DISTRITO DE JAEN ? PROVINCIA DE JAEN ? REGION CAJAMARCA.",20251127,20261027,"COOPERATIVA DE SERVICIOS MULTIPLES JESUS SOLIDARIO LTDA","JAEN","JAEN","CAJAMARCA",060801,44999.9800,12435.02,6930,"SOLES",20260707
"BID 4","EMPRENDIMIENTOS INNOVADORES",2025,"1403-PROINNOVATE-EIN-2025","LIENZO 360: PLATAFORMA WEB 3D PARA MOSTRAR PROYECTOS INMOBILIARIOS CON VISTAS 360 GRADOS Y DISPONIBILIDAD EN LÍNEA.",20251202,20260702,"MEDINA MARISCAL JOSE ANDREE","AREQUIPA","AREQUIPA","AREQUIPA",040101,64100.0000,12800,18500,"SOLES",20260707
"BID 4","EMPRENDIMIENTOS INNOVADORES",2025,"1404-PROINNOVATE-EIN-2025","OLYMPUSTECH: GEOMARKETING Y ANALÍTICA EN TAXIS INTELIGENTES",20251118,20260718,"CAMAIORA CASTAÑEDA GIANFRANCO PIETRO","LA MOLINA","LIMA","LIMA",150114,67000.0000,9571.43,19142.86,"SOLES",20260707
"BID 4","EMPRENDIMIENTOS INNOVADORES",2025,"1405-PROINNOVATE-EIN-2025","JUSTA \, LA JUSTICIA NO ESPERA! PLATAFORMA LEGAL INNOVADORA\, AUTOMATIZA Y SUSTENTA DEMANDAS DE ALIMENTOS\, BRINDANDO INFORMACIÓN CONFIABLE.",20251118,20260718,"DIGITAL BIZ PERU S.A.C.","LA MOLINA","LIMA","LIMA",150114,66990.0000,9580,19130,"SOLES",20260707
"BID 4","PROGRAMA DE INNOVACIÓN MODERNIZACIÓN TECNOLÓGICA Y EMPRENDIMIENTO - MIPYMES DE CALIDAD",2025,"1406-PROINNOVATE-IMTEMC-2025","IMPLEMENTACIÓN Y CERTIFICACIÓN DEL SISTEMA DE GESTIÓN DE LA CALIDAD EN BASE A LA NORMA ISO 9001\, PARA FORTALECER LA PRODUCCIÓN ARTESANAL Y EL EMPODERAMIENTO ECONÓMICO DE MUJERES EN DIAMANTA SAC",20251118,20261018,"DIAMANTA S.A.C.","AYACUCHO","HUAMANGA","AYACUCHO",050101,43750.0000,11250,7500,"SOLES",20260707
"BID 4","PROGRAMA DE INNOVACIÓN MODERNIZACIÓN TECNOLÓGICA Y EMPRENDIMIENTO - MIPYMES DE CALIDAD",2025,"1407-PROINNOVATE-IMTEMC-2025","IMPLEMENTACIÓN Y CERTIFICACIÓN DEL SISTEMA HACCP PARA MEJORAR LA INOCUIDAD\, CALIDAD Y COMPETITIVIDAD EN LOS PROCESOS PRODUCTIVOS DE KAF & GARDEN FOODS S.A.C.",20251202,20261102,"KAF & GARDEN FOODS S.A.C.","LURIGANCHO","LIMA","LIMA",150118,45000.0000,11571.46,7714.25,"SOLES",20260707
"BID 4","PROGRAMA DE INNOVACIÓN MODERNIZACIÓN TECNOLÓGICA Y EMPRENDIMIENTO - MIPYMES DE CALIDAD",2025,"1408-PROINNOVATE-IMTEMC-2025","IMPLEMENTACIÓN Y CERTIFICACIÓN DEL SISTEMA HACCP EN LA LÍNEA DE PROCESAMIENTO\, ENVASADO Y DISTRIBUCION DE SAL INDUSTRIAL EN LA EMPRESA SALES DEL NORTE ORIENTADO A MERCADO DE AGROINDUSTRIAS DE EXPORTACION",20260218,20261218,"SALES DEL NORTE S.A.C.","PIMENTEL","CHICLAYO","LAMBAYEQUE",140112,45000.0000,12900,7800,"SOLES",20260707
"BID 4","EMPRENDIMIENTOS INNOVADORES",2025,"1409-PROINNOVATE-EIN-2025","REBEL KOMBUCHA: BEBIDAS FERMENTADAS NATURALES Y MERMELADAS EN BASE A LAS MERMAS DE LA PRODUCCIÓN\, QUE FUSIONA SALUD\, TECNOLOGÍA\, SABOR Y CIRCULARIDAD.",20251118,20260618,"HINOSTROZA ROBLES CYNTHIA LUCIANA","HUARAZ","HUARAZ","ANCASH",020101,67000.0000,9571.46,19142.84,"SOLES",20260707
"BID 4","EMPRENDIMIENTOS INNOVADORES",2025,"1411-PROINNOVATE-EIN-2025","CHOCOFE: CHOCOLATE FUNCIONAL CON PUSPO POROTO (FREJOL DE PALO) Y PANELA QUE COMBATE LA ANEMIA DE FORMA NATURAL",20251118,20260718,"HIDALGO MORI KILER","LAMAS","LAMAS","SAN MARTIN",220501,67000.0000,12059.98,19334,"SOLES",20260707
"BID 4","EMPRENDIMIENTOS INNOVADORES",2025,"1412-PROINNOVATE-EIN-2025","PLASTIDOBE: SISTEMA CONSTRUCTIVO QUE COMBINA PLASTICO RECICLADO CON TIERRA PARA CREAR ECOVIVIENDAS BIOCLIMÁTICAS PARA ZONAS RURALES AFECTAS AL FRIO.",20251126,20260726,"GOMEZ MORON CASTRO HARRY","SAN ISIDRO","LIMA","LIMA",150131,67000.0000,10210,19000,"SOLES",20260707
"BID 4","PROGRAMA DE INNOVACIÓN MODERNIZACIÓN TECNOLÓGICA Y EMPRENDIMIENTO - MIPYMES DE CALIDAD",2025,"1414-PROINNOVATE-IMTEMC-2025","FORTALECIMIENTO DE LA GESTIÓN Y ESTANDARIZACIÓN DE PROCESOS EN TRANS ALFA S.A.\, PARA ASEGURAR UN SERVICIO DE TRANSPORTE DE CALIDAD",20251202,20260902,"EMPRESA DE TRANSPORTES Y SERVICIOS MULTIPLES ALFA S.A.","HUAYUCACHI","HUANCAYO","JUNIN",120121,43050.0000,11070,7380,"SOLES",20260707
"BID 4","PROGRAMA DE INNOVACIÓN MODERNIZACIÓN TECNOLÓGICA Y EMPRENDIMIENTO - MIPYMES DE CALIDAD",2025,"1415-PROINNOVATE-IMTEMC-2025","DESARROLLAR E IMPLEMENTAR UN SISTEMA DE GESTIÓN AMBIENTAL EFICAZ BASADO EN ISO 14001\, ORIENTADO A MEJORAR LA GESTIÓN DE RESIDUOS ELECTRÓNICOS\, EL USO EFICIENTE DE LA ENERGÍA Y LA DISMINUCIÓN DE EMISIONES CONTAMINANTES EN TECHQUK",20251230,20260730,"TECHQUK S.A.C.","CHICLAYO","CHICLAYO","LAMBAYEQUE",140101,34600.0000,31000,4160,"SOLES",20260707
"BID 4","PROGRAMA DE INNOVACIÓN MODERNIZACIÓN TECNOLÓGICA Y EMPRENDIMIENTO - MIPYMES DE CALIDAD",2025,"1416-PROINNOVATE-IMTEMC-2025","DISEÑO E IMPLEMENTACIÓN DE UN SISTEMA INTEGRAL DE GESTIÓN SOCIAL Y COMERCIAL ALINEADO AL ESTÁNDAR FAIRTRADE PARA LA CERTIFICACIÓN DE COMERCIO JUSTO\, QUE FORTALEZCA LA COMPETITIVIDAD Y POSICIONAMIENTO INTERNACIONAL DEL CAFÉ DE LA COOPERATIVA PUERTO LA BALSA",20251202,20261002,"COOPERATIVA AGRARIA LA BALSA","JAEN","JAEN","CAJAMARCA",060801,45000.0000,11760.4,7739.6,"SOLES",20260707
"BID 4","PROGRAMA DE INNOVACIÓN MODERNIZACIÓN TECNOLÓGICA Y EMPRENDIMIENTO - MIPYMES DIGITALES",2025,"1417-PROINNOVATE-IMTEMD-2025","DIGITALIZAR LA GESTIÓN PRODUCTIVA Y COMERCIAL DE BUSINESS GMR S.A.C. PARA MEJORAR EL CONTROL DE INFORMACIÓN\, OPTIMIZAR LA TOMA DE DECISIONES EMPRESARIALES Y FORTALECER SU DESEMPEÑO.",20251127,20260827,"BUSINESS GMR S.A.C","CHICLAYO","CHICLAYO","LAMBAYEQUE",140101,45000.0000,10292,6858,"SOLES",20260707
"BID 4","PROGRAMA DE INNOVACIÓN MODERNIZACIÓN TECNOLÓGICA Y EMPRENDIMIENTO - MIPYMES DE CALIDAD",2025,"1418-PROINNOVATE-IMTEMC-2025","IMPLEMENTACIÓN Y CERTIFICACIÓN DE LA NORMA ISO 9001:2015 EN CONTROL TOTAL FUMIGACIONES E.I.R.L.\, CON ENFOQUE EN LA MEJORA PRODUCTIVA DE LOS SERVICIOS DE SANEAMIENTO AMBIENTAL Y EXPANSIÓN A NUEVOS MERCADOS ESTRATÉGICOS.",20251211,20260811,"CONTROL TOTAL FUMIGACIONES EMPRESA INDIVIDUAL DE RESPONSABILIDAD LIMITADA","AREQUIPA","AREQUIPA","AREQUIPA",040101,45000.0000,11571.43,7714.29,"SOLES",20260707
"BID 4","PROGRAMA DE INNOVACIÓN MODERNIZACIÓN TECNOLÓGICA Y EMPRENDIMIENTO - MIPYMES DE CALIDAD",2025,"1419-PROINNOVATE-IMTEMC-2025","IMPLEMENTACION Y CERTIFICACION DEL SISTEMA DE GESTION DE CALIDAD BASADA EN LA NORMA ISO 9001:2015 EN LA EMPRESA ACQUATECNOLOGIA S.A.C.",20251230,20261030,"ACQUATECNOLOGIA S.A.C.","ATE","LIMA","LIMA",150103,43350.0000,11650,7000,"SOLES",20260707
"BID 4","PROGRAMA DE INNOVACIÓN MODERNIZACIÓN TECNOLÓGICA Y EMPRENDIMIENTO - MIPYMES DE CALIDAD",2025,"1420-PROINNOVATE-IMTEMC-2025","IMPLEMENTACION Y CERTIFICACION DEL SISTEMA INTEGRADO DE GESTION TRINORMA ISO 9001\,45001 Y 14001 EN LA EMPRESA GLOBAL PREVENTOSH S.A.C.",20251202,20261102,"GLOBAL PREVENTOSH S.A.C.","SAN ISIDRO","LIMA","LIMA",150131,59850.0000,18600,8000,"SOLES",20260707
"BID 4","EMPRENDIMIENTOS DINAMICOS",2025,"1421-PROINNOVATE-EDI-2025","YAKUSCAN: PRIMERA PLATAFORMA DE ESCANEO 3D Y DIGITALIZACIÓN PARA EL SECTOR NAVAL.",20251118,20260718,"SAMINS A & T S.A.C.","LIMA","LIMA","LIMA",150101,150000.0000,24229,42857,"SOLES",20260707
"BID 4","EMPRENDIMIENTOS INNOVADORES",2025,"1422-PROINNOVATE-EIN-2025","QUI9: QUINUA INSTANTÁNEA FUNCIONAL VERSÁTIL CON RECETAS PERSONALIZADAS VÍA CHATBOT.",20251230,20260830,"CACERES CHALCO SILVIA EUGENIA","PUNO","PUNO","PUNO",210101,64312.4900,9189.36,18375.46,"SOLES",20260707
"BID 4","EMPRENDIMIENTOS INNOVADORES",2025,"1424-PROINNOVATE-EIN-2025","JOBMATCH: AGENTES DE IA QUE HACEN MÁS EFICIENTE EL MATCH ENTRE EMPRESAS Y CANDIDATOS EN LA BÚSQUEDA DE EMPLEO",20251127,20260727,"YARLEQUE CARRASCO ABILENE INES","CAJAMARCA","CAJAMARCA","CAJAMARCA",060101,67000.0000,9571.44,19142.84,"SOLES",20260707
"BID 4","PROGRAMA DE INNOVACIÓN MODERNIZACIÓN TECNOLÓGICA Y EMPRENDIMIENTO - MIPYMES DIGITALES",2025,"1425-PROINNOVATE-IMTEMD-2025","IMPLEMENTACIÓN DE UNA PLATAFORMA DIGITAL INTEGRADA PARA LA AUTOMATIZACIÓN DE PROCESOS CONTABLES\, GESTIÓN DOCUMENTAL ESTRUCTURADA Y MEJORA DE LA TRAZABILIDAD EN LA ATENCIÓN DE CLIENTES",20251202,20261002,"GM ACCOUTING AND LOGISTICS E.I.R.L.","CALLAO","CALLAO","CALLAO",070101,45000.0000,10286,6857,"SOLES",20260707
"BID 4","PROGRAMA DE INNOVACIÓN MODERNIZACIÓN TECNOLÓGICA Y EMPRENDIMIENTO - MIPYMES DIGITALES",2025,"1426-PROINNOVATE-IMTEMD-2025","DESARROLLO DE PLATAFORMA WEB Y MÓVIL PARA AUTOMATIZAR PROCESOS COMERCIALES Y PRODUCTIVOS DEL RESTAURANTE EL ALFEÑIQUE\, MEJORANDO LA EXPERIENCIA 360 GRADOS DEL CLIENTE E IMPULSANDO EL CONSUMO DE GASTRONOMÍA REGIONAL CHICLAYANA Y SU CULTURA VIVA",20260203,20261003,"EL ALFEÑIQUE S.A.C.","MIRAFLORES","LIMA","LIMA",150122,45000.0000,10285.71,6857.14,"SOLES",20260707
"BID 4","PROGRAMA DE INNOVACIÓN MODERNIZACIÓN TECNOLÓGICA Y EMPRENDIMIENTO - MIPYMES DIGITALES",2025,"1427-PROINNOVATE-IMTEMD-2025","IMPLEMENTACIÓN DE UN SISTEMA DE GESTIÓN EMPRESARIAL PARA REDUCIR LA BRECHA TECNOLÓGICA Y TENER UN CONTROL EFICIENTE SOBRE LOS PROCESOS",20251224,20260924,"MUEBLES OSCANOA EIRL","LINCE","LIMA","LIMA",150116,45000.0000,10286,6857,"SOLES",20260707
"BID 4","PROGRAMA DE INNOVACIÓN MODERNIZACIÓN TECNOLÓGICA Y EMPRENDIMIENTO - MIPYMES DIGITALES",2025,"1428-PROINNOVATE-IMTEMD-2025","ESTRATEGIA DE DIGITALIZACIÓN PARA LA OPTIMIZACIÓN DE PROCESOS ADMINISTRATIVOS Y OPERATIVOS",20260203,20261103,"LOGIX SOLUTION S.A.C.","JESUS MARIA","LIMA","LIMA",150113,44990.0000,10300,6850,"SOLES",20260707
"BID 4","PROGRAMA DE INNOVACIÓN MODERNIZACIÓN TECNOLÓGICA Y EMPRENDIMIENTO - MIPYMES DIGITALES",2025,"1432-PROINNOVATE-IMTEMD-2025","IMPLEMENTACIÓN DE UNA PLATAFORMA DIGITAL PARA AUTOMATIZAR LA GESTIÓN DE DATOS PERSONALES EN CUMPLIMIENTO DE NORMATIVA NACIONAL\, FORTALECIENDO LA TRAZABILIDAD\, CONTROL NORMATIVO Y RESPUESTA ANTE INCIDENTES DE SEGURIDAD EN EL ENTORNO EMPRESARIAL",20251127,20260927,"GESTITEL E.I.R.L.","AREQUIPA","AREQUIPA","AREQUIPA",040101,45000.0000,10500,6645,"SOLES",20260707
"BID 4","PROGRAMA DE INNOVACIÓN MODERNIZACIÓN TECNOLÓGICA Y EMPRENDIMIENTO - MIPYMES DE CALIDAD",2025,"1433-PROINNOVATE-IMTEMC-2025","MEJORA DE CALIDAD Y GESTIÓN POR PROCESOS EN BASE A LA IMPLEMENTACIÓN Y LOGRO DE CERTIFICACIÓN DE LA NORMA ISO 9001:2015 DENTRO DE LA EMPRESA ETRANSHUANCUIRE S.A.C.",20251202,20260802,"EMPRESA DE TRANSPORTES HUANCUIRE SOCIEDAD ANONIMA CERRADA - ETRANSHUANCUIRE S.A.C.","CERRO COLORADO","AREQUIPA","AREQUIPA",040104,41776.2700,11223.73,6758.58,"SOLES",20260707
"BID 4","PROGRAMA DE INNOVACIÓN MODERNIZACIÓN TECNOLÓGICA Y EMPRENDIMIENTO - MIPYMES DIGITALES",2025,"1434-PROINNOVATE-IMTEMD-2025","IMPLEMENTACIÓN DE TECNOLOGÍAS DIGITALES ASISTIDAS CON INTELIGENCIA ARTIFICIAL PARA MEJORAR LA EFICIENCIA DE LOS PROCESOS EMPRESARIALES Y LA TOMA DE DECISIONES BASADA EN DATOS EN CÁRDENAS AUTOMOTRIZ",20260109,20261009,"CÁRDENAS AUTOMOTRIZ SOCIEDAD ANÓNIMA CERRADA","LA MOLINA","LIMA","LIMA",150114,45000.0000,10285.71,6857.14,"SOLES",20260707
"BID 4","EMPRENDIMIENTOS INNOVADORES",2025,"1435-PROINNOVATE-EIN-2025","NUTRIGENIX INVESTIGA Y DESARROLLA FORMULACIONES PARA LA INDUSTRIA ALIMENTARIA\, TRANSFORMANDO SUPER FOODS EN ALIMENTOS FUNCIONALES.",20251211,20260811,"SOLIS HERNANDEZ JOSE VICENTE","SAN BORJA","LIMA","LIMA",150130,67000.0000,11311.57,19500,"SOLES",20260707
"BID 4","PROGRAMA DE INNOVACIÓN MODERNIZACIÓN TECNOLÓGICA Y EMPRENDIMIENTO - MIPYMES DE CALIDAD",2025,"1436-PROINNOVATE-IMTEMC-2025","IMPLEMENTACIÓN Y CERTIFICACIÓN DE UN SISTEMA DE GESTIÓN DE CALIDAD EN BASE A LA NORMA ISO 9001 EN LA EMPRESA \"INVERSIONES SERVISANF EL DELFIN SAC \"",20251230,20260830,"INVERSIONES SERVISANF EL DELFIN S.A.C.","SECHURA","SECHURA","PIURA",200801,44940.0000,11556,7704,"SOLES",20260707
"BID 4","EMPRENDIMIENTOS INNOVADORES",2025,"1437-PROINNOVATE-EIN-2025","NASCA360: SOBREVUELO VIRTUAL INMERSIVO A LAS LÍNEAS DE NASCA",20251211,20260811,"BENAVIDES CARPIO MAX LEONARD","NASCA","NASCA","ICA",110301,67000.0000,9571.44,19142.86,"SOLES",20260707
"BID 4","EMPRENDIMIENTOS INNOVADORES",2025,"1438-PROINNOVATE-EIN-2025","VITAL DRINK BEBIDAS FUNCIONALES\, A BASE DE PRINCIPIOS ACTIVOS NATURALES DEL ÁRBOL DE LA QUINA PARA POTENCIAR EL SISTEMA INMUNE DEL PÚBLICO CONSUMIDOR",20251202,20260802,"GAMARRA ABANTO NADIA ESTHER","SAN BORJA","LIMA","LIMA",150130,67000.0000,9571.43,19142.86,"SOLES",20260707
"BID 4","Startup Perú PLUG - Atracción de Emprendedores Extranjeros - CAMBIO CLIMÁTICO",2025,"1439-PROINNOVATE-AEECC-2025","EXIT FLOW PERÚ\, OFRECEMOS UNA SOLUCIÓN A LA GESTIÓN DE MERMAS\, DESDE LA LOGÍSTICA HASTA SU COMERCIALIZACIÓN\, OPTIMIZANDO SU FLUJO DE SALIDA.",20251127,20260927,"EXIT FLOW PERU S.A.C.","SANTIAGO DE SURCO","LIMA","LIMA",150140,150902.3100,0,0,"SOLES",20260707
"BID 4","PROGRAMA DE INNOVACIÓN MODERNIZACIÓN TECNOLÓGICA Y EMPRENDIMIENTO - MIPYMES DE CALIDAD",2025,"1440-PROINNOVATE-IMTEMC-2025","CERTIFICACIÓN FSC EN CADENA DE CUSTODIA PARA LA EMPRESA MADERAS & LAMINADAS PREISING E.I.R.L",20260217,20261017,"MADERAS & LAMINADAS PREISING EIRL","CALLERIA","CORONEL PORTILLO","UCAYALI",250101,45000.0000,11571.45,3857.15,"SOLES",20260707
"BID 4","EMPRENDIMIENTOS INNOVADORES",2025,"1441-PROINNOVATE-EIN-2025","QUERYMAP: APP DE REPORTES DE CRIMINALIDAD PARA SMART CITIES",20251118,20260718,"VYNX S.A.C.S.","SALAVERRY","TRUJILLO","LA LIBERTAD",130109,66999.7000,9571.73,19142.86,"SOLES",20260707
"BID 4","Startup Perú PLUG - Atracción de Emprendedores Extranjeros - CAMBIO CLIMÁTICO",2025,"1442-PROINNOVATE-AEECC-2025","DAVINSY: SISTEMA INTEGRAL DE MONITOREO\, SUPERVISIÓN\, CONTROL Y PROTECCIÓN EN TIEMPO REAL DE TRANSFORMADORES.",20251202,20260902,"ATP ENERGY PERU S.A.C.","SANTIAGO DE SURCO","LIMA","LIMA",150140,151989.7300,0,0,"SOLES",20260707
"BID 4","EMPRENDIMIENTOS INNOVADORES",2025,"1443-PROINNOVATE-EIN-2025","PSICOALERTA: PLATAFORMA IMPULSADA POR IA PARA DETECTAR\, DIAGNOSTICAR\, PREVENIR Y RESOLVER PROBLEMAS PSICOEMOCIONALES Y DE SALUD MENTAL.",20251230,20260830,"LLANOS LOPEZ HENRY","MIRAFLORES","LIMA","LIMA",150122,66991.8500,9599.15,19144,"SOLES",20260707
"BID 4","PROGRAMA DE INNOVACIÓN MODERNIZACIÓN TECNOLÓGICA Y EMPRENDIMIENTO - MIPYMES DE CALIDAD",2025,"1444-PROINNOVATE-IMTEMC-2025","IMPLEMENTACIÓN Y CERTIFICACIÓN HACCP PARA EL FORTALECIMIENTO DE LA CALIDAD E INOCUIDAD ALIMENTARIA EN LA EMPRESA AGROINDUSTRIA ORGÁNICA S.A.C.",20260203,20261103,"AGROINDUSTRIA ORGANICA S.A.C.","LOS OLIVOS","LIMA","LIMA",150117,44223.7100,11626.29,7560,"SOLES",20260707
"BID 4","PROGRAMA DE INNOVACIÓN MODERNIZACIÓN TECNOLÓGICA Y EMPRENDIMIENTO - MIPYMES DE CALIDAD",2025,"1445-PROINNOVATE-IMTEMC-2025","IMPLEMENTACIÓN Y CERTIFICACIÓN DE UN SISTEMA DE GESTIÓN DE LA CALIDAD BAJO ESTÁNDARES DE LA NORMA ISO 9001:2015 EN TUKU TRAVEL PERU S.A.C.\, A FIN DE ACCEDER A NUEVOS MERCADOS Y MEJORAR LA GESTIÓN DE SUS PROCESOS DE SERVICIOS TURÍSTICOS",20251211,20260811,"TUKU TRAVEL PERU S.A.C.","LA MOLINA","LIMA","LIMA",150114,45000.0000,11571.43,7714.29,"SOLES",20260707
"BID 4","PROGRAMA DE INNOVACIÓN MODERNIZACIÓN TECNOLÓGICA Y EMPRENDIMIENTO - MIPYMES DIGITALES",2025,"1446-PROINNOVATE-IMTEMD-2025","IMPLEMENTACIÓN DE UN SISTEMA ESPECIALIZADO EN EL SECTOR INMOBILIARIO PARA AUTOMATIZAR Y SISTEMATIZAR LOS PROCESOS DE LAS DIFERENTES ÁREAS DE LA EMPRESA.",20251224,20260924,"360 PROPERTIES SOCIEDAD ANONIMA CERRADA  360 PROPERTIES SAC","CAYMA","AREQUIPA","AREQUIPA",040103,45000.0000,10286,6857,"SOLES",20260707
"BID 4","PROGRAMA DE INNOVACIÓN MODERNIZACIÓN TECNOLÓGICA Y EMPRENDIMIENTO - MIPYMES DE CALIDAD",2025,"1447-PROINNOVATE-IMTEMC-2025","IMPLEMENTACIÓN Y CERTIFICACIÓN DE LA NORMA ISO 9001:2015 EN YAJU PRODUCCIONES E.I.R.L. PARA TRANSFORMAR SU GESTIÓN OPERATIVA\, AUMENTAR SU PRODUCTIVIDAD Y ACCEDER A NUEVOS MERCADOS B2B EXIGENTES CON SERVICIOS GESTIONADOS BAJO ESTÁNDARES DE CALIDAD",20251211,20260811,"YAJU PRODUCCIONES EIRL","CAYMA","AREQUIPA","AREQUIPA",040103,45000.0000,11571.43,7714.29,"SOLES",20260707
"BID 4","PROGRAMA DE INNOVACIÓN MODERNIZACIÓN TECNOLÓGICA Y EMPRENDIMIENTO - MIPYMES DE CALIDAD",2025,"1448-PROINNOVATE-IMTEMC-2025","IMPLEMENTACIÓN Y CERTIFICACIÓN DE LA NORMA ORGÁNICA EN LAS FINCAS DE CAFÉ DE LA ASOCIACIÓN ANDE PERUANOS DE CAJAMARCA QUE LE PERMITA EL ACCESO A MERCADOS INTERNACIONALES E INCREMENTAR SU COMPETITIVIDAD",20260203,20261003,"ASOCIACION DE PRODUCTORES AGROPECUARIOS ANDE PERUANOS","JAEN","JAEN","CAJAMARCA",060801,45000.0000,16200.02,28799.98,"SOLES",20260707
"BID 4","PROGRAMA DE INNOVACIÓN MODERNIZACIÓN TECNOLÓGICA Y EMPRENDIMIENTO - MIPYMES DE CALIDAD",2025,"1450-PROINNOVATE-IMTEMC-2025","IMPLEMENTACIÓN Y CERTIFICACIÓN FSC CADENA DE CUSTODIA PARA LA EMPRESA MIKARH S.A.C.",20251202,20261002,"MIKARH SOCIEDAD ANONIMA CERRADA","LAS PIEDRAS","TAMBOPATA","MADRE DE DIOS",170103,45000.0000,16200,28800,"SOLES",20260707
"BID 4","INNOVACIÓN EMPRESARIAL",2025,"1451-PROINNOVATE-PIEC1-2025","DISEÑO Y DESARROLLO DE UN SISTEMA DE DETECCIÓN AVANZADA DE FALLAS Y CONTROL DE PRODUCCIÓN\, BASADO EN MACHINE LEARNING Y VISIÓN ARTIFICIAL\, MEDIANTE SENSORES Y CÁMARAS DE ALTA RESOLUCIÓN PARA OPTIMIZAR LA PRODUCCIÓN DE TEJIDOS DE PUNTO EN EMPRESAS TEXTILES.",20251203,20260803,"CORCELI S.A.C.","CHORRILLOS","LIMA","LIMA",150108,199499.9500,36013.35,97465,"SOLES",20260707
"BID 4","INNOVACIÓN EMPRESARIAL",2025,"1452-PROINNOVATE-PIEC1-2025","PLATAFORMA DE DIAGNÓSTICO INTEGRAL Y TRATAMIENTO DEL TSH (TRASTORNOS DE LOS SONIDOS DEL HABLA) PARA LA IDENTIFICACIÓN TEMPRANA\, MASIVA\, SISTEMÁTICA Y PRECISA DE DICHO TRASTORNO EN NIÑOS DE PAÍSES HISPANOHABLANTES.",20251202,20261002,"R Y D SYSTEMS SOCIEDAD ANONIMA CERRADA","MIRAFLORES","LIMA","LIMA",150122,199381.2900,33400.86,99520,"SOLES",20260707
"BID 4","EMPRENDIMIENTOS INNOVADORES",2025,"1453-PROINNOVATE-EIN-2025","CHOFEX: EMPLEADO IA QUE GESTIONA LAS OPERACIONES DE LAS EMPRESAS DE TRANSPORTE DE CARGA TERRESTRE",20251230,20260730,"CALDERON GOMEZ GONZALO JOAQUIN","LA MOLINA","LIMA","LIMA",150114,66882.0000,33018.9,18000,"SOLES",20260707
"BID 4","PROGRAMA DE INNOVACIÓN MODERNIZACIÓN TECNOLÓGICA Y EMPRENDIMIENTO - MIPYMES DIGITALES",2025,"1454-PROINNOVATE-IMTEMD-2025","TRANSFORMACIÓN DIGITAL DE LOS PROCESOS COMERCIALES Y DE BÚSQUEDA\, RECLUTAMIENTO Y SELECCIÓN DE MARCAE PARA MEJORAR LOS SERVICIOS AL CLIENTE\, CREAR EFICIENCIAS\, INCREMENTAR LAS VENTAS Y MEJORAR LA COMPETITIVIDAD DE LA EMPRESA.",20251224,20261024,"MARCAEPRO E.I.R.L.","SANTIAGO DE SURCO","LIMA","LIMA",150140,45000.0000,10286,6857.18,"SOLES",20260707
"BID 4","EMPRENDIMIENTOS INNOVADORES",2025,"1455-PROINNOVATE-EIN-2025","AXIORA AI: ASISTENTES PARA LA GESTIÓN DE INGENIERIA EN PROYECTOS DE CONSTRUCCIÓN.",20251118,20260718,"VALLE BENITES ERIKA PAMELA ISABEL","VILLA MARIA DEL TRIUNFO","LIMA","LIMA",150143,67000.0000,15550,13170,"SOLES",20260707
"BID 4","EMPRENDIMIENTOS INNOVADORES",2025,"1456-PROINNOVATE-EIN-2025","QUIPU AI: PLATAFORMA CON IA QUE SIMPLIFICA LA GESTIÓN CONTABLE Y TRIBUTARIA DE LAS MYPES.",20251118,20260718,"CHAVEZ HERRERA BRIGITTE STEFANY","SANTA ANITA","LIMA","LIMA",150137,66964.4000,9931.6,19030,"SOLES",20260707
"BID 4","PROGRAMA DE INNOVACIÓN MODERNIZACIÓN TECNOLÓGICA Y EMPRENDIMIENTO - MIPYMES DE CALIDAD",2025,"1457-PROINNOVATE-IMTEMC-2025","CERTIFICACIÓN DEL SISTEMA HACCP EN LA PRODUCCIÓN DE ENVASES PARA LA INDUSTRIA ALIMENTARIA DE LA EMPRESA M3A M3A EDITORES E INVERSIONISTAS SAC",20260203,20260903,"M3A EDITORES E INVERSIONISTAS SOCIEDAD ANONIMA CERRADA","BREÑA","LIMA","LIMA",150105,44499.5000,19785.5,7714.4,"SOLES",20260707
"BID 4","VALIDACIÓN DE LA INNOVACIÓN",2025,"1458-PROINNOVATE-PIEC2-2025","VALIDACIÓN TÉCNICA Y COMERCIAL DEL PROTOTIPO DE UNA PLATAFORMA DIGITAL INTELIGENTE PARA EL RECLUTAMIENTO EJECUTIVO EFICIENTE Y AUTOMATIZADO BASADO EN IA",20251127,20260727,"AMROP PERU S.A.C.","SAN ISIDRO","LIMA","LIMA",150131,408256.7700,86443.23,206628.8,"SOLES",20260707
"BID 4","EMPRENDIMIENTOS INNOVADORES",2025,"1459-PROINNOVATE-EIN-2025","SUPERDATADOS: TRANSFORMA DATOS DE COMERCIO EXTERIOR EN REPORTES DE INTELIGENCIA COMERCIAL A TRAVÉS DEL MAPEO DE CARACTERÍSTICAS CLAVE CON IA",20251230,20260730,"POSTIGO HUANQUI ANDRES MIGUEL","AREQUIPA","AREQUIPA","AREQUIPA",040101,66791.8800,10948.14,19040,"SOLES",20260707
"BID 4","PROGRAMA DE INNOVACIÓN MODERNIZACIÓN TECNOLÓGICA Y EMPRENDIMIENTO - MIPYMES DIGITALES",2025,"1461-PROINNOVATE-IMTEMD-2025","TRANSFORMACION Y MODERNIZACION DE LA DIGITALIZACION DE LA EMPRESA PARA POTENCIAR LA CAPTACION DE CLIENTES\, EL POSCISIONAMIENTO DE MARCA Y MEJORAR Y CONTROLAR LOS PROCESOS INTERNOS",20251224,20260924,"MAVESCO SAC","SAN ISIDRO","LIMA","LIMA",150131,45000.0000,14400,25600,"SOLES",20260707
"BID 4","PROGRAMA DE INNOVACIÓN MODERNIZACIÓN TECNOLÓGICA Y EMPRENDIMIENTO - MIPYMES DIGITALES",2025,"1463-PROINNOVATE-IMTEMD-2025","TRANSFORMACIÓN DIGITAL PARA MEJORAR LA PRODUCTIVIDAD COMERCIAL Y LA CAPTACIÓN DE CLIENTES EN SERVICIOS DE COMERCIO EXTERIOR",20260203,20261103,"PRO-COMEX PERU S.A.C.","SURQUILLO","LIMA","LIMA",150141,45000.0000,10285.72,6857.14,"SOLES",20260707
"BID 4","PROGRAMA DE INNOVACIÓN MODERNIZACIÓN TECNOLÓGICA Y EMPRENDIMIENTO - MIPYMES DE CALIDAD",2025,"1465-PROINNOVATE-IMTEMC-2025","FORTALECIMIENTO DE LA SEGURIDAD DE LA INFORMACIÓN EN GINNICO INGENIEROS CONTRATISTAS E.I.R.L. MEDIANTE LA IMPLEMENTACIÓN DE LA NORMA ISO 27001:2022 PARA GARANTIZAR LA INTEGRIDAD\, PROTEGER ACTIVOS DIGITALES Y GARANTIZAR LA CONFIDENCIALIDAD EN LOS SERVICIOS.",20251202,20260802,"GINNICO INGENIEROS CONTRATISTAS  EIRL","CALLERIA","CORONEL PORTILLO","UCAYALI",250101,39100.0000,14600,2280,"SOLES",20260707
"BID 4","PROGRAMA DE INNOVACIÓN MODERNIZACIÓN TECNOLÓGICA Y EMPRENDIMIENTO - MIPYMES DE CALIDAD",2025,"1468-PROINNOVATE-IMTEMC-2025","IMPLEMENTACIÓN Y CERTIFICACIÓN DEL SISTEMA DE GESTIÓN DE LA CALIDAD ISO 9001:2015 PARA OPTIMIZAR LOS PROCESOS E IMPULSAR LA EXPANSIÓN COMERCIAL DE ERCON CONSULTORIA Y CONTRUCCIÓN E.I.R.L.",20251230,20261130,"ERCON CONSULTORIA Y CONSTRUCCION E.I.R.L","LINCE","LIMA","LIMA",150116,45000.0000,11571.43,7714.28,"SOLES",20260707
"BID 4","EMPRENDIMIENTOS INNOVADORES",2025,"1469-PROINNOVATE-EIN-2025","VITAS CLINIC: HISTORIA CLÍNICA CON IA QUE TRANSCRIBE Y SUGIERE DIAGNÓSTICOS EN TIEMPO REAL.",20251118,20260718,"VELASQUEZ MAGUIÑA FELIPE ELEODORO","LIMA","LIMA","LIMA",150101,67000.0000,9712.19,19150,"SOLES",20260707
"BID 4","EMPRENDIMIENTOS DINAMICOS",2025,"1470-PROINNOVATE-EDI-2025","RUWAYTEC: PLATAFORMA DE INTELIGENCIA OPERACIONAL PARA LA INDUSTRIA 4.0 SOSTENIBLE.",20251211,20260711,"RUWAY TEC SAC","SAN MARTIN DE PORRES","LIMA","LIMA",150135,150000.0000,23680,41500,"SOLES",20260707
"BID 4","CONCURSO DE PROYECTOS COLABORATIVOS DE INNOVACIÓN ABIERTA MODALIDAD A",2025,"1472-PROINNOVATE-IAMA-2025","RURAY LAB\, IMPULSANDO EL CAMBIO HACIA UN CEMENTO SOSTENIBLE CON UNACEM: INNOVACIÓN ABIERTA PARA LA CREACIÓN DE SOLUCIONES INNOVADORAS Y COLABORATIVAS PARA TRANSFORMAR RESIDUOS EN APLICACIONES CON IMPACTO AMBIENTAL POSITIVO.",20251219,20260819,"UNACEM PERU S.A.","VILLA MARIA DEL TRIUNFO","LIMA","LIMA",150143,546167.2200,307676.73,258000,"SOLES",20260707
"BID 4","PROGRAMA DE INNOVACIÓN MODERNIZACIÓN TECNOLÓGICA Y EMPRENDIMIENTO - MIPYMES DIGITALES",2025,"1473-PROINNOVATE-IMTEMD-2025","DESARROLLO DE UN SOFTWARE ON LINE PARA GESTIÓN DE INGENIERIA Y SUPERVISIÓN DE OBRAS PROYECTOS CIVILES UTILIZANDO METODOLOGIAS AGILES.",20251211,20261111,"INMOBILIARIA ALPAMAYO SA","SANTIAGO DE SURCO","LIMA","LIMA",150140,44900.0000,10260,6840,"SOLES",20260707
"BID 4","EMPRENDIMIENTOS DINAMICOS",2025,"1475-PROINNOVATE-EDI-2025","METACERV\, CREA Y COMPARTE EXPERIENCIAS DE APRENDIZAJE",20251127,20260727,"METACERV PERU S.A.C.","CERRO COLORADO","AREQUIPA","AREQUIPA",040104,150000.0000,21428.57,42857.14,"SOLES",20260707
"BID 4","EMPRENDIMIENTOS INNOVADORES",2025,"1476-PROINNOVATE-EIN-2025","HIPOTECH: ACCESO A VIVIENDA Y LAS MEJORES OPCIONES FINANCIERAS\, TODO EN UN SOLO LUGAR",20251230,20260730,"CANOCI VISALOT FABRIZIO","SANTIAGO DE SURCO","LIMA","LIMA",150140,66576.2800,11983.72,19600,"SOLES",20260707
"BID 4","EMPRENDIMIENTOS DINAMICOS",2025,"1479-PROINNOVATE-EDI-2025","LEN: PLATAFORMA B2C DE DISTRIBUCIÓN DE FOTOGRAFÍA CON IA",20251127,20260727,"LEN CORP S.A.C.","LA MOLINA","LIMA","LIMA",150114,150000.0000,42950,21700,"SOLES",20260707
"BID 4","EMPRENDIMIENTOS INNOVADORES",2025,"1480-PROINNOVATE-EIN-2025","JOBBOX.AI: PLATAFORMA DE RECOLOCACIÓN LABORAL UTILIZANDO IA",20251202,20260802,"RAICOVI NAZAL GIANCARLO MARTIN","SANTIAGO DE SURCO","LIMA","LIMA",150140,66001.7000,10908.3,17500,"SOLES",20260707
"BID 4","EMPRENDIMIENTOS INNOVADORES",2025,"1481-PROINNOVATE-EIN-2025","SNACKS FUNCIONALES QUE CUIDAN LA MICROBIOTA",20251127,20260727,"LLANOS BORDA MARIANA","MIRAFLORES","LIMA","LIMA",150122,66118.1300,9482.03,18900,"SOLES",20260707
"BID 4","EMPRENDIMIENTOS INNOVADORES",2025,"1482-PROINNOVATE-EIN-2025","PSICOBOOKING\, LA PLATAFORMA INTELIGENTE PARA PSICÓLOGOS",20251230,20260830,"VARELA MACHER LUSIANA ELIZABETH","LA MOLINA","LIMA","LIMA",150114,67000.0000,14393.2,16980,"SOLES",20260707
"BID 4","PROGRAMA DE INNOVACIÓN MODERNIZACIÓN TECNOLÓGICA Y EMPRENDIMIENTO - MIPYMES DIGITALES",2025,"1485-PROINNOVATE-IMTEMD-2025","MEJORA DE LOS PROCESOS DE PLANIFICACIÓN\, DE CONTROL DE OPERACIONES\, DE PROMOCIÓN Y DE INTERACCIÓN CON CLIENTES CORPORATIVOS A TRAVÉS DE LA ADOPCIÓN DE TECNOLOGÍAS DIGITALES PARA EL CRECIMIENTO DEL RESTAURANTE LA PICANTE.",20260109,20261009,"A Y B CONCESIONARIOS S.A.C.","JESUS MARIA","LIMA","LIMA",150113,45000.0000,10285.71,6857.14,"SOLES",20260707
"BID 4","PROGRAMA DE INNOVACIÓN MODERNIZACIÓN TECNOLÓGICA Y EMPRENDIMIENTO - MIPYMES DIGITALES",2025,"1488-PROINNOVATE-IMTEMD-2025","FORTALECIMIENTO DE LA EFICIENCIA OPERATIVA Y LA CALIDAD DEL SERVICIO EN R & JJ SERVICIOS S.A.C. MEDIANTE LA MODERNIZACIÓN DE SUS PROCESOS DE MONITOREO Y GESTIÓN DE SEGURIDAD.",20251202,20260902,"R & JJ SERVICIOS S.A.C.","CALLAO","CALLAO","CALLAO",070101,45000.0000,10286,6857,"SOLES",20260707
"BID 4","EMPRENDIMIENTOS DINAMICOS",2025,"1489-PROINNOVATE-EDI-2025","QB: FOTODETECCIÓN PARA REDUCIR MERMAS DE AGROEXPORTACIÓN",20251127,20260727,"QUALITY BEANS S.A.C.","CHICLAYO","CHICLAYO","LAMBAYEQUE",140101,150000.0000,21428.57,42857.14,"SOLES",20260707
"BID 4","EMPRENDIMIENTOS INNOVADORES",2025,"1490-PROINNOVATE-EIN-2025","FICOCRIPSY DEL DR. NATA: SUPERALIMENTO\, CERO ANEMIA",20251202,20260702,"ULTRAGREEN SUSTAINABILITY S.A.C.","SAN JUAN DE MIRAFLORES","LIMA","LIMA",150133,67000.0000,9571.52,19142.85,"SOLES",20260707
"BID 4","EMPRENDIMIENTOS INNOVADORES",2025,"1491-PROINNOVATE-EIN-2025","BIOCHALLLWA: BIOFERTILIZANTE DE PESCADO",20251202,20260702,"GUTIERREZ REYES LUIS GIAMPIERRE","CHILCA","HUANCAYO","JUNIN",120107,67000.0000,9574,19142.4,"SOLES",20260707
"BID 4","EMPRENDIMIENTOS DINAMICOS",2025,"1492-PROINNOVATE-EDI-2025","NUTRI H: NUEVA LÍNEA CON BIOMOLÉCULAS DE HIERRO ACUÍCOLA DEODORIZADO",20251219,20260719,"AGRO INDUSTRIAS GARAY BARRIOS SAC","SAN JUAN BAUTISTA","HUAMANGA","AYACUCHO",050110,150000.0000,21428.57,42857.14,"SOLES",20260707
"BID 4","EMPRENDIMIENTOS INNOVADORES",2025,"1493-PROINNOVATE-EIN-2025","+KOT: USO DE LA IA PARA LA CO CREACIÓN DE ALIMENTOS SALUDABLES PARA MASCOTAS",20251202,20260702,"ROMAÑOL TUANAMA WAGNER BRANDO","CHORRILLOS","LIMA","LIMA",150108,67000.0000,11320,19280,"SOLES",20260707
"BID 4","PROGRAMA DE INNOVACIÓN MODERNIZACIÓN TECNOLÓGICA Y EMPRENDIMIENTO - MIPYMES DE CALIDAD",2025,"1494-PROINNOVATE-IMTEMC-2025","DIAGNÓSTICO\, IMPLEMENTACIÓN Y CERTIFICACIÓN DEL SISTEMA INTEGRADO DE GESTIÓN (ISO 14001\, ISO 45001 E ISO 9001) EN LA EMPRESA IMPEXAPERU S.A.C.\, CON EL OBJETIVO DE OPTIMIZAR LA GESTIÓN DE SUS PROCESOS Y RECURSOS EN LA VENTA DE SEÑALIZACIÓN Y MANTENIMIENTO VIAL",20251127,20260727,"IMPEXAPERU S.A.C.","ATE","LIMA","LIMA",150103,58800.0000,15120,10080,"SOLES",20260707
"BID 4","EMPRENDIMIENTOS DINAMICOS",2025,"1495-PROINNOVATE-EDI-2025","LOLOTEC: PLATAFORMA QUE IMPULSA EL REÚSO DE CELULARES",20251127,20260727,"CORPORACION PERU SUSTENTABLE SAC","SANTIAGO DE SURCO","LIMA","LIMA",150140,150000.0000,34093.08,45639.54,"SOLES",20260707
"BID 4","PROGRAMA DE INNOVACIÓN MODERNIZACIÓN TECNOLÓGICA Y EMPRENDIMIENTO - MIPYMES DE CALIDAD",2025,"1497-PROINNOVATE-IMTEMC-2025","CERTIFICACIÓN DE LAS BPM EN LA ELABORACIÓN DE PLATOS ORIENTALES EN EL CHIFA AL PASO SAKAE KIM DE AREQUIPA",20260218,20261018,"SAKAE KIM SAC","JACOBO HUNTER","AREQUIPA","AREQUIPA",040107,44999.5000,19285.5,7714.24,"SOLES",20260707
"BID 4","EMPRENDIMIENTOS INNOVADORES",2025,"1498-PROINNOVATE-EIN-2025","MAGIC PRODUCTS: PRODUCTO INNOVADOR QUE DISMINUYEN EL IMPACTO DEL HUMO A OTROS.",20251202,20260802,"AMURUZ CARDENAS GIANFLAVIO GUILLERMO","LIMA","LIMA","LIMA",150101,67000.0000,9800,19100,"SOLES",20260707
"BID 4","PROGRAMA DE INNOVACIÓN MODERNIZACIÓN TECNOLÓGICA Y EMPRENDIMIENTO - MIPYMES DE CALIDAD",2025,"1499-PROINNOVATE-IMTEMC-2025","IMPLEMENTACIÓN Y CERTIFICACIÓN DE TRINORMA ISO 9001:2015\, ISO 27001:2022 E ISO 37001:2025 PARA LA EMPRESA SER CALIDAD S.A.C",20251127,20260727,"SER CALIDAD S.A.C.","MIRAFLORES","LIMA","LIMA",150122,60000.0000,15428.68,10285.71,"SOLES",20260707
"BID 4","EMPRENDIMIENTOS INNOVADORES",2025,"1500-PROINNOVATE-EIN-2025","SABIO-IA TRIBUTARIO: SISTEMA MULTI-AGENTE PARA LA BÚSQUEDA Y ANÁLISIS DE JURISPRUDENCIA TRIBUTARIA PERUANA",20251211,20260711,"TORRES DE LA PIEDRA JESSICA ANAMARIA","MIRAFLORES","LIMA","LIMA",150122,62588.0700,9950,17900,"SOLES",20260707
"BID 4","EMPRENDIMIENTOS INNOVADORES",2025,"1501-PROINNOVATE-EIN-2025","GREENFISH: TECNOLOGÍA BIOTECH QUE SE EMPLEA EN HOGARES URBANOS Y NEGOCIOS CONSCIENTES\, INTERESADOS EN ALIMENTACIÓN SALUDABLE Y REDUCCIÓN DE RESIDUOS.",20251211,20260811,"CHANG YUI AUGUSTO","SAN BORJA","LIMA","LIMA",150130,66997.0000,9572,19141.85,"SOLES",20260707
"BID 4","EMPRENDIMIENTOS INNOVADORES",2025,"1502-PROINNOVATE-EIN-2025","COCINAME: CONECTAMOS PERSONAS OCUPADAS CON COCINERAS A DOMICILIO.",20251127,20260527,"COCINAME STUDIOS S.A.C.","LA VICTORIA","LIMA","LIMA",150115,66999.6000,11864.6,16849.51,"SOLES",20260707
"BID 4","EMPRENDIMIENTOS INNOVADORES",2025,"1504-PROINNOVATE-EIN-2025","RAYMI CLOUD ENTERPRISE: SERVICIO EN LA NUBE PARA GESTIONAR IMÁGENES MÉDICAS EN IPRESS PERUANAS.",20251202,20260702,"HUAMAN VEGA EMILIO ALBERTO","SAN MARTIN DE PORRES","LIMA","LIMA",150135,67000.0000,11978,19100,"SOLES",20260707
"BID 4","EMPRENDIMIENTOS DINAMICOS",2025,"1505-PROINNOVATE-EDI-2025","HIDROFERT: BIOPOLÍMERO DE LIBERACIÓN INTELIGENTE PARA CULTIVOS DE AGROEXPORTACIÓN.",20251202,20260702,"INVERSIONES SKY SOLUTIONS S.A.C.","LIMA","LIMA","LIMA",150101,150000.0000,27387.89,42857.14,"SOLES",20260707
"BID 4","PROGRAMA DE INNOVACIÓN MODERNIZACIÓN TECNOLÓGICA Y EMPRENDIMIENTO - MIPYMES DIGITALES",2025,"1506-PROINNOVATE-IMTEMD-2025","DESARROLLO E IMPLEMENTACIÓN DE PLATAFORMA WEB B2B INTEGRADA CON CRM PARA LA TRANSFORMACIÓN DIGITAL DE LOS PROCESOS COMERCIALES EN CORPORACIÓN MACAAN S.A.C.",20251224,20260924,"CORPORACION MACAAN S.A.C.","CHICLAYO","CHICLAYO","LAMBAYEQUE",140101,45000.0000,10286,6857,"SOLES",20260707
"BID 4","PROGRAMA DE INNOVACIÓN MODERNIZACIÓN TECNOLÓGICA Y EMPRENDIMIENTO - MIPYMES DIGITALES",2025,"1507-PROINNOVATE-IMTEMD-2025","IMPLEMENTACIÓN DE SOLUCIONES DIGITALES PARA LA OPTIMIZACIÓN DE RESERVAS\, PLANIFICACIÓN DE EVENTOS Y MEJORA EN LA EXPERIENCIA DEL CLIENTE EN EL CENTRO TURÍSTICO LAS ROCAS DE RODRÍGUEZ DE MENDOZA",20251211,20261011,"CENTRO TURISTICO LAS ROCAS-RODRIGUEZ DE MENDOZA E.I.R.L.","SAN NICOLAS","RODRIGUEZ DE MENDOZA","AMAZONAS",010601,45000.0000,10285.71,6857.14,"SOLES",20260707
"BID 4","PROGRAMA DE INNOVACIÓN MODERNIZACIÓN TECNOLÓGICA Y EMPRENDIMIENTO - MIPYMES DIGITALES",2025,"1508-PROINNOVATE-IMTEMD-2025","OPTIMIZACIÓN DEL PROCESO DE PRODUCCIÓN Y MEJORA DEL POSICIONAMIENTO EN EL MERCADO DE LA EMPRESA LA CASA DEL EMPRENDEDOR A TRAVÉS DE LA ADOPCIÓN DE TECNOLOGÍAS DIGITALES.",20251224,20260924,"LA CASA DEL PANADERO INDUSTRIAL EIRL","PIURA","PIURA","PIURA",200101,45000.0000,10285.71,6857.14,"SOLES",20260707
"BID 4","PROGRAMA DE INNOVACIÓN MODERNIZACIÓN TECNOLÓGICA Y EMPRENDIMIENTO - MIPYMES DE CALIDAD",2025,"1509-PROINNOVATE-IMTEMC-2025","DIAGNOSTICO\, IMPLEMENTACION Y CERTIFICACION DEL SISTEMA DE GESTION AMBIENTAL BASADA EN LA NORMA ISO 14001:2015 EN LA EMPRESA SANICONTROL SAC",20251230,20261030,"SANICONTROL S.A.C.","SANTIAGO DE SURCO","LIMA","LIMA",150140,43550.0000,11950,6800,"SOLES",20260707
"BID 4","PROGRAMA DE INNOVACIÓN MODERNIZACIÓN TECNOLÓGICA Y EMPRENDIMIENTO - MIPYMES DE CALIDAD",2025,"1510-PROINNOVATE-IMTEMC-2025","IMPLEMENTACION Y CERTIFICACION DE UN SISTEMA DE GESTION DE CALIDAD ISO 9001:2015 EN LA ORGANIZACION ACUTRAVEL E.I.R.L.",20251211,20261111,"ACUARIU´S TRAVEL TOUR OPERATOR EMPRESA INDIVIDUAL DE RESPONSABILIDAD LIMITADA - ACUTRAVEL E.I.R.L.","AREQUIPA","AREQUIPA","AREQUIPA",040101,42700.0000,11300,7000,"SOLES",20260707
"BID 4","EMPRENDIMIENTOS INNOVADORES",2025,"1511-PROINNOVATE-EIN-2025","WUILIO: PLATAFORMA QUE VISIBILIZA\, ORQUESTA Y CONECTA TODA LA CADENA LOGISTICA COMEX.",20251127,20260627,"WUILIO PERU S.A.C.","SAN MIGUEL","LIMA","LIMA",150136,67000.0000,33341.06,18000,"SOLES",20260707
"BID 4","EMPRENDIMIENTOS INNOVADORES",2025,"1512-PROINNOVATE-EIN-2025","VAILOO: PLATAFORMA DIGITAL QUE UNE PROVEEDORES Y ORGANIZADORES DE EVENTOS.",20251202,20260802,"BOBADILLA MINAYA JIMMY JOEL","PUENTE PIEDRA","LIMA","LIMA",150125,42677.9700,6422.03,11900,"SOLES",20260707
"BID 4","EMPRENDIMIENTOS INNOVADORES",2025,"1514-PROINNOVATE-EIN-2025","CRANCH CUP: VASOS DE GALLETA COMESTIBLES Y SOSTENIBLES\, CRUJIENTES\, VEGANOS Y CON PATENTE EN TRÁMITE",20251127,20260727,"NUTRITECH CENTER S.A.C.","SAN JUAN DE LURIGANCHO","LIMA","LIMA",150132,61193.5800,12220.42,14220,"SOLES",20260707
"BID 4","EMPRENDIMIENTOS INNOVADORES",2025,"1515-PROINNOVATE-EIN-2025","FERTICO: SOFTWARE QUE UTILIZA LA IA PARA TRANSFORMAR EL ANÁLISIS DE SUELO EN BIOFERTILIZANTES PERSONALIZADOS.",20251230,20260730,"PILLCO TORRES FABIOLA","LIMA","LIMA","LIMA",150101,67000.0000,9576.4,19140,"SOLES",20260707
"BID 4","EMPRENDIMIENTOS INNOVADORES",2025,"1516-PROINNOVATE-EIN-2025","CAPACITADERO: DESARROLLO DE HABILIDADES DIGITALES A PERSONAS CON DISCAPACIDAD",20251202,20260702,"ORTIZ MENDEZ JOSE ISAIAS","SAN MARTIN DE PORRES","LIMA","LIMA",150135,23290.9500,13248.14,2380,"SOLES",20260707
"BID 4","EMPRENDIMIENTOS INNOVADORES",2025,"1517-PROINNOVATE-EIN-2025","THREEPOWER: COMBATE LA ANEMIA INFANTIL CON PRODUCTOS NATURALES\, NUTRITIVOS Y DELICIOSOS.",20251202,20260702,"IZQUIERDO COCHACHIN MAYLEN URSULA","LA PERLA","CALLAO","CALLAO",070104,67000.0000,9571.43,19142.86,"SOLES",20260707
"BID 4","EMPRENDIMIENTOS INNOVADORES",2025,"1518-PROINNOVATE-EIN-2025","THESIA: COPILOTO IA PARA GUIAR\, AUTOMATIZAR Y VALIDAR LA INVESTIGACIÓN ACADÉMICA.",20251202,20260702,"GALVEZ RAMIREZ DANIELLA VICTORIA","SANTIAGO DE SURCO","LIMA","LIMA",150140,67000.0000,9571.43,19142.86,"SOLES",20260707
"BID 4","EMPRENDIMIENTOS INNOVADORES",2025,"1521-PROINNOVATE-EIN-2025","COFFEE PASS: PLATAFORMA PARA UNIFICAR EL ECOSISTEMA CAFETERO.",20251230,20260830,"PORTOCARRERO MERINO KEVIN EDUARDO","CARMEN DE LA LEGUA REYNOSO","CALLAO","CALLAO",070103,61496.3400,18891.34,9000,"SOLES",20260707
"BID 4","EMPRENDIMIENTOS INNOVADORES",2025,"1522-PROINNOVATE-EIN-2025","SKALLIA: PLATAFORMA DE CAPACITACIÓN CON IA Y REALIDAD VIRTUAL PARA OPERARIOS INDUSTRIALES",20251118,20260718,"MORENO ROMERO CAROLINA","SANTIAGO DE SURCO","LIMA","LIMA",150140,57210.0000,11482.88,15970,"SOLES",20260707
"BID 4","EMPRENDIMIENTOS INNOVADORES",2025,"1523-PROINNOVATE-EIN-2025","INFLUGO: PLATAFORMA QUE CONECTA MARCAS CON CREADORES.",20251202,20260802,"LUY WONG KATHERINE NICOLE","SAN ISIDRO","LIMA","LIMA",150131,67000.0000,9723.3,19000,"SOLES",20260707
"BID 4","EMPRENDIMIENTOS INNOVADORES",2025,"1524-PROINNOVATE-EIN-2025","GOO\, PLATAFORMA INMOBILIARIA B2C CON IA.",20251230,20260830,"GONZALES QUISPE JUAN CARLOS","VILLA EL SALVADOR","LIMA","LIMA",150142,67000.0000,11517.63,18080,"SOLES",20260707
"BID 4","PROGRAMA DE INNOVACIÓN MODERNIZACIÓN TECNOLÓGICA Y EMPRENDIMIENTO - MIPYMES DIGITALES",2025,"1525-PROINNOVATE-IMTEMD-2025","TRANSFORMACION DIGITAL OPERACIONALES Y ADMINISTRATIVAS DE CORPORATE SERVICE CONSULTING SAC PARA OPTIMIZACION DE SU SERVICIO AL CLIENTE \,LA EFICIENCIA Y EL CONTROL DEL NEGOCIO",20260203,20261103,"CORPORATE  SERVICE CONSULTING SOCIEDAD ANONIMA CERRADA","SAN ISIDRO","LIMA","LIMA",150131,45000.0000,10285.71,6857.14,"SOLES",20260707
"BID 4","EMPRENDIMIENTOS INNOVADORES",2025,"1526-PROINNOVATE-EIN-2025","WIÑAY TARPUY: SAAS QUE CONECTA PRODUCTORES AGRICOLAS Y JUNTAS DE USUARIOS PARA UNA MEJOR TOMA DE DECISIONES",20251126,20260726,"CALLO CONDORI GABRIEL","ALTO SELVA ALEGRE","AREQUIPA","AREQUIPA",040102,66733.0000,10005,19140,"SOLES",20260707
"BID 4","EMPRENDIMIENTOS DINAMICOS",2025,"1527-PROINNOVATE-EDI-2025","LYOSTEMVET: TRATAMIENTO VETERINARIO CON SECRETOMA LIOFILIZADO DE CÉLULAS MADRE CANINAS",20251219,20260719,"CLINICA VETERINARIA ENCISO S.A.C.","SANTIAGO DE SURCO","LIMA","LIMA",150140,146606.4200,31606.98,40400,"SOLES",20260707
"BID 4","PROGRAMA DE INNOVACIÓN MODERNIZACIÓN TECNOLÓGICA Y EMPRENDIMIENTO - MIPYMES DIGITALES",2025,"1528-PROINNOVATE-IMTEMD-2025","DESARROLLO DE UNA SOLUCIÓN TECNOLÓGICA PARA LA MEJORA DEL CONTROL LOGÍSTICO\, TRAZABILIDAD DE ENCOMIENDAS Y ATENCIÓN AL CLIENTE EN LA EMPRESA TRANSPORTES SAN JOSE DE SISA",20260203,20261103,"TRANSPORTES SAN JOSE DE SISA S.A.","SAN JOSE DE SISA","EL DORADO","SAN MARTIN",220301,44550.0000,10170,6780,"SOLES",20260707
"BID 4","DESAFÍOS DE INNOVACIÓN EN CADENAS DE VALOR MODALIDAD A - CAMBIO CLIMÁTICO",2025,"1529-PROINNOVATE-DICVMACC-2025","DISEÑO Y CONSTRUCCIÓN DE UN PROTOTIPO DE AULA MODULAR DE MADERA EN LA I.E.I. N° 470-B YINE\, CON ENFOQUE CAMBIO CLIMÁTICO\, UBICADO EN EL DISTRITO DE YARINACOCHA\, PROVINCIA DE CORONEL PORTILLO\, DEPARTAMENTO DE UCAYALI",20260226,20270126,"CAMARA DE COMERCIO INDUSTRIA Y TURISMO DE UCAYALI","CALLERIA","CORONEL PORTILLO","UCAYALI",250101,524060.0000,0,24000,"SOLES",20260707
"BID 4","Startup Perú PLUG - Atracción de Emprendedores Extranjeros - CAMBIO CLIMÁTICO",2025,"1530-PROINNOVATE-AEECC-2025","WAS COMPANY CONVIERTE RESIDUOS EN MATERIALES DE CONSTRUCCIÓN SOSTENIBLES Y BAJOS EN CARBONO.",20251230,20261030,"EARTH TECH MATERIALS PERU S.A.C.","SAN BORJA","LIMA","LIMA",150130,71864.4100,0,0,"SOLES",20260707
"BID 4","PROGRAMA DE INNOVACIÓN MODERNIZACIÓN TECNOLÓGICA Y EMPRENDIMIENTO - MIPYMES DE CALIDAD",2025,"1531-PROINNOVATE-IMTEMC-2025","?CERTIFICACIÓN ORGÁNICA Y RAINFOREST ALLIANCE PARA FORTALECER LA GESTIÓN AMBIENTAL\, LA TRAZABILIDAD Y EL ACCESO A MERCADOS DIFERENCIADOS  EN LA COOPERATIVA AGRARIA CAFETALERA CASIL LTDA?.",20260226,20261026,"COOPERATIVA AGRARIA CAFETALERA CASIL LTDA.","SAN IGNACIO","SAN IGNACIO","CAJAMARCA",060901,45000.0000,16400,28600,"SOLES",20260707
"BID 4","EMPRENDIMIENTOS INNOVADORES",2025,"1532-PROINNOVATE-EIN-2025","ENERGIA TECH: PLATAFORMA INTELIGENTE DE BAJO COSTO CON IA E IOT PARA MONITOREAR\, ANALIZAR Y OPTIMIZAR EL CONSUMO ENERGÉTICO EN HOGARES E INDUSTRIAS.",20251202,20260802,"SAAVEDRA CADENILLAS DIEGO ANDRES","LA MOLINA","LIMA","LIMA",150114,66999.5400,11907.46,18480,"SOLES",20260707
"BID 4","EMPRENDIMIENTOS INNOVADORES",2025,"1534-PROINNOVATE-EIN-2025","PROPIO LATAM: PLATAFORMA DE FINANCIAMIENTO HABITACIONAL QUE PERMITE ACCESO A PRIMERA VIVIENDA MEDIANTE UN MODELO DE ARRIENDO CON OPCIÓN.",20251127,20260727,"MEZA OLAYA ENZO RENATO","N/D","N/D","N/D","",67000.0000,12043.98,19000,"SOLES",20260707
"BID 4","Startup Perú PLUG - Atracción de Emprendedores Extranjeros - CAMBIO CLIMÁTICO",2025,"1536-PROINNOVATE-AEECC-2025","BLOCKCHAIN DC CON SU SOLUCIÓN MYPROCHAIN GESTIÓN DE ACTIVOS Y MEDICIÓN DE CO2.",20251127,20260827,"BLOCKCHAINDC SOCIEDAD ANONIMA CERRADA BIC","SANTIAGO DE SURCO","LIMA","LIMA",150140,151188.9800,27214.02,38000,"SOLES",20260707
"BID 4","PROGRAMA DE INNOVACIÓN MODERNIZACIÓN TECNOLÓGICA Y EMPRENDIMIENTO - MIPYMES DE CALIDAD",2025,"1537-PROINNOVATE-IMTEMC-2025","IMPLEMENTACIÓN Y CERTIFICACIÓN DE COMERCIO JUSTO EN LA PRODUCCIÓN Y COMERCIALIZACIÓN DE CAFÉ CON LA FINALIDAD DE POTENCIAR VENTANAS COMERCIALES NACIONALES E INTERNACIONALES\, EN LA COOPERATIVA AGRARIA AROMAS FINOS\, CAJAMARCA",20260204,20261004,"COOPERATIVA AGRARIA CAFETALERA AROMAS FINOS DEL PERU","JAEN","JAEN","CAJAMARCA",060801,45000.0000,11700,7728.6,"SOLES",20260707
"BID 4","EMPRENDIMIENTOS INNOVADORES",2025,"1538-PROINNOVATE-EIN-2025","VIBRANTAPP: APP MÓVIL CON IA VISUAL-CONVERSACIONAL PARA ASISTENCIA TURÍSTICA INTELIGENTE.",20251230,20260830,"QUISPE CALLAÑAUPA BRIAN GEORGE","WANCHAQ","CUSCO","CUSCO",080108,67000.0000,9571.43,19142.86,"SOLES",20260707
"BID 4","EMPRENDIMIENTOS DINAMICOS",2025,"1539-PROINNOVATE-EDI-2025","EMBARCAR: VIAJA RÁPIDO\, FÁCIL Y SEGURO EN BUS POR EL PERÚ.",20251202,20260802,"EMBARCAR PERU S.A.C.","MARIANO MELGAR","AREQUIPA","AREQUIPA",040109,149284.7600,24515.24,42400,"SOLES",20260707
"BID 4","EMPRENDIMIENTOS DINAMICOS",2025,"1540-PROINNOVATE-EDI-2025","YAVENDIÓ: PLATAFORMA QUE MULTIPLICA LAS VENTAS DE LOS ECOMMERCE CON AGENTES DE INTELIGENCIA ARTIFICIAL QUE VENDEN POR ELLOS RESPONDIENDO MENSAJES.",20251230,20260730,"ZAFIRO TECH S.A.C.","SANTIAGO DE SURCO","LIMA","LIMA",150140,135604.0000,28380.05,29735.95,"SOLES",20260707
"BID 4","PROGRAMA DE INNOVACIÓN MODERNIZACIÓN TECNOLÓGICA Y EMPRENDIMIENTO - MIPYMES DE CALIDAD",2025,"1542-PROINNOVATE-IMTEMC-2025","OPTIMIZACIÓN DE RECURSOS Y MEJORA DEL DESEMPEÑO AMBIENTAL EN ÓPTICA ZAMBRANO E.I.R.L. MEDIANTE LA CERTIFICACIÓN ISO 14001:2015 PARA LA MEJORA PRODUCTIVA Y ACCESO A NUEVOS MERCADOS",20251230,20260830,"OPTICA ZAMBRANO EIRL","AREQUIPA","AREQUIPA","AREQUIPA",040101,45000.0000,11571.43,7714.28,"SOLES",20260707
"BID 4","VALIDACIÓN DE LA INNOVACIÓN - CAMBIO CLIMÁTICO",2025,"1543-PROINNOVATE-PIEC2CC-2025","VALIDACIÓN TÉCNICA Y COMERCIAL DE PLATAFORMA QUE GENERA Y COMERCIALIZA BONOS DE CARBONO DIRIGIDO A PERSONA NATURAL Y PYMES A PARTIR DE LA REFORESTACIÓN DE ESPECIES DE CAPTACIÓN MASIVA DE CO2\, PARA REDUCIR HUELLA DE CARBONO Y EVITAR EL GREENWASHING.",20260109,20260809,"FINNIU SAC","SAN BORJA","LIMA","LIMA",150130,300000.0000,50000,150000,"SOLES",20260707
"BID 4","PROGRAMA DE INNOVACIÓN MODERNIZACIÓN TECNOLÓGICA Y EMPRENDIMIENTO - MIPYMES DE CALIDAD",2025,"1544-PROINNOVATE-IMTEMC-2025","IMPLEMENTACIÓN Y CERTIFICACIÓN DE UN SISTEMA DE GESTIÓN DE SEGURIDAD DE LA INFORMACIÓN CON BASE EN LA NORMA ISO/IEC 27001:2022 EN LA EMPRESA YARKAN S.A.C.",20260203,20261003,"YARKAN SAC","SAN ISIDRO","LIMA","LIMA",150131,45000.0000,11571.43,7714.28,"SOLES",20260707
"BID 4","EMPRENDIMIENTOS INNOVADORES",2025,"1546-PROINNOVATE-EIN-2025","MINDUSS\, LABORATORIO VIRTUAL PARA LA CREACIÓN DE IA NO CODE",20251230,20260730,"REATEGUI SCHRADER JOSE LUIS","TARAPOTO","SAN MARTIN","SAN MARTIN",220901,66923.4800,9970.92,18720,"SOLES",20260707
"BID 4","PROGRAMA DE INNOVACIÓN MODERNIZACIÓN TECNOLÓGICA Y EMPRENDIMIENTO - MIPYMES DE CALIDAD",2025,"1547-PROINNOVATE-IMTEMC-2025","\"FORTALECIMIENTO COMERCIAL DE ASOCIACION DE CAFICULTORES DE LA AMAZONIA PERUANA A TRAVÉS DE LA CERTIFICACIÓN RAINFOREST ALLIANCE PARA EL ACCESO A NUEVOS NICHOS DEL MERCADO INTERNACIONAL DEL CAFÉ\"",20260331,20261130,"ASOCIACION DE CAFICULTORES DE LA AMAZONIA PERUANA","LA COIPA","SAN IGNACIO","CAJAMARCA",060904,45000.0000,11580,7714.3,"SOLES",20260707
"BID 4","EMPRENDIMIENTOS INNOVADORES",2025,"1548-PROINNOVATE-EIN-2025","INCUBA COCINA: CENTRO DE CAPACITACIÓN DIGITAL ORIENTADO AL DESARROLLO DE HABILIDADES EMPRESARIALES EN EL SECTOR GASTRONÓMICO",20251202,20260802,"VALDEZ VIVANCO JOSE OMAR","INDEPENDENCIA","LIMA","LIMA",150112,66950.8500,11599.15,19200,"SOLES",20260707
"BID 4","PROGRAMA DE INNOVACIÓN MODERNIZACIÓN TECNOLÓGICA Y EMPRENDIMIENTO - MIPYMES DE CALIDAD",2025,"1549-PROINNOVATE-IMTEMC-2025","MEJORAMIENTO DE LA COMPETITIVIDAD COMERCIAL MEDIANTE LA CERTIFICACIÓN RAINFOREST ALLIANCE EN LA COOPERATIVA AGRARIA DE SERVICIOS MULTIPLES PARA EL PROGRESO E INTEGRACIÓN DE CAFETALEROS",20260227,20261027,"COOPERATIVA AGRARIA DE SERVICIOS MULTIPLES PARA EL PROGRESO E INTEGRACION DE CAFETALEROS","JAEN","JAEN","CAJAMARCA",060801,45000.0000,16200.02,28799.98,"SOLES",20260707
"BID 4","EMPRENDIMIENTOS INNOVADORES",2025,"1550-PROINNOVATE-EIN-2025","BLICKET: MARKETPLACE DE COMPRA Y VENTA DE ENTRADAS SIN RIESGO A ESTAFAS",20251127,20260727,"FLORIAN CORAL FRANK FELIPE","PUEBLO LIBRE","LIMA","LIMA",150121,67000.0000,9654,19140,"SOLES",20260707
"BID 4","VALIDACIÓN DE LA INNOVACIÓN",2025,"1554-PROINNOVATE-PIEC2-2025","\"VALIDACIÓN TÉCNICA Y COMERCIAL DE DAIREL\, PLATAFORMA IOT PARA EL MONITOREO Y OPTIMIZACIÓN DEL DESEMPEÑO DE EQUIPOS INDUSTRIALES\"",20251121,20260721,"E2I S.A.C.","MAGDALENA DEL MAR","LIMA","LIMA",150120,499880.0000,83453.33,250000,"SOLES",20260707
"BID 4","PROGRAMA DE INNOVACIÓN MODERNIZACIÓN TECNOLÓGICA Y EMPRENDIMIENTO - MIPYMES DE CALIDAD",2025,"1555-PROINNOVATE-IMTEMC-2025","CERTIFICACIÓN DE LAS FINCAS DE PRODUCCIÓN DE CAFÉ DE LOS SOCIOS DE SUSTAINABLE ASSOCIATION PUI PUI\, BAJO EL ESTANDAR RAINFOREST ALLIANCE\, EN EL DISTRITO DE PICHANAQUI\, PROVINCIA DE CHANCHAMAYO\, REGIÓN JUNÍN",20251230,20260930,"SUSTAINABLE ASSOCIATION PUI  PUI","PICHANAQUI","CHANCHAMAYO","JUNIN",120303,44989.0000,11568.6,7712.4,"SOLES",20260707
"BID 4","INNOVACIÓN EMPRESARIAL - CAMBIO CLIMÁTICO",2025,"1556-PROINNOVATE-PIEC1CC-2025","DESARROLLO DE UN PROTOTIPO DE BIORREACTOR PARA LA GENERACIÓN DE HIDRÓGENO VERDE A PARTIR DE RESIDUOS ORGÁNICOS DE ESTABLOS LECHEROS\, QUE PERMITA PRODUCIR ENERGÍA Y REDUCIR EMISIONES DE CO2.",20251211,20260811,"EMPRESA AGROPECUARIA LOS LUISES S.R.L","HUANCHACO","TRUJILLO","LA LIBERTAD",130104,199910.0000,19751.1,31999.92,"SOLES",20260707
"BID 4","INNOVACIÓN EMPRESARIAL",2025,"1557-PROINNOVATE-PIEC1-2025","RODILLO ALIGERADO PARA FAJA TRANSPORTADORA DE GRANDES DIMENSIONES.",20260109,20260909,"ITALROLL SOCIEDAD ANONIMA CERRADA - ITALROLL S.A.C.","LIMA","LIMA","LIMA",150101,174500.0000,45500,71000,"SOLES",20260707
"BID 4","PROGRAMA DE INNOVACIÓN MODERNIZACIÓN TECNOLÓGICA Y EMPRENDIMIENTO - MIPYMES DE CALIDAD",2025,"1559-PROINNOVATE-IMTEMC-2025","IMPLEMENTACIÓN Y CERTIFICACIÓN DE UN SISTEMA DE GESTIÓN DE LA CALIDAD ISO 9001:2015 EN COMPUTER HOUSE A&B S.A.C. BUSCANDO EL INGRESO A MERCADOS MÁS COMPETITIVOS Y MEJORA DE LA PRODUCTIVIDAD EN LOS SERVICIOS QUE BRINDAMOS.",20251230,20260730,"COMPUTER A & B SOCIEDAD ANONIMA CERRADA - COMPUTER HOUSE A & B S.A.C.","ALTO SELVA ALEGRE","AREQUIPA","AREQUIPA",040102,45000.0000,11571.43,7714.28,"SOLES",20260707
"BID 4","PROGRAMA DE INNOVACIÓN MODERNIZACIÓN TECNOLÓGICA Y EMPRENDIMIENTO - MIPYMES DIGITALES",2025,"1560-PROINNOVATE-IMTEMD-2025","MEJORAMIENTO DE LAS OPERACIONES INTERNAS Y ESTRATEGIAS COMERCIALES DE SANU SALUD Y NUTRICIÓN INTEGRAL S.R.L A TRAVÉS DE LA INTEGRACIÓN DE SOLUCIONES DIGITALES QUE GARANTICEN SERVICIOS MEJORADOS EN ATENCIÓN AL CLIENTE\, MAYOR ALCANCE DE PROMOCIÓN DE SUS SERVICIO",20251224,20260924,"SANU SALUD Y NUTRICION INTEGRAL S.R.L","TARAPOTO","SAN MARTIN","SAN MARTIN",220901,45000.0000,10285.8,6857.1,"SOLES",20260707
"BID 4","PROGRAMA DE INNOVACIÓN MODERNIZACIÓN TECNOLÓGICA Y EMPRENDIMIENTO - MIPYMES DIGITALES",2025,"1561-PROINNOVATE-IMTEMD-2025","DIGITALIZACIÓN DE PROCESOS OPERATIVOS Y FORTALECIMIENTO DE LA GESTIÓN PRODUCTIVA\, SANITARIA Y ADMINISTRATIVA PARA OPTIMIZAR LA GESTIÓN INTEGRAL\, EL CICLO PRODUCTIVO\, MEJORAR LA TRAZABILIDAD\, CONTROL Y COMERCIALIZACIÓN EN UNA UNIDAD DE CRIANZA AVÍCOLA.",20260203,20261103,"GRUPO PECUARIO DEL NORTE S.R.L.","CHICLAYO","CHICLAYO","LAMBAYEQUE",140101,44970.0000,10278,6852,"SOLES",20260707
"BID 4","EMPRENDIMIENTOS INNOVADORES",2025,"1562-PROINNOVATE-EIN-2025","GESTORPAGOS: SOFTWARE SAAS QUE AUTOMATIZA LAS COBRANZAS DE LAS PYMES CON IA\, MEJORANDO SU FLUJO DE CAJA Y REDUCIENDO LA MOROSIDAD.",20251127,20260827,"GAVIDIA HUAMALI JOFFRE ANGELO","HUANUCO","HUANUCO","HUANUCO",100101,66999.4500,9571.82,19142.8,"SOLES",20260707
"BID 4","EMPRENDIMIENTOS INNOVADORES",2025,"1563-PROINNOVATE-EIN-2025","XRAI: DISPOSITIVO MÉDICO ACTIVO CON IA QUE MEJORA EL DIAGNÓSTICO RADIOGRÁFICO ODONTOLÓGICO Y REDUCE ERRORES EN TRATAMIENTOS",20251223,20260823,"TOLENTINO ISIDRO DEYVID PIERO","PILLCO MARCA","HUANUCO","HUANUCO",100111,61838.0000,21449,14040,"SOLES",20260707
"BID 4","PROGRAMA DE INNOVACIÓN MODERNIZACIÓN TECNOLÓGICA Y EMPRENDIMIENTO - MIPYMES DE CALIDAD",2025,"1564-PROINNOVATE-IMTEMC-2025","IMPLEMENTACIÓN Y CERTIFICACIÓN DE COMERCIO JUSTO EN LA COOPERATIVA AGRARIA ASHANINKA KEMITO SANKORI LTDA PARA INCREMENTAR LA OFERTA PRODUCTIVA CERTIFICADA DE CACAO FINO DE AROMA",20260203,20261003,"COOPERATIVA AGRARIA ASHANINKA KEMITO SANKORI LTDA","SATIPO","SATIPO","JUNIN",120601,45000.0000,11571.52,7714.19,"SOLES",20260707
"BID 4","EMPRENDIMIENTOS INNOVADORES",2025,"1565-PROINNOVATE-EIN-2025","MEDEX: SISTEMA WEB DE GESTIÓN DE NEGOCIOS CON INTELIGENCIA ARTIFICIAL ESPECIALIZADO PARA FARMACIAS",20251127,20260727,"HUACHEZ DIAZ LINDER","SAN ISIDRO","LIMA","LIMA",150131,66779.9100,11580,18500,"SOLES",20260707
"BID 4","EMPRENDIMIENTOS INNOVADORES",2025,"1566-PROINNOVATE-EIN-2025","BIOHOP: EMPAQUE A BASE DE RESIDUOS DE SEUDOTALLO DE PLÁTANO",20251211,20260811,"BUENO GONZALES ZINIA","AMARILIS","HUANUCO","HUANUCO",100102,66710.0000,11800.76,18000,"SOLES",20260707
"BID 4","EMPRENDIMIENTOS INNOVADORES",2025,"1567-PROINNOVATE-EIN-2025","PHAXSI: PLATAFORMA SATELITAL DE MONITOREO AGRÍCOLA CON ALERTAS Y REPORTES INTELIGENTES.",20251202,20261001,"QUISPE GASPAR MAYK JOEL","CHINCHAO","HUANUCO","HUANUCO",100103,66926.0000,9576,19123.16,"SOLES",20260707
"BID 4","VALIDACIÓN DE LA INNOVACIÓN",2025,"1568-PROINNOVATE-PIEC2-2025","VALIDACIÓN TÉCNICA-COMERCIAL Y EMPAQUETAMIENTO TECNOLÓGICO DE UN PROTOTIPO DE CANASTILLA CON MESA LEVADIZA HIDRÁULICA Y SENSORES DE PROXIMIDAD PARA INSTALACIÓN DE EQUIPOS (VENTILADORES\, MANGUERAS Y OTROS) EN MINERÍA SUBTERRÁNEA Y CONSTRUCCIÓN DE TÚNELES.",20251202,20260802,"INCATECH S.A.C.","ATE","LIMA","LIMA",150103,228016.9000,161823.09,109000,"SOLES",20260707
"BID 4","PROGRAMA DE INNOVACIÓN MODERNIZACIÓN TECNOLÓGICA Y EMPRENDIMIENTO - MIPYMES DE CALIDAD",2025,"1569-PROINNOVATE-IMTEMC-2025","IMPLEMENTACIÓN Y CERTIFICACIÓN DEL SISTEMA DE GESTIÓN DE LA INOCUIDAD HACCP PARA LA EMPRESA ÑUQANCHIK SERVICIOS GASTRONÓMICOS S.A.C. - ÑUQANCHIK S.A.C",20251202,20260902,"NUQANCHIK SERVICIOS GASTRONOMICOS S.A.C. - NUQANCHIK S.A.C","TACNA","TACNA","TACNA",230101,44999.0100,11573.42,7714.4,"SOLES",20260707
"BID 4","EMPRENDIMIENTOS INNOVADORES",2025,"1570-PROINNOVATE-EIN-2025","DELTAX - TECNOLOGÍA SATELITAL Y TOKENIZACIÓN PARA CRÉDITOS VERDES EN EL AGRO",20251127,20260627,"GARCIA RUIZ CRISTINA PATRICIA","SANTIAGO DE SURCO","LIMA","LIMA",150140,66712.7100,10050,19000.03,"SOLES",20260707
"BID 4","EMPRENDIMIENTOS INNOVADORES",2025,"1572-PROINNOVATE-EIN-2025","ESSALUDNET: SISTEMAS DE CONTROL Y FACTURACION INTEGRADA PARA AREA DE VENTAS.",20251230,20260730,"ADRIANO SOTO JHONATAN ALEXANDER","AMARILIS","HUANUCO","HUANUCO",100102,20055.0000,4500,4095,"SOLES",20260707
"BID 4","PROGRAMA DE INNOVACIÓN MODERNIZACIÓN TECNOLÓGICA Y EMPRENDIMIENTO - MIPYMES DE CALIDAD",2025,"1573-PROINNOVATE-IMTEMC-2025","IMPLEMENTACIÓN INTEGRAL DEL SISTEMA DE GESTIÓN TRINORMA ISO 9001\, ISO 27001 E ISO 37001 PARA EL FORTALECIMIENTO DE LA CALIDAD\, SEGURIDAD DE LA INFORMACIÓN Y TRANSPARENCIA ANTISOBORNO EN ONGOING S.A.C.\, PROMOVIENDO UNA CULTURA ORGANIZACIONAL DE EXCELENCIA",20251230,20260730,"ONGOING S.A.C.","LA VICTORIA","LIMA","LIMA",150115,60000.0000,15428.57,10285.71,"SOLES",20260707
"BID 4","EMPRENDIMIENTOS INNOVADORES",2025,"1575-PROINNOVATE-EIN-2025","DOMMIES: APLICACIÓN QUE CONECTA ROOMMATES CON INTELIGENCIA ARTIFICIAL.",20251211,20260711,"ULPIANO NIETO YANEL MARIA","LINCE","LIMA","LIMA",150116,60085.6000,9500,17330,"SOLES",20260707
"BID 4","LABORATORIOS ITINERANTES DE METROLOGIA",2025,"1576-PROINNOVATE-LAIT-2025","DESPLIEGUE DE (03) LABORATORIOS ITINERANTES DE METROLOGÍA DEL INSTITUTO NACIONAL DE CALIDAD.",20251112,20270721,"INSTITUTO NACIONAL DE CALIDAD - INACAL","SAN ISIDRO","LIMA","LIMA",150131,4440000.0000,0,0,"SOLES",20260707
"BID 4","DESAFÍOS SECTORIALES DE GRAN IMPACTO - CAMBIO CLIMÁTICO",2025,"1577-PROINNOVATE-DSGICC-2025","MODELO TERRITORIAL DE VALORIZACIÓN CIRCULAR DE RESIDUOS URBANOS CON TECNOLOGÍAS DIGITALES Y PARTICIPACIÓN DE RECICLADORES COMUNITARIOS EN LIMA METROPOLITANA",20260109,20261109,"UNACEM PERU S.A.","VILLA MARIA DEL TRIUNFO","LIMA","LIMA",150143,1600000.0000,0,244300,"SOLES",20260707
"BID 4","VALIDACIÓN DE LA INNOVACIÓN",2025,"1579-PROINNOVATE-PIEC2-2025","VALIDACIÓN TÉCNICA\, COMERCIAL Y DE EMPAQUETADO DE LAS PLATAFORMAS FINANCIERAS 'KAPITAL & VALORA'\, CON EL OBJETIVO DE OFRECER UNA SOLUCIÓN INNOVADORA Y ADAPTADA A MERCADOS EMERGENTES PARA LA VALORACIÓN DE EMPRESAS Y EL CÁLCULO DEL COSTO DE CAPITAL.",20251211,20261211,"PRO INVESTMENT DEVELOPMENT ADVISORS","SAN ISIDRO","LIMA","LIMA",150131,118643.3900,50568.81,48000,"SOLES",20260707
"BID 4","PROGRAMA DE INNOVACIÓN MODERNIZACIÓN TECNOLÓGICA Y EMPRENDIMIENTO - MIPYMES DE CALIDAD",2025,"1581-PROINNOVATE-IMTEMC-2025","CERTIFICACIÓN RAINFOREST ALLIANCE EN LARYCA EXPORT SAC PARA INCREMENTAR LA OFERTA PRODUCTIVA DE NARANJA FRESCA",20260203,20261003,"LARYCA EXPORT SOCIEDAD ANONIMA CERRADA","PERENE","CHANCHAMAYO","JUNIN",120302,44899.9300,11671.43,7714.19,"SOLES",20260707
"BID 4","PROGRAMA DE INNOVACIÓN MODERNIZACIÓN TECNOLÓGICA Y EMPRENDIMIENTO - MIPYMES DE CALIDAD",2025,"1582-PROINNOVATE-IMTEMC-2025","DESARROLLO Y CERTIFICACIÓN DE UN SISTEMA DE GESTION DE CALIDAD EN LA EMPRESA BRYFMIN S.A.C. CON LA FINALIDAD DE ACCEDER A MERCADOS MINEROS Y MEJORAR SU CAPACIDAD PRODUCTIVA",20260203,20261203,"BRYFMIN SERVICIOS DE INGENIERIA Y LOGISTICA MINERA E INDUSTRIAL S.A.C. BRYFMIN S.A.C.","YANAHUARA","AREQUIPA","AREQUIPA",040126,45000.0000,11571.45,7714.26,"SOLES",20260707
"BID 4","EMPRENDIMIENTOS INNOVADORES",2025,"1583-PROINNOVATE-EIN-2025","YUKATRON: BEBIDA NUTRITIVA PARA UN FUTURO SOSTENIBLE",20251230,20260730,"HERRERA CASTILLON NOE ALDO","CASTILLO GRANDE","LEONCIO PRADO","HUANUCO",100608,66895.9700,10348.98,18500.03,"SOLES",20260707
"BID 4","INNOVACIÓN EMPRESARIAL - CAMBIO CLIMÁTICO",2025,"1584-PROINNOVATE-PIEC1CC-2025","PROTOTIPO DE PRODUCCIÓN AUTOMATIZADA DE ARROZ AÑEJO FORTIFICADO MEDIANTE EXTRUSIÓN CIRCULAR DE SUBPRODUCTOS INDUSTRIALES PARA MITIGACIÓN DEL DESPERDICIO Y MEJORA CULINARIA",20251219,20260619,"CENTRO INTERNACIONAL DE DESARROLLO ECONOMICO","NUEVA CAJAMARCA","RIOJA","SAN MARTIN",220804,199500.0000,22500,31000,"SOLES",20260707
"BID 4","EMPRENDIMIENTOS DINAMICOS",2025,"1585-PROINNOVATE-EDI-2025","TUKUY OBRA: PLATAFORMA COLABORATIVA CON ALMACÉN\, CONTROL DE ASISTENCIA Y HOMOLOGACIÓN DE ÍTEMS PARA LOGRAR LA CULMINACIÓN OPORTUNA DE OBRAS DE CONSTRUCCIÓN.",20251211,20260711,"SIADEG E.I.R.L.","SANTA ANA","LA CONVENCION","CUSCO",080901,143898.2900,24101.72,42000,"SOLES",20260707
"BID 4","PROGRAMA DE INNOVACIÓN MODERNIZACIÓN TECNOLÓGICA Y EMPRENDIMIENTO - MIPYMES DE CALIDAD",2025,"1586-PROINNOVATE-IMTEMC-2025","IMPLEMENTACIÓN Y CERTIFICACIÓN DEL SISTEMA DE GESTIÓN DE CALIDAD BAJO LA NORMA ISO 9001:2015 PARA EL LOGRO DE LA CERTIFICACIÓN Y FORTALECER LA COMPETITIVIDAD EN SOLUCIONES MUSTANG S.A.C.",20260109,20260909,"SOLUCIONES MUSTANG S.A.C.","CERRO COLORADO","AREQUIPA","AREQUIPA",040104,45000.0000,11571.43,7714.28,"SOLES",20260707
"BID 4","EMPRENDIMIENTOS INNOVADORES",2025,"1587-PROINNOVATE-EIN-2025","GONUTRO: EL DUOLINGO PARA CREAR HÁBITOS NUTRICIONALES",20251230,20260830,"NUTRO SOLUTIONS S.A.C.","CHORRILLOS","LIMA","LIMA",150108,66789.9100,13710,15000,"SOLES",20260707
"BID 4","EMPRENDIMIENTOS INNOVADORES",2025,"1588-PROINNOVATE-EIN-2025","AUTOALERTPRO: APP DE DIAGNÓSTICO VEHICULAR\, MANTENIMIENTO PREDICTIVO Y SUGERENCIA DE TALLERES PARA DUEÑOS DE VEHÍCULOS",20251230,20260730,"HOSPINAL ZAVALETA CESAR ALBERTO","TRUJILLO","TRUJILLO","LA LIBERTAD",130101,67000.0000,9571.43,19142.86,"SOLES",20260707
"BID 4","PROGRAMA DE INNOVACIÓN MODERNIZACIÓN TECNOLÓGICA Y EMPRENDIMIENTO - MIPYMES DE CALIDAD",2025,"1589-PROINNOVATE-IMTEMC-2025","IMPLEMENTACIÓN Y CERTIFICACIÓN DE LA TRINORMA (ISO 9001:2015\, ISO 14001:2015 E ISO 45001:2018) CON ENFOQUE A LA OPTIMIZACIÓN DEL PROCESO DE EXTRACCIÓN Y PRODUCCIÓN DE CAL EN LA EMPRESA INVERSIONES Y SERVICIOS GENERALES PENCASPAMPA S.R.L.",20260317,20261117,"INVERSIONES Y SERVICIOS GENERALES PENCASPAMPA SOCIEDAD COMERCIAL DE RESPONSABILIDAD LIMITADA","BAMBAMARCA","HUALGAYOC","CAJAMARCA",060701,59999.8900,15500.11,10285,"SOLES",20260707
"BID 4","INNOVACIÓN EMPRESARIAL - CAMBIO CLIMÁTICO",2025,"1590-PROINNOVATE-PIEC1CC-2025","INNOVACIÓN DEL PROCESO DE PRODUCCIÓN DE BEBIDAS ELABORADAS A BASE DE PIÑA MD2 \"GOLDEN\"\, CON MAYOR CAPACIDAD ANTIOXIDANTE\, MEDIANTE LA ADICIÓN DE ÁCIDO FERÚLICO RECUPERADO DE LOS RESIDUOS DE LA PRODUCCIÓN DE LA LÍNEA DE IV GAMA EN LA PLANTA DE EXOSUD SAC",20251224,20261024,"EXOTICOS DE SUDAMERICA S.A.C.","SAN LUIS","LIMA","LIMA",150134,196917.8100,28548.19,13800,"SOLES",20260707
"BID 4","PROGRAMA DE INNOVACIÓN MODERNIZACIÓN TECNOLÓGICA Y EMPRENDIMIENTO - MIPYMES DE CALIDAD",2025,"1593-PROINNOVATE-IMTEMC-2025","IMPLEMENTACIÓN Y CERTIFICACIÓN DEL SISTEMA DE GESTIÓN DE LA CALIDAD BASADA EN LA NORMA ISO 9001:2015 EN LA EMPRESA FERRETERÍA COMERCIAL PERUANA E.I.R.L.",20260317,20261117,"FERRETERIA COMERCIAL PERUANA E I R LTDA","INDEPENDENCIA","HUARAZ","ANCASH",020105,44500.0000,16020,28479.99,"SOLES",20260707
"BID 4","EMPRENDIMIENTOS DINAMICOS",2025,"1594-PROINNOVATE-EDI-2025","TRAVELCAB: PLATAFORMA QUE CONECTA VIAJEROS CON SERVICIO DE TRANSPORTE SEGURO",20251230,20260730,"R Y O LAB SOCIEDAD ANONIMA CERRADA - R Y O LAB SAC","MIRAFLORES","LIMA","LIMA",150122,124768.7000,33426.3,39404,"SOLES",20260707
"BID 4","INNOVACIÓN EMPRESARIAL PARA MICROEMPRESAS Y ASOCIACIONES",2025,"1595-PROINNOVATE-PIMEN-2025","DESARROLLO DE PROTOTIPO DE PELLETS DE BIOSÓLIDOS PROCEDENTES DEL TRATAMIENTO DE LODOS DE PLANTAS DE TRATAMIENTO DE AGUAS RESIDUALES (PTAR) QUE CUMPLA CON LA NORMATIVA DS 015-2017-VIVIENDA PARA SER USADO EN FINES AGRÍCOLAS Y ÁREAS VERDES.",20251211,20260811,"LOGISTICA Y CONSULTORIA PROFESIONAL S.A.C","PAITA","PAITA","PIURA",200501,179893.1800,23260.34,35860,"SOLES",20260707
"BID 4","EMPRENDIMIENTOS INNOVADORES",2025,"1596-PROINNOVATE-EIN-2025","PAYEMPRESA: PLATAFORMA INTEGRAL CON AGENTE INTELIGENTE DISPONIBLE 24 HORAS QUE DIGITALIZA\, AUTOMATIZA Y HACE CRECER TU MICROEMPRESA.",20251230,20260730,"DIAZ CABRERA ALEXANDER GABRIEL","IQUITOS","MAYNAS","LORETO",160101,66862.7100,12761.29,19839.96,"SOLES",20260707
"BID 4","PROGRAMA DE INNOVACIÓN MODERNIZACIÓN TECNOLÓGICA Y EMPRENDIMIENTO - MIPYMES DE CALIDAD",2025,"1597-PROINNOVATE-IMTEMC-2025","OBTENCIÓN DE LA CERTIFICACIÓN GLOBAL GAP PARA ELEVAR LOS ESTÁNDARES DE INOCUIDAD Y TRAZABILIDAD DEL BANANO ORGÁNICO EN LA COOPERATIVA PIEDRA RODADA",20251230,20261030,"COOPERATIVA AGRARIA SEÑOR DE CHOCAN SAN VICENTE","SULLANA","SULLANA","PIURA",200601,45000.0000,12100,7200,"SOLES",20260707
"BID 4","PROGRAMA DE INNOVACIÓN MODERNIZACIÓN TECNOLÓGICA Y EMPRENDIMIENTO - MIPYMES DE CALIDAD",2025,"1598-PROINNOVATE-IMTEMC-2025","DIAGNÓSTICO\, IMPLEMENTACIÓN Y CERTIFICACIÓN EN BUENAS PRÁCTICAS DE MANUFACTURA (BPM) EN LA EMPRESA AGROINDUSTRIAS YUGO SAC",20260226,20261026,"AGROINDUSTRIAS YUGO SOCIEDAD ANONIMA CERRADA - AGROYUGO S.A.C.","CALANA","TACNA","TACNA",230103,45000.0000,11600,7699.58,"SOLES",20260707
"BID 4","PROGRAMA DE INNOVACIÓN MODERNIZACIÓN TECNOLÓGICA Y EMPRENDIMIENTO - MIPYMES DE CALIDAD",2025,"1599-PROINNOVATE-IMTEMC-2025","IMPLEMENTAR Y CERTIFICAR LAS BPM - BUENAS PRÁCTICAS DE MANUFACTURA EN HOLDING DE HOSTELERIA QUINTANILLA\, PARA OPTIMIZAR SUS PROCESOS DE ELABORACIÓN DE ALIMENTOS Y AMPLIAR SU PARTICIPACIÓN EN EL MERCADO CON EL CUMPLIMIENTO DE REQUISITOS DE INOCUIDAD",20260203,20270303,"HOLDING DE HOSTELERIA QUINTANILLA EIRL","JOSE LUIS BUSTAMANTE Y RIVERO","AREQUIPA","AREQUIPA",040129,45000.0000,11571.43,7714.28,"SOLES",20260707
"BID 4","INNOVACIÓN EMPRESARIAL",2025,"1600-PROINNOVATE-PIEC1-2025","DESARROLLO DE UN PROTOTIPO DE SISTEMA AIRLIFT PARA RECOLECTAR RESIDUOS\, MEJORAR LA CALIDAD DEL AGUA Y EFICIENCIA OPERATIVA EN PISCIGRANJAS DE TRUCHA EN JAULAS FLOTANTES EN EL LAGO TITICACA\, PUNO.",20260217,20261017,"PERUVIAN GOLDEN LAKE SOCIEDAD ANONIMA CERRADA","PUNO","PUNO","PUNO",210101,200000.0000,33480,31048,"SOLES",20260707
"BID 4","VALIDACIÓN DE LA INNOVACIÓN - CAMBIO CLIMÁTICO",2025,"1602-PROINNOVATE-PIEC2CC-2025","VALIDACIÓN TÉCNICA Y COMERCIAL DE UN ELECTROFLOCULADOR INTELIGENTE PARA EL TRATAMIENTO SOSTENIBLE DE EFLUENTES INDUSTRIALES PESQUEROS FRENTE AL CAMBIO CLIMÁTICO.",20251219,20261019,"OPTIMUS PG E.I.R.L.","TRUJILLO","TRUJILLO","LA LIBERTAD",130101,499999.9300,90000.07,251199.9,"SOLES",20260707
"BID 4","Startup Perú PLUG - Atracción de Emprendedores Extranjeros - CAMBIO CLIMÁTICO",2025,"1604-PROINNOVATE-AEECC-2025","FIXUP! PLATAFORMA QUE BRINDA SOLUCIONES TECNOLÓGICAS PARA DISPOSITIVOS ELECTRÓNICOS.",20251230,20261030,"NEWRU S.A.C.","SANTIAGO DE SURCO","LIMA","LIMA",150140,40727.5100,6084.35,11500,"SOLES",20260707
"BID 4","VALIDACIÓN DE LA INNOVACIÓN",2025,"1605-PROINNOVATE-PIEC2-2025","VALIDACIÓN TÉCNICA Y COMERCIAL DE UN SISTEMA DE ACONDICIONADO/EMPAQUETADO DE BLISTERS DE CLIPS DE TITANIO PARA EL SECTOR MÉDICO DE PROCEDIMIENTOS QUIRÚRGICOS NACIONALES E INTERNACIONALES",20251219,20260719,"FRANQUICIAS Y SALUD S.A. - FRANSALUD S.A.","LIMA","LIMA","LIMA",150101,489009.8400,81960.56,244145,"SOLES",20260707
"BID 4","PROGRAMA DE INNOVACIÓN MODERNIZACIÓN TECNOLÓGICA Y EMPRENDIMIENTO - MIPYMES DE CALIDAD",2025,"1607-PROINNOVATE-IMTEMC-2025","\"IMPLEMENTACIÓN Y CERTIFICACIÓN OEKO-TEX(R) LEATHER STANDARD EN PELETERÍA DE ALPACA PARA CUMPLIR NUEVAS REGULACIONES ADUANERAS EN INOCUIDAD\, TRAZABILIDAD Y SOSTENIBILIDAD\, PREVENIR RECHAZOS EN FRONTERA Y REDUCIR TIEMPOS Y COSTOS DE NACIONALIZACIÓN.\"",20260203,20261003,"AYLLU CRAFTSMAN PERU S.A.C.","LA MOLINA","LIMA","LIMA",150114,44971.0200,13044.44,6270,"SOLES",20260707
"BID 4","PROGRAMA DE INNOVACIÓN MODERNIZACIÓN TECNOLÓGICA Y EMPRENDIMIENTO - MIPYMES DE CALIDAD",2025,"1608-PROINNOVATE-IMTEMC-2025","ACCESO A MERCADOS NACIONALES E INTERNACIONALES PARA EL CAFÉ QUE PRODUCE Y COMERCIALIZA LA COOPERATIVA AGRARIA TAZAS DORADAS COFFEE MEDIANTE LA CERTIFICACIÓN RAINFOREST ALLIANCE",20260217,20261017,"COOPERATIVA AGRARIA TAZAS DORADAS COFFEE","JAEN","JAEN","CAJAMARCA",060801,45000.0000,11640,7714.3,"SOLES",20260707
"BID 4","Startup Perú PLUG - Atracción de Emprendedores Extranjeros - CAMBIO CLIMÁTICO",2025,"1609-PROINNOVATE-AEECC-2025","UNDERSTORY LABS - GOOGLE STREET VIEW PARA DATOS DE LA NATURALEZA Y JUSTICIA CLIMÁTICA.",20251219,20260719,"UNDERSTORY LABS PERU S.A.C.","SANTIAGO DE SURCO","LIMA","LIMA",150140,152000.0000,22010,43133,"SOLES",20260707
"BID 4","INNOVACIÓN EMPRESARIAL",2025,"1610-PROINNOVATE-PIEC1-2025","DESARROLLO DE UN SISTEMA REMOTO NEUMÁTICO\, PARA LA MEDICIÓN Y CONTROL DE ESPESOR DE CONCRETO EN LOS PROCEDIMIENTOS DE SOSTENIMIENTO (SHOTCRETE) EN MINERÍA E INFRAESTRUCTURA CIVIL",20251224,20260724,"COMPAÑIA DE ABASTECIMIENTO INDUSTRIAL S.A.C.","SAN MARTIN DE PORRES","LIMA","LIMA",150135,104958.0000,17493,52479,"SOLES",20260707
"BID 4","PROGRAMA DE INNOVACIÓN MODERNIZACIÓN TECNOLÓGICA Y EMPRENDIMIENTO - MIPYMES DIGITALES",2025,"1611-PROINNOVATE-IMTEMD-2025","\"IMPLEMENTACIÓN DE UNA SOLUCIÓN DIGITAL EN COFFEE INDUSTRIAS SAC PARA LA AUTOMATIZACIÓN Y TRAZABILIDAD DE LOS PROCESOS OPERATIVOS Y ADMINISTRATIVOS EN LA MANUFACTURA DE MAQUINARIA AGROINDUSTRIAL\"",20260203,20260703,"COFFEE INDUSTRI´S E&V SOCIEDAD ANONIMA CERRADA","JAEN","JAEN","CAJAMARCA",060801,45000.0000,10285.71,6857.14,"SOLES",20260707
"BID 4","INNOVACIÓN EMPRESARIAL - CAMBIO CLIMÁTICO",2025,"1613-PROINNOVATE-PIEC1CC-2025","DESARROLLO DE UN PROTOTIPO DE BIOFUNGICIDA CONCENTRADO A PARTIR DE UNA CEPA NATIVA DE BACILLUS SUBTILIS\, EN FORMATO LÍQUIDO PARA EL CONTROL DEL HONGO BOTRYTIS CINEREA EN CULTIVOS DE UVA Y ARÁNDANO.",20251219,20261019,"AGROW S.A.C.","LURIN","LIMA","LIMA",150119,199829.9200,54319.38,94600,"SOLES",20260707
"BID 4","PROGRAMA DE INNOVACIÓN MODERNIZACIÓN TECNOLÓGICA Y EMPRENDIMIENTO - MIPYMES DE CALIDAD",2025,"1614-PROINNOVATE-IMTEMC-2025","IMPLEMENTAR UN SISTEMA DE GESTIÓN DE CALIDAD QUE FACILITE EL SOPORTE DE CONTROL Y MEJORA DE TODOS LOS PROCESOS DEL RESTAURANTE TURÍSTICO HUANCAHUASI\, BASADA EN LA ISO 9001",20260203,20261203,"RESTAURANTE TURISTICO HUANCAHUASI S.R.L.","EL TAMBO","HUANCAYO","JUNIN",120114,43550.0000,18750,7600,"SOLES",20260707
"BID 4","INNOVACIÓN EMPRESARIAL - CAMBIO CLIMÁTICO",2025,"1615-PROINNOVATE-PIEC1CC-2025","DISEÑO E IMPLEMENTACIÓN DE UN SISTEMA EFICIENTE Y SOSTENIBLE\, INTEGRANDO ENERGÍA SOLAR Y GAS\, PARA EL SECADO DE CARTÓN PRENSADO RECICLADO QUE PERMITE OPTIMIZAR EL CONSUMO ENERGÉTICO Y OBTENER PRODUCTO DE ALTA CALIDAD",20251219,20260919,"IMPORTACIONES INSUGRAF SAC","BREÑA","LIMA","LIMA",150105,176542.3600,81457.64,80000,"SOLES",20260707
"BID 4","INNOVACIÓN EMPRESARIAL - CAMBIO CLIMÁTICO",2025,"1616-PROINNOVATE-PIEC1CC-2025","DESARROLLO DE UN PROTOTIPO DE DISPOSITIVO DE FLUJO TRANSVERSAL Y ALEACIÓN CON EFECTO BACTERICIDA PARA SU USO EN DIESEL DE MAQUINARIA DE LÍNEA AMARILLA PERMITIENDO LA MITIGACIÓN DEL IMPACTO AMBIENTAL EN LA COMBUSTIÓN",20251219,20261019,"REPRESENTACIONES COAST SRL","SAN ISIDRO","LIMA","LIMA",150131,196203.4000,30846.6,22415,"SOLES",20260707
"BID 4","PROGRAMA DE INNOVACIÓN MODERNIZACIÓN TECNOLÓGICA Y EMPRENDIMIENTO - MIPYMES DE CALIDAD",2025,"1617-PROINNOVATE-IMTEMC-2025","FORTALECIMIENTO DE LA SEGURIDAD LABORAL Y ESTÁNDARES OPERATIVOS MEDIANTE LA CERTIFICACIÓN ISO 45001 EN MBA CONSULTORES & CONTRATISTAS S.A.C\, PERMITIENDO UN INCREMENTO DE LA COMPETITIVIDAD E INGRESO A MERCADOS MÁS COMPETITIVOS",20260203,20260903,"MBA CONSULTORES & CONTRATISTAS S.A.C.","CERRO COLORADO","AREQUIPA","AREQUIPA",040104,45000.0000,11571.43,7714.28,"SOLES",20260707
"BID 4","INNOVACIÓN EMPRESARIAL",2025,"1618-PROINNOVATE-PIEC1-2025","DESARROLLO DE TAMALES FUNCIONALES ENRIQUECIDOS CON GRANOS ANDINOS NATIVOS\, BIOACTIVOS Y OMEGA-3 DE MICROALGAS MARINAS PARA SU COMERCIALIZACIÓN EN EL SECTOR RETAIL DE ALIMENTOS SALUDABLES. ELABORADOS POR TAMALES DE CHINCHA Y OTROS SAC.",20260203,20261203,"TAMALES DE CHINCHA Y OTROS SAC","VILLA MARIA DEL TRIUNFO","LIMA","LIMA",150143,199479.4700,26708.3,8100,"SOLES",20260707
"BID 4","DESAFÍOS SECTORIALES DE GRAN IMPACTO",2025,"1619-PROINNOVATE-DSGI-2025","DESARROLLO COLABORATIVO Y VALIDACIÓN DE SOLUCIONES TECNOLÓGICAS ESCALABLES PARA CONTRIBUIR A LA MEJORA DE LA EFICIENCIA OPERATIVA (PRODUCTIVIDAD DE AVANCES/EXTRACCIÓN\, ALTOS ESTÁNDARES DE SEGURIDAD Y SOSTENIBILIDAD) EN MINERIA SUBTERRÁNEA.",20260109,20260809,"ALPAYANA S.A.C.","MAGDALENA DEL MAR","LIMA","LIMA",150120,1600000.0000,411428.57,174010.71,"SOLES",20260707
"BID 4","INNOVACIÓN EMPRESARIAL",2025,"1620-PROINNOVATE-PIEC1-2025","DESARROLLO Y VALIDACIÓN DE PELLETS A PARTIR DEL APROVECHAMIENTO DE LA BIOMASA RESIDUAL DE LA PRODUCCIÓN DE ACEITE DE PALTA (TORTA DE PEPA\, CÁSCARA Y PULPA) APLICANDO EL PROCESO DE TORREFACCIÓN Y ADICIÓN DE GOMAS NATURALES COMO ESTRATEGIA DE ECONOMÍA CIRCULAR",20260204,20270104,"CULTIVARES SAC","SAN ISIDRO","LIMA","LIMA",150131,199578.9900,35924.21,100000,"SOLES",20260707
"BID 4","DESAFÍOS SECTORIALES DE GRAN IMPACTO",2025,"1622-PROINNOVATE-DSGI-2025","DESARROLLO DE UN PAQUETE TECNOLÓGICO PARA EL CIERRE DE MINAS CON MENOR IMPACTO SOCIO-AMBIENTAL Y MENOR COSTO OPERATIVO A TRAVÉS DE LA BIOTECNOLOGÍA",20260108,20261108,"MINERA LA ZANJA S.R.L.","SAN ISIDRO","LIMA","LIMA",150131,1597471.2400,412780.99,119002,"SOLES",20260707
"BID 4","DESAFÍOS SECTORIALES DE GRAN IMPACTO",2025,"1623-PROINNOVATE-DSGI-2025","DESARROLLO DE UN ECOSISTEMA PILOTO COLABORATIVO DE TRAZABILIDAD Y REINTEGRACIÓN CIRCULAR DE MATERIALES PRIORIZADOS DEL SECTOR TEXTIL PERUANO.",20260109,20270109,"TEXTIL DEL VALLE SOCIEDAD ANONIMA DE BENEFICIO E INTERES COLECTIVO","CHINCHA BAJA","CHINCHA","ICA",110204,1591041.2900,179734.98,243000,"SOLES",20260707
"BID 4","VALIDACIÓN DE LA INNOVACIÓN - CAMBIO CLIMÁTICO",2025,"1626-PROINNOVATE-PIEC2CC-2025","VALIDACIÓN TÉCNICA Y COMERCIAL DE UN PROTOTIPO SOSTENIBLE COMPACTO Y PORTÁTIL BASADO EN UN SISTEMA DUAL (ENERGÍA FOTOVOLTAICA Y EÓLICA) PARA LA POTABILIZACIÓN DE AGUA EN ZONAS CON ACCESO RESTRINGIDO A RECURSOS HÍDRICOS PARA CONSUMO HUMANO EN LA REGIÓN AREQUIPA",20260109,20261009,"SERVIMAN PERU S.R.L.","SOCABAYA","AREQUIPA","AREQUIPA",040122,437997.4600,75232.54,216800,"SOLES",20260707
"BID 4","PROGRAMA DE INNOVACIÓN MODERNIZACIÓN TECNOLÓGICA Y EMPRENDIMIENTO - MIPYMES DE CALIDAD",2025,"1627-PROINNOVATE-IMTEMC-2025","IMPLEMENTACIÓN DE UN SISTEMA DE CERTIFICACIÓN DE RAINFOREST ALLIANCE PARA ACCEDER A NUEVOS MERCADOS EN LA COOPERATIVA AGRARIA CAFETALERA RIO TAMBO LTDA",20260218,20261018,"COOPERATIVA AGRARIA CAFETALERA RIO TAMBO LIMITADA","RIO TAMBO","SATIPO","JUNIN",120608,21644.0700,8155.93,2000,"SOLES",20260707
"BID 4","PROGRAMA DE INNOVACIÓN MODERNIZACIÓN TECNOLÓGICA Y EMPRENDIMIENTO - MIPYMES DE CALIDAD",2025,"1630-PROINNOVATE-IMTEMC-2025","CERTIFICACIÓN DEL SISTEMA DE GESTIÓN DE CALIDAD ISO 9001:2015 PARA MULTISERVICIOS CADEMA S.A.C. PARA PODER LOGRAR LA MEJORA DE LA COMPETITIVIDAD Y EFICIENCIA EN LA INTERMEDIACIÓN LABORAL",20260217,20270117,"MULTISERVICIOS CADEMA S.A.C.","CAYMA","AREQUIPA","AREQUIPA",040103,45000.0000,11571.43,7714.29,"SOLES",20260707
"BID 4","DESAFÍOS SECTORIALES DE GRAN IMPACTO - CAMBIO CLIMÁTICO",2025,"1631-PROINNOVATE-DSGICC-2025","SOLUCIÓN INNOVADORA PARA REVERTIR LA ALTA MORTALIDAD DE LAS ABEJAS NATIVAS SIN AGUIJÓN Y SU IMPACTO EN LA DEGRADACIÓN DEL BOSQUE SECO\, CON LA FINALIDAD DE SUPERAR LA DESARTICULACIÓN DE LA CADENA DE VALOR DE LA MELIPONICULTURA PERUANA",20260108,20261108,"PRODUSANA S.A.C.","SAN MIGUEL","LIMA","LIMA",150136,461742.0700,121924.63,58600.05,"SOLES",20260707
"BID 4","DINAMIZACIÓN DEL ECOSISTEMA REGIONAL DE INNOVACIÓN Y EMPRENDIMIENTO 3.0",2025,"1632-PROINNOVATE-DER3-2025","DINAMIZACIÓN DEL ECOSISTEMA REGIONAL DE INVESTIGACIÓN\, INNOVACIÓN Y EMPRENDIMIENTO DE PIURA 3.0",20251217,20270716,"CAMARA DE COMERCIO Y PRODUCCION DE PIURA","PIURA","PIURA","PIURA",200101,2700000.0000,0,878750,"SOLES",20260707
"BID 4","PROGRAMA DE INNOVACIÓN MODERNIZACIÓN TECNOLÓGICA Y EMPRENDIMIENTO - MIPYMES DE CALIDAD",2025,"1633-PROINNOVATE-IMTEMC-2025","OPTIMIZACIÓN DE PROCESOS\, COMPETITIVIDAD Y ACCESO A NUEVOS MERCADOS A TRAVÉS DE LA IMPLEMENTACIÓN Y CERTIFICACIÓN DEL SISTEMA DE GESTIÓN DE CALIDAD ISO 9001:2015 EN CARYLUIS ARTESANIAS E.I.R.L.",20260226,20261126,"CARYLUIS ARTESANIAS E.I.R.L.","SAN SEBASTIAN","CUSCO","CUSCO",080105,45000.0000,11571.43,7714.28,"SOLES",20260707
"BID 4","DINAMIZACIÓN DEL ECOSISTEMA REGIONAL DE INNOVACIÓN Y EMPRENDIMIENTO 3.0",2025,"1634-PROINNOVATE-DER3-2025","LA LIBERTAD INNOVA 3.0: INNOVACIÓN Y EMPRENDIMIENTO\, MOTORES DE CAMBIO",20260211,20270721,"CAMARA DE COMERCIO Y PRODUCCION DE LA LI BERTAD","TRUJILLO","TRUJILLO","LA LIBERTAD",130101,2700000.0000,0,702600,"SOLES",20260707
"BID 4","DINAMIZACIÓN DEL ECOSISTEMA REGIONAL DE INNOVACIÓN Y EMPRENDIMIENTO 3.0",2025,"1635-PROINNOVATE-DER3-2025","ECOSISTEMA DE INVESTIGACIÓN\, INNOVACIÓN Y EMPRENDIMIENTO DE LA REGIÓN ICA 3.0",20260211,20270720,"CAMARA DE COMERCIO INDUSTRIA Y TURISMO DE ICA","ICA","ICA","ICA",110101,2700000.0000,0,796642.86,"SOLES",20260707
"BID 4","DINAMIZACIÓN DEL ECOSISTEMA REGIONAL DE INNOVACIÓN Y EMPRENDIMIENTO 3.0",2025,"1636-PROINNOVATE-DER3-2025","GOBERNANZA Y FONDO REGIONAL CONCURSABLE EN EL ECOSISTEMA DE INNOVACIÓN Y EMPRENDIMIENTO DE LA REGIÓN CUSCO ORIENTADO A UN TURISMO DE CLASE MUNDIAL\, UN SECTOR AGROPECUARIO DE ALTO VALOR AGREGADO Y UNA REGIÓN CREATIVA Y CULTURAL.",20251219,20270721,"CAMARA DE COMERCIO INDUSTRIA SERVICIOS TURISMO Y DE LA PRODUCCION DEL CUSCO","WANCHAQ","CUSCO","CUSCO",080108,2700000.0000,0,312445,"SOLES",20260707
"BID 4","DINAMIZACIÓN DEL ECOSISTEMA REGIONAL DE INNOVACIÓN Y EMPRENDIMIENTO 3.0",2025,"1637-PROINNOVATE-DER3-2025","FORTALECIMIENTO Y ARTICULACIÓN DE LOS ACTORES DEL ECOSISTEMA DE INNOVACIÓN Y EMPRENDIMIENTO DE AREQUIPA PARA LA COMPETITIVIDAD REGIONAL DER AREQUIPA DER 3.0",20251219,20270721,"UNIVERSIDAD CATOLICA DE SANTA MARIA","AREQUIPA","AREQUIPA","AREQUIPA",040101,2700000.0000,0,301517,"SOLES",20260707
"BID 4","DINAMIZACIÓN DEL ECOSISTEMA REGIONAL DE INNOVACIÓN Y EMPRENDIMIENTO 3.0",2025,"1638-PROINNOVATE-DER3-2025","FORTALECIMIENTO Y DINAMIZACIÓN SOSTENIBLE DEL ECOSISTEMA REGIONAL DE INNOVACIÓN Y EMPRENDIMIENTO DE LA REGIÓN SAN MARTÍN",20260112,20270721,"CÁMARA DE COMERCIO\, PRODUCCIÓN Y TURISMO DE SAN MARTÍN - TARAPOTO","TARAPOTO","SAN MARTIN","SAN MARTIN",220901,2638000.0000,0,1018800,"SOLES",20260707
"BID 4","PROGRAMA DE INNOVACIÓN MODERNIZACIÓN TECNOLÓGICA Y EMPRENDIMIENTO - MIPYMES DE CALIDAD",2025,"1639-PROINNOVATE-IMTEMC-2025","GARANTÍA DE CALIDAD\, INOCUIDAD\, SEGURIDAD\, CUIDADO DEL AMBIENTE Y SEGURIDAD DEL TRABAJADOR\, A TRAVÉS DE LA CERTIFICACIÓN DE BPA EN LA CHIGUATEÑA EIRL - CHIGUATA - AREQUIPA",20260203,20260903,"LA CHIGUATENA EMPRESA INDIVIDUAL DE RESPONSABILIDAD LIMITADA - LA CHIGUATENA E.I.R.L.","CHIGUATA","AREQUIPA","AREQUIPA",040106,44999.5000,19285.5,7714.24,"SOLES",20260707
"BID 4","VALIDACIÓN DE LA INNOVACIÓN ECONOMÍA CIRCULAR",2025,"1640-PROINNOVATE-PIEC2EC-2025","VALIDACIÓN Y DESARROLLO DE BATERÍA DE LIFEPO4 DE VERSÁTIL CONFIGURACIÓN BASADO EN PRINCIPIOS DE ECONOMIA CIRCULAR",20260204,20260904,"LABORATORIO DIESEL SENATINOS S A","SAN LUIS","LIMA","LIMA",150134,499023.2500,113076.75,237977.6,"SOLES",20260707
"BID 4","INNOVACIÓN EMPRESARIAL",2025,"1641-PROINNOVATE-PIEC1-2025","DESARROLLO DE UN PROTOTIPO FUNCIONAL DE ESTRIBOS DE PLÁSTICO PARA COLUMNAS DE CERCO PERIMÉTRICO REDUCIENDO EL TIEMPO DE ARMADO Y PROMOVIENDO LA SOSTENIBILIDAD AMBIENTAL EN COMPARACIÓN CON EL USO ESTRIBOS DE ACERO.",20260217,20260917,"GRUPO L & H PERU S.A.C.","ATE","LIMA","LIMA",150103,199964.5800,67293.62,66040,"SOLES",20260707
"BID 4","PROGRAMA DE INNOVACIÓN MODERNIZACIÓN TECNOLÓGICA Y EMPRENDIMIENTO - MIPYMES DE CALIDAD",2025,"1643-PROINNOVATE-IMTEMC-2025","IMPLEMENTACIÓN DE LA NORMA BRCGS  EN LA PLANTA DE PROCESAMIENTO ORIGO PET FOOD S.A.C.",20260324,20261124,"ORIGO PET FOOD SAC","LURIN","LIMA","LIMA",150119,37805.9300,11244.07,5024,"SOLES",20260707
"BID 4","PROGRAMA DE INNOVACIÓN MODERNIZACIÓN TECNOLÓGICA Y EMPRENDIMIENTO - MIPYMES DE CALIDAD",2025,"1644-PROINNOVATE-IMTEMC-2025","POTENCIAMIENTO DE OPORTUNIDADES EN MERCADOS NACIONAL E INTERNACIONAL CON LA CERTIFICACIÓN BRC DE LA PLANTA DE CRUZ CAMPO PERÚ EN JAYANCA QUE GARANTIZARÁ LA CALIDAD Y SEGURIDAD DE FRUTAS DESHIDRATADAS DE ALTO VALOR NUTRITIVO",20260324,20261124,"CRUZ CAMPO PERU S.A.C.","SAN MARTIN DE PORRES","LIMA","LIMA",150135,45000.0000,11644,7680,"SOLES",20260707
"MIPYME Emprendedor","PROYECTOS DE CENTROS DE SERVICIOS DIGITAL - CATEGORIA I",2025,"1645-PROINNOVATE-CSD1-2025","IMPLEMENTACIÓN DEL CENTRO DE SERVICIOS DIGITALES EN LA CÁMARA DE COMERCIO E INDUSTRIA DE HUÁNUCO PARA LAS MIPYMES DE LA REGIÓN HUÁNUCO.",20260217,20261017,"CAMARA DE COMERCIO E INDUSTRIAS DE HCO","HUANUCO","HUANUCO","HUANUCO",100101,168000.0000,44000,35000,"SOLES",20260707
"BID 4","PROGRAMA DE INNOVACIÓN MODERNIZACIÓN TECNOLÓGICA Y EMPRENDIMIENTO - MIPYMES DE CALIDAD",2025,"1646-PROINNOVATE-IMTEMC-2025","IMPLEMENTACIÓN Y CERTIFICACIÓN DE LA NORMA ISO/IEC 20000-1:2018\, ORIENTADA A GARANTIZAR LA CALIDAD\, EFICIENCIA Y MEJORA CONTINUA EN LA GESTIÓN DE SERVICIOS DE TI DE NETCORPORATE PERU S.A.C.",20260217,20270117,"NETCORPORATE PERU S.A.C.","PUEBLO LIBRE","LIMA","LIMA",150121,45000.0000,11571.43,7714.29,"SOLES",20260707
"BID 4","INNOVACIÓN EMPRESARIAL",2025,"1648-PROINNOVATE-PIEC1-2025","DESARROLLO DEL PROTOTIPO DE ASISTENTE PERSONAL DE INTELIGENCIA ARTIFICIAL KIVO PARA INCREMENTAR LA PRODUCTIVIDAD Y LA CONVERSIÓN DE VENTAS EN AGENTES INMOBILIARIOS",20260203,20260803,"TANNUA PERU SAC","LINCE","LIMA","LIMA",150116,200000.0000,35670,100840,"SOLES",20260707
"BID 4","VALIDACIÓN DE LA INNOVACIÓN ECONOMÍA CIRCULAR",2025,"1649-PROINNOVATE-PIEC2EC-2025","VALIDACIÓN DE ATRIBUTOS TECNOLÓGICOS Y VIABILIDAD COMERCIAL DE ADITIVOS SOSTENIBLES PARA FABRICACIÓN DE AGLOMERADOS A BASE DE RESIDUOS TEXTILES\, PLÁSTICOS Y ESPUMAS FLEXIBLES DEL SECTOR MANUFACTURA ELABORADOS POR USB LATINO SAC",20260203,20261003,"USB LATINO SAC","SANTIAGO DE SURCO","LIMA","LIMA",150140,499940.6800,85531.32,249900,"SOLES",20260707
"MIPYME Emprendedor","PROYECTOS DE CENTROS DE SERVICIOS DIGITAL - CATEGORIA I",2025,"1651-PROINNOVATE-CSD1-2025","CREACIÓN DEL CENTRO AMAZONIA TEC PARA PROMOVER LA APROPIACIÓN DE TECNOLOGÍAS DIGITALES PARA LA COMPETITIVIDAD LA AGROINDUSTRIA Y LA BIODIVERSIDAD DE LA AMAZONÍA",20260216,20261116,"CÁMARA DE COMERCIO\, PRODUCCIÓN Y TURISMO DE SAN MARTÍN - TARAPOTO","TARAPOTO","SAN MARTIN","SAN MARTIN",220901,200000.0000,46000,28800,"SOLES",20260707
"BID 4","VALIDACIÓN DE LA INNOVACIÓN ECONOMÍA CIRCULAR",2025,"1652-PROINNOVATE-PIEC2EC-2025","VALIDAR TÉCNICA Y COMERCIALMENTE CIRKULA-UN MARKETPLACE QUE CONECTA NEGOCIOS CON EXCEDENTES\, CON CONSUMIDORES FINALES\, INCORPORANDO CATEGORÍAS DE PRODUCTOS (NO ALIMENTICIOS) Y HABILITANDO LA GENERACIÓN DE REPORTES DE IMPACTO AMBIENTAL MEDIANTE EL USO DE IA.",20260119,20260719,"MAAGAL S.A.C.","SAN ISIDRO","LIMA","LIMA",150131,500000.0000,83333.33,250000,"SOLES",20260707
"BID 4","INNOVACIÓN EMPRESARIAL",2025,"1654-PROINNOVATE-PIEC1-2025","DISEÑO Y FABRICACIÓN DE UN SISTEMA AUTOMÁTICO DE JAULAS MODULARES VERTICALES CON ENERGÍA SOLAR Y ENFRIAMIENTO POR NEBULIZACIÓN\, PARA TECNIFICAR LA INDUSTRIA AVÍCOLA EN EL PERÚ Y AUMENTAR EN UN 50% LA PRODUCCIÓN DE OVOJAULAS S.A.C.",20260204,20260804,"OVOJAULAS S.A.C.","TRUJILLO","TRUJILLO","LA LIBERTAD",130101,198160.0000,38340,40000,"SOLES",20260707
"MIPYME Emprendedor","PROYECTOS DE CENTROS DE SERVICIOS DIGITAL - CATEGORIA II",2026,"001-PROINNOVATE-CSD2-2026","FORTALECIMIENTO DEL CITEN UAI\, PARA DIGITALIZAR A MIPYMES EN LAS REGIONES DE ICA\, CUSCO Y AREQUIPA.",20260316,20280316,"UNIVERSIDAD AUTONOMA DE ICA SAC","CHINCHA ALTA","CHINCHA","ICA",110201,2100000.0000,400000,220000,"SOLES",20260707
"BID 4","INNOVACIÓN EMPRESARIAL",2026,"002-PROINNOVATE-PIEC1-2026","TRANSMIND AI: SISTEMA INTELIGENTE DE GESTIÓN DE FLOTAS PESADAS CON GEMELO DIGITAL\, IA\, IOT Y GPS\, PARA MEJORAR LA SEGURIDAD DE CONDUCTORES Y MAQUINARIA\, Y REDUCIR COSTOS OPERATIVOS EN COMBUSTIBLE Y MANTENIMIENTO DE CAMIONES DE CARGA EN MINERÍA Y CONSTRUCCIÓN",20260218,20261218,"EMPRESA DE TRANSPORTES MAXNICOL SOCIEDAD COMERCIAL DE RESPONSABILIDAD LIMITADA","CERRO COLORADO","AREQUIPA","AREQUIPA",040104,198900.0000,23000,27500,"SOLES",20260707
"BID 4","INNOVACIÓN EMPRESARIAL",2026,"003-PROINNOVATE-PIEC1-2026","DESARROLLO E IMPLEMENTACIÓN DE UN SISTEMA INTELIGENTE  PARA PESCA ARTESANAL EN ALTAMAR QUE OPTIMIZA LA COMERCIALIZACIÓN Y MEJORA LA TOMA DE DECISIONES OPERATIVAS MEDIANTE SENSORES\, VISIÓN COMPUTARIZADA Y ANÁLISIS DE DATOS EN LA COSTA PERUANA.",20260217,20260917,"JUTOFA S.A.C.","SAN BORJA","LIMA","LIMA",150130,199959.3800,33899.62,99680,"SOLES",20260707
"BID 4","DESAFÍOS SECTORIALES DE GRAN IMPACTO",2026,"004-PROINNOVATE-DSGI-2026","SOLUCIONES INNOVADORAS PARA REDUCIR LA MORTALIDAD DE ABEJAS EN EL CULTIVO DE ARÁNDANO EN EL PERÚ\, CON FINES DE MEJORAR SU SOSTENIBILIDAD Y COMPETITIVIDAD.",20260126,20261126,"AGRICOLA CERRO PRIETO S.A.","SAN ISIDRO","LIMA","LIMA",150131,1599999.9700,411428.58,179285.71,"SOLES",20260707
"BID 4","INNOVACIÓN EMPRESARIAL",2026,"005-PROINNOVATE-PIEC1-2026","DESARROLLO DE UN PROTOTIPO DE ECOBLOQUE A PARTIR DE RESIDUOS DE CALZADO ASEGURANDO PROPIEDADES FÍSICAS Y MECÁNICAS COMPATIBLES CON ESTÁNDARES TÉCNICOS PARA PROMOVER LA CONSTRUCCIÓN SOSTENIBLE.",20260324,20260924,"SERVICIOS GENERALES CHAVEZ & CHAVEZ SAC","TRUJILLO","TRUJILLO","LA LIBERTAD",130101,200000.0000,18666.7,12000,"SOLES",20260707
"BID 4","INNOVACIÓN EMPRESARIAL",2026,"006-PROINNOVATE-PIEC1-2026","DESARROLLO DE UN PROTOTIPO DE BIOMATERIAL SOSTENIBLE PARA TAPICERÍA AUTOMOTRIZ A PARTIR DE RESIDUOS DE CUERO Y FIBRAS VEGETALES QUE CUMPLA CON LAS NTP DE PRODUCTOS DE CUERO.",20260209,20260809,"M&J MARANATHA S.A.C.","TRUJILLO","TRUJILLO","LA LIBERTAD",130101,199975.0000,19725,10560,"SOLES",20260707
"BID 4","VALIDACIÓN DE LA INNOVACIÓN ECONOMÍA CIRCULAR",2026,"008-PROINNOVATE-PIEC2EC-2026","DE RESIDUO A RECURSO: VALIDACIÓN TECNICA\, COMERCIAL Y EMPAQUETAMIENTO DE LA TESTA DE SACHA INCHI COMO SUSTRATO PARA LA PRODUCCIÓN DE HONGOS COMESTIBLES Y FUNCIONALES.",20260129,20260729,"SHANANTINA S.A.C.","LAMAS","LAMAS","SAN MARTIN",220501,490946.2600,82700.31,245140,"SOLES",20260707
"BID 4","VALIDACIÓN DE LA INNOVACIÓN ECONOMÍA CIRCULAR",2026,"009-PROINNOVATE-PIEC2EC-2026","VALIDACIÓN TÉCNICA\, COMERCIAL Y DE EMPAQUETAMIENTO DE UNA NUEVA LÍNEA DE PRODUCTOS TEXTILES A PARTIR DE RETAZOS\, TELARES E HILADOS RECICLADOS MEDIANTE UN PROCESO TERCERIZADO DE HILADO SOSTENIBLE\, DESARROLLADA POR SUMAQ QARA S.A.C",20260226,20261026,"SUMAQ QARA S.A.C.","LA MOLINA","LIMA","LIMA",150114,190338.9700,56841.03,73460,"SOLES",20260707
"BID 4","DINAMIZACIÓN DEL ECOSISTEMA REGIONAL DE INNOVACIÓN Y EMPRENDIMIENTO 3.0",2026,"012-PROINNOVATE-DER3-2026","TACNA INNOVA 3.0: EMPRENDEDORES Y EMPRESAS QUE TRANSFORMAN EL TERRITORIO FRONTERIZO DEL SUR DEL PERÚ A TRAVÉS DE LA INNOVACIÓN.",20260120,20270721,"JOHN VON NEUMANN SOCIEDAD COMERCIAL DE RESPONSABILIDAD LIMITADA","TACNA","TACNA","TACNA",230101,2700000.0000,0,81800,"SOLES",20260707
"BID 4","INNOVACIÓN EMPRESARIAL",2026,"013-PROINNOVATE-PIEC1-2026","REDISEÑO E IMPLEMENTACIÓN DE UNA NUEVA GENERACIÓN DE ANALIZADORES Y SIMULADORES DE USO CLÍNICO\, PARA MEJORAR LA CONFIABILIDAD HOSPITALARIA\, OPTIMIZAR COSTOS Y FORTALECER LA SOBERANÍA TECNOLÓGICA EN EL SECTOR SALUD.",20260218,20260818,"TEC UNID MANT INTEG MEDIC Y EQUI DIV SAC","LINCE","LIMA","LIMA",150116,196824.4600,32910.04,98340,"SOLES",20260707
"BID 4","VALIDACIÓN DE LA INNOVACIÓN ECONOMÍA CIRCULAR",2026,"014-PROINNOVATE-PIEC2EC-2026","SISTEMA DIGITAL COLABORATIVO PARA EL ALQUILER INTELIGENTE Y TRAZABLE DE MAQUINARIA PESADA",20260218,20260918,"JS. RODRIGUEZ S.A.C.","ATE","LIMA","LIMA",150103,297917.7900,54245.21,144366.65,"SOLES",20260707
"BID 4","INNOVACIÓN EMPRESARIAL",2026,"017-PROINNOVATE-PIEC1-2026","DESARROLLO DE UNA PLATAFORMA DIGITAL INTELIGENTE PARA PLANIFICACIÓN Y GESTIÓN INTEGRAL DE EVENTOS SOCIALES CON MARKETPLACE DE PROVEEDORES\, INTERACCIÓN SOCIAL Y PRESERVACIÓN DIGITAL DE RECUERDOS\, POTENCIADA CON IA PREDICTIVA Y ESPACIOS DE SOCIAL ENGAGEMENT",20260226,20260926,"SIN ENVOLTURAS S.A.C.","MIRAFLORES","LIMA","LIMA",150122,200000.0000,18666.69,32999.99,"SOLES",20260707
"BID 4","INNOVACIÓN EMPRESARIAL",2026,"018-PROINNOVATE-PIEC1-2026","DESARROLLO E IMPLEMENTACIÓN EN LIMA DE UN SISTEMA DE PROYECCIÓN FÍSICA DE PLANOS DE ARQUITECTURA A ESCALA REAL CON FERIA COLABORATIVA DE SOLUCIONES PARA CONSTRUCCIÓN",20260406,20261106,"5A PROYECTOS EIRL","MIRAFLORES","LIMA","LIMA",150122,200000.0000,40082.28,100000,"SOLES",20260707
"BID 4","INNOVACIÓN EMPRESARIAL",2026,"019-PROINNOVATE-PIEC1-2026","DESARROLLO DE UN PROTOTIPO FUNCIONAL DE UNA SOLUCIÓN SAAS QUE CENTRALICE\, INTEGRE Y ANALICE INFORMACIÓN VISUAL DE OBRAS DE CONSTRUCCIÓN\, A PARTIR DE IMÁGENES DE CAMPO\, CON CAPACIDADES PROPIAS DE ANÁLISIS MEDIANTE IA Y COMPARACIÓN CON IMÁGENES DE MODELOS 3D.",20260226,20260826,"DRONE FP S.A.C.","SAN ISIDRO","LIMA","LIMA",150131,200000.0000,33333.33,100000,"SOLES",20260707
"BID 4","INNOVACIÓN EMPRESARIAL",2026,"020-PROINNOVATE-PIEC1-2026","CARRITO PESQUERO \"DEL MAR A TU MESA: COMERCIALIZACIÓN MÓVIL DE PRODUCTOS HIDROBIOLÓGICOS GARANTIZANDO LA TRAZABILIDAD\, LA INOCUIDAD Y LA SANIDAD BAJO UN MODELO SOCIAL Y SOSTENIBLE\" DESARROLLADO POR DELFIN DEL MAR S.A.C.",20260218,20261218,"DELFIN DEL MAR S.A.C.","SANTIAGO DE SURCO","LIMA","LIMA",150140,184655.9200,22144.08,26500,"SOLES",20260707
"BID 4","VALIDACIÓN DE LA INNOVACIÓN ECONOMÍA CIRCULAR",2026,"021-PROINNOVATE-PIEC2EC-2026","VALIDACIÓN Y EMPAQUETAMIENTO TECNOLÓGICO DE PAN DE MOLDE INTEGRAL CON HARINA DE SUBPRODUCTOS: HUEVO Y PAPA\, PARA REDUCIR COMPACTACIÓN\, PEGAJOSIDAD Y DAÑO EN CORTE\, CONSERVADO VIDA ÚTIL SENSORIAL ALCANZADA\, PARA INCREMENTAR VENTAS EN CANAL MODERNO\, EN PROAVEL.",20260218,20260918,"PROCESADORA DE ALIMENTOS VELASQUEZ SAC","CHILCA","HUANCAYO","JUNIN",120107,499054.2500,91569.75,252117.5,"SOLES",20260707
"BID 4","VALIDACIÓN DE LA INNOVACIÓN ECONOMÍA CIRCULAR",2026,"022-PROINNOVATE-PIEC2EC-2026","VALIDACIÓN TÉCNICA Y COMERCIAL DE EPPS BIODEGRADABLES DE ALTA ROTACIÓN PARA EL SECTOR MÉDICO Y ALIMENTARIO\, ELABORADOS A PARTIR DEL APROVECHAMIENTO CIRCULAR DEL SUBPRODUCTO MICELIO Y SUSTRATO PROVENIENTES DE LA PRODUCCIÓN DE HONGOS COMERCIALES.",20260218,20260818,"DISTRIBUIDORA INDUSTRIAL CARTER S.A.C.","SAN BORJA","LIMA","LIMA",150130,300000.0000,64204.75,150000,"SOLES",20260707
"BID 4","PROGRAMA DE INNOVACIÓN MODERNIZACIÓN TECNOLÓGICA Y EMPRENDIMIENTO - MIPYMES DIGITALES",2026,"023-PROINNOVATE-IMTEMD-2026","OPTIMIZACIÓN DE LA GESTIÓN DE COMPRAS CON ANÁLISIS Y PREDICCIÓN DE DATOS\, EN LA EMPRESA \"FACIL INSUMOS GENERALES S.A.C.\"",20260317,20261217,"FACIL INSUMOS GENERALES S.A.C.","LA MOLINA","LIMA","LIMA",150114,45000.0000,10285.71,6857.14,"SOLES",20260707
"BID 4","VALIDACIÓN DE LA INNOVACIÓN ECONOMÍA CIRCULAR",2026,"025-PROINNOVATE-PIEC2EC-2026","VALIDACIÓN TÉCNICA\, COMERCIAL Y EMPAQUETAMIENTO DE UN PROTOTIPO DE DISCOS MULCH PARA EL MANEJO DEL ESTRÉS HÍDRICO BAJO UN ENFOQUE DE ECONOMÍA CIRCULAR A PARTIR DE LA VALORACIÓN DE RESIDUOS ORGÁNICOS NO-APROVECHADOS PROVENIENTES DE LA INDUSTRIA DEL SACHA INCHI",20260226,20260926,"STINVILLE AGROINDUSTRIAS AMAZONICAS S.A.C.","LA BANDA DE SHILCAYO","SAN MARTIN","SAN MARTIN",220909,481134.2700,87245.73,236200,"SOLES",20260707
"BID 4","VALIDACIÓN DE LA INNOVACIÓN ECONOMÍA CIRCULAR",2026,"026-PROINNOVATE-PIEC2EC-2026","HORNO GASTRONÓMICO COMBINADO MULTIUSO MEJORADO\, CON PANEL DE CONTROL DIGITAL PROGRAMADO PARA PLATOS DE LA GASTRONOMÍA PERUANA E INTERNACIONAL\, CON CAMPANA EXTRACTORA ECOLÓGICA\, DISEÑADO CON CRITERIOS DE ECONOMÍA CIRCULAR\, 10 Y 20 BANDEJAS POR INDUSTRIAS SURCO",20260226,20270526,"INDUSTRIAS SURCO S R LTDA","VILLA EL SALVADOR","LIMA","LIMA",150142,345018.9700,95133.43,136595,"SOLES",20260707
"BID 4","INNOVACIÓN EMPRESARIAL",2026,"027-PROINNOVATE-PIEC1-2026","DESARROLLO DE BIO FERMENT COFFEE: BIORREACTOR SOLAR DE FERMENTACIÓN CONTROLADA DE CAFÉ\, CON SISTEMA DE RECIRCULACION DE MOSTO Y CONTROL TÉRMICO DE BAJO COSTO\, PARA OPTIMIZAR PERFILES EN TAZA\, POR LA COOPERATIVA COOPACNOR EN EL EJE CAFETERO REGION CAJAMARCA.",20260226,20261226,"COOPERATIVA AGRARIA CUMBRES DEL NORTE","POMAHUACA","JAEN","CAJAMARCA",060807,185439.8300,74190.17,52790,"SOLES",20260707
"BID 4","DINAMIZACIÓN DEL ECOSISTEMA REGIONAL DE INNOVACIÓN Y EMPRENDIMIENTO 2.0",2026,"029-PROINNOVATE-DER2-2026","DE LA ESTRATEGIA A LA ACCIÓN: DINAMIZACIÓN Y EJECUCIÓN COLABORATIVA DE PROYECTOS PRIORIZADOS EN EL PDE DE MADRE DE DIOS",20260218,20261118,"ASOCIACION CARITAS MADRE DE DIOS","TAMBOPATA","TAMBOPATA","MADRE DE DIOS",170101,2700000.0000,0,405612,"SOLES",20260707
"BID 4","VALIDACIÓN DE LA INNOVACIÓN ECONOMÍA CIRCULAR",2026,"030-PROINNOVATE-PIEC2EC-2026","VALIDACIÓN TÉCNICA Y COMERCIAL DE UN COMPOST PREMIUM BIORREMEDIADOR A PARTIR DE RESIDUOS AGROINDUSTRIALES DE LA REGIÓN ICA PARA UNA ECONOMÍA CIRCULAR",20260324,20261024,"NUTRI ORGANICOS SAC","SAN JUAN DE LURIGANCHO","LIMA","LIMA",150132,496606.5400,89856.14,242600,"SOLES",20260707
"BID 4","INNOVACIÓN EMPRESARIAL",2026,"031-PROINNOVATE-PIEC1-2026","DESARROLLO DE UN SISTEMA DE CONCRETO AUTORREPARABLE MEDIANTE BIOPRECIPITACIÓN MICROBIANA DE CARBONATO DE CALCIO\, COMO SOLUCIÓN INNOVADORA PARA INCREMENTAR LA DURABILIDAD DEL CONCRETO Y REDUCIR LA NECESIDAD DE MANTENIMIENTO.",20260212,20261112,"INNOVACIONES TECNOLOGICAS HASSO GROUP SAC  HASSO GROUP SAC","PUEBLO LIBRE","LIMA","LIMA",150121,199712.5000,80287.5,120000,"SOLES",20260707
"BID 4","EMPRENDIMIENTOS INNOVADORES",2026,"032-PROINNOVATE-EIN-2026","PARTNER FIRM: PLATAFORMA DE AUTOMATIZACIÓN PARA EMPRESAS QUE GESTIONAN PERMISOS\, LICENCIAS OPERATIVAS Y CONTRATOS",20260406,20261106,"VALENZUELA MOLINA FRANCK MICHELY","","","","",19000.0000,2730,5414,"SOLES",20260707
"BID 4","INNOVACIÓN EMPRESARIAL",2026,"033-PROINNOVATE-PIEC1-2026","DESARROLLO DE UN PROTOTIPO DE HARINA DE GERMEN DE QUINUA (CHENOPODIUM QUINOA) DE ALTO CONTENIDO PROTEICO\, CON PRESENCIA DE AMINOÁCIDOS ESENCIALES Y ELEVADA ACEPTACIÓN ORGANOLÉPTICA PARA EL MERCADO NACIONAL",20260317,20261117,"MRH SUPERFOODS SAC","LINCE","LIMA","LIMA",150116,199999.1700,65003.83,90000,"SOLES",20260707
"BID 4","PROGRAMA DE INNOVACIÓN MODERNIZACIÓN TECNOLÓGICA Y EMPRENDIMIENTO - MIPYMES DIGITALES",2026,"034-PROINNOVATE-IMTEMD-2026","DIGITALIZACIÓN DE EMPRESA MANUFACTURERA DE FERTILIZANTE CON QUITINA DE INSECTO PARA DESCENTRALIZAR LA SOLUCIÓN A NUEVOS USUARIOS EN EL ÁMBITO AGRÍCOLA",20260420,20261220,"ENTO GREEN SAC","LA MOLINA","LIMA","LIMA",150114,45000.0000,10285.71,6857.14,"SOLES",20260707
"BID 4","VALIDACIÓN DE LA INNOVACIÓN ECONOMÍA CIRCULAR",2026,"035-PROINNOVATE-PIEC2EC-2026","VALIDACIÓN TÉCNICA Y COMERCIAL DE UNA PLATAFORMA DE E-COMMERCE CIRCULAR CON TRAZABILIDAD Y SIMULACIÓN EN TIEMPO REAL PARA EQUIPOS TECNOLÓGICOS REACONDICIONADOS",20260307,20261007,"ACHORAO PRODUCCIONES E.I.R.L.","ATE","LIMA","LIMA",150103,353559.3400,65740.66,178000,"SOLES",20260707
"BID 4","INNOVACIÓN EMPRESARIAL",2026,"036-PROINNOVATE-PIEC1-2026","TÓTEMS PUBLICITARIOS CON INTELIGENCIA ARTIFICIAL COLABORATIVA Y UN SISTEMA DE RECOMENDACIONES PARA GERENTES EN CENTROS COMERCIALES",20260406,20270206,"SMARTECH LATAM SOCIEDAD ANONIMA CERRADA","MIRAFLORES","LIMA","LIMA",150122,192313.5700,53686.43,107000,"SOLES",20260707
"BID 4","INNOVACIÓN EMPRESARIAL",2026,"038-PROINNOVATE-PIEC1-2026","DESARROLLO DE UN PELLET MEJORADO A BASE DE ESPIRULINA PARA JUVENILES DE TRUCHA ARCOÍRIS COMO ESTRATEGIA PARA OPTIMIZAR LA EFICIENCIA ALIMENTICIA Y SU VALIDACIÓN EN MARANDES\, PUNO.",20260305,20270105,"MARANDES E.I.R.L","JULIACA","SAN ROMAN","PUNO",211101,199999.3500,21881.88,38350,"SOLES",20260707
"BID 4","INNOVACIÓN EMPRESARIAL",2026,"039-PROINNOVATE-PIEC1-2026","DESARROLLO DE ENVASES COMPOSTABLES Y REUTILIZABLES PARA CAFETERÍAS Y TIENDAS DE SERVICIO RÁPIDO\, MEDIANTE LA VALORIZACIÓN DE BORRA DE CAFÉ Y FORMULACIÓN OPTIMIZADA DE PLA Y ADITIVOS PARA MEJORAR DESEMPEÑO TÉRMICO Y BIODEGRADABILIDAD DESARROLLADO POR VIGOFLEX",20260305,20270105,"VIGOFLEX S.A.C.","SAN ISIDRO","LIMA","LIMA",150131,199629.1500,42809.25,37000,"SOLES",20260707
"BID 4","INNOVACIÓN EMPRESARIAL",2026,"040-PROINNOVATE-PIEC1-2026","DISEÑO Y DESARROLLO DE SOLUCIÓN MODULAR CON TORQUE AUTOMATIZADO E INSPECCIÓN VISUAL CON IA PARA PROCESO DE TAPADO DE ENVASES Y CONTROL DE CALIDAD EN INDUSTRIAS REGULADAS COMO LA FARMACÉUTICA\, DE ALIMENTOS Y COSMÉTICA DESARROLLADO POR INNOVACIONES Y MECANIZADOS",20260305,20270105,"INNOVACIONES Y MECANIZADOS SAC","VILLA EL SALVADOR","LIMA","LIMA",150142,198348.7700,35122.03,99950,"SOLES",20260707
"BID 4","INNOVACIÓN EMPRESARIAL",2026,"041-PROINNOVATE-PIEC1-2026","PROTOTIPO DE BARRIL RETORNABLE Y 100% COMPOSTABLE DE CASCARILLA DE ARROZ CON TECNOLOGÍA BAG-IN-BOX PARA AGUA SEGURA: SOLUCIÓN CIRCULAR DE BAJA HUELLA DE CARBONO QUE SUSTITUYE ENVASES CONVENCIONALES DE POLICARBONATO Y CARTÓN MULTICAPA",20260324,20260924,"ASOCIACION - ASOCIA PERU","NUEVA CAJAMARCA","RIOJA","SAN MARTIN",220804,200000.0000,36412,18788,"SOLES",20260707
"BID 4","INNOVACIÓN EMPRESARIAL",2026,"042-PROINNOVATE-PIEC1-2026","DESARROLLO DE UNA INTELIGENCIA ARTIFICIAL PARA VALIDACIÓN DE DISEÑOS ESTRUCTURALES\, BAJO LA NORMATIVA PERUANA.",20260406,20260806,"KUELAP INGENIEROS SAC","SANTIAGO DE SURCO","LIMA","LIMA",150140,200000.0000,67620,73440,"SOLES",20260707
"BID 4","INNOVACIÓN EMPRESARIAL",2026,"044-PROINNOVATE-PIEC1-2026","DESARROLLO DE UN SISTEMA IOT PARA EL CONTROL INTEGRAL DE ALCOHOLEMIA Y TRAZABILIDAD EN EL TRANSPORTE DE CARGA Y PASAJEROS EN EL PERÚ",20260324,20270124,"AW IMPORTECH S.A.C.","PUNTA HERMOSA","LIMA","LIMA",150126,196252.0200,61189.4,75500,"SOLES",20260707
"BID 4","DESAFÍOS PÚBLICOS DE INNOVACIÓN PERÚ FASE 2 - Desafío N°1: Ministerio de Desarrollo Agrario y Riego - MIDAGRI",2026,"045-PROINNOVATE-DPIPD1-2026","DESAFÍO SECTORIAL: RETO BOVINO - IAMBOV: PLATAFORMA INTELIGENTE DE GANADERÍA DE PRECISIÓN PARA MEJORAR LA TRAZABILIDAD\, PRODUCTIVIDAD Y SALUD BOVINA EN EL PERÚ",20260420,20261220,"NAUKA LABS S.A.C.","SAN MIGUEL","LIMA","LIMA",150136,741991.5300,92928.47,92720,"SOLES",20260707
"BID 4","MIPYMES DE CALIDAD PARA LA INDUSTRIA NAVAL",2026,"046-PROINNOVATE-MCIN-2026","IMPLEMENTACIÓN Y CERTIFICACIÓN DE LA TRINORMA EN EL TRANSPORTE DE CARGA POR CARRETERA DE TRANSPORTES EL ÁNGEL E&M S.A.C.",20260428,20270328,"TRANSPORTES EL ANGEL E & M S.A.C.","SAYAN","HUAURA","LIMA",150811,64500.0000,15500,10222,"SOLES",20260707
"BID 4","INNOVACIÓN EMPRESARIAL",2026,"047-PROINNOVATE-PIEC1-2026","DESARROLLO DE UN PROTOTIPO DE SISTEMA INTELIGENTE DE FERMENTACIÓN CONTROLADA CON MICROBIOTA LOCAL Y MACHINE LEARNING PARA LA PRODUCCIÓN DE CAFÉS ESPECIALES",20260305,20270105,"COFFEES JAEN SAC","JAEN","JAEN","CAJAMARCA",060801,199989.4000,31534.1,38500,"SOLES",20260707
"BID 4","INNOVACIÓN EMPRESARIAL",2026,"048-PROINNOVATE-PIEC1-2026","DESARROLLO DE UN SISTEMA RECOMENDADOR PROTOTIPO\, BASADO EN INTELIGENCIA ARTIFICIAL Y CIENCIA DE DATOS\, PARA MEJORAR EL DESEMPEÑO DE LAS CAMPAÑAS DE EMPRESAS LATINOAMERICANAS DEL SEGMENTO RETAIL FASHION\, USANDO HIPERPERSONALIZACIÓN DE LA EXPERIENCIA DEL CLIENTE",20260324,20260824,"MEDIA LAB TECH S.A.C.","BARRANCO","LIMA","LIMA",150104,199220.9300,35479.07,97412.87,"SOLES",20260707
"BID 4","INNOVACIÓN EMPRESARIAL",2026,"049-PROINNOVATE-PIEC1-2026","DESARROLLO DE UN SISTEMA CIRCULAR\, INTEGRADO Y CON TECNOLOGÍAS INNOVADORAS PARA EL TRATAMIENTO Y VALORIZACIÓN DE RESIDUOS SÓLIDOS Y LÍQUIDOS EN EL RESTAURANTE CAMPESTRE MIRASUR\, QUE GENERA BIOGÁS\, BIOFERTILIZANTES\, AGUA DE RIEGO SEGURA Y HONGOS COMESTIBLES",20260428,20261028,"INVERSIONES PAZ RIVAS & M SOCIEDAD ANONIMA CERRADA - INVERSIONES PAZ RIVAS & M S.A.C.","PUCUSANA","LIMA","LIMA",150124,200000.0000,27237.05,30000,"SOLES",20260707
"BID 4","INNOVACIÓN EMPRESARIAL",2026,"050-PROINNOVATE-PIEC1-2026","PRODUCCIÓN DE UN HERBICIDA ORGÁNICO A PARTIR DE MUCILAGO DE CACAO (THEOBROMA CACAO L.) CON ALTA EFICIENCIA EN EL CONTROL DE MALEZAS DE HOJA ANCHA Y ANGOSTA EN LA COOPERATIVA AGRARIA VALLE DEL CUCHARA LTDA\, REGIÓN HUÁNUCO.",20260406,20261006,"COOPERATIVA AGRARIA VALLE DEL CUCHARA LTDA","RUPA-RUPA","LEONCIO PRADO","HUANUCO",100601,199434.2300,28685.77,32000,"SOLES",20260707
"BID 4","VALIDACIÓN DE LA INNOVACIÓN ECONOMÍA CIRCULAR",2026,"051-PROINNOVATE-PIEC2EC-2026","VALIDACIÓN TÉCNICA Y COMERCIAL DE UN ALIMENTO EXTRUIDO EN PELLET\, ELABORADO A PARTIR DE UNA MEZCLA PROTEICA DE SUBPRODUCTOS AVÍCOLAS Y MEJORADORES DE DIGESTIBILIDAD\, PARA LA ALIMENTACIÓN DE TILAPIAS",20260324,20260924,"INDUSTRIAS Y TECNOLOGIA MUCHIC S.A.C.","CHICLAYO","CHICLAYO","LAMBAYEQUE",140101,499652.5500,88377.45,248650,"SOLES",20260707
"BID 4","INNOVACIÓN EMPRESARIAL",2026,"052-PROINNOVATE-PIEC1-2026","DESARROLLO DE UN SISTEMA PORTABLE BASADO EN INTELIGENCIA ARTIFICIAL (IA)\, PARA VERIFICACIÓN AUTOMÁTICA DE USO DE EPPS Y FATIGA EN PERSONAL TECNICO DE INSTALACIONES DE REDES DE GLP",20260406,20261206,"COMERCIO  SERVICIOS E INVERSIONES SA","SURQUILLO","LIMA","LIMA",150141,146156.4000,68877.6,55800,"SOLES",20260707
"BID 4","INNOVACIÓN EMPRESARIAL",2026,"053-PROINNOVATE-PIEC1-2026","SPECTRUM: PLATAFORMA SAAS PARA GESTIÓN SEGURA Y CONFIABLE DE FONDOS\, POTENCIADA CON COMPUTACIÓN CONFIDENCIAL Y CUMPLIMIENTO NORMATIVO PARA PERÚ\, CHILE Y COLOMBIA",20260324,20261124,"CAPITALTEC SOLUCIONES DEL PERU S.A.C. - CAPITALTEC S.A.C.","SAN BORJA","LIMA","LIMA",150130,177150.0000,30800,88824.8,"SOLES",20260707
"BID 4","INNOVACIÓN EMPRESARIAL",2026,"055-PROINNOVATE-PIEC1-2026","PRODUCCIÓN DE ROPA DE ALGODÓN FUNCIONALIZADA CON ÓXIDOS SEMICONDUCTORES DE ZINC QUE OFRECE PROTECCIÓN UV Y TIENE PROPIEDAD ANTIMICROBIANA",20260324,20260924,"THT EXPORT SAC","SAN JUAN DE LURIGANCHO","LIMA","LIMA",150132,199677.4100,40294.84,40031,"SOLES",20260707
"BID 4","INNOVACIÓN EMPRESARIAL",2026,"056-PROINNOVATE-PIEC1-2026","DESARROLLO DE UN PROTOTIPO DE SOFTWARE QUE ESTANDARICE Y HAGA TRAZABLE LA INGESTA DE INFORMACIÓN CLÍNICA PARA TRATAMIENTOS DE ORTODONCIA CON ALINEADORES\, ASEGURANDO CALIDAD EN ORIGEN USANDO IA LIGERA NO DIAGNÓSTICA Y EL INTERCAMBIO DE INFORMACIÓN DEL PACIENTE.",20260317,20260917,"ODONTOCLINICA EIRL.","MIRAFLORES","LIMA","LIMA",150122,200000.0000,19054.06,39600,"SOLES",20260707
"BID 4","INNOVACIÓN EMPRESARIAL",2026,"057-PROINNOVATE-PIEC1-2026","DESARROLLO Y VALIDACIÓN DE BIOCONTENEDOR ECOEFICIENTE CON USO DE LARVAS DE MOSCA SOLDADO PARA LA TRANSFORMACIÓN DE RESIDUOS ORGÁNICOS Y PESQUEROS\, ORIENTADO A LA GENERACIÓN DE UN MEJORADOR DE SUELOS DE USO AGRÍCOLA E INSUMOS PROTEICOS\, BAJO UN ENFOQUE CIRCULAR",20260406,20270206,"YURAC RUMI SAC","TARAPOTO","SAN MARTIN","SAN MARTIN",220901,200000.0000,22500,19720,"SOLES",20260707
"BID 4","INNOVACIÓN EMPRESARIAL",2026,"058-PROINNOVATE-PIEC1-2026","DESARROLLO DE UN PROTOTIPO DE LA BEBIDA FERMENTADO VEGETAL FUNCIONAL A BASE DE YUCA\, MACAMBO Y CASTAÑA AMAZÓNICA MEDIANTE TECNOLOGÍA DE DOBLE FERMENTACIÓN (HONGO KOJI Y LÁCTICA) PARA LA VALORIZACIÓN DE LA BIODIVERSIDAD AMAZÓNICA DE MADRE DE DIOS Y SAN MARTÍN",20260406,20270206,"SUCHICHE S.A.C.","TARAPOTO","SAN MARTIN","SAN MARTIN",220901,200000.0000,30572.97,31903.2,"SOLES",20260707
"BID 4","VALIDACIÓN DE LA INNOVACIÓN ECONOMÍA CIRCULAR",2026,"059-PROINNOVATE-PIEC2EC-2026","OPTIMIZACIÓN Y ESCALABILIDAD DE LA ELECTROBIORREMEDIACIÓN EN EL PROCESO DE RECIRCULACIÓN DE PELAMBRE Y CURTIDO DE AGUAS EN LA INDUSTRIA CON FINES DE MEJOR LAS CARACTERÍSTICAS DEL CUERO EN LA EMPRESA CURTI CUEROS LOBO EIRL",20260324,20261024,"CURTI CUEROS LOBO EIRL","RIMAC","LIMA","LIMA",150128,500000.0000,83334,250000,"SOLES",20260707
"BID 4","INNOVACIÓN EMPRESARIAL",2026,"060-PROINNOVATE-PIEC1-2026","DISEÑO Y DESARROLLO DE PROTOTIPO DE PLATAFORMA INTELIGENTE CON IA PREDICTIVA-PRESCRIPTIVA\, PARA EL ANÁLISIS DE DATOS ABT QUE PERMITA LOGRAR LA TRANSFORMACIÓN DE LA EXPERIENCIA DE LA MOVILIDAD URBANA EN LIMA METROPOLITANA Y CALLAO CENTRADO EN LAS PERSONAS.",20260324,20261124,"INTERNATIONAL PARTNERS S.A.","CALLAO","CALLAO","CALLAO",070101,199997.5600,38600.44,99980,"SOLES",20260707
"MIPYME Emprendedor","PROGRAMA DESARROLLO DE PROVEEDORES CON ENFOQUE CIRCULAR - CATEGORÍA 2 - FASE DIAGNÓSTICO",2026,"062-PROINNOVATE-PDPC2DEC-2026","CIERRE DE BRECHAS CIRCULARES EN METALES\, EFICIENCIA ENERGÉTICA Y RESIDUOS QUÍMICOS PARA LA CADENA DE VALOR DE LA EMPRESA PORTALÁMPARAS",20260730,20261130,"PORTALAMPARAS S.A.C.","CARMEN DE LA LEGUA REYNOSO","CALLAO","CALLAO",070103,49618.0700,10037.88,1240,"SOLES",20260707
"MIPYME Emprendedor","PROGRAMA DESARROLLO DE PROVEEDORES CON ENFOQUE CIRCULAR - CATEGORÍA 1",2026,"063-PROINNOVATE-PDPC1EC-2026","FORTALECIMIENTO CON ENFOQUE EN ECONOMÍA CIRCULAR DE LAS PROVEEDORAS DE CADENA DE VALOR DEL SERVICIO DE ALIMENTOS DE HASP\, EMPRESA TRACTORA CON IMPACTO EN EL DISTRITO DE PATAZ- REGIÓN LA LIBERTAD.",20260720,20280120,"ASOCIACION PATAZ","SANTIAGO DE SURCO","LIMA","LIMA",150140,599999.9800,21428.57,71201.06,"SOLES",20260707
"MIPYME Emprendedor","PROGRAMA DESARROLLO DE PROVEEDORES CON ENFOQUE CIRCULAR - CATEGORÍA 2 - FASE DIAGNÓSTICO",2026,"064-PROINNOVATE-PDPC2DEC-2026","DIAGNÓSTICO DE BRECHAS Y PLANES DE MEJORA PARA EL DESARROLLO DE UN MODELO DE GESTIÓN COLABORATIVA PARA LA OPTIMIZACIÓN HÍDRICA Y RECUPERACIÓN DE MATERIALES MEDIANTE TRAZABILIDAD DE DATOS EN PROVEEDORES ESTRATÉGICOS DE CATÁLOGO S.A.C.",20260730,20261130,"CATALOGO S.A.C","CHORRILLOS","LIMA","LIMA",150108,50000.0000,8750,1250,"SOLES",20260707
"BID 4","VALIDACIÓN DE LA INNOVACIÓN ECONOMÍA CIRCULAR",2026,"066-PROINNOVATE-PIEC2EC-2026","VALIDACIÓN Y CONSOLIDACIÓN DE UN SISTEMA DE PRODUCCIÓN SOSTENIBLE DE POINSETTIAS (EUPHORBIA PULCHERRIMA) CON PLANTEL MADRE IN VITRO\, FLORACIÓN CONTROLADA Y EMPAQUES BIODEGRADABLES PARA EL MERCADO ORNAMENTAL DE LIMA",20260324,20261024,"JARDIN URBANO SOCIEDAD ANONIMA CERRADA","CHACLACAYO","LIMA","LIMA",150107,499217.3200,83351.68,249470,"SOLES",20260707
"BID 4","INNOVACIÓN EMPRESARIAL",2026,"068-PROINNOVATE-PIEC1-2026","DESARROLLO Y VALIDACIÓN A ESCALA PILOTO DE PELLETS HORTÍCOLAS A BASE DE SPHAGNUM MOSS MOLIDO\, CON ALTA RETENCIÓN DE HUMEDAD Y MEJORA DEL ENRAIZAMIENTO\, PARA LA PROPAGACIÓN DE CULTIVOS HORTÍCOLAS EN LA REGIÓN JUNÍN.",20260324,20270124,"INKA MOSS S.A.C.","JAUJA","JAUJA","JUNIN",120401,200000.0000,34492,99970,"SOLES",20260707
"MIPYME Emprendedor","PROGRAMA DESARROLLO DE PROVEEDORES CON ENFOQUE CIRCULAR - CATEGORÍA 2 - FASE DIAGNÓSTICO",2026,"070-PROINNOVATE-PDPC2DEC-2026","MODERNIZACIÓN Y OPTIMIZACIÓN DE LA LÍNEA DE PRODUCCIÓN DE CADENAS DE ORO Y PLATA ARTESANALES PARA REDUCIR MERMAS Y AUMENTAR LA EFICIENCIA OPERATIVA",20260730,20261130,"ARIN S A","CHORRILLOS","LIMA","LIMA",150108,49935.5700,9337.63,1248,"SOLES",20260707
"BID 4","VALIDACIÓN DE LA INNOVACIÓN ECONOMÍA CIRCULAR",2026,"071-PROINNOVATE-PIEC2EC-2026","VALIDACIÓN TÉCNICA\, COMERCIAL Y DE EMPAQUETAMIENTO DE UN SERVICIO TURÍSTICO-CIENTÍFICO DE CONSERVACIÓN AMAZÓNICA CON ENFOQUE DE ECONOMÍA CIRCULAR PARA EL MERCADO ASIÁTICO",20260324,20261024,"AMAZON RESEARCH CENTER & COMPANY S.A.C.","IQUITOS","MAYNAS","LORETO",160101,498084.7500,84915.25,249000,"SOLES",20260707
"BID 4","INNOVACIÓN EMPRESARIAL",2026,"072-PROINNOVATE-PIEC1-2026","DESARROLLO DE PRUEBAS MOLECULARES DE CAMPO PARA EL DIAGNÓSTICO DE LA INFECCIÓN POR EL VIROIDE SUNBLOTCH ASBVD EN PLANTAS DE PALTO",20260324,20270124,"BIO LINKS S.A.","MAGDALENA DEL MAR","LIMA","LIMA",150120,197796.6100,36203.39,100226,"SOLES",20260707
"BID 4","INNOVACIÓN EMPRESARIAL",2026,"073-PROINNOVATE-PIEC1-2026","DESARROLLO DE UN PROCESO PILOTO SEMI AUTOMATIZADO DE FABRICACIÓN DE CAJAS DE PASE RECTANGULARES EMBUTIDAS \"PREMIUM\"\, QUE MEJORE EN 40% LA EFICIENCIA OPERATIVA\, Y REDUZCA LOS COSTOS DE FABRICACIÓN EN 25%\, EN LA CIUDAD DE LIMA.",20260324,20260824,"PROYECTOS DE INGENIERIA Y VENTAS INDUSTRIALES PERU E.I.R.L. PROINGEVIN PERU E.I.R.L.","LOS OLIVOS","LIMA","LIMA",150117,199749.2000,23018.63,30000,"SOLES",20260707
"BID 4","INNOVACIÓN EMPRESARIAL",2026,"074-PROINNOVATE-PIEC1-2026","DESARROLLO E INTEGRACIÓN DE DISIPADORES DE FRICCIÓN EN ESTRUCTURAS METÁLICAS Y MIXTAS PARA EDIFICACIONES SISMORRESISTENTES EN CUSCO.",20260406,20270206,"ENGINEERING AND INNOVATION SOCIEDAD ANONIMA CERRADA","WANCHAQ","CUSCO","CUSCO",080108,200000.0000,36000,98038.29,"SOLES",20260707
"BID 4","INNOVACIÓN EMPRESARIAL",2026,"075-PROINNOVATE-PIEC1-2026","TÉ LIOFILIZADO: UNA NUEVA ALTERNATIVA INNOVADORA Y SOSTENIBLE EN LA ELABORACIÓN DE TÉ INKATERRA EN MACHUPICCHU",20260324,20270124,"ESTACION ECOLOGICA TURISTICA AMARU MAYO S.A.C.","TAMBOPATA","TAMBOPATA","MADRE DE DIOS",170101,197186.4400,26873.56,25467,"SOLES",20260707
"BID 4","INNOVACIÓN EMPRESARIAL",2026,"076-PROINNOVATE-PIEC1-2026","DESARROLLAR Y VALIDAR UNA PLATAFORMA INTELIGENTE (SAFEBRAND) PARA LA DETECCIÓN AUTOMATIZADA DE INFRACCIONES DE MARCAS Y PATENTES EN INTERNET PARA EMPRESAS PERUANAS.",20260324,20270124,"FUENTES & ASOCIADOS CONSULTORES LEGALES S.A.C.","MIRAFLORES","LIMA","LIMA",150122,197000.0000,22200,33000,"SOLES",20260707
"BID 4","VALIDACIÓN DE LA INNOVACIÓN ECONOMÍA CIRCULAR",2026,"077-PROINNOVATE-PIEC2EC-2026","VALIDACIÓN DE MODELO DE VALORIZACIÓN OPTIMIZADA DE RESIDUOS ORGÁNICOS DOMÉSTICOS URBANOS CON BIOTECNOLOGÍA PARA REDUCIR EMISIONES GEI",20260330,20261030,"SINBA SURA S.A.C.","MIRAFLORES","LIMA","LIMA",150122,300000.0000,269772.84,189350,"SOLES",20260707
"BID 4","DINAMIZACIÓN DEL ECOSISTEMA REGIONAL DE INNOVACIÓN Y EMPRENDIMIENTO 2.0",2026,"078-PROINNOVATE-DER2-2026","DESARROLLO DEL ECOSISTEMA DE INNOVACIÓN Y EMPRENDIMIENTO (PDE) DE LA REGIÓN HUÁNUCO",20260420,20261120,"CAMARA DE COMERCIO E INDUSTRIAS DE HCO","HUANUCO","HUANUCO","HUANUCO",100101,2700000.0000,0,233400,"SOLES",20260707
"BID 4","DINAMIZACIÓN DEL ECOSISTEMA REGIONAL DE INNOVACIÓN Y EMPRENDIMIENTO 2.0",2026,"079-PROINNOVATE-DER2-2026","FORTALECIMIENTO DEL ECOSISTEMA DE INNOVACIÓN Y EMPRENDIMIENTO MEDIANTE LA GESTIÓN DE SUB PROYECTOS PRIORIZADOS EN EL PDE PARA LA REGIÓN CAJAMARCA",20260312,20270511,"CENTRO ECUMENICO DE PROMOCION Y ACCION SOCIAL NORTE","CAJAMARCA","CAJAMARCA","CAJAMARCA",060101,2700000.0000,0,248200,"SOLES",20260707
"BID 4","DINAMIZACIÓN DEL ECOSISTEMA REGIONAL DE INNOVACIÓN Y EMPRENDIMIENTO 2.0",2026,"082-PROINNOVATE-DER2-2026","DER AMAZONAS 2.0: ACELERACIÓN DEL ECOSISTEMA REGIONAL DE INNOVACIÓN Y EMPRENDIMIENTO (I+E)\, MEDIANTE UN ENFOQUE COLABORATIVO DE ACTORES ESTRATÉGICOS",20260401,20270501,"COOPERATIVA AGRARIA CAFETALERA LAGUNA DE LOS CÓNDORES","LUYA","LUYA","AMAZONAS",010509,2700000.0000,0,14400,"SOLES",20260707
"MIPYME Emprendedor","PROGRAMA DE APOYO A CLUSTERS",2026,"084-PROINNOVATE-PAC-2026","ESCALAMIENTO COMPETITIVO DEL CLÚSTER CAFÉ DE LA REGIÓN CAJAMARCA",20260615,20280815,"CLUSTER CAFE DE LA REGION CAJAMARCA","JAEN","JAEN","CAJAMARCA",060801,1350000.0000,347142.86,8294,"SOLES",20260707
"BID 4","DESAFÍOS PÚBLICOS DE INNOVACIÓN PERÚ FASE 2 - Desafío N°3: Instituto Nacional de Salud - INS",2026,"085-PROINNOVATE-DPIPD3-2026","NAIRA: ANALIZADOR NIR PORTÁTIL PARA DETECCIÓN RÁPIDA DE FÁRMACOS ADULTERADOS",20260420,20270220,"WAREM S.A.C.","SAN MIGUEL","LIMA","LIMA",150136,701870.6100,163117.54,36100,"SOLES",20260707
"BID 4","INCUBADORAS SOFTLANDING",2026,"086-PROINNOVATE-SOFT-2026","BIOINCUBA - ACOMPAÑAMIENTO A PROYECTOS SOFTLANDING",20260327,20270327,"UNIVERSIDAD PERUANA CAYETANO HEREDIA","SAN MARTIN DE PORRES","LIMA","LIMA",150135,15000.0000,0,0,"DOLARES",20260707
"BID 4","INCUBADORAS SOFTLANDING",2026,"087-PROINNOVATE-SOFT-2026","KAMAN UCSP - ACOMPAÑAMIENTO A PROYECTOS SOFTLANDING",20260513,20261213,"UNIVERSIDAD CATOLICA SAN PABLO","AREQUIPA","AREQUIPA","AREQUIPA",040101,3000.0000,0,0,"DOLARES",20260707
"BID 4","DINAMIZACIÓN DEL ECOSISTEMA REGIONAL DE INNOVACIÓN Y EMPRENDIMIENTO 2.0",2026,"088-PROINNOVATE-DER2-2026","DER 2.0 LORETO: DINAMIZACIÓN DEL ECOSISTEMA REGIONAL DE INNOVACIÓN Y EMPRENDIMIENTO CON SUBPROYECTOS DE ALTO IMPACTO DEL PDE DE LA REGIÓN DE LORETO",20260420,20270621,"CAMARA DE COMERCIO IND Y TURIS DE LORETO","IQUITOS","MAYNAS","LORETO",160101,2700000.0000,0,643000,"SOLES",20260707
"MIPYME Emprendedor","PROGRAMA DESARROLLO DE PROVEEDORES CON ENFOQUE CIRCULAR - CATEGORÍA 1",2026,"095-PROINNOVATE-PDPC1EC-2026","PROGRAMA DE CIRCULARIDAD COLABORATIVA DE DOMINUS S.A.C. Y SUS PROVEEDORES.",20260730,20280730,"DOMINUS S.A.C","SAN ISIDRO","LIMA","LIMA",150131,600000.0000,42857.14,171428.57,"SOLES",20260707
"MIPYME Emprendedor","PROGRAMA DESARROLLO DE PROVEEDORES CON ENFOQUE CIRCULAR - CATEGORÍA 1",2026,"096-PROINNOVATE-PDPC1EC-2026","TRANSFORMACIÓN CIRCULAR\, DIGITALIZACIÓN E INNOVACIÓN EN LA CADENA DE VALOR DE LA ALTA GASTRONOMÍA PARA CENTRAL Y KJOLLE",20260730,20280130,"TERMAIN S.A.C.","BARRANCO","LIMA","LIMA",150104,594537.2700,15720.35,156000,"SOLES",20260707
"MIPYME Emprendedor","PROGRAMA DESARROLLO DE PROVEEDORES CON ENFOQUE CIRCULAR - CATEGORÍA 2 - FASE DIAGNÓSTICO",2026,"097-PROINNOVATE-PDPC2DEC-2026","PROGRAMA DE DESARROLLO DE PROVEEDORES PARA LA GESTIÓN INTEGRAL DE RESIDUOS EN LA CADENA DE SUMINISTRO DEL SECTOR PESQUERO PERUANO",20260606,20260906,"AUSTRAL GROUP S.A.A","SAN ISIDRO","LIMA","LIMA",150131,49998.5000,13402,1420,"SOLES",20260707
"MIPYME Emprendedor","PROGRAMA DESARROLLO DE PROVEEDORES CON ENFOQUE CIRCULAR - CATEGORÍA 2 - FASE DIAGNÓSTICO",2026,"098-PROINNOVATE-PDPC2DEC-2026","PROGRAMA DE DESARROLLO DE PROVEEDORES PARA LA MEDICIÓN Y GESTIÓN DE LA HUELLA DE CARBONO EN LA CADENA DE SUMINISTRO DEL SECTOR PESQUERO PERUANO",20260605,20260905,"AUSTRAL GROUP S.A.A","SAN ISIDRO","LIMA","LIMA",150131,50000.0000,20160,1500,"SOLES",20260707
