"FONDO","CONCURSO","ANIO","CONTRATO","TITULO","FECHA_INICIO","FECHA_FIN","NOMBRE_SOLICITANTE","DISTRITO","PROVINCIA","DEPARTAMENTO","UBIGEO","MONTO_RNR","MONTO_FINANCIERO","MONTO_NO_FINANCIERO","MONEDA","FECHA_CORTE"
"FIDECOM","PIPEI",2014,"263-FINCYT-FIDECOM-PIPEI-2014","SISTEMA PILOTO DE ENSAMBLE AUTOMATICO Y SOLDADURA ROBOTIZADO PARA BANDEJAS ELECTRICAS PARA LOGRAR LA CERTIFICACIÓN DE CALIDAD Y MEJORAR LAS CONDICIONES DE SALUD LABORAL DE LOS OPERARIOS",20141111,20171110,"INDUSTRIAS JELCO E.I.R.L.","LIMA","LIMA","LIMA",150101,269715.2700,34684.7300,39000.0000,"SOLES",20230706
"FIDECOM","PIMEN",2015,"390-FIDECOM-PNICP-PIMEN-2015","SERVICIO DE COMUNICACIÓN Y PARTICIPACIÓN VECINAL EN LA GESTIÓN DE SEGURIDAD Y ADMINISTRACIÓN DE CONDOMINIO\, BASADO EN TECNOLOGÍA ANDROID",20151026,20180425,"W & M SECURITY S.A.C.","SAN MARTIN DE PORRES","LIMA","LIMA",150135,130022.0400,13987.9600,21725.0000,"SOLES",20230706
"FIDECOM","PIMEN",2015,"405-FIDECOM-PNICP-PIMEN-2015","ESTANDARIZACION DE UNA TÉCNICA DE CONSERVACIÓN DE CARNE DE ALPACA\, MANTENIENDO LA ESTRUCTURA Y PROPIEDADES TECNOLÓGICAS\, MEDIANTE TECNICAS DE MARINADO.",20151007,20181006,"ALPAQUEL PERU SOCIEDAD ANONIMA CERRADA - ALPAQUEL S.A.C","MIRAFLORES","LIMA","LIMA",150122,149955.9400,21264.0600,18000.0000,"SOLES",20230706
"FIDECOM","PIMEN",2015,"539-FIDECOM-INNOVATEPERU-PIMEN-2015","DISEÑO Y DESARROLLO DE UN SISTEMA MECÁNICO DE TRATAMIENTO DE EFLUENTES A ESCALA PILOTO PARA SEDIMENTAR SÓLIDOS\, SEPARAR GRASAS Y RETORNAR LOS INSUMOS EN LAS CURTIEMBRES",20160202,20181001,"CURTIEMBRE SANTA ROSA SAC","LA ESPERANZA","TRUJILLO","LA LIBERTAD",130105,149854.6700,27928.3300,36720.0000,"SOLES",20230706
"FIDECOM","PIMEN",2015,"540-FIDECOM-INNOVATEPERU-PIMEN-2015","OBTENCIÓN DE PRODUCTOS CÁRNICOS (HAMBURGUESA Y CHORIZO)\, A PARTIR DEL USO DE CORTES DE CARNE DE ALPACA DE DESCARTE\, CON CARACTERÍSTICAS TECNOLÓGICAS COMERCIALES E INOCUIDAD\, MANTENIENDO SUS CARACTERÍSTICAS NATURALES (GRASA\, PROTEÍNA\, SIN ADITIVOS QUÍMICOS)",20160107,20181206,"ALPAQUEL PERU SOCIEDAD ANONIMA CERRADA - ALPAQUEL S.A.C","MIRAFLORES","LIMA","LIMA",150122,149350.8400,20789.1600,30400.0000,"SOLES",20230706
"FIDECOM","PIMEN",2015,"542-FIDECOM-INNOVATEPERU-PIMEN-2015","ADAPTACIÓN DE UN TAMBOR GIRATORIO QUE PERMITE LA RECUPERACIÓN DE METALES PESADOS CON EL MÉTODO DE CONCENTRACIÓN GRAVIMÉTRICA DE SEPARACIÓN POR MEDIOS DENSOS (SPMD)\, CON TECNOLOGÍA LIMPIA",20151224,20170823,"TRABAJOS MINEROS Y CIVILES F&C PERU S.A.C.","EL TAMBO","HUANCAYO","JUNIN",120114,140640.7100,19760.0400,24620.0000,"SOLES",20230706
"FIDECOM","VALIDACIÓN Y EMPAQUETAMIENTO DE INNOVACIONES",2015,"588-FIDECOM-INNOVATEPERU-PVE-2015","VALIDACIÓN TÉCNICA COMERCIAL DEL SENSOR DE MEDIDA DE DESGASTE DE NEUMÁTICOS INSERTADO POR VULCANIZACIÓN PARA VEHÍCULOS DE TRANSPORTES\, MINERIA Y MOVIMIENTO DE TIERRAS",20160208,20180506,"RFID RADICAL SOLUTIONS SOCIEDAD ANONIMA CERRADA - RFID RADICAL SOLUTIONS S.A.C.","SAN ISIDRO","LIMA","LIMA",150131,360000.0000,58388.0000,33000.0000,"SOLES",20230706
"FIDECOM","MEJORA DE LA CALIDAD - INDIVIDUAL",2016,"143-FIDECOM-INNOVATEPERU-CMCEI-2016","OBTENCION DE LA CERTIFICACION OHSAS 18001 PARA EL SERVICIO DE SEGURIDAD Y VIGILANCIA PRIVADA",20160519,20171118,"PERUVIAN SEGURIDAD CORPORATIVA S.A.C.","CHORRILLOS","LIMA","LIMA",150108,34000.0000,15063.0000,19200.0000,"SOLES",20230706
"FIDECOM","MEJORA DE LA CALIDAD - INDIVIDUAL",2016,"144-FIDECOM-INNOVATEPERU-CMCEI-2016","OBTENCIÓN DE LA CERTIFICACIÓN ISO 9001 PARA EL SERVICIO DE SEGURIDAD Y VIGILANCIA PRIVADA",20160519,20171118,"PERUVIAN SEGURIDAD CORPORATIVA S.A.C.","CHORRILLOS","LIMA","LIMA",150108,28145.0000,11119.0000,18000.0000,"SOLES",20230706
"FIDECOM","PATTEM",2016,"258-FIDECOM-INNOVATEPERU-PATTEM-2016","DESARROLLO DE CAPACIDADES EMPRESARIALES MEDIANTE LA APLICACION DE BPM Y NORMAS TÉCNICAS PARA PRODUCCIÓN\, DESARROLLO Y ARTICULACIÓN COMERCIAL DE NUEVOS PRODUCTOS EN MICRO EMPRESAS DESTILADORAS DE LA REGIÓN JUNÍN.",20161228,20180227,"SIERRA Y SELVA EXPORTADORA","SAN ISIDRO","LIMA","LIMA",150131,139999.6400,1962.1500,4002.5000,"SOLES",20230706
"FIDECOM","CONCURSO DE PROYECTOS SECTORIALES DE INNOVACIÓN ",2016,"360-FIDECOM-INNOVATEPERU-PSI-2016","IDENTIFICACIÓN DE OPORTUNIDADES Y BRECHAS  PARA EL DISEÑO DEL  PLAN ESTRATÉGICO PARA LA INTERNACIONALIZACIÓN DE LA ANIMACIÓN PERUANA",20161125,20200524,"RED ANIMATION STUDIOS S.A.C.","SAN ISIDRO","LIMA","LIMA",150131,599920.6800,24711.8500,64800.0000,"SOLES",20230706
"FIDECOM","PIMEN",2016,"494-FIDECOM-INNOVATEPERU-PIMEN-2016","MEJORA DEL PROCESO DE LIXIVIACIÓN DE METALES PRECIOSOS\, A PARTIR DE MINERALES\, MEDIANTE LA CONSTRUCCIÓN E IMPLEMENTACIÓN DE UN PROTOTIPO TANQUE PROVISTO DE TUBOS FILTRANTES Y USO DE REACTIVOS ECOLÓGICOS",20170105,20190204,"TRABAJOS MINEROS Y CIVILES F&C PERU S.A.C.","EL TAMBO","HUANCAYO","JUNIN",120114,144271.1800,13728.8200,24620.0000,"SOLES",20230706
"FIDECOM","PATTEM",2017,"005-FIDECOM-INNOVATEPERU-PATTEM-2017","TRANSFERENCIA TECNOLÓGICA PARA EL APROVECHAMIENTO DE RESIDUOS SOLIDOS NO CURTIDOS Y LA OBTENCIÓN DE SUB PRODUCTOS COMO: GELATINAS Y HUESOS PARA PERROS; QUE GENEREN APERTURA DE NUEVOS MERCADOS Y REDUCCIÓN DE LA CONTAMINACIÓN AMBIENTAL.",20170620,20190319,"INSTITUTO TECNOLOGICO DE LA PRODUCCION","SAN ISIDRO","LIMA","LIMA",150131,183754.2300,0.0000,25000.0000,"SOLES",20230706
"FIDECOM","PATTEM",2017,"006-FIDECOM-INNOVATEPERU-PATTEM-2017","TRANSFERENCIA TECNOLÓGICA PARA LA SUSTITUCIÓN DE CONTAMINANTES (SIN SULFURO NI CAL) EN EL PROCESO DE PELAMBRE; EMPLEADO EN EL DEPILADO DE LAS PIELES Y QUE MEJORA LAS CONDICIONES AMBIENTALES DE LAS CURTIEMBRES DE AREQUIPA",20170620,20190319,"INSTITUTO TECNOLOGICO DE LA PRODUCCION","SAN ISIDRO","LIMA","LIMA",150131,192966.0900,0.0000,24200.0000,"SOLES",20230706
"FIDECOM","PIMEN",2017,"046-FIDECOM-INNOVATEPERU-PIMEN-2017","FORMULACIÓN DE BEBIDAS A BASE DE PULPA DE FRUTA Y SEMILLAS DE CHÍA ENDULZADO CON ESTEVIA\,USANDO CONSERVANTES NATURALES DE EXTRACTOS DE PLANTAS PERUANAS\,ORIENTADO A DEJAR EL USO DE CONSERVANTES QUÍMICOS Y A EXTENDER EL TIEMPO DE VIDA ÚTIL A 12 MESES\,EN NMLA SAC.",20170620,20190719,"NEW MARKETS LATIN AMERICA S.A.C.","SAN MIGUEL","LIMA","LIMA",150136,149284.7500,22455.2500,19500.0000,"SOLES",20230706
"FIDECOM","ACCESOS A SERVICIOS TECNOLÓGICOS PARA MIPYME",2017,"070-FIDECOM-INNOVATEPERU-AST-2017","EVALUACION Y OPTIMIZACION DE PROCESOS DE CONFECCION",20170703,20180303,"KADOSH CORPORATION S.A.C.","SAN BORJA","LIMA","LIMA",150130,35000.0000,11666.6700,0.0000,"SOLES",20230706
"FIDECOM","ACCESOS A SERVICIOS TECNOLÓGICOS PARA MIPYME",2017,"071-FIDECOM-INNOVATEPERU-AST-2017","COMERCIALIZACION DE PRENDAS DE VESTIR PARA DAMAS\, CABALLEROS Y NIÑOS A TRAVES DE LA APLICACIÓN &QUOT;VENTA GAMARRA&QUOT; A NIVEL NACIONAL E INTERNACIONAL.",20170710,20180210,"NFN PERU S.A.C.","CALLAO","PROV. CONST. DEL CALLAO","CALLAO",070101,35000.0000,11666.6700,0.0000,"SOLES",20230706
"FIDECOM","ACCESOS A SERVICIOS TECNOLÓGICOS PARA MIPYME",2017,"072-FIDECOM-INNOVATEPERU-AST-2017","IMPLEMENTACIÓN DE UN NUEVO MODELO DE NEGOCIO BASADO EN LA PROSPECCIÓN COMERCIAL Y SEGMENTACIÓN DE CLIENTES PARA POSICIONAR LOS PRODUCTOS DE LA EMPRESA Y GENERAR MAYOR RENTABILIDAD.",20170928,20180428,"SICUS QUISPE ELKY YAJAIRA","CHUPACA","CHUPACA","JUNIN",120901,35000.0000,11666.6700,0.0000,"SOLES",20230706
"FIDECOM","ACCESOS A SERVICIOS TECNOLÓGICOS PARA MIPYME",2017,"073-FIDECOM-INNOVATEPERU-AST-2017","OPTIMIZACIÓN DEL PROCESO DE DESARROLLO DE MODA (DISEÑO\, PATRONAJE\, TIZADO Y CORTE)",20170703,20180203,"PERUVIAN CLOTHES & STYLE SOCIEDAD ANONIMA CERRADA","SAN JUAN DE LURIGANCHO","LIMA","LIMA",150132,35000.0000,11666.6700,0.0000,"SOLES",20230706
"FIDECOM","ACCESOS A SERVICIOS TECNOLÓGICOS PARA MIPYME",2017,"055-FIDECOM-INNOVATEPERU-AST-2017","IMPLEMENTACION DE SISTEMA DE COMERCIALIZACION DE HILO ARTESANAL Y TEJIDO DE PRENDAS MEDIANTE TIENDA FISICA O RETAILS",20170710,20180210,"GRUPO LISSA E.I.R.L.","SANTIAGO DE SURCO","LIMA","LIMA",150140,35000.0000,11666.6700,0.0000,"SOLES",20230706
"FIDECOM","ACCESOS A SERVICIOS TECNOLÓGICOS PARA MIPYME",2017,"074-FIDECOM-INNOVATEPERU-AST-2017","SERVICIOS TECNOLÓGICOS PARA MIPYME - MIA PERU",20170801,20180301,"VALDEZ DURAND HANS YUSEPY","MIRAFLORES","HUAMALIES","HUANUCO",100506,35000.0000,11666.6700,0.0000,"SOLES",20230706
"FIDECOM","VALIDACIÓN Y EMPAQUETAMIENTO DE INNOVACIONES",2017,"298-FIDECOM-INNOVATEPERU-PVE-2017","VALIDACION Y EMPAQUETAMIENTO DE MAQUINA PARA EL SISTEMA DE TRATAMIENTO DE AGUA BAJO LA TECNICA DE PURIFICACION DE SISTEMAS DE MEMBRANAS DE OSMOSIS INVERSA\,PARA HOGARES EN CAPACIDAD DE  9 LITROS",20170809,20210108,"GUSTAVO BEL GAMERO E.I.R.L.","SUPE","BARRANCA","LIMA",150204,356220.0000,48665.0000,36180.0000,"SOLES",20230706
"FOMITEC","CAPITAL SEMILLA PARA EMPRENDEDORES INNOVADORES",2017,"504-INNOVATEPERU-EIN-2017","ANALYZER - PERU",20171024,20210423,"MONTENEGRO AYO\, RENATO MARTIN","","","","",52916.6000,15150.0000,7550.0000,"SOLES",20230706
"FOMITEC","FORTALECIMIENTO DE INCUBADORAS DE NEGOCIOS Y ENTIDADES AFINES - INCUBADORAS Y ACELERADORAS DE NEGOCIOS",2017,"660-INNOVATEPERU-IAN-2017","FORTALECIMIENTO DE LAS CAPACIDADES DE JAKU - EMPRENDE UNSA\, INCUBADORA DE EMPRESAS QUE IMPULSA EL DESARROLLO DE NEGOCIOS  INNOVADORES SOCIALMENTE RESPONSABLES Y AMBIENTALMENTE SOSTENIBLES DIRIGIDO A EMPRENDEDORES DE LA MACROREGION SUR DEL PAÍS.",20180906,20230505,"UNIVERSIDAD NACIONAL DE SAN AGUSTIN","AREQUIPA","AREQUIPA","AREQUIPA",040101,700000.0000,90378.5700,73621.4300,"SOLES",20230706
"FOMITEC","FORTALECIMIENTO DE INCUBADORAS DE NEGOCIOS Y ENTIDADES AFINES - INCUBADORAS Y ACELERADORAS DE NEGOCIOS",2017,"667-INNOVATEPERU-IAN-2017","FORTALECIMIENTO DE LA INCUBADORA DE NEGOCIO DE BASE TECNOLÓGICA DE LA UNIVERSIDAD NACIONAL DE INGENIERÍA- STARTUP UNI",20180104,20210404,"UNIVERSIDAD NACIONAL DE INGENIERIA UNI","RIMAC","LIMA","LIMA",150128,700000.0000,100539.9400,78030.0000,"SOLES",20230706
"FOMITEC","FORTALECIMIENTO DE INCUBADORAS DE NEGOCIOS Y ENTIDADES AFINES - INCUBADORAS Y ACELERADORAS DE NEGOCIOS",2017,"668-INNOVATEPERU-IAN-2017","FORTALECIMIENTO DE LA INCUBADORA DE EMPRESAS DE ALTO IMPACTO DEL CENTRO DE EMPRENDIMIENTO\, INNOVACIÓN Y DESARROLLO DE LA UPT",20180816,20230415,"UNIVERSIDAD PRIVADA DE TACNA","TACNA","TACNA","TACNA",230101,555394.8300,91019.0400,63680.0000,"SOLES",20230706
"FOMITEC","FORTALECIMIENTO DE INCUBADORAS DE NEGOCIOS Y ENTIDADES AFINES - INCUBADORAS Y ACELERADORAS DE NEGOCIOS",2018,"003-INNOVATEPERU-IAN-2018","FORTALECEMIENTO DEL CENTRO DE EMPRENDIMIENTO E INNOVACIÓN DE LA UNIVERSIDAD NACIONAL DE TRUJILLO - INCUBAUNT",20180906,20220306,"UNIVERSIDAD NACIONAL DE TRUJILLO","TRUJILLO","TRUJILLO","LA LIBERTAD",130101,662655.4100,90117.9900,66960.0000,"SOLES",20230706
"FIDECOM","PIMEN",2018,"155-FIDECOM-INNOVATEPERU-PIMEN-2018","INNOVACIÓN EN LA ADECUACIÓN DE LAS PROPIEDADES DE EL AGUAJE (MAURITIA FLEXUOSA L. F.)\, PARA LA ELABORACIÓN DE UN PROTECTOR SOLAR NATURAL\, QUE PERMITA REDUCIR EL RIESGO DE ENFERMEDADES DERMATOLÓGICAS\, POR EFECTO DE LOS RAYOS UV.",20180716,20200716,"VERTIZ RODRIGUEZ KAREM VANESSA","SAN BORJA","LIMA","LIMA",150130,79509.3300,10740.6700,8000.0000,"SOLES",20230706
"FIDECOM","MEJORA DE LA CALIDAD - INDIVIDUAL",2018,"252-FIDECOM-INNOVATEPERU-CMCEI-2018","IMPLEMENTACIÓN Y CERTIFICACIÓN DEL SISTEMA HACCP EN LA LINEA DE PROCESAMIENTO Y ENVASADO DE AGUA DE MESA DE LA EMPRESA PROCESADORA Y COMERCIALIZADORA UCEDA S.A.C.",20180613,20191213,"PROCESADORA Y COMERCIALIZADORA UCEDA S.A.C.","MONSEFU","CHICLAYO","LAMBAYEQUE",140108,42287.9600,22112.0400,25900.0000,"SOLES",20230706
"FOMITEC","CAPITAL SEMILLA PARA EMPRENDEDORES INNOVADORES - BIO",2018,"269-INNOVATEPERU-EINBIO-2018","DESARROLLO DE UN ALIMENTO INNOVADOR PARA LA ACELERACIÓN DE ACUICULTURA SOSTENIBLE EN LA REGIÓN AMAZÓNICA PERUANA ",20180904,20191106,"JUNGLEPONIC S.A.C.","BELEN","MAYNAS","LORETO",160112,54967.0000,7876.0000,14110.0000,"SOLES",20230706
"FOMITEC","CAPITAL SEMILLA PARA EMPRENDEDORES INNOVADORES - BIO",2018,"275-INNOVATEPERU-EINBIO-2018","COOLTIVO: SISTEMA INTEGRADO PARA CULTIVOS EN ZONAS URBANAS ",20180926,20190926,"COOLTIVO PERU S.A.C.","SAN MIGUEL","LA MAR","AYACUCHO",050501,54999.9900,7857.1400,15714.3000,"SOLES",20230706
"FOMITEC","CAPITAL SEMILLA PARA EMPRENDEDORES INNOVADORES - BIO",2018,"297-INNOVATEPERU-EINBIO-2018","WISKUR FLY: TECNOLOGÍA DE PRECISIÓN PARA CULTIVOS AGRÍCOLAS A TRAVÉS DE DRONES ",20181011,20201211,"WISKUR CORP S.A.C.","SAN MARTIN DE PORRES","LIMA","LIMA",150135,54999.3000,8286.5000,15800.0000,"SOLES",20230706
"FIDECOM","PIMEN",2018,"318-FIDECOM-INNOVATEPERU-PIMEN-2018","DESARROLLO DE UN MÓDULO COMERCIAL DESPLEGABLE\, CON AUTONOMÍA ENERGÉTICA\, ALMACÉN INCORPORADO\, AISLAMIENTO TÉRMICO\, PUNTOS DE SERVICIOS ADICIONALES\, SISTEMA DE CONTROL VÍA WEB Y PANELES DE PUBLICIDAD DIGITAL PARA COMERCIALIZACIÓN DE PRODUCTOS DE ALTA ROTACIÓN.",20180927,20200927,"CASUPO S.A.C.","BARRANCO","LIMA","LIMA",150104,149610.2000,17111.8400,30000.0000,"SOLES",20230706
"FIDECOM","MEJORA DE LA CALIDAD - INDIVIDUAL",2018,"386-FIDECOM-INNOVATEPERU-CMCEI-2018","IMPLEMENTACIÓN Y CERTIFICACIÓN DEL SISTEMA HACCP EN LA LÍNEA DE PISCOS DE LA EMPRESA BODEGAS Y VIÑEDOS GRIMALDI.",20181025,20210902,"BODEGAS Y VIÑEDOS GRIMALDI EIRL","SUNAMPE","CHINCHA","ICA",110210,35999.9800,17547.0200,25900.0000,"SOLES",20230706
"FOMITEC","FORTALECIMIENTO DE INCUBADORAS DE NEGOCIOS Y ENTIDADES AFINES - INCUBADORAS Y ACELERADORAS DE NEGOCIOS - BIO",2018,"393-INNOVATEPERU-IANBIO-2018","FORTALECIMIENTO DE LOS SERVICIOS DE INCUBACIÓN Y ACELERACIÓN DE EMPRENDIMIENTOS INNOVADORES EN BIODIVERSIDAD DE ACM VENTURES",20181107,20221006,"AGRIBUSINESS CONSULTING & MANAGEMENT PERU SAC","SANTIAGO DE SURCO","LIMA","LIMA",150140,699595.0300,91342.7300,66150.0000,"SOLES",20230706
"FOMITEC","CAPITAL SEMILLA PARA EMPRENDEDORES INNOVADORES",2018,"396-INNOVATEPERU-EIN-2018","HELLO ZUM",20181206,20201206,"PROJECT ZUM SOCIEDAD ANONIMA CERRADA - PROJECT ZUM S.A.C.","SAN ISIDRO","LIMA","LIMA",150131,55000.0000,7857.0000,15714.0000,"SOLES",20230706
"FOMITEC","CAPITAL SEMILLA PARA EMPRENDEDORES INNOVADORES",2018,"399-INNOVATEPERU-EIN-2018","UKU",20181107,20200706,"CRUZ REYES GIANCARLO PAUL","VICTOR LARCO HERRERA","TRUJILLO","LA LIBERTAD",130111,55000.0000,7857.6000,15714.4000,"SOLES",20230706
"FIDECOM","PIMEN",2018,"404-FIDECOM-INNOVATEPERU-PIMEN-2018","DESARROLLO DE UNA HERRAMIENTA INFORMÁTICA PARA LA GESTIÓN COMPETITIVA DE EMPRENDIMIENTOS DEL RUBRO FORESTAL Y DE FAUNA SILVESTRE EN EL PERÚ",20181116,20201116,"GREENBIT S.A.C.","TARAPOTO","SAN MARTIN","SAN MARTIN",220901,150000.0000,7500.0000,14400.0000,"SOLES",20230706
"FOMITEC","CAPITAL SEMILLA PARA EMPRENDEDORES INNOVADORES",2018,"418-INNOVATEPERU-EIN-2018","WABU",20181120,20200519,"DAJAV SOLUTIONS S.A.C.","SANTIAGO DE SURCO","LIMA","LIMA",150140,55000.0000,7858.0000,15714.0000,"SOLES",20230706
"FIDECOM","MEJORA DE LA CALIDAD - INDIVIDUAL",2018,"423-FIDECOM-INNOVATEPERU-CMCEI-2018","POSICIONAMIENTO Y EXPANSIÓN DE LA EMPRESA BOXIPLAST POR MEDIO DE LA CERTIFICACIÓN ISO 9001:2015",20181115,20211114,"BOXIPLAST S.A.C.","MIRAFLORES","LIMA","LIMA",150122,40003.3900,18596.6100,21490.0000,"SOLES",20230706
"FIDECOM","VALIDACIÓN Y EMPAQUETAMIENTO DE INNOVACIONES",2018,"042-FIDECOM-INNOVATEPERU-PVE-2018-SI","VALIDACIÓN Y EMPAQUETAMIENTO DE UN PROTOTIPO DE SILLA DE RUEDAS DE BIPEDESTACIÓN\, SISTEMA DE ENERGÍA AUTO RECARGABLE\, SENSOR DE PROXIMIDAD ULTRASÓNICO Y ESTRUCTURA DE ALTA RESPUESTA ERGONÓMICA DESARROLLADO POR LA EMPRESA ISEE SAC.",20181030,20181030,"INGENIERIA DE SOLUCIONES ELECTRICAS Y ELECTRONICAS SOCIEDAD ANONIMA CERRADA","MAGDALENA DEL MAR","LIMA","LIMA",150120,326485.4200,41028.8900,49000.0000,"SOLES",20230706
"FIDECOM","VALIDACIÓN Y EMPAQUETAMIENTO DE INNOVACIONES",2018,"044-FIDECOM-INNOVATEPERU-PVE-2018-SI","GLUCOLIB ? SISTEMA NO INVASIVO DE MEDICIÓN DE GLUCOSA BASADO EN MINERÍA DE DATOS Y ABSORBANCIA ÓPTICA.",20181122,20181122,"MORI CUBAS SAMY NAZARENO","LOS OLIVOS","LIMA","LIMA",150117,360000.0000,88873.6600,62000.0000,"SOLES",20230706
"FIDECOM","PIMEN",2018,"052-FIDECOM-INNOVATEPERU-PIMEN-2018-SI","DESARROLLO Y VALIDACIÓN DE UN PROTOTIPO DE SISTEMA DE CONTROL AUTOMÁTICO DE TEMPERATURA\, OXÍGENO Y TURBIDEZ\, SUMINISTRADO CON ENERGÍA FOTOVOLTAICA\, PARA LAS ETAPAS DE INCUBACIÓN DE OVAS Y LEVANTE DE ALEVINES DE TRUCHA\, EN LA PISCIGRANJA LOS ÁNGELES - JUNÍN",20181227,20181227,"VALENZUELA QUINTO AURELIO FORTUNATO","CONCEPCION","VILCAS HUAMAN","AYACUCHO",051104,80000.0000,9856.0100,13716.0000,"SOLES",20230706
"FIDECOM","VALIDACIÓN Y EMPAQUETAMIENTO DE INNOVACIONES",2018,"038-FIDECOM-INNOVATEPERU-PVE-2018-SI","VALIDACIÓN Y EMPAQUETAMIENTO DE UN SISTEMA DE AYUDA DIAGNÓSTICA Y TRATAMIENTO DEL BRUXISMO Y RONQUIDO",20181122,20181122,"MOLIDENT ODONTOLOGIA INTEGRAL SAC","LA MOLINA","LIMA","LIMA",150114,211894.0000,28260.0000,29240.0000,"SOLES",20230706
"FIDECOM","PIMEN",2018,"050-FIDECOM-INNOVATEPERU-PIMEN-2018-SI","DESARROLLO Y VALIDACIÓN DE UN SUPLEMENTO ALIMENTICIO NATURAL A BASE DE SPIRULINA COMO ALTERNATIVA AL USO DEL HIERRO EN EL TRATAMIENTO DE ANEMIA EN NIÑOS DE EDAD ESCOLAR",20181210,20181210,"HEALEAT  E.I.R.L.","PIURA","PIURA","PIURA",200101,148980.0000,32420.0000,24920.0000,"SOLES",20230706
"FIDECOM","MEJORA DE LA CALIDAD - INDIVIDUAL",2018,"473-FIDECOM-INNOVATEPERU-CMCEI-2018","IMPLEMENTACIÓN Y CERTIFICACIÓN DE LOS SISTEMAS DE GESTIÓN AMBIENTAL Y DE SEGURIDAD Y SALUD EN LA EMPRESA BOXIPLAST SAC",20181210,20220409,"BOXIPLAST S.A.C.","MIRAFLORES","LIMA","LIMA",150122,29860.0000,16327.5000,16880.0000,"SOLES",20230706
"FIDECOM","MEJORA DE LA CALIDAD - INDIVIDUAL",2018,"499-FIDECOM-INNOVATEPERU-CMCEI-2018","IMPLEMENTACIÓN Y CERTIFICACIÓN DE UN SISTEMA DE GESTIÓN DE LA CALIDAD ISO 9001",20181221,20200121,"CAVERO & VILLANUEVA INGENIEROS S.A.C.","SANTIAGO DE SURCO","LIMA","LIMA",150140,40800.0000,14999.4200,25800.5800,"SOLES",20230706
"FIDECOM","VALIDACIÓN Y EMPAQUETAMIENTO DE INNOVACIONES",2018,"058-FIDECOM-INNOVATEPERU-PVE-2018-SI","AGENTE DE PRENSA: SOLUCIONES DE SOFTWARE DE RELACIONES PÚBLICAS (PR) BASADOS EN LA NUBE.",20190115,20190115,"MAKING CONNEXION S.A.C.","PUEBLO LIBRE","LIMA","LIMA",150121,358100.0000,49132.0000,61200.0000,"SOLES",20230706
"FIDECOM","VALIDACIÓN Y EMPAQUETAMIENTO DE INNOVACIONES",2018,"061-FIDECOM-INNOVATEPERU-PVE-2018-SI","VALIDACIÓN\, EMPAQUETAMIENTO E INTRODUCCIÓN COMERCIAL DE PROTOTIPO DE MÁQUINA DE UNIÓN LATERAL CONTINUA PARA LA FABRICACION DE DECKING DE INGENIERIA CON LA UTILIZACIÓN DE LOS RESIDUOS GENERADOS DEL PROCESO PRINCIPAL.",20181220,20181220,"JBTASH INVERSIONES FORESTALES E.I.R.L.","CALLERIA","CORONEL PORTILLO","UCAYALI",250101,164715.0000,85550.0000,31500.0000,"SOLES",20230706
"FIDECOM","VALIDACIÓN Y EMPAQUETAMIENTO DE INNOVACIONES",2018,"063-FIDECOM-INNOVATEPERU-PVE-2018-SI","PEPECHAMBA\, SISTEMA WEB Y MÓVIL DE PROMOCIÓN DE TRABAJADORES CON OFICIOS MENORES QUE PERMITE LA FORMALIZACIÓN E INSERCIÓN AL MERCADO COMPETITIVO ETAPA VALIDACIÓN Y EMPAQUETAMIENTO COMERCIAL ",20190115,20190115,"ABC SISTEMA E INFORMACION S.A.C. - ABC SEINSAC","MIRAFLORES","LIMA","LIMA",150122,123550.0000,27350.0000,16128.0000,"SOLES",20230706
"FIDECOM","MEJORA DE LA CALIDAD - INDIVIDUAL",2019,"003-FIDECOM-INNOVATEPERU-CMCEI-2019","IMPLEMENTACIÓN Y CERTIFICACIÓN DEL SISTEMA HACCP PARA LA LÍNEA DE AGUA DE MESA AQUA BRISA EN LA EMPRESA FRUTEX PERÚ SAC",20190110,20210429,"FRUTEX PERU S.A.C","ATE","LIMA","LIMA",150103,44722.5500,28267.4500,30600.0000,"SOLES",20230706
"FIDECOM","VALIDACIÓN Y EMPAQUETAMIENTO DE INNOVACIONES",2019,"002-FIDECOM-INNOVATEPERU-PVE-2019-SI","VALIDACIÓN TÉCNICA Y COMERCIAL DE UNAS HOJUELAS NUTRITIVAS EN BASE A KIWICHA Y MAÍZ MORADO MEZCLADAS CON AGUAYMANTO DESHIDRATADO\, DIRIGIDO AL MERCADO ALEMÁN.",20190228,20190228,"REVILLA ZEGARRA JIULIANA GITZELA","YANAHUARA","AREQUIPA","AREQUIPA",040126,359730.0000,82400.0000,51000.0000,"SOLES",20230706
"FINCYT III","PROYECTOS DE VALIDACIÓN DE LA INNOVACIÓN",2019,"017-INNOVATEPERU-PIEC2-2019","VALIDACIÓN TÉCNICA Y COMERCIAL DE PROTOTIPO PULMOMINA COMO HERRAMIENTA DE PREVENCIÓN Y DIAGNÓSTICO DE NEUMOCONIOSIS EN LA POBLACIÓN MINERA",20190328,20201228,"DRAEGER  PERU   S.A.C.","SAN BORJA","LIMA","LIMA",150130,124808.8400,53871.1600,61600.0000,"SOLES",20230706
"FIDECOM","PIMEN",2019,"014-FIDECOM-INNOVATEPERU-PIMEN-2019-SI","DESARROLLO DE BIOREACTOR PARA REDUCIR LA CARGA ORGÁNICA GENERADA EN EL AGUA RESIDUAL DE CURTIEMBRE LIZBERTH",20190327,20190327,"LIZBERTH S.A.C.","LA ESPERANZA","TRUJILLO","LA LIBERTAD",130105,150000.0000,40600.0000,11400.0000,"SOLES",20230706
"FIDECOM","VALIDACIÓN Y EMPAQUETAMIENTO DE INNOVACIONES",2019,"012-FIDECOM-INNOVATEPERU-PVE-2019-SI","VALIDACIÓN Y EMPAQUETAMIENTO DE SISTEMA  ELÉCTRICO ENERGÉTICAMENTE AUTÓNOMO PARA EMBARCACIONES TIPO PEQUE-PEQUE",20190319,20190319,"INTERTECNIA S.A.C.","SAN LUIS","LIMA","LIMA",150134,354295.9000,49336.3700,50500.0000,"SOLES",20230706
"FIDECOM","VALIDACIÓN Y EMPAQUETAMIENTO DE INNOVACIONES",2019,"009-FIDECOM-INNOVATEPERU-PVE-2019-SI","VALIDACIÓN Y EMPAQUETAMIENTO DE UN NUEVO EQUIPO ELECTRÓNICO MODULAR\, DE ALTA EFICIENCIA ENERGÉTICA Y BAJO COSTO ADAPTADO AL MERCADO PERUANO\, PARA MEJORAR RENDIMIENTO Y COMPETITIVIDAD DE LOS SISTEMAS DE ENERGÍAS RENOVABLES COMERCIALIZADOS EN PERÚ",20191216,20191216,"DIGITAL AUTOMATION & CONTROL S.A.","LINCE","LIMA","LIMA",150116,290267.6800,80216.3200,36000.0000,"SOLES",20230706
"FINCYT III","MISIONES TECNOLÓGICAS",2019,"005-INNOVATEPERU-MT-2019-SI","MISIÓN TECNOLÓGICA A LA FERIA AMBIENTE DE ALEMANIA PARA GENERAR PROPUESTAS DE VALOR AL MERCADO INTERNACIONAL",20190206,20190206,"ASOCIACION DE EXPORTADORES","SAN BORJA","LIMA","LIMA",150130,10998.9700,4465.0000,2360.0000,"DOLARES",20230706
"MIPYME","PROGRAMA DE APOYO A CLUSTERS",2019,"090-INNOVATEPERU-PAC-2019","CLUSTER CAFE SELVA CENTRAL (CLUSCAFE)",20190411,20221020,"CLÚSTER CAFÉ SELVA CENTRAL - CLUSCAFÉ","CHANCHAMAYO","CHANCHAMAYO","JUNIN",120301,1350000.0000,97823.2160,106404.2900,"SOLES",20230706
"FIDECOM","VALIDACIÓN Y EMPAQUETAMIENTO DE INNOVACIONES",2019,"019-FIDECOM-INNOVATEPERU-PVE-2019-SI","VALIDACIÓN Y EMPAQUETAMIENTO DEL PROTOTIPO DE DIAGNÓSTICO RÁPIDO PARA LA DETECCIÓN DE AVIBACTERIUM PARAGALLINARUM EN AVES CON SOSPECHA DE CORIZA INFECCIOSA",20190514,20190514,"FARVET SPF S.A.C.","CHINCHA ALTA","CHINCHA","ICA",110201,360000.0000,127758.0000,262638.0000,"SOLES",20230706
"FINCYT III","CONCURSO AYUDA A LA DEMANDA DE SERVICIOS TECNOLÓGICOS - MIPYME PRODUCTIVA - CATEGORÍA 1",2019,"040-INNOVATEPERU-ADT-2019-SI","IMPLEMENTACIÓN DE HERRAMIENTAS PARA MEJORAR LA PRODUCTIVIDAD DE LA EMPRESA ARTE & TEXTIL S.A.C.",20190903,20190903,"ARTE & TEXTIL SOCIEDAD ANONIMA CERRADA","AREQUIPA","AREQUIPA","AREQUIPA",040101,34800.0000,10000.0000,0.0000,"SOLES",20230706
"FINCYT III","CONCURSO AYUDA A LA DEMANDA DE SERVICIOS TECNOLÓGICOS - MIPYME PRODUCTIVA - CATEGORÍA 1",2019,"038-INNOVATEPERU-ADT-2019-SI","AYUDA A LA DEMANDA DE SERVICIOS TECNOLÓGICOS DE PEQUES",20190903,20190903,"PEQUES MODA EMPRESA INDIVIDUAL DE RESPONSABILIDAD LIMITADA - PEQUES MODA E.I.R.L.","ALTO SELVA ALEGRE","AREQUIPA","AREQUIPA",040102,34800.0000,10000.0000,0.0000,"SOLES",20230706
"FINCYT III","CONCURSO AYUDA A LA DEMANDA DE SERVICIOS TECNOLÓGICOS - MIPYME PRODUCTIVA - CATEGORÍA 1",2019,"041-INNOVATEPERU-ADT-2019-SI","DIAGNÓSTICO E IMPLEMENTACIÓN DE SERVICIOS TÉCNICO PRODUCTIVOS PARA LA EMPRESA OPTIMA GRAFICA E.I.R.L.",20190903,20190903,"OPTIMA GRAFICA E.I.R.L.","YANAHUARA","AREQUIPA","AREQUIPA",040126,34800.0000,10000.0000,0.0000,"SOLES",20230706
"FINCYT III","CONCURSO AYUDA A LA DEMANDA DE SERVICIOS TECNOLÓGICOS - MIPYME PRODUCTIVA - CATEGORÍA 1",2019,"026-INNOVATEPERU-ADT-2019-SI","LOGRAR EL MEJORAMIENTO DE LA EMPRESA MEDIANTE LA REALIZACIÓN DE LA APLICACIÓN DE METODOLOGÍAS A LA EMPRESA INVERSIONES BRUMARX S.A.C.",20190902,20190902,"INVERSIONES BRUMARX S.A.C.","JOSE LUIS BUSTAMANTE Y RIVERO","AREQUIPA","AREQUIPA",040129,34800.0000,10000.0000,0.0000,"SOLES",20230706
"FIDECOM","PIMEN",2019,"035-FIDECOM-INNOVATEPERU-PIMEN-2019-SI","DESARROLLO DE UN PROTOTIPO DE GENERACIÓN DE AIRE CALIENTE POR INDUCCIÓN\, PARA LA REDUCCIÓN DEL DAÑO POR HELADAS EN LOS CULTIVOS DE PAPA Y MAÍZ\, EN LA REGIÓN DE HUANCAVELICA.",20191016,20191016,"PRODUCTORES AGRARIOS ECO SIEMBRA S.R.L.","CHILCA","HUANCAYO","JUNIN",120107,150000.0000,31220.0000,32310.0000,"SOLES",20230706
"FINCYT III","CONCURSO AYUDA A LA DEMANDA DE SERVICIOS TECNOLÓGICOS - MIPYME PRODUCTIVA - CATEGORÍA 1",2019,"037-INNOVATEPERU-ADT-2019-SI","IMPLEMENTACIÓN DE SISTEMA INTEGRADO DE GESTIÓN PARA ESTANDARIZACIÓN Y OPTIMIZACIÓN DE PROCESOS. ",20190801,20190801,"MD LEATHER CORP S.A.C.","TRUJILLO","TRUJILLO","LA LIBERTAD",130101,34800.0000,10000.0000,0.0000,"SOLES",20230706
"FINCYT III","CONCURSO AYUDA A LA DEMANDA DE SERVICIOS TECNOLÓGICOS - MIPYME PRODUCTIVA - CATEGORÍA 1",2019,"039-INNOVATEPERU-ADT-2019-SI","TECNOLOGÍA DEL ADECUADO MANTENIMIENTO DEL ACEITE DE OLIVA SIN QUE VARÍEN SUS VALORES INICIALES",20190403,20190403,"ACAVILLE S.A.C.","MIRAFLORES","LIMA","LIMA",150122,34800.0000,10000.0000,0.0000,"SOLES",20230706
"FIDECOM","PIMEN",2019,"023-FIDECOM-INNOVATEPERU-PIMEN-2019-SI","PRIMER HOTEL AUTOSOSTENIBLE DE LA COSTA DEL PERÚ. PROTOTIPO DE TRATAMIENTO DE AGUA A TRAVÉS DE TECNOLOGÍA INNOVADORA EN EL PAÍS: ELECTRO-DIÁLISIS (PRIMERA PARTE).",20190429,20190429,"ADMINISTRADORA DE BIENES Y SERVICIOS S.R.L.","PIURA","PIURA","PIURA",200101,150000.0000,36000.0000,12000.0000,"SOLES",20230706
"FINCYT III","CONCURSO AYUDA A LA DEMANDA DE SERVICIOS TECNOLÓGICOS - MIPYME PRODUCTIVA - CATEGORÍA 1",2019,"031-INNOVATEPERU-ADT-2019-SI","BUENAS PRÁCTICAS DE MANUFACTURA Y OPTIMIZACIÓN DE LA CADENA DE FRIO  EN LA EMPESA COMIDAS RÁPIDAS SA PARA EL INCREMENTO DE SU COMPETITIVIDAD Y PRODUCTIVIDAD",20190903,20190903,"COMIDAS RAPIDAS S.A.","TACNA","TACNA","TACNA",230101,34800.0000,10000.0000,0.0000,"SOLES",20230706
"FINCYT III","CONCURSO AYUDA A LA DEMANDA DE SERVICIOS TECNOLÓGICOS - MIPYME PRODUCTIVA - CATEGORÍA 1",2019,"036-INNOVATEPERU-ADT-2019-SI","MEJORA CONTINUA DE LOS PROCESOS PRODUCTIVOS EN LA EMPRESA PORTAL DEL OLIVO SAC",20190812,20190812,"PORTAL DEL OLIVO S.A.C.","TACNA","TACNA","TACNA",230101,27300.0000,10000.0000,0.0000,"SOLES",20230706
"FINCYT III","DINAMIZACIÓN DE ECOSISTEMAS REGIONALES DE INNOVACIÓN Y EMPRENDIMIENTO 2.0",2019,"138-INNOVATEPERU-DER-2019","LA LIBERTAD INNOVA: INNOVACIÓN Y EMPRENDIMIENTO\, MOTORES DE CAMBIO",20190605,20230629,"CAMARA DE COMERCIO Y PRODUCCION DE LA LI BERTAD","TRUJILLO","TRUJILLO","LA LIBERTAD",130101,1783781.0200,14141.0000,42558.0000,"SOLES",20230706
"FINCYT III","PROYECTOS DE INNOVACIÓN EMPRESARIAL",2019,"143-INNOVATEPERU-PIEC1-2019","DESARROLLO DE UN ROBOT PROTOTIPO QUE PERMITA AUTOMATIZAR EL PROCESO DE RULINADO EN LA INDUSTRIA DEL CAUCHO PARA LA EMPRESA LININGS S.A",20190916,20210916,"LININGS S.A.","LIMA","LIMA","LIMA",150101,298059.3100,100340.6900,52280.0000,"SOLES",20230706
"FINCYT III","DINAMIZACIÓN DE ECOSISTEMAS REGIONALES DE INNOVACIÓN Y EMPRENDIMIENTO 2.0",2019,"144-INNOVATEPERU-DER-2019","DINAMIZACIÓN DEL ECOSISTEMA REGIONAL DE INVESTIGACIÓN\, INNOVACIÓN Y EMPRENDIMIENTO DE PIURA",20190620,20221030,"UNIVERSIDAD DE PIURA","PIURA","PIURA","PIURA",200101,1698220.3400,280439.6600,312571.4200,"SOLES",20230706
"FINCYT III","CONCURSO FORTALECIMIENTO ESTRATÉGICO DE CENTROS DE EXTENSIÓN Y TRANSFERENCIA TECNOLÓGICA (CET) - PRIMERA FASE",2019,"050-INNOVATEPERU-CET-FI-2019-SI","FORTALECIMIENTO ESTRATÉGICO DEL CITE PESQUERO AMAZÓNICO PUCALLPA EN LA REGIÓN UCAYALI.",20200902,20200902,"INSTITUTO TECNOLOGICO DE LA PRODUCCION","","","","",55881.2600,0.0000,86065.0000,"DOLARES",20230706
"FINCYT III","CONCURSO FORTALECIMIENTO ESTRATÉGICO DE CENTROS DE EXTENSIÓN Y TRANSFERENCIA TECNOLÓGICA (CET) - PRIMERA FASE",2019,"048-INNOVATEPERU-CET-FI-2019-SI","FORTALECIMIENTO ESTRATÉGICO DE CENTROS DE EXTENSIÓN Y TRANSFERENCIA TECNOLÓGICA DEL SECTOR CUERO Y CALZADO EN LAS REGIONES DE AREQUIPA\, LIMA Y TRUJILLO.",20200802,20200802,"INSTITUTO TECNOLOGICO DE LA PRODUCCION","SAN ISIDRO","LIMA","LIMA",150131,555000.0000,0.0000,0.0000,"DOLARES",20230706
"FINCYT III","CONCURSO FORTALECIMIENTO ESTRATÉGICO DE CENTROS DE EXTENSIÓN Y TRANSFERENCIA TECNOLÓGICA (CET) - PRIMERA FASE",2019,"046-INNOVATEPERU-CET-FI-2019-SI","FORTALECIMIENTO DE CET AGROINDUSTRIALES EN TRUJILLO Y AREQUIPA\, ?CITE AGROINDUSTRIAL CHAVIMOCHIC Y CITE AGROINDUSTRIAL MAJES?",20200218,20200218,"INSTITUTO TECNOLOGICO DE LA PRODUCCION","SAN ISIDRO","LIMA","LIMA",150131,113785.7100,0.0000,75087.5000,"DOLARES",20230706
"FINCYT III","CONCURSO FORTALECIMIENTO ESTRATÉGICO DE CENTROS DE EXTENSIÓN Y TRANSFERENCIA TECNOLÓGICA (CET) - PRIMERA FASE",2019,"049-INNOVATEPERU-CET-FI-2019-SI","FORTALECIMIENTO DEL CET - CENTRO DE INNOVACIÓN PRODUCTIVA Y DE TRANSFERENCIA TECNOLÓGICA ACUÍCOLA AHUASHIYACU - CITEACUÍCOLA AHUASHIYACU EN LA REGIÓN SAN MARTÍN ",20200802,20200802,"INSTITUTO TECNOLOGICO DE LA PRODUCCION","","","","",38661.9600,0.0000,47430.0000,"DOLARES",20230706
"FINCYT III","CONCURSO FORTALECIMIENTO ESTRATÉGICO DE CENTROS DE EXTENSIÓN Y TRANSFERENCIA TECNOLÓGICA (CET) - PRIMERA FASE",2019,"045-INNOVATEPERU-CET-FI-2019-SI","FORTALECIMIENTO ESTRATÉGICO DEL CENTRO DE EXTENSIONISMO Y TRANSFERENCIA TECNOLÓGICA FORESTAL MADERABLE\, CITEFORESTAL PUCALLPA\,EN LA REGIÓN UCAYALI.",20200802,20200802,"INSTITUTO TECNOLOGICO DE LA PRODUCCION","","","","",55000.0000,0.0000,56700.0000,"DOLARES",20230706
"FIDECOM","PIMEN",2019,"051-FIDECOM-INNOVATEPERU-PIMEN-2019-SI","DESARROLLO DE SISTEMA DE NANOFILTRACIÓN PARA RECUPERAR CROMO Y RECICLAR A LA ETAPA DE CURTIDO Y RECURTIDO COMO TECNOLOGÍA LIMPIA DE CURTIEMBRE CUFESA",20191024,20191024,"CUFESA S.A.C.","EL PORVENIR","TRUJILLO","LA LIBERTAD",130102,150000.0000,57000.0000,10800.0000,"SOLES",20230706
"FIDECOM","PIMEN",2019,"060-FIDECOM-INNOVATEPERU-PIMEN-2019-SI","REDUCCIÓN DE PÉRDIDAS EN COSECHA A TRAVÉS DE LA GENERACIÓN DE MAPAS DE PREDICCIÓN USANDO ESPECTRÓMETRÍA NIR APLICADOS A FRUTOS Y A HOJA EN EL CULTIVO DE PALTA HASS\, UBICADO EN EL PROYECTO DE IRRIGACIÓN OLMOS-LAMBAYEQUE",20191016,20191016,"IMPULSA TEC S.A.C.","PIURA","PIURA","PIURA",200101,144926.0000,19834.0000,27400.0000,"SOLES",20230706
"FIDECOM","PIMEN",2019,"043-FIDECOM-INNOVATEPERU-PIMEN-2019-SI","MODULO PARA ENNOBLECIMIENTO TEXTIL\, DISEÑADO PARA EL TEJIDO PLANO CON FIBRA DE ALPACA QUE SE PRODUCE EN JULIACA",20191029,20191029,"CREACIONES ANDES FASHION SOCIEDAD COMERCIAL DE RESPONSABILIDAD LIMITADA","JULIACA","SAN ROMAN","PUNO",211101,149675.0000,14900.0000,18000.0000,"SOLES",20230706
"FINCYT III","CONCURSO FORTALECIMIENTO ESTRATÉGICO DE CENTROS DE EXTENSIÓN Y TRANSFERENCIA TECNOLÓGICA (CET) - PRIMERA FASE",2019,"055-INNOVATEPERU-CET-FI-2019-SI","FORTALECIMIENTO DE LAS CADENAS DE CAFÉ Y CACAO MEDIANTE LA MEJORA DE SERVICIOS DE EXTENSIONISMO TECNOLÓGICO  DEL CITECACAO Y OTROS CULTIVOS TROPICALES DE SAN MARTÍN\, CITEAGROINDUSTRIAL DE PIURA Y EL INDES-CES DE AMAZONAS.",20200725,20200725,"INSTITUTO DE CULTIVOS TROPICALES","LA BANDA DE SHILCAYO","SAN MARTIN","SAN MARTIN",220909,565800.0000,54420.0000,37800.0000,"SOLES",20230706
"FINCYT III","DINAMIZACIÓN DE ECOSISTEMAS REGIONALES DE INNOVACIÓN Y EMPRENDIMIENTO 2.0",2019,"155-INNOVATEPERU-DER-2019","DINAMIZACIÓN DEL ECOSISTEMA REGIONAL DE INNOVACIÓN Y EMPRENDIMIENTO PARA EL FORTALECIMIENTO DE CAPACIDADES Y VINCULACIÓN DE ACTORES ESTRATÉGICOS EN LA REGIÓN SAN MARTÍN",20191001,20230819,"PROYECTO ESPECIAL HUALLAGA CENTRAL Y BAJ","TARAPOTO","SAN MARTIN","SAN MARTIN",220901,1799993.8000,378623.3400,312440.1200,"SOLES",20230706
"FINCYT III","PASANTIAS TECNOLÓGICAS",2019,"062-INNOVATEPERU-PT-2019-SI","PASANTÍA TECNOLOGÍA EN SPIRULINAVIVA PARA LA TRANSFERENCIA DE CONOCIMIENTO SOBRE EL MANEJO INTEGRAL DE UNA GRANJA DE SPIRULINA PARA INCREMENTAR COMPETITIVIDAD",20190624,20190624,"HEALEAT  E.I.R.L.","PIURA","PIURA","PIURA",200101,5327.6100,1620.0000,1580.0000,"DOLARES",20230706
"FINCYT III","PROYECTOS DE INNOVACIÓN EMPRESARIAL",2019,"176-INNOVATEPERU-PIEC1-2019","DISEÑO\, VALIDACIÓN E IMPLEMENTACIÓN DE UN SISTEMA AUTOMATIZADO PARA CLASIFICACIÓN POR \"STAGE DE MADURACIÓN\" BASADO EN TECNOLOGÍA HIPERESPECTRAL\, QUE PERMITA REDUCIR LA MERMA DE 28% A 5% EN MANGOS DE LA VARIEDAD KENT CON DESTINO A ALEMANIA",20190910,20220910,"AGRICOLA AUSTRAL S.A.C","PIURA","PIURA","PIURA",200101,265127.1200,49872.8800,42800.0000,"SOLES",20230706
"FOMITEC","CAPITAL SEMILLA PARA EMPRENDEDORES INNOVADORES",2019,"197-INNOVATEPERU-EIN-2019","FASTFIX PERU",20190906,20200906,"PUCH GARCIA SERGIO RENZO","SAN ISIDRO","LIMA","LIMA",150131,50000.0000,8814.2000,14000.0000,"SOLES",20230706
"MIPYME","PROGRAMA DE APOYO A CLUSTERS",2019,"198-INNOVATEPERU-PAC-2019","\"PROYECTO CLUSTER DEL MUEBLE DE LIMA - COMPONENTE II\"",20190827,20230626,"CLUSTER DEL MUEBLE DE LIMA","VILLA EL SALVADOR","LIMA","LIMA",150142,1349999.0000,422449.5600,164644.2800,"SOLES",20230706
"FOMITEC","CAPITAL SEMILLA PARA EMPRENDEDORES INNOVADORES",2019,"214-INNOVATEPERU-EIN-2019","YEGOH",20191018,20210118,"ALOHA S.A.C.","SAN MIGUEL","LIMA","LIMA",150136,50000.0000,17000.0000,13000.0000,"SOLES",20230706
"FINCYT III","PROYECTOS DE INNOVACIÓN EMPRESARIAL",2019,"225-INNOVATEPERU-PIEC1-2019","DISEÑO Y FABRICACIÓN DE UN PROTOTIPO DE EQUIPO DE CONTEO Y SELECCIÓN DE TRUCHAS BASADO EN VISIÓN ARTIFICIAL (CÁMARAS DE VIDEO) PARA LAS EMPRESAS TRUCHÍCOLAS DE MENOR ESCALA DE PERÚ",20191016,20220415,"AQUA SAN PEDRO SOCIEDAD ANONIMA CERRADA - AQUA SAN PEDRO S.A.C.","EL TAMBO","HUANCAYO","JUNIN",120114,263271.2000,37068.8000,34200.0000,"SOLES",20230706
"FOMITEC","CAPITAL SEMILLA PARA EMPRENDEDORES INNOVADORES",2019,"233-INNOVATEPERU-EIN-2019","LEGALUP",20191219,20210519,"ALEXANDRA PARRAGA CARDOZA","SAN MARTIN DE PORRES","LIMA","LIMA",150135,55000.0000,7857.1400,15714.2900,"SOLES",20230706
"FOMITEC","CAPITAL SEMILLA PARA EMPRENDEDORES INNOVADORES",2019,"234-INNOVATEPERU-EIN-2019","WAWA LAPTOP",20191018,20210318,"CARRASCO ALCEDO JUAN JAVIER","SAN JUAN DE LURIGANCHO","LIMA","LIMA",150132,55000.0000,7857.1500,15714.2900,"SOLES",20230706
"FOMITEC","CAPITAL SEMILLA PARA EMPRENDEDORES INNOVADORES",2019,"235-INNOVATEPERU-EIN-2019","BIOFLASH",20191204,20210504,"C3K WASTE MANAGEMENT CONSULTING S.A.C.","","","","",55000.0000,7857.1400,15714.2850,"SOLES",20230706
"FOMITEC","CAPITAL SEMILLA PARA EMPRENDEDORES INNOVADORES",2019,"238-INNOVATEPERU-EIN-2019","QUALUS MANAGER",20190919,20210219,"CFO CONSULTORIA Y TECNOLOGIA FINANCIERA S.A.C.","SAN ISIDRO","LIMA","LIMA",150131,55000.0000,7857.1400,15714.2900,"SOLES",20230706
"FINCYT III","Concurso Organización de Eventos de Vinculación de Actores del Ecosistema de Innovación y Emprendimiento",2019,"067-INNOVATEPERU-OEV-2019-SI","JORNADAS PROFESIONALES FIL LIMA 2019 ",20190722,20190722,"CAMARA PERUANA DEL LIBRO","JESUS MARIA","LIMA","LIMA",150113,56989.3400,56989.0000,4000.0000,"SOLES",20230706
"FOMITEC","CAPITAL SEMILLA PARA EMPRENDIMIENTOS DINAMICOS",2019,"239-INNOVATEPERU-EDI-2019"," MISHA RASTRERA ",20191021,20210321,"EMPRENDIMIENTOS ECOLOGICOS MISHA RASTRERA S.A.C.","BARRANCO","LIMA","LIMA",150104,150000.0000,42861.4000,21429.0500,"SOLES",20230706
"FOMITEC","CAPITAL SEMILLA PARA EMPRENDEDORES INNOVADORES",2019,"241-INNOVATEPERU-EIN-2019","MAZBENG",20191015,20210315,"MAZIZO BELTRAN PIERO","SAN MARTIN DE PORRES","LIMA","LIMA",150135,55000.0000,7857.1400,15714.2900,"SOLES",20230706
"FOMITEC","CAPITAL SEMILLA PARA EMPRENDEDORES INNOVADORES",2019,"243-INNOVATEPERU-EIN-2019","ABAXTO",20191004,20210304,"NAVARRO MUÑOZ EMILIO AUGUSTO","SANTIAGO DE SURCO","LIMA","LIMA",150140,35000.0000,5000.0000,10000.0000,"SOLES",20230706
"FINCYT III","PROYECTOS DE VALIDACIÓN DE LA INNOVACIÓN",2019,"248-INNOVATEPERU-PIEC2-2019","VALIDACION TECNICA Y COMERCIAL DE LOS SERVICIOS DE AUSCULTACION PROACTIVA\, DIGITALIZACION Y CAPTURA DE DATOS POR MEDIO DE TECNOLOGIA LASER 3D PARA LA CONSTRUCCION Y PATRIMONIO CULTURAL.  ",20191016,20220515,"GUPASSA INGENIEROS S.A.C - GUPASSA ING S.A.C.","CHORRILLOS","LIMA","LIMA",150108,442037.2900,199858.7100,250000.0000,"SOLES",20230706
"FOMITEC","CAPITAL SEMILLA PARA EMPRENDEDORES INNOVADORES",2019,"258-INNOVATEPERU-EIN-2019","BAASICO",20191021,20210821,"CIEZA AUBERT NAIARA ELENA","LIMA","LIMA","LIMA",150101,55000.0000,9000.0000,14600.0000,"SOLES",20230706
"FINCYT III","PROYECTOS DE VALIDACIÓN DE LA INNOVACIÓN",2019,"261-INNOVATEPERU-PIEC2-2019","VALIDACIÓN Y EMPAQUETAMIENTO DE SIMULADOR DE REALIDAD VIRTUAL PARA DESARROLLO DE COMPETENCIAS CRÍTICAS EN TRABAJADORES MINEROS.",20191016,20230315,"TECNOLOGIAS DEL CONOCIMIENTO S.A.C.","MIRAFLORES","LIMA","LIMA",150122,249619.0600,100700.9400,148980.0000,"SOLES",20230706
"FOMITEC","CAPITAL SEMILLA PARA EMPRENDIMIENTOS DINAMICOS",2019,"268-INNOVATEPERU-EDI-2019","FITCO",20191018,20210718,"FITCO S.A.C.","BARRANCO","LIMA","LIMA",150104,150000.0000,42857.1400,21428.5700,"SOLES",20230706
"FINCYT III","PASANTIAS TECNOLÓGICAS",2019,"076-INNOVATEPERU-PT-2019-SI","PASANTÍA AL CENTRO TECNOLÓGICO TECNOVA DE ESPAÑA PARA LA TRANSFERENCIA DE CONOCIMIENTOS DE SISTEMAS DE AGRO INTELIGENCIA QUE UTILIZA SOFTWARE Y SMART AGRO PARA SU APLICACIÓN EN LA PRODUCCIÓN DE MANGOS KENT PARA EXPORTACIÓN.",20191020,20191020,"FRUITS FOR YOU SOCIEDAD ANONIMA CERRADA-FRUITS FOR YOU S.A.C.","PIURA","PIURA","PIURA",200101,13469.6300,3897.5000,3697.5000,"DOLARES",20230706
"FINCYT III","MISIONES TECNOLÓGICAS",2019,"078-INNOVATEPERU-MT-2019-SI","VISITA TÉCNICA A CENTROS TECNOLÓGICOS DE BARCELONA\, VALENCIA\, LERIDA\, NAVARRA Y PARTICIPACIÓN EN LA FERIAN INTERNACIONAL FRUITATTRACTION DE MADRID DONDE SE PROMUEVE LA COMERCIALIZACIÓN\, INNOVACIÓN\, DIVERSIDAD Y CONOCIMIENTO; DEL SECTOR AGROALIMENTARIO.",20191008,20191008,"INCASHU S.A.C.","SANTIAGO DE SURCO","LIMA","LIMA",150140,13439.7300,29740.0000,800.0000,"DOLARES",20230706
"FOMITEC","CAPITAL SEMILLA PARA EMPRENDEDORES INNOVADORES",2019,"278-INNOVATEPERU-EIN-2019","HOSPITAPP",20191111,20210411,"RIOS ESPINOZA JULIO CESAR","VICTOR LARCO HERRERA","TRUJILLO","LA LIBERTAD",130111,50000.0000,7600.0000,14000.0000,"SOLES",20230706
"FOMITEC","CAPITAL SEMILLA PARA EMPRENDEDORES INNOVADORES",2019,"279-INNOVATEPERU-EIN-2019","WIBO",20191119,20210419,"NUCOMMERCE INTERNATIONAL S.A.C.","","","","",40120.0000,8000.0000,10000.0000,"SOLES",20230706
"FOMITEC","CAPITAL SEMILLA PARA EMPRENDIMIENTOS DINAMICOS",2019,"288-INNOVATEPERU-EDI-2019","NUXTU",20191111,20210411,"ATYPAX TRAINING S.A.C.","","","","",140000.0000,48000.0000,17000.0000,"SOLES",20230706
"FOMITEC","CAPITAL SEMILLA PARA EMPRENDEDORES INNOVADORES",2019,"290-INNOVATEPERU-EIN-2019","AGROWTH",20191112,20210212,"CHAMBA CUSI ARISTOTELES","SAN CLEMENTE","PISCO","ICA",110507,55000.0000,8142.8600,15742.8500,"SOLES",20230706
"FINCYT III","PROYECTOS DE INNOVACIÓN EMPRESARIAL",2019,"300-INNOVATEPERU-PIEC1-2019","DESARROLLO DE UNA TECNOLOGÍA ORGÁNICA PARA EL CONTROL DE LA CARMENTA SP EN EL CULTIVO DE CACAO ORGÁNICO EN EL VALLE DEL ALTO HUALLAGA",20191115,20220514,"COOPERATIVA AGROINDUSTRIAL CACAO ALTO HUALLAGA","RUPA-RUPA","LEONCIO PRADO","HUANUCO",100601,247057.8300,84781.1700,50400.0000,"SOLES",20230706
"FINCYT III","CONCURSO DE PROYECTOS COLABORATIVOS DE INNOVACIÓN ABIERTA",2019,"316-INNOVATEPERU-CPCC2-2019","IDENTIFICACIÓN DE DESAFÍOS Y SELECCIÓN DE PROPUESTAS DE INNOVACIÓN ABIERTA PARA ILENDER PERÚ S.A.",20191205,20230730,"ILENDER PERU S.A","SAN ISIDRO","LIMA","LIMA",150131,1256228.5800,90013.5600,63000.0000,"SOLES",20230706
"FINCYT III","PROYECTOS DE INNOVACIÓN EMPRESARIAL",2019,"318-INNOVATEPERU-PIEC1-2019","DESARROLLO DE MICROPLANTA DE SELLADO AL VACÍO CON TECNOLOGÍA DE IDENTIFICACIÓN POR RADIO FRECUENCIA (RFID) QUE PERMITA AUMENTAR LA VIDA ÚTIL Y MANTENGA LA CALIDAD EN CONDICIONES DE ALMACENAMIENTO DEL CAFÉ VERDEEN JAÉN\, CAJAMARCA.",20191217,20221217,"ORIGIN COFFEE LAB. S.A.C.","JAEN","JAEN","CAJAMARCA",060801,299020.3300,49279.6700,43520.0000,"SOLES",20230706
"FINCYT III","PROYECTOS DE INNOVACIÓN EMPRESARIAL",2019,"324-INNOVATEPERU-PIEC1-2019","MEJORAMIENTO DE LIMPIADORES PARA FAJAS TRANSPORTADORAS EN MINERÍA\, CON TECNOLOGÍA AUTOTENSANTE ROSTA Y HOJAS DE LIMPIEZA INDEPENDIENTES\, DE LARGA DURACIÓN Y LIBRES DE MANTENIMIENTO\, REDUCIENDO COSTOS OPERATIVOS\, HORAS HOMBRE Y PERSONAL A ZONAS DE RIESGO.",20191122,20211122,"ISC INGENIERIA DEL SUR S.A.C.","JOSE LUIS BUSTAMANTE Y RIVERO","AREQUIPA","AREQUIPA",040129,149935.3203,60139.3807,89795.9400,"SOLES",20230706
"FINCYT III","PROYECTOS DE INNOVACIÓN EMPRESARIAL",2019,"325-INNOVATEPERU-PIEC1-2019","DESARROLLO DE SISTEMA DE MEJORA DE LA RECAUDACIÓN MUNICIPAL/PREDIAL \"AMIGOTAXCOLLECTOR\" USANDO GIS. ",20191122,20210522,"AMIGOCLOUD PERU S.A.C.","BARRANCO","LIMA","LIMA",150104,299867.4500,40016.5500,53950.0000,"SOLES",20230706
"FIDECOM","PIMEN",2019,"102-FIDECOM-INNOVATEPERU-PIMEN-2019-SI","ADAPTACIÓN DE TECNOLOGÍAS MEDIANTE LA INSTALACIÓN DE COLMENAS INTELIGENTES DURANTE EL SERVICIO DE POLINIZACIÓN PARA EL CULTIVO DEL PALTO.",20191113,20191113,"CHIRINOS URDAY URSULA VERONICA","CERRO COLORADO","AREQUIPA","AREQUIPA",040104,79125.0000,26125.0000,58675.0000,"SOLES",20230706
"FIDECOM","PIMEN",2019,"108-FIDECOM-INNOVATEPERU-PIMEN-2019-SI","DESARROLLO DE UN SISTEMA PILOTO PARA LA REUTILIZACIÓN DE EFLUENTES DEL PROCESAMIENTO DE GELATINA TÉCNICA\, PARA OBTENER CARBONATO DE CALCIO DE APLICACIÓN INDUSTRIAL EN LA REGIÓN AREQUIPA.",20191121,20191121,"LAURA ARAPA MARIA ELENA","","","","",73502.0000,13965.0000,14200.0000,"SOLES",20230706
"FIDECOM","PIMEN",2019,"092-FIDECOM-INNOVATEPERU-PIMEN-2019-SI","DESARROLLO TECNOLÓGICO PARA LA PRODUCCIÓN DE BIOCUERO ECO-AMIGABLE VEGANO A PARTIR DE RESIDUOS ORGÁNICOS",20191111,20191111,"JACQUE MARISE S.A.C.","YANAHUARA","AREQUIPA","AREQUIPA",040126,149998.9800,14000.0000,15599.0000,"SOLES",20230706
"FINCYT III","PASANTIAS TECNOLÓGICAS",2019,"096-INNOVATEPERU-PT-2019-SI","PASANTÍA TECNOLÓGICA A ETIOPÍA PARA ADOPCIÓN DE TÉCNICAS DE BENEFICIO COLECTIVO (COLLECTIVE WASHING STATION) PARA BLENDS Y MICROLOTES DE CAFÉS ESPECIALES.",20191111,20191111,"ORIGIN COFFEE LAB. S.A.C.","JAEN","JAEN","CAJAMARCA",060801,13600.0000,3750.0000,3650.0000,"DOLARES",20230706
"FIDECOM","PIMEN",2019,"089-FIDECOM-INNOVATEPERU-PIMEN-2019-SI","DESARROLLO DE UN ADHESIVO ECOLÓGICO SIN COMPUESTOS QUÍMICOS FISCALIZADOS QUE CUMPLA CON LA NORMATIVA NACIONAL AMBIENTAL\, OCUPACIONAL Y CON LA NORMATIVA EUROPEA REACH.",20191111,20191111,"TAURO COLOR E.I.R.L.","TRUJILLO","TRUJILLO","LA LIBERTAD",130101,144700.0000,29800.0000,22948.0000,"SOLES",20230706
"FIDECOM","PIMEN",2019,"115-FIDECOM-INNOVATEPERU-PIMEN-2019-SI","DISEÑO E IMPLEMENTACIÓN DE PROTOTIPO Y PROTOCOLOS PARA ACLIMATACIÓN DE PLANTINES DE ARÁNDANO PRODUCIDOS IN VITRO A TRAVÉS DEL BIOREACTOR DE INMERSIÓN TEMPORAL.",20191121,20191121,"ARQUITRONICA S.A.C.","CHICLAYO","CHICLAYO","LAMBAYEQUE",140101,150000.0000,39000.0000,111000.0000,"SOLES",20230706
"FIDECOM","PIMEN",2019,"093-FIDECOM-INNOVATEPERU-PIMEN-2019-SI","DESARROLLO DE SEMILLAS ARTIFICIALES DE ARÁNDANO (VACCINIUM CORYMBOSUM L)  A PARTIR DE EMBRIONES SOMÁTICOS PRODUCIDOS EN BIORREACTORES DE INMERSIÓN TEMPORAL COMO ALTERNATIVA A LA MICROPROPAGACIÓN CLONAL DE PLANTONES.",20191206,20191206,"GREEN VITRO BIOTECHNOLOGY S.A.","BREÑA","LIMA","LIMA",150105,50763.0000,24514.0000,18319.0000,"SOLES",20230706
"FIDECOM","PIMEN",2019,"099-FIDECOM-INNOVATEPERU-PIMEN-2019-SI","DESARROLLO DE UN KIT DE DIAGNÓSTICO DE HEPATITIS B CON NANOCUERPOS RECOMBINANTES PROVENIENTES DE ALPACAS.",20191121,20191121,"BIONOMA EMPRESA INDIVIDUAL DE RESPONSABILIDAD LIMITADA - BIONOMA E.I.R.L.","BREÑA","LIMA","LIMA",150105,149210.0000,39590.0000,110300.0000,"SOLES",20230706
"FIDECOM","PIMEN",2019,"090-FIDECOM-INNOVATEPERU-PIMEN-2019-SI","PROTOTIPO MODULAR PARA LA APLICACIÓN AUTOMATIZADA DE DIVERSOS TIPOS DE TERMOADHESIVOS EN PIEZAS Y SUPERFICIES EN LÍNEA DE PRODUCCIÓN DE HERRAMIENTAS DE CUIDADO PERSONAL.",20191121,20191121,"PRODUCCIONES KINSA S.R.L.","CHORRILLOS","LIMA","LIMA",150108,149999.2000,20144.0000,9300.0000,"SOLES",20230706
"FIDECOM","PIMEN",2019,"087-FIDECOM-INNOVATEPERU-PIMEN-2019-SI","DESARROLLO DE PROTOTIPOS DE PRODUCTOS ANÁLOGOS AL QUESO\, SIN LACTOSA NI CASEÍNA\, EN BASE A FRACCIONES AISLADAS DE PROTEÍNA DE ARVEJA (PISUM SATIVUM).",20191111,20191111,"MARCIANO VEGANO S.A.C.","CHORRILLOS","LIMA","LIMA",150108,142320.3600,44829.0000,27457.0000,"SOLES",20230706
"FIDECOM","PIMEN",2019,"110-FIDECOM-INNOVATEPERU-PIMEN-2019-SI","DISEÑO Y FABRICACIÓN DE UNA LINEA DE PRODUCCIÓN MECANIZADA PARA PRODUCIR BARRITAS DE CAÑA DE AZÚCAR",20191111,20191111,"LA CAÑA Y DERIVADOS E.I.R.L.","LA VICTORIA","LIMA","LIMA",150115,148833.9200,17450.0000,18450.0000,"SOLES",20230706
"FIDECOM","PIMEN",2019,"107-FIDECOM-INNOVATEPERU-PIMEN-2019-SI","PROTOTIPO DE ALIMENTO NUTRICIONAL CON PROBIÓTICOS PARA PACIENTES CON TUBERCULOSIS SENSIBLE Y ENFERMEDADES CRÓNICAS CON LA FINALIDAD DE AYUDAR A MANTENER SU RESPUESTA INMUNE Y ÉXITO DEL TRATAMIENTO",20191014,20191014,"INBIOMEDIC S.A.C.","LINCE","LIMA","LIMA",150116,141191.5100,37108.0000,104420.0000,"SOLES",20230706
"FIDECOM","PIMEN",2019,"091-FIDECOM-INNOVATEPERU-PIMEN-2019-SI","MINIASPIRADOR DE SECRECIONES PORTATIL Y ERGOMETRICO MONITOREADO CON UNA APP",20191212,20191212,"CENTRO CRANEO CERVICO FACIAL HENESUR S.A.C","LINCE","LIMA","LIMA",150116,96500.0000,42500.0000,12500.0000,"SOLES",20230706
"FIDECOM","PIMEN",2019,"088-FIDECOM-INNOVATEPERU-PIMEN-2019-SI","DESARROLLO DE ALIMENTO PROBIÓTICO PARA PORCINOS A BASE DE RESIDUOS ORGÁNICOS DE LA INDUSTRIA DE ALIMENTOS",20191202,20191202,"SINBA SURA S.A.C.","MIRAFLORES","LIMA","LIMA",150122,143714.0800,38835.0000,105600.0000,"SOLES",20230706
"FINCYT III","PASANTIAS TECNOLÓGICAS",2019,"084-INNOVATEPERU-PT-2019-SI","DESARROLLO DE UN MODELO PRODUCTIVO CO-INNOVADOR PARA LA PRODUCCIÓN DE BIOCOMBUSTIBLE MEDIANTE PASANTÍA EN ESTACIÓN EXPERIMENTAL INDIO HATUEY",20191014,20191014,"TEREOSOLUTIONS SOCIEDAD ANONIMA CERRADA - TEREO S.A.C.","MIRAFLORES","LIMA","LIMA",150122,3130.9100,1655.0000,635.0000,"DOLARES",20230706
"FINCYT III","MISIONES TECNOLÓGICAS",2019,"081-INNOVATEPERU-MT-2019-SI","MISION TECNOLÓGICA DE EMPRESARIOS A LA FERIA HOST MILANO 2019 G1",20191016,20191016,"ESTADISTICA ADMINISTRAC.Y GERENCIA S.A.C","SAN BORJA","LIMA","LIMA",150130,17884.6500,9829.0000,2400.0000,"DOLARES",20230706
"FINCYT III","MISIONES TECNOLÓGICAS",2019,"080-INNOVATEPERU-MT-2019-SI","MISION TECNOLÓGICA DE EMPRESARIOS A LA FERIA HOST MILANO 2019 G2",20191016,20191016,"ESTADISTICA ADMINISTRAC.Y GERENCIA S.A.C","SAN BORJA","LIMA","LIMA",150130,16217.2000,11030.0000,2400.0000,"DOLARES",20230706
"FIDECOM","PIMEN",2019,"112-FIDECOM-INNOVATEPERU-PIMEN-2019-SI","DESARROLLO DE UNA PLATAFORMA VIRTUAL DE ASISTENCIA INTELIGENTE PARA UNA ENSEÑANZA INTERACTIVA Y PERSONALIZADA EN LOS CENTROS DE EDUCACIÓN BÁSICA REGULAR.",20191021,20191021,"INVENTIVE TECHNOLOGY S.A.C. - INVENTIVE TEC S.A.C.","SAN JUAN DE LURIGANCHO","LIMA","LIMA",150132,149564.0000,39265.0000,110680.0000,"SOLES",20230706
"FIDECOM","PIMEN",2019,"095-FIDECOM-INNOVATEPERU-PIMEN-2019-SI","DESARROLLO DE PROTOCOLOS DE REPRODUCCIÓN EN CAUTIVERIO DE 5 ESPECIES DE OTOCINCLOS AMAZÓNICOS EN LA REGION LORETO.",20191118,20191118,"CATFISH TRADING SOCIEDAD ANONIMA CERRADA","SAN JUAN BAUTISTA","MAYNAS","LORETO",160113,140833.0000,17097.0000,16200.0000,"SOLES",20230706
"FIDECOM","PIMEN",2019,"100-FIDECOM-INNOVATEPERU-PIMEN-2019-SI","MODULO PARA EL MEJORAMIENTO DE LA PRODUCCIÓN DE SOMBREROS CON FIBRA DE ALPACA",20191203,20191203,"INCA SUMAC EMPRESA INDIVIDUAL DE RESPONSABILIDAD LIMITADA","PUNO","PUNO","PUNO",210101,149141.0000,14800.0000,35200.0000,"SOLES",20230706
"FIDECOM","PIMEN",2019,"109-FIDECOM-INNOVATEPERU-PIMEN-2019-SI","DESARROLLO DE UN PROCESO MEJORADO PARA LA PRODUCCIÓN DE MURALES\, EN LA ZONA AYMARA DE PUNO.",20191114,20191114,"VELASQUEZ PAREDES RUBEN","","","","",79560.0000,8400.0000,17664.0000,"SOLES",20230706
"FIDECOM","PIMEN",2019,"086-FIDECOM-INNOVATEPERU-PIMEN-2019-SI","ADAPTACIÓN DE UN RÉGIMEN ALIMENTICIO NATURAL A BASE DE FORRAJE VERDE HIDROPÓNICO (FVH)\, LOMBRIZ CALIFORNIANA Y GORGOJOS COMO ALIMENTO DE POLLOS ECOLÓGICOS\, PARA REDUCIR COSTOS Y MEJORAR LAS PROPIEDADES ORGANOLÉPTICAS DE LA CARNE\, EN AVÍCOLA SANTA CRUZ PUCALLPA",20191111,20191111,"AVICOLA SANTA CRUZ PUCALLPA S.A.C.","CAMPOVERDE","CORONEL PORTILLO","UCAYALI",250102,120560.3000,14900.0000,14150.0000,"SOLES",20230706
"FIDECOM","PIMEN",2019,"103-FIDECOM-INNOVATEPERU-PIMEN-2019-SI","DESARROLLO Y VALIDACIÓN DE DENSIFICADOS DE ASERRÍN EN MEDIOS CONTROLADOS PARA MEJORA DE SUS PROPIEDADES COMO BIOCOMBUSTIBLE EN EL USO DE LA INDUSTRIA LADRILLERA. ",20191118,20191118,"SERVICIOS ELECTROMECANICOS UCAYALI S.A.C.","MANANTAY","CORONEL PORTILLO","UCAYALI",250107,150000.0000,20000.0000,22200.0000,"SOLES",20230706
"FINCYT III","PROYECTOS DE INNOVACIÓN EMPRESARIAL",2019,"338-INNOVATEPERU-PIEC1-2019","DESARROLLO DE MÉTODOS PARA EL DISEÑO DE MATERIALES Y CONTROL DE CALIDAD PARA LA FABRICACIÓN DE DISCOS REFINADORES DE PULPA CELULÓSICA ORIENTADO A AUMENTAR LAS EXPORTACIONES DE TECH TRADE AL MERCADO LATINOAMERICANO.",20191205,20221104,"TECH TRADE S.A.C.","CHORRILLOS","LIMA","LIMA",150108,294809.3300,50917.6700,48000.0000,"SOLES",20230706
"FINCYT III","CONCURSO DE PROYECTOS COLABORATIVOS DE INNOVACIÓN - CATEGORÍA 1",2019,"391-INNOVATEPERU-CPCC1-2019","DESARROLLO E IMPLEMENTACIÓN DE UNA AGENDA DE INNOVACIÓN PARA AUMENTAR LA EFICIENCIA EN LOS SISTEMAS DE MOLIENDA EN EL SECTOR MINERO.",20200110,20230730,"NEXA RESOURCES PERU S.A.A.","SAN BORJA","LIMA","LIMA",150130,1420339.5800,682733.0900,432240.0000,"SOLES",20230706
"FOMITEC","FORTALECIMIENTO DE INCUBADORAS DE NEGOCIOS Y ENTIDADES AFINES - INCUBADORAS Y ACELERADORAS DE NEGOCIOS",2019,"392-INNOVATEPERU-IAN-2019","INCUBADORA DE EMPRESAS DE LA UNIVERSIDAD NACIONAL DE MOQUEGUA",20201102,20230702,"UNIVERSIDAD NACIONAL DE MOQUEGUA","MOQUEGUA","MARISCAL NIETO","MOQUEGUA",180101,700000.0000,235000.0000,220000.0000,"SOLES",20230706
"FIDECOM","PIMEN",2019,"126-FIDECOM-INNOVATEPERU-PIMEN-2019-SI","DESARROLLO DE UN PROTOTIPO MÓVIL CON AMBIENTE CONTROLADO PARA MEJORAR EL PROCESO DE TRANSLARVE EN LA CRIANZA DE ABEJA REINAS PARA EL SECTOR APÍCOLA.",20191217,20191217,"OPORTO LAZO FERNANDO GIANCARLO","","","","",80000.0000,22650.0000,57350.0000,"SOLES",20230706
"FINCYT III","PASANTIAS TECNOLÓGICAS - BIO",2019,"123-INNOVATEPERU-PTBIO-2019-SI","PASANTÍA EN ASIA PARA APRENDER TÉCNICAS DE EXTRACCIÓN DE TINTES ORGÁNICOS Y PROCESO DE TEÑIDO TOTALMENTE ECO-AMIGABLES PARA SU POSTERIOR ADAPTACIÓN E IMPLEMENTACIÓN USANDO INSUMOS DEL PERÚ PARA SER APLICADOS EN NUESTRO BIOCUERO",20191113,20191113,"JACQUE MARISE S.A.C.","YANAHUARA","AREQUIPA","AREQUIPA",040126,14999.9700,4038.0000,4038.0000,"DOLARES",20230706
"FOMITEC","CAPITAL SEMILLA PARA EMPRENDEDORES INNOVADORES - BIO",2019,"398-INNOVATEPERU-EINBIO-2019","BIOCONVERTIN S.A.C.",20191213,20221112,"BIOCONVERTIN S.A.C.","SAN MARTIN DE PORRES","LIMA","LIMA",150135,55000.0000,7857.1400,15714.2900,"SOLES",20230706
"FINCYT III","PROYECTOS DE VALIDACIÓN DE LA INNOVACIÓN",2019,"408-INNOVATEPERU-PIEC2-2019","VALIDACION TECNICA Y ECONOMICA DE UN PROTOTIPO DE HORNO QUEMADOR DE DOLOMITA",20191218,20201218,"JM LUDAFA SOCIEDAD ANONIMA CERRADA","LURIGANCHO","LIMA","LIMA",150118,449379.8300,337073.7700,337000.0000,"SOLES",20230706
"FOMITEC","FORTALECIMIENTO DE INCUBADORAS DE NEGOCIOS Y ENTIDADES AFINES - INCUBADORAS Y ACELERADORAS DE NEGOCIOS",2019,"409-INNOVATEPERU-IAN-2019","\"FORTALECIMIENTO DE CAPACIDADES DE LA INCUBADORA DE NEGOCIOS  \"INCUBA UNACH\" DE LA UNIVERSIDAD NACIONAL AUTÓNOMA DE CHOTA PARA APALANCAR EL DESARROLLO DE PROYECTOS Y NEGOCIOS INNOVADORES EN LA REGIÓN CAJAMARCA\"",20201102,20230902,"UNIVERSIDAD NACIONAL AUTÓNOMA DE CHOTA","CHOTA","CHOTA","CAJAMARCA",060401,669949.1400,297703.7400,216000.0000,"SOLES",20230706
"FOMITEC","CAPITAL SEMILLA PARA EMPRENDIMIENTOS DINAMICOS - BIO",2019,"411-INNOVATEPERU-EDIBIO-2019","INSECTA",20191218,20221117,"INSECTA E.I.R.L.","LA MOLINA","LIMA","LIMA",150114,146500.0000,41858.1400,20929.2500,"SOLES",20230706
"FOMITEC","CAPITAL SEMILLA PARA EMPRENDEDORES INNOVADORES - BIO",2019,"417-INNOVATEPERU-EINBIO-2019","SEA&SKY",20200108,20221007,"CASTRO PEÑA ATHALI","AREQUIPA","AREQUIPA","AREQUIPA",040101,35000.0000,5000.0000,10000.0000,"SOLES",20230706
"FOMITEC","CAPITAL SEMILLA PARA EMPRENDEDORES INNOVADORES - BIO",2019,"418-INNOVATEPERU-EINBIO-2019","TECNOLEZ",20200108,20220707,"LEZAMA YAÑEZ JORGE","","","","",40000.0000,5716.0000,11427.0000,"SOLES",20230706
"FOMITEC","FORTALECIMIENTO DE INCUBADORAS DE NEGOCIOS Y ENTIDADES AFINES - INCUBADORAS Y ACELERADORAS DE NEGOCIOS",2019,"419-INNOVATEPERU-IAN-2019","FORTALECIMIENTO DE CAPACIDADES - INCUBADORA DE EMPRESAS DE ALTO IMPACTO CON UNA VISIÓN GLOBAL Y ESCALABLE EN LA MACRO REGIÓN CENTRO ENFOCADA EN AGRO\, SALUD\, INGENIERÍA\, SOSTENIBILIDAD\, MEDIO AMBIENTE Y OTROS. ",20200110,20230310,"UNIVERSIDAD CONTINENTAL SOCIEDAD ANONIMA CERRADA","HUANCAYO","HUANCAYO","JUNIN",120101,699994.9500,92844.4900,94500.0000,"SOLES",20230706
"FOMITEC","CAPITAL SEMILLA PARA EMPRENDIMIENTOS DINAMICOS",2019,"421-INNOVATEPERU-EDI-2019","INZONE PERU SAC",20200114,20210614,"INZONE PERU S.A.C.","SAN ISIDRO","LIMA","LIMA",150131,150000.0000,42857.1400,21428.5700,"SOLES",20230706
"FOMITEC","CAPITAL SEMILLA PARA EMPRENDEDORES INNOVADORES - BIO",2019,"422-INNOVATEPERU-EINBIO-2019","MINCABOTS",20200108,20220907,"SERGIO GABRIEL MEJIA MIRANDA","","","","",16700.0000,2386.0000,4771.5000,"SOLES",20230706
"FINCYT III","CONCURSO DE PROYECTOS COLABORATIVOS DE INNOVACIÓN ABIERTA",2019,"423-INNOVATEPERU-CPCC2-2019","PLATAFORMA DE CONSOLIDACIÓN DE CARGA CON TERCEROS / ROBOTIZACIÓN DE ALMACENES",20191218,20220617,"RANSA COMERCIAL S A","CALLAO","PROV. CONST. DEL CALLAO","CALLAO",070101,299431.0700,138991.5400,60000.0000,"SOLES",20230706
"FOMITEC","FORTALECIMIENTO DE INCUBADORAS DE NEGOCIOS Y ENTIDADES AFINES - INCUBADORAS Y ACELERADORAS DE NEGOCIOS",2019,"426-INNOVATEPERU-IAN-2019","FORTALECIMIENTO DE LA INCUBADORA DE NEGOCIOS S360",20200108,20230707,"UNIVERSIDAD PRIVADA ANTENOR ORREGO","TRUJILLO","TRUJILLO","LA LIBERTAD",130101,699514.9100,297305.0900,666300.0000,"SOLES",20230706
"FINCYT III","PROYECTOS DE INNOVACIÓN EMPRESARIAL",2019,"427-INNOVATEPERU-PIEC1-2019","DESARROLLO DE UN PROTOTIPO SELECCIONADOR DE CAFÉ CEREZO\, CON RECONOCIMIENTO DE IMÁGENES USANDO MACHINE LEARNING EN TIEMPO REAL\, CON FINES DE OBTENER CAFÉ CEREZO MADURO HOMOGÉNEO Y MANTENER LA CALIDAD DE TAZA.",20200110,20230110,"ASOCIACION  VALLE  GRANDE","SORITOR","MOYOBAMBA","SAN MARTIN",220105,300000.0000,100012.0000,78399.7900,"SOLES",20230706
"FOMITEC","CAPITAL SEMILLA PARA EMPRENDEDORES INNOVADORES - BIO",2019,"432-INNOVATEPERU-EINBIO-2019","LINLI VERDE",20201001,20211001,"CABANA YUNGURI VICTOR ALFREDO","","","","",55000.0000,7857.1440,15714.2900,"SOLES",20230706
"FOMITEC","CAPITAL SEMILLA PARA EMPRENDEDORES INNOVADORES - BIO",2019,"435-INNOVATEPERU-EINBIO-2019","RAÍCES TIENDA A GRANEL                      ",20200110,20210610,"RAICES GRANEL S.A.C.","SAN BORJA","LIMA","LIMA",150130,55000.0000,7857.1500,15714.2900,"SOLES",20230706
"FOMITEC","FOMENTO DE CAPITAL DE RIESGO - FASE OPERATIVA",2019,"440-INNOVATEPERU-FCRO-2019","CONVENIO DE ADJUDICACIÓN DE RECURSOS NO REEMBOLSABLES (RNR) QUE OTORGA EL PROGRAMA NACIONAL DE INNOVACIÓN PARA LA COMPETITIVIDAD Y PRODUCTIVIDAD PARA EL PROYECTO DE FONDO DE INVERSIÓN DE CAPITAL DE RIESGO. FASE OPERATIVA: ?SALKANTAY EXPONENTIAL FUND: PROPUESTA DE PARTICIPACIÓN EN EL CONCURSO DE FOMENTO DE CAPITAL DE RIESGO? ",20200110,20240110,"SOCIEDAD GESTORA DE FONDOS DE INVERSION SALKANTAY CAPITAL PARTNERS S.A.","MIRAFLORES","LIMA","LIMA",150122,4866623.0200,0.0000,0.0000,"SOLES",20230706
"FINCYT III","PROYECTOS DE INNOVACIÓN EMPRESARIAL",2019,"443-INNOVATEPERU-PIEC1-2019","DISEÑO Y DESARROLLO DE PROTOTIPO INNOVADOR EN EL PROCESO DE PIROLISIS PARA LA OBTENCIÓN DE ACEITES PIROLEÑOSOS Y VOLÁTILES EN LA PRODUCCIÓN DE CARBÓN CON RESIDUOS ORGÁNICOS",20200114,20220114,"MOLINOS DE CARBON E.I.R.L","SAN MARTIN DE PORRES","LIMA","LIMA",150135,293972.8900,118027.1100,176000.0000,"SOLES",20230706
"FOMITEC","CAPITAL SEMILLA PARA EMPRENDEDORES INNOVADORES",2019,"445-INNOVATEPERU-EIN-2019","TU CONSULTA LABORAL ",20200922,20210922,"TU CONSULTA LABORAL S.A.C.","JESUS MARIA","LIMA","LIMA",150113,55000.0000,38000.0000,15000.0000,"SOLES",20230706
"FOMITEC","CAPITAL SEMILLA PARA EMPRENDEDORES INNOVADORES - BIO",2019,"446-INNOVATEPERU-EINBIO-2019","PUCCASKY           ",20200922,20210922,"PUCCASKY S.A.C.","LIMA","LIMA","LIMA",150101,55000.0000,7857.1400,15714.2900,"SOLES",20230706
"FOMITEC","CAPITAL SEMILLA PARA EMPRENDEDORES INNOVADORES - BIO",2019,"450-INNOVATEPERU-EINBIO-2019","APROVECHAMIENTO INTEGRAL DEL FRUTO DEL CACAO Y CONSERVACIÓN DE BOSQUES EN EL DEPARTAMENTO DE SAN MARTÍN           ",20200922,20211122,"INNOVACIÓN\, CONSERVACIÓN Y DESARROLLO SOSTENIBLE S.A.C.","MOYOBAMBA","MOYOBAMBA","SAN MARTIN",220101,55000.0000,7857.1400,15714.2900,"SOLES",20230706
"FOMITEC","CAPITAL SEMILLA PARA EMPRENDEDORES INNOVADORES - BIO",2019,"451-INNOVATEPERU-EINBIO-2019","INDUSTRIALIZACIÓN DEL CUY           ",20200922,20210922,"LEZAMA ESPEZUA JHON MANUEL ALEXIS","","","","",55000.0000,7857.1400,15714.2900,"SOLES",20230706
"FINCYT III","MUJER EMPRENDE E INNOVA - PROYECTOS DE INNOVACIÓN EMPRESARIAL - CATEGORÍA 1",2019,"452-INNOVATEPERU-PIEC1M-2019","COCINAS ABIERTAS: UN MODELO DE COCINA INCLUSIVA DE PRODUCCIÓN DE ALIMENTOS PARA FOMENTAR LA INCLUSIÓN LABORAL DE PERSONAS CON DISCAPACIDAD AUDITIVA Y DISCAPACIDAD INTELECTUAL",20200114,20230313,"GRUPO EMPRESARIAL WILLCORP PERÚ S.A.C","BREÑA","LIMA","LIMA",150105,253555.0100,39759.3900,28800.0000,"SOLES",20230706
"FINCYT III","CONCURSO DE PROYECTOS COLABORATIVOS DE INNOVACIÓN ABIERTA",2019,"459-INNOVATEPERU-CPCC2-2019","IDENTIFICACIÓN DE DESAFIOS Y SELECCIÓN DE PROPUESTAS DE INNOVACIÓN ABIERTA PARA DANPER RUMBO A UNA AGROINDUSTRIA DE CLASE MUNDIAL.",20200203,20231001,"DANPER TRUJILLO S.A.C.","MOCHE","TRUJILLO","LA LIBERTAD",130107,1243786.1100,71219.5000,67200.0000,"SOLES",20230706
"FINCYT III","INCUBADORAS 2.0",2019,"461-INNOVATEPERU-FAIF-2019","ENDEAVOR ESG+ : SELECCIÓN Y ACELERACIÓN DE EMPRENDEDORES DE ALTO IMPACTO",20200110,20230409,"ENDEAVOR PERU","SAN ISIDRO","LIMA","LIMA",150131,1470000.0000,503042.5600,160000.0000,"SOLES",20230706
"FINCYT III","PROYECTOS DE INNOVACIÓN EMPRESARIAL",2020,"010-INNOVATEPERU-PIEC1-2020","DESARROLLO DE FUNCIONALIDADES EN LA PLATAFORMA DE GESTIÓN DE TALENTO DE TAMASHIRO &AMP; RAMÍREZ CONSULTORES  SRLTD\, PARA MIGRAR A UN ECOSISTEMA QUE PERMITA EL USO AUTOMATIZADO DE PEOPLE ANALYTICS A FIN DE REDUCIR LA ROTACIÓN DE PERSONAL EN LAS EMPRESAS EN PERÚ",20200123,20220722,"TAMASHIRO & RAMIREZ CONSULTORES SRLTDA","MIRAFLORES","LIMA","LIMA",150122,185581.3600,82618.6400,105600.0000,"SOLES",20230706
"FINCYT III","PROYECTOS DE INNOVACIÓN EMPRESARIAL",2020,"011-INNOVATEPERU-PIEC1-2020","HORNO GASTRONÓMICO CON PANEL DE CONTROL DIGITAL PROGRAMADO PARA PLATOS DE LA GASTRONOMÍA PERUANA\, ECODISEÑADO\, CÁMARA DE COCCIÓN DE ACERO INOXIDABLE ENLOZADO DE FÁCIL LIMPIEZA\, CAPACIDAD MÁXIMA DE 20 BANDEJAS\, A SER UTILIZADO EN EL ÁMBITO LOCAL\, NACIONAL E INT",20200220,20221219,"INDUSTRIAS SURCO S R LTDA","VILLA EL SALVADOR","LIMA","LIMA",150142,288030.3100,49478.2900,49550.0000,"SOLES",20230706
"FINCYT III","INCUBADORAS 2.0",2020,"014-INNOVATEPERU-FAIF-2020","UTEC VENTURES 2.0",20200622,20230621,"UNIVERSIDAD DE INGENIERIA Y TECNOLOGIA","BARRANCO","LIMA","LIMA",150104,1338654.9100,555256.1900,120000.0000,"SOLES",20230706
"FINCYT III","PROYECTOS DE INNOVACIÓN EMPRESARIAL",2020,"020-INNOVATEPERU-PIEC1-2020","DESARROLLO DE UN PROTOCOLO DE CULTIVO DE ALEVINES DE TRUCHA ARCO IRIS\, EMPLEANDO TECNOLOGÍAS DE FOTOPERIODO ARTIFICIAL Y DOSIFICACIÓN AUTOMATIZADA DE ALIMENTO BALANCEADO\, EN EL CENTRO DE PRODUCCIÓN DE ALEVINOS DE NUTRIMENTOS JANA",20200609,20220609,"NUTRIMENTOS JANA S.A.C.","AYACUCHO","HUAMANGA","AYACUCHO",050101,143284.7800,23915.2200,21640.0000,"SOLES",20230706
"FINCYT III","Startup Perú PLUG - Atracción de Emprendedores extranjeros",2020,"032-INNOVATEPERU-INS-2020","AKIBA",20200824,20220823,"NARANJA ROCKET S.A.C.","","","","",38000.0000,10860.0000,5428.0000,"DOLARES",20230706
"FINCYT III","PROYECTOS DE INNOVACIÓN EMPRESARIAL",2020,"038-INNOVATEPERU-PIEC1-2020","DESARROLLO DE UNA VACUNA VECTORIZADA TRIVALENTE CONTRA LA ENFERMEDAD DE NEWCASTLE (EN)\, INFLUENZA AVIAR (IA) Y LA ENFERMEDAD DE MAREK (MD) POR CRISPR/CAS9 EN POLLOS",20200610,20230509,"FARMACOLOGICOS VETERINARIOS S.A.C.","CHINCHA ALTA","CHINCHA","ICA",110201,216847.4600,198772.5400,150000.0000,"SOLES",20230706
"FINCYT III","PROYECTOS DE INNOVACIÓN EMPRESARIAL",2020,"050-INNOVATEPERU-PIEC1-2020","DESARROLLO DE UN PROTOTIPO ELECTRO-MECANICO DOMÓTICO PARA PRODUCIR MICRO LOTES DE CAFÉ CON ALTA CALIDAD EN TAZA PARA MERCADOS DIFERENCIADOS EN LA ASOCIACIÓN APROCOYCE-RODRIGUEZ DE MENDOZA-AMAZONAS",20200803,20230803,"ASOCIACION DE PRODUCTORES DE CAFES ORGANICOS Y CAFES ESPECIALES DE AMAZONAS","SAN NICOLAS","RODRIGUEZ DE MENDOZA","AMAZONAS",010601,294161.8800,56457.1200,40500.0000,"SOLES",20230706
"FINCYT III","PROYECTOS DE INNOVACIÓN EMPRESARIAL",2020,"054-INNOVATEPERU-PIEC1-2020","DESARROLLO DE UNA SALSA BASE CONCENTRADA DE CHICHA DE JORA Y SU APLICACIÓN EN SALSAS CULINARIAS- A PARTIR DE UN PROCESO ESTANDARIZADO- CON FINES DE VENTA EN EL MERCADO DE CONSUMO MASIVO Y FOOD SERVICE",20200831,20230130,"AFS CONSUMO S.A.C.","COMAS","LIMA","LIMA",150110,299517.8100,40455.1900,48481.6000,"SOLES",20230706
"FINCYT III","PROYECTOS DE INNOVACIÓN EMPRESARIAL",2020,"065-INNOVATEPERU-PIEC1-2020","DESARROLLO Y VALIDACIÓN DE LA ESPECTROSCOPÍA VIBRACIONAL-IR COMO MÉTODO DE CONTROL DE CALIDAD DE PRODUCCIÓN DE PISCO EN TIEMPO REAL\, PARA CONTROLAR LOS NIVELES DE METANOL\, ACETALDEHÍDO\, ÁCIDO ACÉTICO\, ACIDEZ VOLÁTIL\, ALCOHOL\, COBRE Y ÁCIDOS GRASOS SEGÚN LA DOP",20200624,20230624,"BODEGA SAN NICOLAS SOCIEDAD ANONIMA","SAN ISIDRO","LIMA","LIMA",150131,299977.3000,45943.9000,28980.0000,"SOLES",20230706
"FINCYT III","CONCURSO NACIONAL PARA LA DIFUSION DE LA INNOVACION - RETO INNOVA COVID-19",2020,"068-INNOVATEPERU-IVECOV-2020","KAWSAYNINCHIKPAQ / PARA NUESTRA VIDA",20200622,20200922,"PERALTA HUAMAN SIWAR GABRIEL","SAN SEBASTIAN","CUSCO","CUSCO",080105,15948.3000,710.7000,14380.0000,"SOLES",20230706
"MIPYME","PROGRAMA DE APOYO A CLUSTERS",2020,"079-INNOVATEPERU-PAC-2020","DESARROLLO DE UN CLUSTER SOSTENIBLE PARA LA COMERCIALIZACIÓN Y EXPORTACIÓN DE LA MODA PERUANA",20200625,20230624,"CLUSTER DE MODA SOSTENIBLE","JESUS MARIA","LIMA","LIMA",150113,1350000.0000,439199.5000,0.0000,"SOLES",20230706
"FINCYT III","CONCURSO NACIONAL PARA LA DIFUSION DE LA INNOVACION - RETO INNOVA COVID-19",2020,"092-INNOVATEPERU-IVECOV-2020","DESARROLLO DE ?SUPER ATIPAX Y EL TEMIBLE COVID-19?\, UN CÓMIC DIGITAL\, EN CASTELLANO Y QUECHUA\, PARA CONCIENTIZAR EN EL USO DE BUENAS PRÁCTICAS DE PREVENCIÓN Y CUIDADO ANTE EL COVID-19\, DIRIGIDO A NIÑOS Y ADOLESCENTES DE LAS REGIONES DEL SUR DEL PERÚ",20200625,20200925,"NIEVES GUZMAN MELISSA DEISY","JOSE LUIS BUSTAMANTE Y RIVERO","AREQUIPA","AREQUIPA",040129,16000.0000,0.0000,6900.0000,"SOLES",20230706
"FINCYT III","INCUBADORAS 2.0",2020,"104-INNOVATEPERU-FAIF-2020","START UPC 2.0: PROYECTO DE FORTALECIMIENTO Y ESCALAMIENTO DEL ECOSISTEMA DE INNOVACIÓN PARA LA ACELERACIÓN DE EMPRENDIMIENTOS DINÁMICOS A NIVEL NACIONAL",20201008,20230607,"UNIVERSIDAD PERUANA DE CIENCIAS APLICADAS S.A.C.","SANTIAGO DE SURCO","LIMA","LIMA",150140,1409824.8200,440125.4600,145200.0000,"SOLES",20230706
"FINCYT III","INCUBADORAS 2.0",2020,"107-INNOVATEPERU-FAIF-2020","POTENCIANDO EL SISTEMA DE  INCUBACIÓN DE EMPRESAS-PONTIFICIA UNIVERSIDAD CATÓLICA DEL PERÚ",20201001,20230731,"PONTIFICIA UNIVERSIDAD CATOLICA DEL PERU","SAN MIGUEL","LIMA","LIMA",150136,1395000.0000,462000.0000,360500.0000,"SOLES",20230706
"FINCYT III","PROYECTOS DE VALIDACIÓN DE LA INNOVACIÓN",2020,"115-INNOVATEPERU-PIEC2-2020","BIXAFEM: UN PRODUCTO CON ALTO CONTENIDO DE COMPUESTO FENÓLICOS PARA EL TRATAMIENTO DE LA VAGINITIS Y VAGINOSIS BACTERIANA ELABORADO A PARTIR DE UNA ESPECIE NATIVA DEL PERÚ: ACHIOTE (BIXA ORELLANA L.)",20200902,20220902,"HERSIL S.A. LABORATORIOS INDUSTRIALES FARMACEUTICOS","ATE","LIMA","LIMA",150103,282321.0900,119289.3100,142720.0000,"SOLES",20230706
"FINCYT III","PROYECTOS DE INNOVACIÓN EMPRESARIAL",2020,"122-INNOVATEPERU-PIEC1-2020","DESARROLLO Y EVALUACIÓN PRELIMINAR DE UN PROTOTIPO DE DISPOSITIVO MÉDICO INTELIGENTE PARA TRIAJE PEDIÁTRICO EN LAS EMERGENCIAS DE ESTABLECIMIENTOS DE SALUD PÚBLICOS Y PRIVADOS                      ",20201012,20230712,"NEUROCIENCIAS INTEGRADAS S.A.C.","LINCE","LIMA","LIMA",150116,296501.5300,47482.2700,21600.0000,"SOLES",20230706
"FINCYT III","PROYECTOS DE INNOVACIÓN EMPRESARIAL",2020,"127-INNOVATEPERU-PIEC1-2020","TECNOLOGÍA BASADA EN IA DIRIGIDA A REDUCIR LA TASA DE ERROR EN LOS PROCEDIMIENTOS DIAGNÓSTICO-TERAPÉUTICOS EN ESTABLECIMIENTOS DE SALUD DE PAÍSES HISPANOHABLANTES: PILOTO CEFALEA",20200928,20220928,"CUSTODIO & MONTESINOS NEUROCONSULTAS SOCIEDAD CIVIL DE RESPONSABILIDAD LIMITADA","MAGDALENA DEL MAR","LIMA","LIMA",150120,289072.9000,44931.1000,26400.0000,"SOLES",20230706
"FINCYT III","PROYECTOS DE INNOVACIÓN EMPRESARIAL",2020,"157-INNOVATEPERU-PIEC1-2020","RELE DE PROTECCION DIGITAL PARA MOTORES DE INDUCCIÓN BASADO EN MICROCONTROLADORES CON INTERFASE IOT Y MACHINE LEARNING ",20201020,20220120,"PREMIER SOLUTIONS SAC","SURCO","HUAROCHIRI","LIMA",150732,300000.0000,242989.0000,80000.0000,"SOLES",20230706
"FINCYT III","PROYECTOS DE INNOVACIÓN EMPRESARIAL",2020,"176-INNOVATEPERU-PIEC1-2020","DESARROLLO DE UN SISTEMA FUNCIONAL BASADO EN UN MODELO MATEMÁTICO MULTIPARAMÉTRICO PARA PREDECIR LAS CARACTERÍSTICAS FÍSICO-MECÁNICAS DEL CAUCHO FORMADO DE INDUSTRIAL YALE DEL PERÚ\, A PARTIR DEL CONTROL DE LOS PARÁMETROS QUE GOBIERNAN EL PROCESO DE PRODUCCIÓN.",20201020,20230126,"INDUSTRIAL YALE DEL PERU S.A.C.","LURIGANCHO","LIMA","LIMA",150118,300000.0000,103235.0000,70000.0000,"SOLES",20230706
"FINCYT III","PROYECTOS DE INNOVACIÓN EMPRESARIAL",2020,"201-INNOVATEPERU-PIEC1-2020","DESARROLLO DE UNA PLATAFORMA MÓVIL CON INTERFAZ WEB DE ANÁLISIS DE IMÁGENES 360° Y DATOS PARA LA GESTIÓN DE LA INFRAESTRUCTURA VIAL NACIONAL",20201119,20230118,"HOB CONSULTORES S.A.","SANTIAGO DE SURCO","LIMA","LIMA",150140,215960.0000,162000.0000,161982.0000,"SOLES",20230706
"FINCYT III","PROYECTOS DE VALIDACIÓN DE LA INNOVACIÓN",2020,"212-INNOVATEPERU-PIEC2-2020","VALIDACIÓN TÉCNICA Y COMERCIAL DE ENSAMBLE DE CABEZAL PARA PERFORACIÓN DIAMANTINA DE ALTA PRODUCTIVIDAD",20201102,20230701,"BOYLES BROS DIAMANTINA S A","ATE","LIMA","LIMA",150103,204917.2060,174230.0640,136727.7400,"SOLES",20230706
"FINCYT III","CONCURSO AYUDA A LA DEMANDA DE SERVICIOS TECNOLÓGICOS - MIPYME PRODUCTIVA - CATEGORÍA 2",2020,"232-INNOVATEPERU-ADTC2-2020","CERTIFICACIÓN GLOBALG.A.P. DE LA EMPRESA FRUTAS ENZO SAC\, PARA LA EXPORTACIÓN DE FRUTAS AL MERCADO EUROPEO.",20201015,20211115,"FRUTAS ENZO S.A.C.","PIURA","PIURA","PIURA",200101,55000.0000,0.0000,16666.6700,"SOLES",20230706
"FINCYT III","PROYECTOS DE VALIDACIÓN DE LA INNOVACIÓN",2020,"246-INNOVATEPERU-PIEC2-2020","VALIDACIÓN Y EMPAQUETAMIENTO DE NUEVO MODELO DE NEGOCIO DE SERVICIO INCLUSIVO Y COLABORATIVO DE TRANSPORTE MULTIMODAL A TRAVÉS DE UNA TRANSFORMACIÓN DIGITAL EN EL TRANSPORTE URBANO EN LIMA METROPOLITANA Y CALLAO.",20201103,20230702,"INTERNATIONAL PARTNERS S.A.","BREÑA","LIMA","LIMA",150105,330146.1300,139840.8700,53996.6000,"SOLES",20230706
"FINCYT III","Startup Perú PLUG - Atracción de Emprendedores extranjeros",2020,"265-INNOVATEPERU-INS-2020","LATITUDE AEROSPACE SOLUTIONS",20210115,20230115,"UNIVERSIDAD DE PIURA","PIURA","PIURA","PIURA",200101,5000.0000,0.0000,0.0000,"DOLARES",20230706
"FINCYT III","Startup Perú PLUG - Atracción de Emprendedores extranjeros",2020,"266-INNOVATEPERU-INS-2020","SIMPLIROUTE",20210301,20230301,"WAYRA PERU ACELERADORA DE PROYECTOS SAC","MIRAFLORES","LIMA","LIMA",150122,5000.0000,0.0000,0.0000,"DOLARES",20230706
"FINCYT III","Startup Perú PLUG - Atracción de Emprendedores extranjeros",2020,"267-INNOVATEPERU-INS-2020","WEBDOX",20210310,20230310,"WAYRA PERU ACELERADORA DE PROYECTOS SAC","MIRAFLORES","LIMA","LIMA",150122,3000.0000,0.0000,0.0000,"DOLARES",20230706
"FINCYT III","Startup Perú PLUG - Atracción de Emprendedores extranjeros",2020,"268-INNOVATEPERU-INS-2020","AKIBA",20210301,20230501,"UNIVERSIDAD PERUANA DE CIENCIAS APLICADAS S.A.C.","SANTIAGO DE SURCO","LIMA","LIMA",150140,5000.0000,0.0000,0.0000,"DOLARES",20230706
"FINCYT III","CONCURSO NACIONAL PARA LA DIFUSIÓN DE CASOS DE LA INNOVACION - RECONOCIENDO LA INNOVACIÓN",2020,"270-INNOVATEPERU-RIV-2020","ELABORACIÓN DE LA SERIE DE MINIDOCUMENTALES \"QAIRA: GUARDIÁN DEL AIRE\"\, INNOVACIÓN EN LA MONITORIZACIÓN DE LA CALIDAD DEL AIRE.",20201111,20210810,"G Y P COMUNICACIONES EMPRESA INDIVIDUAL DE RESPONSABILIDAD LIMITADA","SAN SEBASTIAN","CUSCO","CUSCO",080105,159611.8400,13194.9100,55210.2400,"SOLES",20230706
"MIPYME","PROGRAMA DE APOYO A CLUSTERS",2020,"288-INNOVATEPERU-PAC-2020","DESARROLLO DEL CLUSTER PESQUERO Y ACUICOLA DE LA BAHIA DE SECHURA - REGIÓN PIURA",20201113,20231113,"CLUSTER PESQUERO ACUICOLA","PIURA","PIURA","PIURA",200101,1349811.0600,40847.4600,45000.0000,"SOLES",20230706
"FINCYT III","PROYECTOS DE INNOVACIÓN EMPRESARIAL",2020,"292-INNOVATEPERU-PIEC1-2020","DESARROLLO DE UN SOFTWARE INTELIGENTE DE RECONOCIMIENTO DE ELEMENTOS GEOMÉTRICOS (TUBERÍAS\, VIGAS\, MUROS\, Y OTROS) DE PLANTAS MINERAS PARA LA GENERACIÓN DE MAQUETAS 3D USANDO MACHINE LEARNING.",20201130,20230129,"ITO INGENIEROS S.A.C.","SAN MARTIN DE PORRES","LIMA","LIMA",150135,278945.4200,37627.3800,48700.0000,"SOLES",20230706
"FINCYT III","CONCURSO AYUDA A LA DEMANDA DE SERVICIOS TECNOLÓGICOS - MIPYME PRODUCTIVA - CATEGORÍA 2",2020,"306-INNOVATEPERU-ADTC2-2020","IMPLEMENTACIÓN Y CERTIFICACIÓN DE COMERCIO JUSTO - FAIRTRADE\, PARA MEJORAR LA CALIDAD DE VIDA DE LOS SOCIOS DE LA \"COOPERATIVA AGRARIA DE PRODUCTORES DE MANGO DE CHULUCANAS MONSEÑOR DANIEL TURLEY MURPHY - COOPAPMACH\" CHULUCANAS - PIURA.",20201028,20221027,"COOPERATIVA AGRARIA DE PRODUCTORES DE MANGO DE CHULUCANAS MONSEÑOR DANIEL TURLEY MURPHY-COOPAPMACH","CHULUCANAS","MORROPON","PIURA",200401,55000.0000,0.0000,16666.6700,"SOLES",20230706
"FINCYT III","CONCURSO DE PROYECTOS COLABORATIVOS DE INNOVACIÓN ABIERTA",2020,"312-INNOVATEPERU-CPCC2-2020","TRANSFORMACIÓN DIGITAL EN LA COMERCIALIZACIÓN Y DISTRIBUCIÓN EN SAN FERNANDO S.A. MEDIANTE INNOVACIÓN ABIERTA. ",20201113,20230714,"SAN FERNANDO S.A.","SURQUILLO","LIMA","LIMA",150141,1448166.7500,116700.0000,90006.0000,"SOLES",20230706
"MIPYME","PROGRAMA DE APOYO A CLUSTERS",2020,"326-INNOVATEPERU-PAC-2020","CLÚSTER BANANO DEL PERÚ",20201125,20230725,"CLUSTER BANANO DEL PERU","PIURA","PIURA","PIURA",200101,1350000.0000,417636.3600,210085.8900,"SOLES",20230706
"FINCYT III","PROYECTOS DE INNOVACIÓN EMPRESARIAL",2020,"344-INNOVATEPERU-PIEC1-2020","DESARROLLO DE UNA METODOLOGÍA DE ESTABILIZACIÓN DE MERCURIO METÁLICO RESIDUAL PARA SU DISPOSICIÓN SEGURA EN EL RELLENO DE SEGURIDAD DE HUATIQUMER CHINCHA  - ICA\, PERÚ",20201202,20230501,"TOWER AND TOWER S.A.","SAN ISIDRO","LIMA","LIMA",150131,300000.0000,100000.0000,52000.0000,"SOLES",20230706
"FINCYT III","CONCURSO AYUDA A LA DEMANDA DE SERVICIOS TECNOLÓGICOS - MIPYME PRODUCTIVA - CATEGORÍA 2",2020,"352-INNOVATEPERU-ADTC2-2020","IMPLEMENTACIÓN Y CERTIFICACIÓN DEL SISTEMA DE GESTIÓN DE SEGURIDAD Y SALUD EN EL TRABAJO",20201111,20221129,"GESCAM PERU SAC","SAN ISIDRO","LIMA","LIMA",150131,55000.0000,0.0000,16666.6700,"SOLES",20230706
"FIDECOM","PIMEN",2020,"023-FIDECOM-INNOVATEPERU-PIMEN-2020-SI","ADAPTACIÓN DE NANOBURBUJAS POR ELECTROLISIS EN SISTEMAS DE FERTIRRIGACIÓN PARA EL INCREMENTO DE LA PRODUCTIVIDAD EN EL CULTIVO DE CACAO EN LA REGION SAN MARTIN.","","","KAMPOS DEL PERU SOCIEDAD ANONIMA CERRADA","LA BANDA DE SHILCAYO","SAN MARTIN","SAN MARTIN",220909,149396.6200,15583.0000,21840.0000,"SOLES",20230706
"FIDECOM","PIMEN",2020,"024-FIDECOM-INNOVATEPERU-PIMEN-2020-SI","	 DESARROLLO DE UN PROTOTIPO DE TANQUE CON TECNOLOGÍA ULTRASÓNICA E INTERCAMBIADOR DE CALOR PARA OPTIMIZAR EL PROCESO DE DESAMARGADO DE TARWI.","","","TARWICORP SAC - TARWI","SAN MIGUEL","LIMA","LIMA",150136,149301.0000,15706.0000,22500.0000,"SOLES",20230706
"FIDECOM","PIMEN",2020,"025-FIDECOM-INNOVATEPERU-PIMEN-2020-SI","DESARROLLO DE UN SISTEMA DE TRATAMIENTO DE EFLUENTES DE RIBERA POR ADSORCIÓN DE CROMO MEDIANTE COMPUESTOS ORGÁNICOS E INORGÁNICOS.",20210119,20210119,"CURTIDURIA ORION S.A.C.","LA ESPERANZA","TRUJILLO","LA LIBERTAD",130105,150000.0000,23376.0000,18900.0000,"SOLES",20230706
"FIDECOM","PIMEN",2020,"026-FIDECOM-INNOVATEPERU-PIMEN-2020-SI","DESARROLLO DE UN PROTOTIPO SECADOR DE MADERA PARA PROCESAMIENTO SECUNDARIO\, CON TECNOLOGÍA DE EFECTO INVERNADERO\, COLECTORES SOLARES DE AIRE Y SISTEMAS DE CONTROL ELECTRÓCNICO Y MEDICIÓN DE HUMEDAD Y OTROS PARÁMETROS\, PARA MEJORAR EL PROCESO DE SECADO.","","","CABANILLAS PARDO JORGE ABEL","LA BANDA DE SHILCAYO","SAN MARTIN","SAN MARTIN",220909,80000.0000,8200.0000,8640.0000,"SOLES",20230706
"FIDECOM","PIMEN",2020,"029-FIDECOM-INNOVATEPERU-PIMEN-2020-SI","DESARROLLO DE UN ALIMENTO FORTIFICADO\, MICRONIZADO E INSTANTÁNEO A BASE DE CEREALES ANDINOS Y PANELA.","","","SOLUCIONES Y SERVICIOS KATY S.A.C.","LURIGANCHO","LIMA","LIMA",150118,149980.0000,20470.0000,26200.0000,"SOLES",20230706
"FIDECOM","VALIDACIÓN Y EMPAQUETAMIENTO DE INNOVACIONES",2020,"028-FIDECOM-INNOVATEPERU-PVE-2020-SI","VALIDACIÓN TÉCNICA Y COMERCIAL PARA FIBRAS DE ACERO DE ALTO CARBONO DE PISOS\, PAVIMENTOS\, ASÍ COMO ESTRUCTURAS DE CONCRETO DE ULTRA ALTA RESISTENCIA.",20201113,20201113,"CALUR DEL PERU S.A.C.","SAN BORJA","LIMA","LIMA",150130,247417.8000,82870.0000,168600.0000,"SOLES",20230706
"FIDECOM","VALIDACIÓN Y EMPAQUETAMIENTO DE INNOVACIONES",2020,"027-FIDECOM-INNOVATEPERU-PVE-2020-SI","VALIDACIÓN DEL PROCESO MEJORADO DE PELETERÍA DE BABY ALPACA CON REVESTIMIENTO NANOTECNOLÓGICO DE PROTECCIÓN FOTOCATALÍTICA ANTIBACTERIAL PARA ELABORAR PRODUCTOS PARA EL MERCADO CHINO.","","","AYLLU CRAFTSMAN PERU S.A.C.","LA MOLINA","LIMA","LIMA",150114,360000.0000,48000.0000,37080.0000,"SOLES",20230706
"FIDECOM","VALIDACIÓN Y EMPAQUETAMIENTO DE INNOVACIONES",2020,"020-FIDECOM-INNOVATEPERU-PVE-2020-SI","VALIDACIÓN DE ATRIBUTOS TÉCNICOS Y COMERCIALES DE PIGMENTOS DE ALTA GAMA PARA EL SECTOR DE ESPUMAS DE POLIURETANO.","","","ALVAREZ DEL VILLAR SAGI LUIS ALBERTO","SANTIAGO DE SURCO","LIMA","LIMA",150140,359994.5400,48871.0000,43800.0000,"SOLES",20230706
"FIDECOM","VALIDACIÓN Y EMPAQUETAMIENTO DE INNOVACIONES",2020,"016-FIDECOM-INNOVATEPERU-PVE-2020-SI","AJUSTE TECNOLÓGICO Y EMPAQUETAMIENTO DE UN SUSTITUTO PROTEICO PARA ABEJAS PARA EL MERCADO APÍCOLA NACIONAL","","","INVERSIONES PECUARIAS PORK SOCIEDAD ANONIMA CERRADA - INPORK S.A.C.","SACHACA","AREQUIPA","AREQUIPA",040117,359633.5700,48792.0000,53800.0000,"SOLES",20230706
"FIDECOM","VALIDACIÓN Y EMPAQUETAMIENTO DE INNOVACIONES",2020,"017-FIDECOM-INNOVATEPERU-PVE-2020-SI","AJUSTE TECNOLÓGICO DE ATRIBUTOS COMERCIALES Y EMPAQUETAMIENTO DE UNA GINEBRA PREMIUM ELABORADA A BASE DE ESPECIES PERUANAS PARA EL INGRESO AL MERCADO NACIONAL E INTERNACIONAL.","","","DESTILADOS DEL PERU S.A.C.","VILLA MARIA DEL TRIUNFO","LIMA","LIMA",150143,359906.6700,48423.0000,64500.0000,"SOLES",20230706
"FIDECOM","VALIDACIÓN Y EMPAQUETAMIENTO DE INNOVACIONES",2020,"019-FIDECOM-INNOVATEPERU-PVE-2020-SI","VALIDACIÓN Y PROTECCIÓN DEL \"IMPLANTE PLANO MIRANDA\" PARA EL TRATAMIENTO DE GLAUCOMA",20201104,20201104,"MM INSTRUMENTOS S.A.C.","SAN ISIDRO","LIMA","LIMA",150131,360000.0000,181860.0000,216000.0000,"SOLES",20230706
"FIDECOM","VALIDACIÓN Y EMPAQUETAMIENTO DE INNOVACIONES",2020,"021-FIDECOM-INNOVATEPERU-PVE-2020-SI","VALIDACIÓN Y EMPAQUETAMIENTO DE LA PLATAFORMA SMARTBEAUTY (APP DE RESERVAS Y COMPRAS DE SERVICIOS) PARA CONSUMIDORES DEL SALÓN DE BELLEZA.","","","INSTANT TECHNOLOGIES S.A.C.","SAN ISIDRO","LIMA","LIMA",150131,314075.0000,59600.0000,48000.0000,"SOLES",20230706
"FINCYT III","CONCURSO AYUDA A LA DEMANDA DE SERVICIOS TECNOLÓGICOS - MIPYME PRODUCTIVA - CATEGORÍA 2",2020,"392-INNOVATEPERU-ADTC2-2020","CERTIFICACIÓN DEL SISTEMA HACCP PARA LA LÍNEA DE ELABORACIÓN DE BEBIDAS NO ALCOHÓLICAS A BASE DE FRUTAS\, CEREALES Y OTROS VEGETALES",20201202,20230129,"ZELKOVA S.A.C.","LA VICTORIA","LIMA","LIMA",150115,52620.0000,0.0000,16540.0000,"SOLES",20230706
"FINCYT III","CONCURSO AYUDA A LA DEMANDA DE SERVICIOS TECNOLÓGICOS - MIPYME PRODUCTIVA - CATEGORÍA 2",2020,"444-INNOVATEPERU-ADTC2-2020","IMPLEMENTACIÓN Y CERTIFICACIÓN  DE LAS NORMAS INTERNACIONALES ISO 9001: 2015 SISTEMAS DE GESTIÓN DE LA CALIDAD E ISO 45001:2018 GESTIÓN DE LA SEGURIDAD Y SALUD EN EL TRABAJO EN LA EMPRESA INDUSTRIA GRÁFICA ALGRAF S.A.C.",20201125,20221124,"INDUSTRIA GRAFICA ALGRAF S.A.C","LIMA","LIMA","LIMA",150101,47150.0000,0.0000,14050.0000,"SOLES",20230706
"FINCYT III","MIPYME DIGITAL",2020,"448-INNOVATEPERU-MD-2020","TRANSFORMACIÓN DIGITAL DE LA OPERACIÓN COMERCIAL Y LOGÍSTICA DE PROVET PERÚ",20201128,20211227,"REPRESENTACIONES E INVERSIONES VETERINARIAS PERU S.A.C.","SAN BORJA","LIMA","LIMA",150130,55000.0000,0.0000,16666.6666,"SOLES",20230706
"MIPYME","PROGRAMA DESARROLLO DE PROVEEDORES - CATEGORÍA 2 - FASE IMPLEMENTACIÓN",2020,"496-INNOVATEPERU-PDPC2I-2020","PROYECTO DE DESARROLLO DE PROVEEDORES DE LA FÁBRICA DE EMBUTIDOS LA ALEMANA S.A.C. ",20201216,20221216,"MAKE THINGS HAPPEN CONSULTING PERU SOCIEDAD ANONIMA CERRADA","CAYMA","AREQUIPA","AREQUIPA",040103,599999.9995,0.0000,0.0000,"SOLES",20230706
"FINCYT III","PROYECTOS DE VALIDACIÓN DE LA INNOVACIÓN",2020,"513-INNOVATEPERU-PIEC2-2020","VALIDACIÓN Y EMPAQUETAMIENTO DE LA SOLUCIÓN TECNOLÓGICA INTEGRAL  DE INSPECCIÓN DE TÚNELES Y DUCTOS DE INFRAESTRUCTURA DE RELAVES PARA LA OPTIMIZACIÓN DE LA GESTIÓN DE INTEGRIDAD EN MINERÍA. ",20201228,20220628,"E&M SISTEMAS INTEGRALES S.R.L.","MIRAFLORES","LIMA","LIMA",150122,449999.8100,0.0000,85600.0000,"SOLES",20230706
"FINCYT III","CONCURSO AYUDA A LA DEMANDA DE SERVICIOS TECNOLÓGICOS - MIPYME PRODUCTIVA - CATEGORÍA 2",2020,"526-INNOVATEPERU-ADTC2-2020","IMPLEMENTACIÓN Y CERTIFICACIÓN DE UN SISTEMA DE GESTIÓN CALIDAD ISO 9001 EN LA EMPRESA CORPORACIÓN DE ALIMENTOS PERUGOURMETS SAC ",20201204,20230603,"CORPORACION DE ALIMENTOS PERUGOURMETS S.A.C.","PUENTE PIEDRA","LIMA","LIMA",150125,46610.0000,0.0000,14160.0000,"SOLES",20230706
"FINCYT III","MIPYME DIGITAL",2020,"529-INNOVATEPERU-MD-2020","DISEÑO E IMPLEMENTACIÓN DE LOS MÓDULOS DE GESTIÓN DE CONTENIDO Y DE ANÁLISIS DE DATOS\, EN LA PLATAFORMA TUDOC",20201215,20211214,"J Y R SALUD SAC","LIMA","LIMA","LIMA",150101,54560.0000,0.0000,16520.0000,"SOLES",20230706
"FINCYT III","CONCURSO DE PROYECTOS COLABORATIVOS DE INNOVACIÓN ABIERTA",2020,"530-INNOVATEPERU-CPCC2-2020","DESAFÍOS DE INNOVACIÓN ABIERTA EN DOMINUS\, HACIA UNA AGROINDUSTRIA INTELIGENTE\, ÁGIL Y COMPETITIVA",20201228,20230730,"DOMINUS S.A.C","SAN ISIDRO","LIMA","LIMA",150131,919938.0000,412432.0000,342062.0000,"SOLES",20230706
"FIDECOM","PIMEN",2020,"031-FIDECOM-INNOVATEPERU-PIMEN-2020-SI","DESARROLLO DE UN PROTOTIPO DE DESVAINADO DE MAZORCAS DE CACAO\, CON LA ADAPTACIÓN DEL PRINCIPIO MECÁNICO DEL SISTEMA EXCÉNTRICO DE LEVAS\, PARA INCREMENTAR LA CAPACIDAD OPERATIVA DEL PRODUCTOR CACAOTERO DE LA SELVA CENTRAL.","","","MUCHA MEZA ENRIQUE RONALD","EL TAMBO","HUANCAYO","JUNIN",120114,80000.0000,8648.0000,13380.0000,"SOLES",20230706
"FIDECOM","PIMEN",2020,"036-FIDECOM-INNOVATEPERU-PIMEN-2020-SI","DESARROLLO DE UN CENTRO DE INTERPRETACIÓN DE FAUNA SILVESTRE USANDO ENERGÍA FOTOVOLTAICA PARA FOMENTAR EL TURISMO CIENTÍFICO Y VIVENCIAL EN TAMBOPATA - MADRE DE DIOS. ","","","ICTERUS EMPRESA INDIVIDUAL DE RESPONSABILIDAD LIMITADA","TAMBOPATA","TAMBOPATA","MADRE DE DIOS",170101,149988.0000,14012.0000,18000.0000,"SOLES",20230706
"FIDECOM","PIMEN",2020,"039-FIDECOM-INNOVATEPERU-PIMEN-2020-SI","DESARROLLO DE UN PROCESO DE FERMENTACIÓN LÁCTICA PARA SANITIZAR Y ACELERAR LA OBTENCIÓN DEL ALIMENTO PARA LAS LOMBRICES EN LA PRODUCCIÓN DE HUMUS AGRÍCOLA.","","","SUPER HUMUS DE LOMBRIZ SOCIEDAD ANONIMA CERRADA","LURIN","LIMA","LIMA",150119,149968.6000,16011.0000,16170.0000,"SOLES",20230706
"FIDECOM","PIMEN",2020,"037-FIDECOM-INNOVATEPERU-PIMEN-2020-SI","ESTANDARIZACIÓN DE LA FERMENTACIÓN ANAERÓBICA CONTROLADA DEL CAFÉ A NIVEL DE CEREZO EN LA ETAPA DE POST COSECHA MEDIANTE LOS MÉTODOS DE BENEFICIO HONEY Y NATURAL PARA LA OBTENCIÓN DE CAFÉ DE ALTA CALIDAD SENSORIAL. ","","","SELVA FOODS MARKET SOCIEDAD ANONIMA CERRADA","MOYOBAMBA","MOYOBAMBA","SAN MARTIN",220101,149940.0000,25300.0000,26760.0000,"SOLES",20230706
"FIDECOM","VALIDACIÓN Y EMPAQUETAMIENTO DE INNOVACIONES",2020,"035-FIDECOM-INNOVATEPERU-PVE-2020-SI","VALIDACIÓN TÉCNICA\, COMERCIAL Y EMPAQUETAMIENTO TECNOLÓGICO Y COMERCIAL DEL ELECTRODO REVESTIDO ESPECIAL PARA RECUBRIMIENTOS DUROS AR1000-2 EN LA MACRO REGIÓN SUR DEL PERU ",20201230,20201230,"ARAD EIRL","MIRAFLORES","AREQUIPA","AREQUIPA",040110,360000.0000,48000.0000,65400.0000,"SOLES",20230706
"FIDECOM","VALIDACIÓN Y EMPAQUETAMIENTO DE INNOVACIONES",2020,"033-FIDECOM-INNOVATEPERU-PVE-2020-SI","VALIDACIÓN DEL SERVICIO DE ADOPCIÓN DEL BOSQUE CON TECNOLOGÍA DIGITAL Y ECOTURISMO EN LA CUENCA DEL RÍO PIEDRAS\, TAMBOPATA\, MADRE DE DIOS.","","","ASOCIACION PARA LA RESILIENCIA DEL BOSQUE FRENTE A LA INTER-OCEANICA","TAMBOPATA","TAMBOPATA","MADRE DE DIOS",170101,330947.9100,44347.0000,55410.0000,"SOLES",20230706
"FIDECOM","VALIDACIÓN Y EMPAQUETAMIENTO DE INNOVACIONES",2020,"032-FIDECOM-INNOVATEPERU-PVE-2020-SI","METODOLOGÍA ONLINE PARA LA IMPLEMENTACIÓN DE UN SISTEMA DE BIOSEGURIDAD EN LAS EMPRESAS","","","PROYASA CONSULTING GROUP SOCIEDAD ANONIMA CERRADA","SAN MIGUEL","LIMA","LIMA",150136,334700.0000,50300.0000,49400.0000,"SOLES",20230706
"FIDECOM","VALIDACIÓN Y EMPAQUETAMIENTO DE INNOVACIONES",2020,"034-FIDECOM-INNOVATEPERU-PVE-2020-SI","VALIDACIÓN Y EMPAQUETAMIENTO TECNOLÓGICO Y COMERCIAL DEL SISTEMA INNOVADOR DE MANTENIMIENTO DE FILTROS DE AIRE\, FÍSICO-MECÁNICO\, CON SISTEMA DE MEDICIÓN AUTOMÁTICO DE FLUJO DE AIRE PARA VEHÍCULOS Y EQUIPOS MOTRICES\, EN LA REGIÓN AREQUIPA","","","M Y R TECNOMAQ S.R.L.","AREQUIPA","AREQUIPA","AREQUIPA",040101,360000.0000,48218.0000,40320.0000,"SOLES",20230706
"FIDECOM","VALIDACIÓN Y EMPAQUETAMIENTO DE INNOVACIONES",2020,"041-FIDECOM-INNOVATEPERU-PVE-2020-SI","AJUSTES TECNOLÓGICOS EN LA CALIDAD FÍSICA DE GRANO VERDE Y CALIDAD SENSORIAL PARA LA OBTENCIÓN DE PUNTUACIÓN SUPERIOR EN TAZA PARA CAFÉS DIFERENCIADOS ","","","\"PERUVIAN HARVEST AGRONEGOCIOS SOCIEDAD ANONIMA CERRADA\"","MOYOBAMBA","MOYOBAMBA","SAN MARTIN",220101,355360.0000,62750.0000,74000.0000,"SOLES",20230706
"FIDECOM","VALIDACIÓN Y EMPAQUETAMIENTO DE INNOVACIONES - INNOVAR PARA REACTIVAR",2020,"040-FIDECOM-INNOVATEPERU-PVER-2020-SI","VALIDACIÓN Y EMPAQUETAMIENTO DE LA PLATAFORMA BIT24.PE - SOLUCIÓN CLOUD TIPO SAAS (SOFTWARE AS A SERVICE) DISEÑADO CON TECNOLOGÍA BUSINESS INTELLIGENCE PARA MEJORAR LA GESTIÓN ESTRATÉGICA Y EL PROCESO LOGÍSTICO DE MIPYMES DEDICADAS A LA VENTA AL POR MENOR.","","","KPI. CENTRO TECNOLOGICO EMPRESARIAL S.R.L.","PIURA","PIURA","PIURA",200101,231740.0000,28600.0000,28000.0000,"SOLES",20230706
"FIDECOM","VALIDACIÓN Y EMPAQUETAMIENTO DE INNOVACIONES - INNOVAR PARA REACTIVAR",2020,"030-FIDECOM-INNOVATEPERU-PVER-2020-SI","VALIDACIÓN Y EMPAQUETAMIENTO DE INNOVACIÓN TECNOLÓGICA VR PAIN FEELSGOOD PARA MERCADO BRASILEÑO\, YA PROBADO EN 3 PAÍSES A NIVEL DE PROTOTIPO COMERCIAL ( PERÚ\, MÉXICO\, COLOMBIA )  ","","","FEELSGOOD S.A.","SAN ISIDRO","LIMA","LIMA",150131,159000.0000,55819.0000,111300.0000,"SOLES",20230706
"FINCYT III","PROYECTOS DE INNOVACIÓN EMPRESARIAL",2020,"562-INNOVATEPERU-PIEC1-2020","DESARROLLO DE UN MÉTODO CONSTRUCTIVO QUE ARTICULA PREFABRICACIÓN\, PRE ENSAMBLAJE Y MODULARIZACIÓN\, CON UN ALTO PORCENTAJE DE MATERIALES ECOLÓGICOS A BASE DE COMPUESTOS PLÁSTICO-MADERA\, APLICADO EN UN PROTOTIPO DE ESCUELA RURAL EN LA REGIÓN HUANCAVELICA",20201228,20221228,"MADECOPLAST S.A.C.","VILLA EL SALVADOR","LIMA","LIMA",150142,299887.2700,41112.7300,50150.0000,"SOLES",20230706
"FINCYT III","MIPYME DIGITAL",2020,"594-INNOVATEPERU-MD-2020","OPTIMIZACIÓN Y DIGITALIZACIÓN DE PROCESOS DE VENTAS\, PLANEAMIENTO Y GESTIÓN DE PRODUCCIÓN PARA LA EMPRESA INDUSTRIA DE CALZADO BOLEJE E.I.R.L ",20201215,20221214,"INDUSTRIA DE CALZADO BOLEJE EIRL","SAN AGUSTIN","HUANCAYO","JUNIN",120129,54999.8000,0.0000,16666.6000,"SOLES",20230706
"FINCYT III","MIPYME DIGITAL",2020,"613-INNOVATEPERU-MD-2020","DESARROLLO DE PLATAFORMA ECOMMERCE DE SERVICIO DE ENVIOS DE PAQUETERÍA A NIVEL NACIONAL CON SISTEMA DE MONITOREO SOBRE EL ESTADO DE ENTREGA",20201229,20211129,"KAIZEN OPTIMAL TRANSPORT SOCIEDAD ANONIMA CERRADA - KAIZEN OPTIMAL TRANSPORT S.A.C.","LURIGANCHO","LIMA","LIMA",150118,54950.0000,0.0000,16650.0000,"SOLES",20230706
"FINCYT III","PROYECTOS DE INNOVACIÓN EMPRESARIAL",2020,"620-INNOVATEPERU-PIEC1-2020","DESARROLLO DE UN SISTEMA PILOTO DE CASA \"PASSIVHAUS\" CON MATERIALES LOCALES Y CONDICIONES DE EXTREMO FRIAJE DE LAS ZONAS ALTOANDINAS MACROREGIÓN SUR DEL PERÚ.",20210115,20230915,"MEGATECSA SOCIEDAD ANÓNIMA CERRADA - MEGATECSA S.A.C","SACHACA","AREQUIPA","AREQUIPA",040117,299999.9959,40000.0041,42900.0000,"SOLES",20230706
"FINCYT III","DINAMIZACIÓN DE ECOSISTEMAS REGIONALES DE INNOVACIÓN Y EMPRENDIMIENTO 2.0",2020,"623-INNOVATEPERU-DER-2020","FORTALECIMIENTO Y DINAMIZACIÓN DEL ECOSISTEMA DE LA REGIÓN TACNA BASADO EN UN ENFOQUE COLECTIVO Y COLABORATIVO PARA EL DESARROLLO DE LA INNOVACIÓN Y EMPRENDIMIENTO",20210114,20230821,"MODULO DE SERVICIOS TACNA - MS TACNA INNOVA","TACNA","TACNA","TACNA",230101,1798608.0000,144000.0000,305300.0000,"SOLES",20230706
"FINCYT III","CONCURSO AYUDA A LA DEMANDA DE SERVICIOS TECNOLÓGICOS - MIPYME PRODUCTIVA - CATEGORÍA 2",2020,"625-INNOVATEPERU-ADTC2-2020","CERTIFICACION DE LA NORMA ISO 9001:2015 SISTEMAS DE GESTIÓN DE CALIDAD",20201223,20220922,"ELECTRIM SERVICIOS E.I.R.L.","ATE","LIMA","LIMA",150103,53375.0000,0.0000,16125.0000,"SOLES",20230706
"FINCYT III","CONCURSO DE PROYECTOS COLABORATIVOS DE INNOVACIÓN ABIERTA",2020,"634-INNOVATEPERU-CPCC2-2020"," DESARROLLO DE PROYECTO DE INNOVACIÓN ABIERTA QUE ARTICULE A LOS TEJEDORES INDUSTRIALES DE FIBRA LARGA E INTEGRE A TRAVÉS DE HERRAMIENTAS TECNOLÓGICAS LA CADENA DE SUMINISTRO TEXTIL PERUANA (DESDE LA FIBRA HASTA EL CONSUMIDOR FINAL).",20201228,20230627,"SUDAMERICANA DE FIBRAS S.A.","CALLAO","PROV. CONST. DEL CALLAO","CALLAO",070101,1500000.0000,705000.0000,391250.0000,"SOLES",20230706
"MIPYME","PROGRAMA DESARROLLO DE PROVEEDORES - CATEGORÍA 2 - FASE IMPLEMENTACIÓN",2020,"639-INNOVATEPERU-PDPC2I-2020","MEJORA DE PRODUCTIVIDAD\, COMPETITIVIDAD Y FORTALECIMIENTO DE CAPACIDADES DE EMPRESAS PROVEEDORAS DE RAINFOREST EXPEDITIONS Y CIERRE DE BRECHAS TÉCNICO-PRODUCTIVAS\, CALIDAD Y GESTIÓN EMPRESARIAL\, CON AFLUENCIA EN LA AMAZONÍA PERUANA.",20210419,20221119,"RAINFOREST EXPEDITIONS SAC","TAMBOPATA","TAMBOPATA","MADRE DE DIOS",170101,600000.0000,85714.3000,171428.5700,"SOLES",20230706
"FINCYT III","PROYECTOS DE INNOVACIÓN EMPRESARIAL",2020,"649-INNOVATEPERU-PIEC1-2020","DESARROLLAR UN SISTEMA DE INVENTARIO DE PARCELAS AGROFORESTALES (CON TECNOLOGÍA LIDAR) Y UN SISTEMA DE APROVECHAMIENTO FORESTAL CON IMPACTO REDUCIDO (CON ASERRADERO MÓVIL CON SIERRA CINTA)\, PARA APROVECHAMIENTO LEGAL DE PARCELAS REGISTRADAS EN SERFOR-CAJAMARCA",20210304,20230603,"COOPERATIVA DE SERVICIOS MULTIPLES SOL&CAFE LTDA.","JAEN","JAEN","CAJAMARCA",060801,299940.0000,282230.0000,225000.0000,"SOLES",20230706
"FINCYT III","PROYECTOS DE INNOVACIÓN EMPRESARIAL - INNOVAR PARA REACTIVAR",2020,"650-INNOVATEPERU-PIEC1R-2020","DESARROLLO DE UNA PLATAFORMA DE ENTRENAMIENTO VIRTUAL PARA EMPRENDEDORES LATINOAMERICANOS.",20201228,20221228,"TEAM ACADEMY PERU S.A.C.","SANTIAGO DE SURCO","LIMA","LIMA",150140,287900.8000,33305.6400,52100.0000,"SOLES",20230706
"FINCYT III","PROYECTOS DE INNOVACIÓN EMPRESARIAL",2020,"651-INNOVATEPERU-PIEC1-2020","DESARROLLO DE UNA PLATAFORMA OMNICANAL DE NEGOCIOS PREDICTIVA\, QUE OPTIMIZA EL USO DE LOS DATOS A TRAVÉS DE INTELIGENCIA ARTIFICIAL Y DATA MINING\, PARA MEJORA DEL PROCESO DE COMUNICACIÓN\, TOMA DE DECISIONES Y EXPERIENCIA DEL USUARIO DE CONTACT CENTER EN PERÚ",20201228,20221228,"MOWA CONSULTORA S.A.C.","SAN ISIDRO","LIMA","LIMA",150131,226661.0300,31438.9700,35920.0000,"SOLES",20230706
"FINCYT III","DINAMIZACIÓN DE ECOSISTEMAS REGIONALES DE INNOVACIÓN Y EMPRENDIMIENTO 2.0",2020,"655-INNOVATEPERU-DER-2020","ECOSISTEMA DE INVESTIGACIÓN\, INNOVACIÓN Y EMPRENDIMIENTO DE LA REGIÓN ICA - EIIE - ICA",20210115,20230614,"CAMARA DE COMERCIO INDUSTRIA Y TURISMO","ICA","ICA","ICA",110101,1674902.0000,173692.0000,317236.0000,"SOLES",20230706
"FINCYT III","PROYECTOS DE INNOVACIÓN EMPRESARIAL",2020,"658-INNOVATEPERU-PIEC1-2020","OBTENCIÓN DE ALCOHOL VÍNICO MEDIANTE LA REUTILIZACIÓN Y REVALORIZACIÓN DE RESIDUOS COMO BORRAS\, CABEZAS Y COLAS GENERADOS DURANTE EL PROCESO DE ELABORACIÓN DE PISCO EN LA EMPRESA VITIVINÍCOLA DON SALVATTORE EN LA PROVINCIA DE CHINCHA",20210302,20230302,"VITIVINICOLA DON SALVATTORE S.A.C.","GROCIO PRADO","CHINCHA","ICA",110206,252564.0800,39987.7200,25200.0000,"SOLES",20230706
"MIPYME","PROGRAMA DE APOYO A CLUSTERS",2021,"001-INNOVATEPERU-PAC-2021","CONSOLIDACIÓN DEL CLÚSTER ENOTURÍSTICO DE ICA",20210215,20230215,"CLUSTER ENOTURISTICO DE ICA","","","","",1350000.0000,451600.4800,188934.0000,"SOLES",20230706
"FIDECOM","VALIDACIÓN Y EMPAQUETAMIENTO DE INNOVACIONES",2020,"044-FIDECOM-INNOVATEPERU-PVE-2020-SI","VALIDACION DE UN EQUIPO DIGITAL\, MULTIPLE INTEGRADO PARA TRATAMIENTO DE CONDUCTOS RADICULARES EN ENDODONCIA.","","","SOCIEDAD PERUANA ODONTOLOGICA DEL SUR S.A.C. / SPOS S.A.C.","","","","",359999.8200,57573.3900,23400.0000,"SOLES",20230706
"FIDECOM","VALIDACIÓN Y EMPAQUETAMIENTO DE INNOVACIONES - INNOVAR PARA REACTIVAR",2021,"042-FIDECOM-INNOVATEPERU-PVER-2020-SI","MEJORA Y VALIDACIÓN DE SIMULADORES INSTRUCCIONAL INMERSIVO PARA EL PERFECCIONAMIENTO OPERATIVO PARA LA INDUSTRIA NACIONAL","","","COSMOTEC PERU S.A.C.","","","","",193550.0000,36000.0000,23000.0000,"SOLES",20230706
"FIDECOM","VALIDACIÓN Y EMPAQUETAMIENTO DE INNOVACIONES - INNOVAR PARA REACTIVAR",2020,"043-FIDECOM-INNOVATEPERU-PVER-2020-SI","VALIDACIÓN Y EMPAQUETAMIENTO DE LA PLATAFORMA ALFI (MÓDULO DE EDUCACIÓN FINANCIERA Y MARKETPLACE FINANCIEROS)\, CON USUARIOS DE BANCA PERSONAL Y MYPES\, USANDO BUSINESS INTELLIGENCE Y EN ALIANZA CON UN BANCO GLOBAL\, PARA LA REACTIVACIÓN ECONÓMICA Y SOCIAL.","","","SYAM SYSTEMS S.A.C.","MIRAFLORES","LIMA","LIMA",150122,356100.0000,47500.0000,56200.0000,"SOLES",20230706
"FINCYT III","CONCURSO BECAS PARA CURSOS VIRTUALES EN EL EXTRANJERO",2021,"007-INNOVATEPERU-BCE-2021","BECA PARA CURSO VIRTUAL - CERTIFICADO PROFESIONAL EN TRANSFORMACIÓN DIGITAL\, EN EL MIT PROFESSIONAL EDUCATION",20210301,20221001,"HOPKINS ALFARO ILSHE STHEPFANIE","","","","",9450.0000,0.0000,4050.0000,"DOLARES",20230706
"FINCYT III","CONCURSO AYUDA A LA DEMANDA DE SERVICIOS TECNOLÓGICOS - MIPYME PRODUCTIVA - CATEGORÍA 2",2021,"023-INNOVATEPERU-ADTC2-2021","IMPLEMENTACION Y CERTIFICACION DEL SISTEMA HACCP:2017 EN LA LINEA DE PROCESAMIENTO\, ENVASADO Y DISTRIBUCION DE PANETON DE LA EMPRESA PROCESOS INDUSTRIALES ROMA S.A.C.",20210122,20230121,"PROCESOS INDUSTRIALES ROMA S.A.C.","","","","",55000.0000,0.0000,16666.6700,"SOLES",20230706
"FINCYT III","CONCURSO BECAS PARA CURSOS VIRTUALES EN EL EXTRANJERO",2021,"025-INNOVATEPERU-BCE-2021","BECA PARA EN MASTER EN INNOVACIÓN Y SOSTENIBILIDAD EMPRESARIAL EN EADA BUSINESS SCHOOL ? ESPAÑA (MODALIDAD VIRTUAL)",20210301,20220601,"LEVA ORCCOHUARANCCA LIZ YAJEYDA","","","","",7510.0900,0.0000,3218.6100,"DOLARES",20230706
"FINCYT III","CONCURSO BECAS PARA CURSOS VIRTUALES EN EL EXTRANJERO",2021,"026-INNOVATEPERU-BCE-2021","BECA PARA CERTIFICADO EN MARKETING INNOVATION EN ESADE BUSINESS SCHOOL - ESPAÑA (MODALIDAD VIRTUAL)",20210301,20221001,"YANCE CARLOS IVO EDUARDO","","","","",5600.0000,0.0000,2400.0000,"DOLARES",20230706
"FINCYT III","CONCURSO BECAS PARA CURSOS VIRTUALES EN EL EXTRANJERO",2021,"027-INNOVATEPERU-BCE-2021","BECA PARA CERTIFICADO PROFESIONAL EN TRANSFORMACIÓN DIGITAL EN MASSACHUSETTS INSTITUTE OF TECHNOLOGY (MIT) ? ESTADOS UNIDOS (MODALIDAD VIRTUAL)",20210301,20220301,"CARUAJULCA BLANCO DORA VERONICA","","","","",9450.0000,0.0000,4050.0000,"DOLARES",20230706
"FINCYT III","CONCURSO BECAS PARA CURSOS VIRTUALES EN EL EXTRANJERO",2021,"028-INNOVATEPERU-BCE-2021","BECA PARA MASTER EN INNOVACIÓN Y EMPRENDIMIENTO EN OBS BUSINESS SCHOOL ? ESPAÑA (MODALIDAD VIRTUAL)",20210301,20220401,"DELGADO TORRES OMAR ZACHARY","","","","",5809.6500,0.0000,3000.0000,"DOLARES",20230706
"FINCYT III","CONCURSO AYUDA A LA DEMANDA DE SERVICIOS TECNOLÓGICOS - MIPYME PRODUCTIVA - CATEGORÍA 2",2021,"031-INNOVATEPERU-ADTC2-2021","INCREMENTO DE LA PRODUCTIVIDAD Y COMPETITIVIDAD DE LA EMPRESA BUENA VISTA S.A.C.\, A TRAVÉS DE LA CERTIFICACIÓN DE LA HUELLA HÍDRICA PARA EL CULTIVO DE LA SEMILLA DE JOJOBA",20210217,20230730,"BUENA VISTA SAC","","","","",55000.0000,0.0000,16666.6700,"SOLES",20230706
"FINCYT III","CONCURSO BECAS PARA CURSOS VIRTUALES EN EL EXTRANJERO",2021,"035-INNOVATEPERU-BCE-2021","BECA PARA MAESTRIA VIRTUAL - MASTER OF ARTS IN BUSINESS INNOVATION",20210318,20220518,"CORTES QUIROZ JOSE LUIS","","","","",10592.0000,0.0000,4540.0000,"DOLARES",20230706
"FINCYT III","MIPYME DIGITAL",2021,"041-INNOVATEPERU-MD-2021","IMPLEMENTACION DE ANALITICA COMERCIAL Y DE PRODUCCION  EN EMPRESA DE DESARROLLO Y VENTA DE  SOFTWARE DE GESTION  PARA  PEQUEÑAS EMPRESAS Y CONTADORES PUBLICOS PARA DETERMINACION DE PACKS DE MÓDULOS\, PRECIOS\, PROMOCIONES Y CANALES DE ATENCION PERSONALIZADOS",20210126,20220125,"CONTASISCORP SOCIEDAD ANONIMA CERRADA - CONTASISCORP S.A.C.","","","","",54999.8000,0.0000,16666.6000,"SOLES",20230706
"FINCYT III","CONCURSO AYUDA A LA DEMANDA DE SERVICIOS TECNOLÓGICOS - MIPYME PRODUCTIVA - CATEGORÍA 2",2021,"054-INNOVATEPERU-ADTC2-2021","IMPLEMENTACIÓN DE UN SISTEMA INTEGRADO DE GESTIÓN DE CALIDAD\, SEGURIDAD Y SALUD EN EL TRABAJO Y MEDIO AMBIENTE EN BASE A LA NORMA ISO 9001\, ISO 45001\, ISO 14001\,  PARA LA EMPRESA LETTERA GRAFICA S.A.C.",20210208,20230629,"LETTERA GRAFICA SAC","","","","",54900.0000,0.0000,50000.0000,"SOLES",20230706
"FINCYT III","CONCURSO BECAS PARA CURSOS VIRTUALES EN EL EXTRANJERO",2021,"055-INNOVATEPERU-BCE-2021","BECA PARA CURSO VIRTUAL: MAESTRÍA EN INNOVACIÓN Y EMPRENDIMIENTO",20210315,20221129,"SANCHEZ CHAMOCHUMBI JOAQUIN JOEL","","","","",14500.0000,0.0000,6400.0000,"DOLARES",20230706
"FINCYT III","CONCURSO BECAS PARA CURSOS VIRTUALES EN EL EXTRANJERO",2021,"061-INNOVATEPERU-BCE-2021","BECA PARA CURSO VIRTUAL - CERTIFICADO PROFESIONAL EN TRANSFORMACIÓN DIGITAL\, EN EL MIT PROFESSIONAL EDUCATION",20210301,20220829,"MONTESINOS ORTEGA MARILIA","","","","",9540.0000,0.0000,4090.0000,"DOLARES",20230706
"FINCYT III","PROYECTOS DE INNOVACIÓN EMPRESARIAL",2021,"062-INNOVATEPERU-PIEC1-2021","IMPLEMENTACIÓN DE UN SISTEMA DE CONECTIVIDAD SATELITAL PORTÁTIL QUE PERMITA EL ACCESO A INTERNET EN LOS LUGARES DE DESCANSO Y UNA APLICACIÓN MÓVIL INFORMATIVA PARA MEJORAR LA EXPERIENCIA DE LOS VISITANTES EN LA RED DE CAMINO INCA CUSCO",20210330,20221030,"CROSSOVER PERU SOCIEDAD ANONIMA CERRADA - CROSSOVER PERU S.A.C.","","","","",159967.8100,21932.1900,24300.0000,"SOLES",20230706
"FINCYT III","CONCURSO BECAS PARA CURSOS VIRTUALES EN EL EXTRANJERO",2021,"072-INNOVATEPERU-BCE-2021","BECA PARA MAESTRÍA VIRTUAL: MAESTRÍA EN INNOVACIÓN EN LA PONTIFICIA UNIVERSIDAD CATÓLICA DE CHILE",20210301,20220430,"LOO JAVE ANA CECILIA","","","","",10920.0000,4680.0000,0.0000,"DOLARES",20230706
"FINCYT III","CONCURSO BECAS PARA CURSOS VIRTUALES EN EL EXTRANJERO",2021,"073-INNOVATEPERU-BCE-2021","BECA PARA MAESTRÍA VIRTUAL - MASTER EN SUPPLY CHAIN MANAGEMENT Y LOGISTIC",20210405,20220605,"MALNATI RAMOS MIGUEL ENRIQUE JESUS","","","","",9000.0000,0.0000,3857.1400,"DOLARES",20230706
"FINCYT III","CONCURSO DE PROYECTOS COLABORATIVOS DE INNOVACIÓN ABIERTA",2021,"075-INNOVATEPERU-CPCC2-2021","INNOVACIÓN ABIERTA COMO GENERADORA DE SOLUCIONES TECNOLÓGICAS PARA UNA GANADERÍA 4.0",20210324,20230714,"PRODUCCIONES GANADERAS ANDINAS S.A.C.","LIMA","LIMA","LIMA",150101,1500000.0000,700000.0000,337600.0000,"SOLES",20230706
"FINCYT III","DINAMIZACIÓN DE ECOSISTEMAS REGIONALES DE INNOVACIÓN Y EMPRENDIMIENTO 2.0",2021,"081-INNOVATEPERU-DER-2021","FORTALECIMIENTO Y ARTICULACIÓN DE LOS ACTORES DEL ECOSISTEMA DE INNOVACIÓN Y EMPRENDIMIENTO DE AREQUIPA PARA LA COMPETITIVIDAD REGIONAL",20210723,20230730,"REGION AREQUIPA-PROYECTO ESPECIAL COPASA","","","","",1788100.0000,177100.0000,12250.0000,"SOLES",20230706
"FINCYT III","PROYECTOS DE INNOVACIÓN EMPRESARIAL",2021,"087-INNOVATEPERU-PIEC1-2021","DESARROLLO DE UN MÓDULO ECOAMIGABLE QUE PROMUEVA EL COMERCIO JUSTO A TRAVÉS DE UN MODELO COLABORATIVO PARA LA MEJORA EN EL MANEJO DE HATOS ALPAQUEROS DE COMUNIDADES ANDINAS\, EN LA REGIÓN AREQUIPA",20210405,20230704,"MILLMA & QAYTU S.A.C.","CAYMA","AREQUIPA","AREQUIPA",040103,296992.2900,39745.4100,31560.0000,"SOLES",20230706
"FIDECOM","PIMEN",2021,"002-FIDECOM-INNOVATEPERU-PIMEN-2021-SI","ADAPTACIÓN DE UN PROTOTIPO DE SISTEMA RAS CON ENERGÍA FOTOVOLTAICA Y CONTROL AUTOMATIZADO DE LA TEMPERATURA DEL AGUA PARA INCREMENTAR LA PRODUCCI?N DE ALEVINES DE TILAPIA (OREOCHROMIS NILOTICUS) EN LA PROVINCIA DE EL DORADO\, REGIÓN SAN MARTÍN.","","","INVERSIONES ECOMUNDO S.A.C.","","","","",150000.0000,16000.0000,25400.0000,"SOLES",20230706
"FIDECOM","PIMEN",2021,"004-FIDECOM-INNOVATEPERU-PIMEN-2021-SI","MEJORA DE INGENIERÍA Y TECNOLOGÍA DE LA ARQUITECTURA Y MÉTODO DE DIGITALIZACIÓN DE PIEZAS PARA MODELACIÓN 3D EN LA INDUSTRIA MINERA DE LA REGIÓN AREQUIPA","","","FLUID GENERAL SOLUTIONS SOCIEDAD ANONIMA CERRADA","","","","",149990.0000,16738.5600,31200.0000,"SOLES",20230706
"FIDECOM","PIMEN",2021,"003-FIDECOM-INNOVATEPERU-PIMEN-2021-SI","DESARROLLO DE UN MAQUINA AUTOMATIZADA DE FUMIGACION CON MAPEO SIG Y ASPERSORES ELECTROSTATICOS PARA CONTROL DE PLAGAS Y ENFERMEDADES EN BERRIES.","","","NAYSOL CONTRATISTAS Y SERVICIOS GENERALES S.R.L.","","","","",149920.0000,18201.8000,27000.0000,"SOLES",20230706
"FIDECOM","PIMEN",2021,"001-FIDECOM-INNOVATEPERU-PIMEN-2021-SI","DESARROLLO DE UN SISTEMA DE GENERACIÓN DE MODELOS VIRTUALES DE PRENDAS DE ALPACA PARA MEJORAR LA PRODUCTIVIDAD Y REDUCIR LOS COSTOS EN EL DESARROLLO DE MUESTRAS.","","","LOPEZ GUERRA ROBERTO ENRIQUE","AREQUIPA","AREQUIPA","AREQUIPA",040101,79960.0000,11100.0000,12780.0000,"SOLES",20230706
"FINCYT III","CONCURSO AYUDA A LA DEMANDA DE SERVICIOS TECNOLÓGICOS - MIPYME PRODUCTIVA - CATEGORÍA 2",2021,"103-INNOVATEPERU-ADTC2-2021","IMPLEMENTACIÓN DEL SISTEMA DE GESTIÓN DE LA CALIDAD BAJO LA NORMA ISO 9001:2015",20210310,20220410,"REPRESENTACIONES GENERALES PERU S.A.","","","","",54125.0000,0.0000,16375.0000,"SOLES",20230706
"FINCYT III","PROYECTOS DE INNOVACIÓN EMPRESARIAL",2021,"111-INNOVATEPERU-PIEC1-2021","DESARROLLO DE UNA MÁQUINA DE ESTERILIZACIÓN CON 1200 LITROS DE VOLUMEN DISPONIBLE PARA ESTERILIZACIÓN CON UN TIEMPO DE CICLO DE 10 HORAS\, A UN COSTO POR LITRO\, MENOR A S/ 0.50 SOLES.",20210405,20230405,"UNILENE S.A.C.","","","","",100815.2800,109184.7400,90000.0000,"SOLES",20230706
"FINCYT III","CONCURSO NACIONAL PARA LA DIFUSION DE LA INNOVACION - INNOVEMOS - INNOVAR PARA REACTIVAR",2021,"112-INNOVATEPERU-IVER-2021","ELABORAR UN CONJUNTO DE PIEZAS INFORMATIVAS SOBRE PREVENCIÓN DEL COVID-19 EN FORMATO DE HISTORIETA FRANCO-BELGA (BANDE DESSINÉE)",20210412,20210811,"BROSSARD NUÑEZ IAN PAUL","","","","",16000.0000,0.0000,6930.0000,"SOLES",20230706
"FINCYT III","CONCURSO AYUDA A LA DEMANDA DE SERVICIOS TECNOLÓGICOS - MIPYME PRODUCTIVA - CATEGORÍA 2",2021,"132-INNOVATEPERU-ADTC2-2021","IMPLEMENTACION Y CERTIFICACION DE LA NORMA ISO 9001:2015 EN LA EMPRESA GRC FACILITIES MANAGEMENT EIRL",20210305,20220904,"GRC FACILITIES MANAGEMENT E.I.R.L.","","","","",55000.0000,0.0000,16666.6667,"SOLES",20230706
"FINCYT III","CONCURSO AYUDA A LA DEMANDA DE SERVICIOS TECNOLÓGICOS - MIPYME PRODUCTIVA - CATEGORÍA 2",2021,"152-INNOVATEPERU-ADTC2-2021","IMPLEMENTACIÓN Y CERTIFICACIÓN DEL SISTEMA HACCP PARA EL PROCESAMIENTO DE PRODUCTOS DE PANADERÍA Y PASTELERÍA EN LA EMPRESA EMCOMER DE SERVICIOS DE ALIMENTACION GENERAL S.A.C.",20210305,20220829,"EMCOMER DE SERVICIOS DE ALIMENTACION GENERAL S.A.C.","","","","",55000.0000,0.0000,16666.6700,"SOLES",20230706
"FINCYT III","CONCURSO AYUDA A LA DEMANDA DE SERVICIOS TECNOLÓGICOS - MIPYME PRODUCTIVA - CATEGORÍA 2",2021,"156-INNOVATEPERU-ADTC2-2021","PROYECTO DE IMPLEMENTACIÓN Y CERTIFICACIÓN DE UN SISTEMA DE GESTIÓN DE CALIDAD BASADO EN LA NORMA ISO 9001:2015 EN LA EMPRESA CRISTO DE LOS ANDES S.R.L.",20210309,20220908,"CRISTO DE LOS ANDES S.R.L.","","","","",55000.0000,0.0000,16666.6700,"SOLES",20230706
"FINCYT III","CONCURSO AYUDA A LA DEMANDA DE SERVICIOS TECNOLÓGICOS - MIPYME PRODUCTIVA - CATEGORÍA 2",2021,"160-INNOVATEPERU-ADTC2-2021","MEJORA DE CALIDAD BAJO LA IMPLEMENTACIÓN Y CERTIFICACIÓN DE UN SISTEMA DE GESTIÓN DE CALIDAD ISO 9001:2015 EN LA EMPRESA TAURO TIRES E.I.R.L.",20210309,20230730,"TAURO  TIRES EMPRESA INDIVIDUAL DE RESPONSABILIDAD LIMITADA - TAURO  TIRES E.I.R.L.","","","","",55000.0000,0.0000,16666.6700,"SOLES",20230706
"FINCYT III","CONCURSO BECAS PARA CURSOS VIRTUALES EN EL EXTRANJERO",2021,"166-INNOVATEPERU-BCE-2021","BECA PARA CURSOS VIRTUALES - MASTER EN INNOVACIÓN Y EMPRENDIMIENTO",20210405,20220705,"QUIROZ LOZANO MARLITH YNELZIE","","","","",10150.0000,4350.0000,0.0000,"DOLARES",20230706
"FINCYT III","CONCURSO AYUDA A LA DEMANDA DE SERVICIOS TECNOLÓGICOS - MIPYME PRODUCTIVA - CATEGORÍA 2",2021,"170-INNOVATEPERU-ADTC2-2021","IMPLEMENTACIÓN Y CERTIFICACIÓN DE LA NORMA BRC EN LA EMPRESA ORIGIN PARTNER S.A.C. ",20210309,20221008,"ORIGIN  PARTNER  S.A.C.","","","","",55000.0000,0.0000,16666.6700,"SOLES",20230706
"FINCYT III","DINAMIZACIÓN DE ECOSISTEMAS REGIONALES DE INNOVACIÓN Y EMPRENDIMIENTO 2.0",2021,"177-INNOVATEPERU-DER-2021","DINAMIZACIÓN DEL ECOSISTEMA REGIONAL DE INNOVACIÓN Y EMPRENDIMIENTO DE CUSCO (DER-CUSCO)",20210318,20230730,"GOBIERNO REGIONAL CUSCO","","","","",1799998.3600,228571.9200,41100.0000,"SOLES",20230706
"FINCYT III","PROYECTOS DE INNOVACIÓN EMPRESARIAL",2021,"178-INNOVATEPERU-PIEC1-2021","ELABORACIÓN DE UNA BEBIDA FUNCIONAL CON ANTIOXIDANTE Y ENERGIZANTE A PARTIR DE LA PULPA DE CAFÉ (COFFEA ARABICA L.)",20210420,20230520,"CENTRAL DE ORGANIZACIONES PRODUCTORAS DE CAFE Y CACAO DEL PERU- CAFE PERU","LIMA","LIMA","LIMA",150101,218600.0000,33570.0000,25200.0000,"SOLES",20230706
"FINCYT III","PROYECTOS DE INNOVACIÓN EMPRESARIAL",2021,"179-INNOVATEPERU-PIEC1-2021","MEJORA DEL PROCESO DE SECADO Y QUEMA DE LADRILLO ARTESANAL KINGKONG Y PANDERETA\, A TRAVÉS DE UN PROTOTIPO DE HORNO DE LADRILLO TIPO CIRCULAR EFICIENTEMENTE ENERGÉTICO\, CON REDUCCIÓN DE CONTAMINANTES E INTEGRADO A UNA PLATAFORMA DE TRAZABILIDAD Y CONTROL.",20210330,20230330,"CONSTRUCTORA  DIPEC P&T S.R.L.","","","","",266961.0100,71218.9900,12000.0000,"SOLES",20230706
"FINCYT III","CONCURSO AYUDA A LA DEMANDA DE SERVICIOS TECNOLÓGICOS - MIPYME PRODUCTIVA - CATEGORÍA 2",2021,"192-INNOVATEPERU-ADTC2-2021","IMPLEMENTACIÓN Y CERTIFICACIÓN DE LA NORMA ISO 9001:2015 EN LA EMPRESA AQUA INDUSTRIA DEL ORIENTE SRL",20210309,20230227,"AQUA INDUSTRIA DEL ORIENTE S.R.L.","","","","",55000.0000,0.0000,16666.6667,"SOLES",20230706
"FINCYT III","CONCURSO AYUDA A LA DEMANDA DE SERVICIOS TECNOLÓGICOS - MIPYME PRODUCTIVA - CATEGORÍA 2",2021,"198-INNOVATEPERU-ADTC2-2021","IMPLEMENTACIÓN Y CERTIFICACIÓN DE UN SISTEMA DE INOCUIDAD DE ALIMENTOS (SGIA) EN BASE A LA NORMA HACCP EN LA EMPRESA INPLASG S.A.C. ",20210305,20230104,"INPLASG SOCIEDAD ANONIMA CERRADA - INPLASG S.A.C.","","","","",55000.0000,0.0000,16666.6700,"SOLES",20230706
"FINCYT III","CONCURSO AYUDA A LA DEMANDA DE SERVICIOS TECNOLÓGICOS - MIPYME PRODUCTIVA - CATEGORÍA 2",2021,"199-INNOVATEPERU-ADTC2-2021","IMPLEMENTACIÓN Y CERTIFICACIÓN DEL SISTEMA DE ANALISIS DE PELIGROS Y PUNTOS CRITICOS DE CONTROL -  HACCP PARA  EL ALMACENAMIENTO\, EXHIBICIÓN Y COMERCIALIZACIÓN DE PRODUCTOS DE PASTELERÍA DE LA EMPRESA LA CEREZA DEL PASTEL S.A.C.",20210623,20220922,"LA CEREZA DEL PASTEL SOCIEDAD ANONIMA CERRADA","","","","",55000.0000,0.0000,16666.6700,"SOLES",20230706
"FINCYT III","CONCURSO AYUDA A LA DEMANDA DE SERVICIOS TECNOLÓGICOS - MIPYME PRODUCTIVA - CATEGORÍA 2",2021,"203-INNOVATEPERU-ADTC2-2021","IMPLEMENTACIÓN DEL SISTEMA DE GESTIÓN DE CALIDAD BASADO EN LA NORMA ISO 9001:2015 PARA LA EMPRESA CORPORACIÓN ORIENTE S.A.",20210528,20211228,"CORPORACION ORIENTE S.A.","","","","",54005.0000,0.0000,16335.0000,"SOLES",20230706
"FINCYT III","CONCURSO AYUDA A LA DEMANDA DE SERVICIOS TECNOLÓGICOS - MIPYME PRODUCTIVA - CATEGORÍA 2",2021,"217-INNOVATEPERU-ADTC2-2021","IMPLEMENTACIÓN Y CERTIFICACIÓN DEL SISTEMA HACCP PARA EL PROCESAMIENTO DE PRODUCTOS DE PANADERÍA Y PASTELERÍA DE LA EMPRESA KAYA DISTRIBUIDORES S.A.C.",20210325,20220924,"KAYA DISTRIBUIDORES S.A.C.","","","","",55000.0000,0.0000,16666.6700,"SOLES",20230706
"FIDECOM","PIMEN",2021,"011-FIDECOM-INNOVATEPERU-PIMEN-2021-SI","DESARROLLO DE UN PROTOCOLO ESTANDARIZADO PARA LA OFERTA DE UN SERVICIO DIGITAL PARA EL SUBTITULADO AL INGL?S Y SUBTITULADO DESCRIPTIVO (CLOSED CAPTIONS)\, QUE CUMPLA CON LOS EST?NDARES INTERNACIONALES\, ORIENTADO AL SECTOR AUDIOVISUAL NACIONAL E INTERNACIONAL.","","","ASOCIACION QUISCA","","","","",149830.1600,17459.0000,28396.8000,"SOLES",20230706
"FIDECOM","PIMEN",2021,"007-FIDECOM-INNOVATEPERU-PIMEN-2021-SI","DESARROLLO DE UN PROTOTIPO DE ENVASADORA DE PRODUCTOS AS?PTICOS EN PRESENTACIONES DE 250 ML HASTA 1000 ML\, PARA DOS MODELOS DE TAPAS (SPRAY Y PUMP)\, COMPACTA (1.5MX2.5M) Y PORT?TIL.","","","BACCO TECHNOLOGY E.I.R.L.","LINCE","LIMA","LIMA",150116,112246.0000,42234.0000,71400.0000,"SOLES",20230706
"FIDECOM","PIMEN",2021,"006-FIDECOM-INNOVATEPERU-PIMEN-2021-SI","DESARROLLO DE UN NUEVO PROTOTIPO DE ALINTI Y SU CONTROL BIOL?GICO","","","GRUPO ALINTI SAC","","","","",148735.7500,31000.0000,21450.0000,"SOLES",20230706
"FIDECOM","PIMEN",2021,"010-FIDECOM-INNOVATEPERU-PIMEN-2021-SI","DESARROLLO DE HORNOS ECOL?GICOS DE ALTO RENDIMIENTO PARA LA PRODUCCI?N SUSTENTABLE DE CARB?N VEGETAL DE ALTA CALIDAD ","","","BIO ENERGY INGENIEROS E.I.R.L.","MAZAMARI","SATIPO","JUNIN",120604,119747.4000,15162.6000,22480.0000,"SOLES",20230706
"FIDECOM","PIMEN",2021,"008-FIDECOM-INNOVATEPERU-PIMEN-2021-SI","INNOVACI?N EN EL TRATAMIENTO DE AGUA MEDIANTE FILTROS DE ARENA INTERMITENTES PARA LA REMOCI?N DE PAT?GENOS Y ARS?NICO PARAR PEQUE?OS CENTROS POBLADOS. ","","","AGROSANIDAD S.A.C.","ATE","LIMA","LIMA",150103,150000.0000,39000.0000,111000.0000,"SOLES",20230706
"FIDECOM","PIMEN",2021,"009-FIDECOM-INNOVATEPERU-PIMEN-2021-SI","FRACTALUP VIDEO SECURITY: ONLINE ENCRYPTED VIDEOSTREAMING WITH ENHANCED SECURITY LAYERS","","","CIPLI RESEARCH CENTER SOCIEDAD ANONIMA CERRADA","TRUJILLO","TRUJILLO","LA LIBERTAD",130101,150000.0000,22200.0000,31800.0000,"SOLES",20230706
"FIDECOM","VALIDACIÓN Y EMPAQUETAMIENTO DE INNOVACIONES - INNOVAR PARA REACTIVAR",2021,"012-FIDECOM-INNOVATEPERU-PVER-2021-SI","ADOQU?N CICLO FABRICADO CON AGREGADOS RECICLADOS DE RESIDUOS DE LA CONSTRUCCI?N PARA EL MERCADO DE LA CONSTRUCCI?N SOSTENIBLE","","","MP RECICLA S.A.C.","","","","",136236.0000,37100.0000,2400.0000,"SOLES",20230706
"FINCYT III","CONCURSO AYUDA A LA DEMANDA DE SERVICIOS TECNOLÓGICOS - MIPYME PRODUCTIVA - CATEGORÍA 2",2021,"225-INNOVATEPERU-ADTC2-2021","IMPLEMENTACIÓN Y CERTIFICACIÓN EN LA NORMA ISO 9001:2015 PARA LA EMPRESA FACILITADORES Y CONSULTORES ASOCIADOS S.A.C.",20210310,20221109,"FACILITADORES Y CONSULTORES ASOCIADOS S.A.C.","","","","",55000.0000,0.0000,16666.6700,"SOLES",20230706
"FINCYT III","CONCURSO AYUDA A LA DEMANDA DE SERVICIOS TECNOLÓGICOS - MIPYME PRODUCTIVA - CATEGORÍA 2",2021,"231-INNOVATEPERU-ADTC2-2021","IMPLEMENTACIÓN Y CERTIFICACIÓN DE UN SISTEMA DE GESTIÓN DE SEGURIDAD Y SALUD EN EL TRABAJO EN BASE A LA NORMA ISO 45001:2018 PARA JHIRE SAC",20210309,20221108,"JHIRE CONSULTORES EJECUTORES Y SERVICIOS EN GENERAL SOCIEDAD ANONIMA CERRADA","","","","",55000.0000,0.0000,16666.6667,"SOLES",20230706
"FINCYT III","CONCURSO BECAS PARA CURSOS VIRTUALES EN EL EXTRANJERO",2021,"242-INNOVATEPERU-BCE-2021","BECA PARA \"MASTER EN INNOVACIÓN Y EMPRENDIMIENTO\" EN LA UNIVERSIDAD ADOLFO IBAÑEZ - CHILE (MODALIDAD VIRTUAL).",20210407,20221129,"SANCHEZ CHAMOCHUMBI LORENA MARCELA","","","","",10150.0000,0.0000,4350.0000,"DOLARES",20230706
"FINCYT III","PROYECTOS DE VALIDACIÓN DE LA INNOVACIÓN EMPRESARIAL - INNOVAR PARA REACTIVAR",2021,"246-INNOVATEPERU-PIEC2R-2021","VALIDACIÓN Y EMPAQUETAMIENTO DE EQUIPO Y PROTOCOLO PARA DELIVERY (TRAZABILIDAD) QUE MEJORE LAS CONDICIONES DE HIGIENE Y SALUBRIDAD CONTRA BACTERIAS\, VIRUS (COVID Y OTROS)",20210420,20221120,"SELVA PITS S.A.C.","","","","",444477.5800,136202.3900,311625.0000,"SOLES",20230706
"FINCYT III","CONCURSO AYUDA A LA DEMANDA DE SERVICIOS TECNOLÓGICOS - MIPYME PRODUCTIVA - CATEGORÍA 2",2021,"259-INNOVATEPERU-ADTC2-2021","IMPLEMENTACIÓN Y CERTIFICACIÓN DE UN SISTEMA DE GESTIÓN DE SEGURIDAD Y SALUD EN EL TRABAJO (ISO 45001:2018).",20210412,20221011,"INSECTICIDAS Y RODENTICIDAS DEL PERU S.A.C.","","","","",54200.0000,0.0000,16666.6700,"SOLES",20230706
"FINCYT III","CONCURSO AYUDA A LA DEMANDA DE SERVICIOS TECNOLÓGICOS - MIPYME PRODUCTIVA - CATEGORÍA 2",2021,"262-INNOVATEPERU-ADTC2-2021","\"IMPLEMENTACIÓN Y CERTIFICACIÓN EN LA NORMAS ISO 9001:2015 EN LA EMPRESA  JC REFRIGERACIÓN S.A.C. ",20210313,20221212,"JC REFRIGERACION S.A.C.","","","","",55000.0000,0.0000,16666.6667,"SOLES",20230706
"FINCYT III","PROYECTOS DE INNOVACIÓN EMPRESARIAL",2021,"265-INNOVATEPERU-PIEC1-2021","DESARROLLO DE UN PROTOTIPO DE PLANTILLA ERGONÓMICA Y FUNCIONALIZADA CON NANOPARTÍCULAS CON PROPIEDADES ANTIBACTERIANAS PARA USO POLICIAL\, MILITAR Y SEGURIDAD",20210415,20230115,"BOTICENTRO PERU SRLTDA.","","","","",239067.5600,38432.4400,23500.0000,"SOLES",20230706
"FINCYT III","CONCURSO AYUDA A LA DEMANDA DE SERVICIOS TECNOLÓGICOS - MIPYME PRODUCTIVA - CATEGORÍA 1",2021,"267-INNOVATEPERU-ADTC1-2021","MEJORA DE LA GESTIÓN INTEGRAL DE LOS PROCESOS DE BALCONES PLAZA HOTEL",20210416,20221230,"BALCONES PLAZA HOTEL S.R.L.","","","","",54999.8000,0.0000,16666.6000,"SOLES",20230706
"FINCYT III","PROYECTOS DE INNOVACIÓN EMPRESARIAL",2021,"271-INNOVATEPERU-PIEC1-2021","DESARROLLO DE UNA PLATAFORMA DE COMERCIO ELECTRÓNICO DE CAFÉ ESPECIAL DEL NORTE DEL PERÚ\, QUE INCLUYA UN SISTEMA CONFIABLE DE TRAZABILIDAD DEL PRODUCTO DESDE LA IDENTIFICACIÓN DE SU ORIGEN\, SOPORTADO POR BLOCK CHAIN\, Y UN MÓDULO DE ANÁLISIS DE DATA COMERCIAL.",20210420,20221220,"AGRO NEGOCIOS MUNDO VERDE E.I.R.L.","JAEN","JAEN","CAJAMARCA",060801,293012.2200,39691.7800,40800.0000,"SOLES",20230706
"FINCYT III","CONCURSO NACIONAL PARA LA DIFUSIÓN DE CASOS DE LA INNOVACION - RECONOCIENDO LA INNOVACIÓN - INNOVAR PARA REACTIVAR",2021,"279-INNOVATEPERU-RIVR-2021","PRODUCCIÓN DE UN MINIDOCUMENTAL SOBRE LA SELECCIÓN GENÉTICA GENERACIONAL DE CAMÉLIDOS EN EL FUNDO MALLKINI\, DE LA COMUNIDAD CAMPESINA DE PICOTANI\, Y EN LA SAIS TÚPAC AMARU\, EN QUECHUA Y AYMARA EN EL CONTEXTO DEL COVID 19",20211021,20221129,"ASOCIACION PARA EL DESARROLLO DE ECOTECNOLOGIAS EN LAS ZONAS ANDINAS - APDEZA","","","","",86837.3500,723.1200,36800.0000,"SOLES",20230706
"FINCYT III","PROYECTOS DE VALIDACIÓN DE LA INNOVACIÓN EMPRESARIAL - INNOVAR PARA REACTIVAR",2021,"282-INNOVATEPERU-PIEC2R-2021","VALIDACIÓN TÉCNICO - COMERCIAL Y EMPAQUETAMIENTO DE PROTOTIPOS DE TEXTURIZADO Y ANÁLOGOS DE CARNE EN BASE A TORTA DE SACHA INCHI (PLUKENETIA VOLUBILIS) COMO ESTRATEGIA DE REACTIVACIÓN ECONÓMICA EN LA EMPRESA AGROINDUSTRIAS OSHO S.A.C.",20210420,20230120,"AGROINDUSTRIAS OSHO S.A.C.","","","","",449902.6500,75400.3500,204950.0000,"SOLES",20230706
"FINCYT III","CONCURSO AYUDA A LA DEMANDA DE SERVICIOS TECNOLÓGICOS - MIPYME PRODUCTIVA - CATEGORÍA 2",2021,"286-INNOVATEPERU-ADTC2-2021","IMPLEMENTACIÓN Y CERTIFICACIÓN BINORMA ISO 9001:2015 E ISO 45001:2018 EN LA EMPRESA SERVICIOS MÚLTIPLES SADELSA S.A.C.",20210623,20230622,"SERVICIOS MULTIPLES SADELSA SOCIEDAD ANONIMA CERRADA","","","","",55000.0000,0.0000,16666.6667,"SOLES",20230706
"FINCYT III","CONCURSO AYUDA A LA DEMANDA DE SERVICIOS TECNOLÓGICOS - MIPYME PRODUCTIVA - CATEGORÍA 2",2021,"290-INNOVATEPERU-ADTC2-2021","IMPLEMENTACIÓN Y CERTIFICACIÓN DE LA NORMA ISO 9001: 2015 EN LA EMPRESA CERTIFICACIONES NACIONALES DE ALIMENTOS S.A.C.",20210413,20221012,"CERTIFICACIONES NACIONALES DE ALIMENTOS S.A.C.","","","","",46000.0000,0.0000,14000.0000,"SOLES",20230706
"FINCYT III","CONCURSO NACIONAL PARA LA DIFUSIÓN DE CASOS DE LA INNOVACION - RECONOCIENDO LA INNOVACIÓN - INNOVAR PARA REACTIVAR",2021,"291-INNOVATEPERU-RIVR-2021","PERU DIGITAL SUMMIT 2021 - VIRTUAL SUMMIT",20210512,20220411,"INNOVATIONLAB S.A.C.","","","","",159939.2000,72259.6600,33000.0000,"SOLES",20230706
"FINCYT III","CONCURSO AYUDA A LA DEMANDA DE SERVICIOS TECNOLÓGICOS - MIPYME PRODUCTIVA - CATEGORÍA 2",2021,"295-INNOVATEPERU-ADTC2-2021","IMPLEMENTACIÓN Y CERTIFICACIÓN DE UN SISTEMA DE GESTIÓN AMBIENTAL ISO 14001:2015 Y DE CALIDAD ISO 9001:2015",20211022,20221122,"ALAMESA S.A.C.","","","","",53926.0000,0.0000,49324.0000,"SOLES",20230706
"FINCYT III","PROYECTOS DE INNOVACIÓN EMPRESARIAL - INNOVAR PARA REACTIVAR",2021,"299-INNOVATEPERU-PIEC1R-2021","DESARROLLO DE UNA UNIDAD MOVIL MULTIFUNCIONAL\, SEMI-LAB\, PARA APOYAR AL SECTOR SALUD EN LA CONTENCION DE LA PANDEMIA DEL COVID- 19 EN LAS ETAPAS DE DIAGNOSTICO Y VACUNACION\, BASADO EN UN MINI TRACTO PARA USO URBANO CON PATENTE PERUANA DE TÍTULO N1186",20210421,20220720,"RMB SATECI SOCIEDAD ANONIMA CERRADA - RMB SATECI SAC","","","","",298966.1200,35833.8800,88800.0000,"SOLES",20230706
"FINCYT III","CONCURSO AYUDA A LA DEMANDA DE SERVICIOS TECNOLÓGICOS - MIPYME PRODUCTIVA - CATEGORÍA 2",2021,"302-INNOVATEPERU-ADTC2-2021","IMPLEMENTACIÓN Y CERTIFICACIÓN DE LA NORMA ISO 9001:2015 EN LA EMPRESA DE TRANSPORTES ITAHUANIA SOCIEDAD ANÓNIMA CERRADA - TRANSITA S.A.C.",20210412,20220911,"EMPRESA DE TRANSPORTES ITAHUANIA SOCIEDAD ANONIMA CERRADA - TRANSITA S.A.C.","","","","",55000.0000,0.0000,16666.6667,"SOLES",20230706
"FINCYT III","CONCURSO AYUDA A LA DEMANDA DE SERVICIOS TECNOLÓGICOS - MIPYME PRODUCTIVA - CATEGORÍA 2",2021,"309-INNOVATEPERU-ADTC2-2021","IMPLEMENTACION Y CERTIFICACION DEL SISTEMA DE GESTION DE CALIDAD SEGUN LA NORMA ISO 9001:2015 EN LA EMPRESA  IMPORTACION Y EXPORTACION SAYURI S.A.C.",20210421,20230320,"IMPORTACION Y EXPORTACION SAYURI S.A.C.","","","","",55000.0000,0.0000,16666.6700,"SOLES",20230706
"FIDECOM","PIMEN",2021,"020-FIDECOM-INNOVATEPERU-PIMEN-2021-SI","DESARROLLO DE UN PROTOTIPO DE M?QUINA DESPULPADORA DE LA MAZORCA DEL CACAO (CLON CCN51)\, CON FINES DE MANTENER LA CALIDAD ORGANOL?PTICA Y F?SICA DEL GRANO CACAO.","","","A & W INDUSTRIAL S.A.C.","SAN MARTIN DE PORRES","LIMA","LIMA",150135,145690.7900,21279.2100,28350.0000,"SOLES",20230706
"FIDECOM","PIMEN",2021,"013-FIDECOM-INNOVATEPERU-PIMEN-2021-SI","DESARROLLO DE UNA PLATAFORMA WEB QUE PERMITA\, DE UNA MANERA COLABORATIVA\, LA COMPOSICI?N DE LOS RECURSOS NECESARIOS (IM?GENES\, AUDIOS Y ANIMACIONES) PARA UN CUENTO INTERACTIVOS PERSONALIZABLES EN M?LTIPLES IDIOMAS. ","","","ACKLIS SOCIEDAD ANONIMA CERRADA","SAN MIGUEL","LIMA","LIMA",150136,149936.4500,28263.5500,33000.0000,"SOLES",20230706
"FIDECOM","PIMEN",2021,"017-FIDECOM-INNOVATEPERU-PIMEN-2021-SI","APROVECHAMIENTO DE LOS RESIDUOS DE LA INDUSTRIA PISQUERA (CABEZA DE DESTILADO) PARA LA ELABORACI?N DE ALCOHOL ET?LICO","","","VITIVINICOLA NYRLA LEVANO E.I.R.L.","LOS AQUIJES","ICA","ICA",110103,150000.0000,16126.7300,5400.0000,"SOLES",20230706
"FIDECOM","PIMEN",2021,"014-FIDECOM-INNOVATEPERU-PIMEN-2021-SI","DESARROLLO DE UN SISTEMA DE CALEFACCI?N PARA OPERAR BIODIGESTORES EN RANGO MESOF?LICO O TERMOF?LICO\, EN LA REGI?N AREQUIPA ","","","SERVICIO DE PROCESAMIENTO DE RESIDUOS ORGANICOS S\,R.L. - SPRORGANICOS S.R.L.","","","","",89890.0000,21828.0000,10100.0000,"SOLES",20230706
"FIDECOM","PIMEN",2021,"028-FIDECOM-INNOVATEPERU-PIMEN-2021-SI","ELABORACI?N DE INNMUNOTERAPIA BACTERIANA ESTANDARIZADA CON CEPAS DE STAPHYLOCOCCUS SPP. PARA LA PREVENCI?N DE INFECCIONES ANTIBI?TICO RESISTENTES EN ANIMALES DE COMPA??A\, CON V?AS A ALCANZAR ECONOM?AS DE ESCALA EN PRODUCCI?N E INTERNACIONALIZACI?N","","","COWTECHNOLOGIES S.A.C.","LIMA","LIMA","LIMA",150101,150000.0000,39000.0000,111000.0000,"SOLES",20230706
"FIDECOM","VALIDACIÓN Y EMPAQUETAMIENTO DE INNOVACIONES - INNOVAR PARA REACTIVAR",2021,"024-FIDECOM-INNOVATEPERU-PVER-2021-SI","VALIDACI?N Y EMPAQUETAMIENTO DEL SERVICIO LIFE BY FITNESS PASS DE M?LTIPLES EXPERIENCIAS DIGITALES E INTERACTIVAS (LIVE STREAMING) DE SALUD PREVENTIVA INTEGRAL PARA QUE EMPRESAS RETENGAN SU TALENTO Y AUMENTEN LA PRODUCTIVIDAD","","","FITNESS PASS S.A.C.","MIRAFLORES","LIMA","LIMA",150122,359920.0000,49280.0000,61450.0000,"SOLES",20230706
"FINCYT III","CONCURSO NACIONAL SOBRE ORGANIZACIÓN DE EVENTOS VIRTUALES - INNOVAR PARA REACTIVAR",2021,"023-INNOVATEPERU-OEVR-2021-SI","SIMPOSIO VIRTUAL DE ARTICULACI?N DE ACTORES DE ENNOVACI?N Y EMPRENDIMIENTO DEL SECTOR AGROPECUARIO DE LA REGION LAMBAYEQUE.  ","","","ASOCIACION AGROPECUARIA MARIA ASUNCION LAGUNAS MOCUPE","LAGUNAS","CHICLAYO","LAMBAYEQUE",140107,58000.0000,42000.0000,17000.0000,"SOLES",20230706
"FINCYT III","CONCURSO NACIONAL SOBRE ORGANIZACIÓN DE EVENTOS VIRTUALES - INNOVAR PARA REACTIVAR",2021,"030-INNOVATEPERU-OEVR-2021-SI","MESA REDONDA DE LAS PERSPECTIVAS DEL SECTOR DE ACUICULTURA Y FORO DE FORTALECIMIENTO DEL ECOSISTEMA DE INNOVACI?N Y EMPRENDIMIENTO","","","VISION EMPRESARIAL Y PROYECTOS S.R.L.","","","","",60000.0000,15600.0000,44400.0000,"SOLES",20230706
"FINCYT III","CONCURSO NACIONAL SOBRE ORGANIZACIÓN DE EVENTOS VIRTUALES - INNOVAR PARA REACTIVAR",2021,"029-INNOVATEPERU-OEVR-2021-SI","ENCUENTRO NACIONAL ACTORES DE INNOVACI?N DE PRODUCTORES AGROECOL?GICOS DEL PER?","","","ASOC.NAC.DE PRODUCT.ECOLOGICOS DEL PERU","JESUS MARIA","LIMA","LIMA",150113,58000.0000,42000.0000,17000.0000,"SOLES",20230706
"FINCYT III","CONCURSO NACIONAL SOBRE ORGANIZACIÓN DE EVENTOS VIRTUALES - INNOVAR PARA REACTIVAR",2021,"026-INNOVATEPERU-OEVR-2021-SI","CORRIENTE - MERCADO INTERNACIONAL POR LA M?SICA [3ERA EDICI?N]  ","","","REPERCUTE\, ENTRETENIMIENTO AFROCULTURAL","","","","",60000.0000,2060.0000,58830.0000,"SOLES",20230706
"FINCYT III","CONCURSO NACIONAL SOBRE ORGANIZACIÓN DE EVENTOS VIRTUALES - INNOVAR PARA REACTIVAR",2021,"031-INNOVATEPERU-OEVR-2021-SI","INNOVACTION FORUM: TRANSFORMACI?N DIGITAL E INNOVACI?N PARA LA REACTIVACI?N ECON?MICA","","","JOHN VON NEUMANN SOCIEDAD COMERCIAL DE RESPONSABILIDAD LIMITADA","","","","",60000.0000,0.0000,60000.0000,"SOLES",20230706
"FINCYT III","CONCURSO NACIONAL SOBRE ORGANIZACIÓN DE EVENTOS VIRTUALES - INNOVAR PARA REACTIVAR",2021,"025-INNOVATEPERU-OEVR-2021-SI","ECOSISTEMAS DE INNOVACI?N Y EMPRENDIMIENTOS PARA LA REACTIVACI?N DE LAS ?REAS RURALES DE PER?","","","CENTRO DE INVESTIGACIONES TECNOLOGICAS\, BIOMEDICAS Y MEDIOAMBIENTALES -  CITBM","BELLAVISTA","PROV. CONST. DEL CALLAO","CALLAO",070102,60000.0000,15450.0000,55630.0000,"SOLES",20230706
"FINCYT III","CONCURSO NACIONAL SOBRE ORGANIZACIÓN DE EVENTOS VIRTUALES - INNOVAR PARA REACTIVAR",2021,"018-INNOVATEPERU-OEVR-2021-SI","?E-MERCADOS: ACTORES EN COLABORACI?N PARA IMPULSAR LA INNOVACI?N\, LA MODERNIZACI?N TECNOL?GICA Y LA MEJORA DE LA COMPETITIVIDAD DE LOS MERCADOS DE ABASTOS FRENTE A LOS RETOS PLANTEADOS POR LA PANDEMIA COVID-19\"","","","CONSORCIO DE ORGANIZACIONES PRIVADAS DE PROMOCION AL DESARROLLO DE LA MICRO Y PEQUEÑA EMPRESA","LINCE","LIMA","LIMA",150116,57500.0000,11500.0000,46000.0000,"SOLES",20230706
"FINCYT III","CONCURSO NACIONAL SOBRE ORGANIZACIÓN DE EVENTOS VIRTUALES - INNOVAR PARA REACTIVAR",2021,"021-INNOVATEPERU-OEVR-2021-SI","?FORO-CONFERENCIA REGIONAL DE VINCULACION DE ACTORES PARA EL DESPEGUE DE EMPRENDIMIENTO E INNOVACION COMO CONTRIBUCION A LA REACTIVACION ECONOMICA DEL SECTOR TURISTICO EN LA REGION DE AREQUIPA.?","","","QOQAW SOCIEDAD ANONIMA CERRADA - QOQAW S.A.C.","","","","",60000.0000,14696.1000,45600.0000,"SOLES",20230706
"FINCYT III","CONCURSO NACIONAL SOBRE ORGANIZACIÓN DE EVENTOS VIRTUALES - INNOVAR PARA REACTIVAR",2021,"015-INNOVATEPERU-OEVR-2021-SI","FORO ? CONFERENCIA ?FORTALECIMIENTO DEL ECOSISTEMA DE INNOVACI?N Y EMPRENDIMIENTO DEL SECTOR TEXTIL - RETOS PARA LA REACTIVACI?N ECON?MICA? (MODALIDAD VIRTUAL)","","","INNOVACION SOCIEDAD ANONIMA CERRADA - I S.A.C.","MARIANO MELGAR","AREQUIPA","AREQUIPA",040109,60000.0000,14400.0000,45600.0000,"SOLES",20230706
"FINCYT III","CONCURSO AYUDA A LA DEMANDA DE SERVICIOS TECNOLÓGICOS - MIPYME PRODUCTIVA - CATEGORÍA 2",2021,"310-INNOVATEPERU-ADTC2-2021","IMPLEMENTACION Y CERTIFICACION DEL SISTEMA DE GESTION DE CALIDAD EN LA EMPRESA  INVERSIONES AFEM SAC.",20210423,20230621,"INVERSIONES AFEM SAC","","","","",55000.0000,0.0000,16666.6700,"SOLES",20230706
"FINCYT III","PROYECTOS DE INNOVACIÓN EMPRESARIAL",2021,"312-INNOVATEPERU-PIEC1-2021","DESARROLLO DE UN PROCESO DE FERMENTACIÓN CONTROLADA VÍA HÚMEDO CON LEVADURA LALCAFÉ ORO (SACCHAROMYCES CEREVISIAE) PARA MEJORAR LA CALIDAD SENSORIAL DE CAFÉS ESPECIALES EN LA ASOCIACIÓN DE PRODUCTORES DIAMANTE VERDE",20210623,20230923,"ASOCIACION  DE PRODUCTORES  DIAMANTE VERDE","SORITOR","MOYOBAMBA","SAN MARTIN",220105,300000.0000,45900.0000,46800.0000,"SOLES",20230706
"FINCYT III","CONCURSO BOOTCAMPS DE CÓDIGO",2021,"317-INNOVATEPERU-BCC-2021","BOOTCAMP FULLSTACK LABORATORIA- WIZELINE",20210802,20220302,"LABORATORIA","","","","",62079.9600,0.0000,0.0000,"DOLARES",20230706
"FINCYT III","CONCURSO BOOTCAMPS DE CÓDIGO",2021,"318-INNOVATEPERU-BCC-2021","MAKE IT REAL CAMP: PROGRAMA FULL STACK JS WEB DEVELOPER",20220131,20230731,"MAKE IT REAL CAMP (LA NUEVA EDUCACIÓN SAS)","","","","",238370.0000,0.0000,0.0000,"DOLARES",20230706
"FINCYT III","CONCURSO BOOTCAMPS DE CÓDIGO",2021,"320-INNOVATEPERU-BCC-2021","LE WAGON ENSEÑA LAS HABILIDADES TECH Y DIGITALES NECESARIAS PARA TRABAJAR EN ÁREAS DE TECNOLOGÍA.",20210517,20220517,"LE WAGON / FAST FOO TREINAMENTOS","","","","",195750.0000,0.0000,0.0000,"DOLARES",20230706
"FINCYT III","CONCURSO BOOTCAMPS DE CÓDIGO",2021,"321-INNOVATEPERU-BCC-2021","EDUCACIÓN ACCESIBLE\, EFICIENTE Y DE ALTA CALIDAD EN TECNOLOGÍA PARA EMPLEABILIDAD EN LA ERA DIGITAL.",20210517,20221117,"DEVF","","","","",238486.1300,0.0000,0.0000,"DOLARES",20230706
"FINCYT III","CONCURSO DE PROYECTOS COLABORATIVOS DE INNOVACIÓN - CATEGORÍA 2 - INNOVACIÓN ABIERTA-IPR",2021,"322-INNOVATEPERU-CPCC2R-2021","PROYECTO COLABORATIVO DE INNOVACION ABIERTA PARA REACTIVAR - LIMA EXPRESA - MODERNIZANDO EL TRANSPORTE EN EL PERÚ",20211022,20230621,"LIMA EXPRESA S.A.C.","","","","",1299988.6200,534895.3400,342890.0000,"SOLES",20230706
"FINCYT III","CONCURSO BOOTCAMPS DE CÓDIGO",2021,"325-INNOVATEPERU-BCC-2021","FORMAR PROGRAMADORES\, INTENSIVAMENTE\, EN COMPETENCIAS Y CONOCIMIENTOS\, CON FOCO EN SU EMPLEABILIDAD",20210506,20221106,"CODING DOJO INC.","","","","",238500.0000,0.0000,0.0000,"DOLARES",20230706
"FINCYT III","PROYECTOS DE INNOVACIÓN EMPRESARIAL",2021,"326-INNOVATEPERU-PIEC1-2021","DESARROLLO DE UN POLVO SOLUBLE INSTANTÁNEO DE ALTA CONCENTRACIÓN EN HIERRO HEMO CON SABOR A CACAO Y ENDULZADO CON STEVIA PROVENIENTE DE LA SANGRE DESECHADA DEL CAMAL EN LA REGIÓN AYACUCHO",20211022,20230722,"INVERSIONES GANADERAS Y AVICOLAS SEÑOR DE QUINUAPATA E.I.R.L.","SAN JUAN BAUTISTA","HUAMANGA","AYACUCHO",050110,236491.5200,41508.4800,38350.0000,"SOLES",20230706
"FIDECOM","PIMEN",2021,"033-FIDECOM-INNOVATEPERU-PIMEN-2021-SI","DESARROLLO DE UN PROTOTIPO DE CALZADO CASUAL CON BAGAZO Y RESIDUOS TEXTILES PARA J?VENES.","","","CORTAVITARTE RODRIGUEZ JAIRO ALONSO","TRUJILLO","TRUJILLO","LA LIBERTAD",130101,54190.0000,7360.0000,10140.0000,"SOLES",20230706
"FIDECOM","PIMEN",2021,"035-FIDECOM-INNOVATEPERU-PIMEN-2021-SI","DESARROLLO DE UN PROTOTIPO DE INVERNADERO CON SISTEMA DE CALEFACCI?N CON BIOGAS A PARTIR DE UN BIODIGESTOR AUTOMATIZADO Y SUSTITUCI?N PARCIAL DE BIOL COMO NUTRIENTE EN UN SISTEMA DE HIDROPON?A DE LECHUGAS EN EL DISTRITO DE CHIGUATA\, AREQUIPA.","","","LA CHIGUATE?A EMPRESA INDIVIDUAL DE RESPONSABILIDAD LIMITADA - LA CHIGUATE?A E.I.R.L.","","","","",149056.1100,14993.8500,14400.0000,"SOLES",20230706
"FIDECOM","PIMEN",2021,"039-FIDECOM-INNOVATEPERU-PIMEN-2021-SI","DESARROLLO DE UN SISTEMA DE TRATAMIENTO BIOL?GICO DE EFLUENTES DE CURTIDUR?A (REMOJO-PELAMBRE) MEDIANTE UN PROCESO BIOL?GICO (MBBR) CON SOPORTES PL?STICOS A PARTIR DE POL?MEROS RECICLABLES.","","","CURTIEMBRE BOREAL S.A.C.","","","","",150000.0000,30000.0000,10992.0000,"SOLES",20230706
"FIDECOM","VALIDACIÓN Y EMPAQUETAMIENTO DE INNOVACIONES",2021,"041-FIDECOM-INNOVATEPERU-PVE-2021-SI","VALIDACI?N DEL NUEVO ENJUAGUE BUCAL 100% NATURAL Y SEGURO CON EFICACIA COMPROBADA EN PACIENTES DIAB?TICOS","","","KIRUS E.I.R.L.","","","","",256362.3600,33597.4300,48200.0000,"SOLES",20230706
"FINCYT III","CONCURSO NACIONAL SOBRE ORGANIZACIÓN DE EVENTOS VIRTUALES - INNOVAR PARA REACTIVAR",2021,"032-INNOVATEPERU-OEVR-2021-SI","FORO-CONFERENCIA REGIONAL DE GASTRONOM?A Y NUEVAS TECNOLOG?AS DE INNOVACI?N Y EMPRENDIMIENTO PARA CONTRIBUCION A LA REACTIVACION ECONOMICA: EVENTO VIRTUAL","","","IMPULSA INVERSIONES Y SOLUCIONES E.I.R.L. - IMVERSO E.I.R.L.","JOSE LUIS BUSTAMANTE Y RIVERO","AREQUIPA","AREQUIPA",040129,60000.0000,14400.0000,45600.0000,"SOLES",20230706
"FINCYT III","CONCURSO NACIONAL SOBRE ORGANIZACIÓN DE EVENTOS VIRTUALES - INNOVAR PARA REACTIVAR",2021,"037-INNOVATEPERU-OEVR-2021-SI","EL SABOR DEL FUTURO II: RETOS Y OPORTUNIDADES PARA LA SOSTENIBILIDAD Y REACTIVACI?N ECON?MICA DEL SISTEMA ALIMENTARIO Y LA CADENA DE VALOR DE LA GASTRONOM?A PERUANA: EVENTO VIRTUAL ","","","PONTIFICIA UNIVERSIDAD CATOLICA DEL PERU","SAN MIGUEL","LIMA","LIMA",150136,60000.0000,0.0000,60000.0000,"SOLES",20230706
"FINCYT III","CONCURSO NACIONAL SOBRE ORGANIZACIÓN DE EVENTOS VIRTUALES - INNOVAR PARA REACTIVAR",2021,"034-INNOVATEPERU-OEVR-2021-SI","WORKSHOP: ?INSP?RATE\, EMPRENDEDORES QUE CAMBIAN EL PA?S?. ","","","CAMARA DE COMERCIO E INDUSTRIA AREQUIPA","YANAHUARA","AREQUIPA","AREQUIPA",040126,60000.0000,11060.0000,48940.0000,"SOLES",20230706
"FINCYT III","CONCURSO NACIONAL SOBRE ORGANIZACIÓN DE EVENTOS VIRTUALES - INNOVAR PARA REACTIVAR",2021,"042-INNOVATEPERU-OEVR-2021-SI","EVENTO VIRTUAL: DINAMIZACI?N DEL ECOSISTEMA REGIONAL DE INNOVACION AGRARIA ? SAN MARTIN","","","CENTRO DE INVESTIGACION\, GESTION Y CONSULTORIA INTEGRAL S.A.C.","PIURA","PIURA","PIURA",200101,58000.0000,49000.0000,11000.0000,"SOLES",20230706
"FINCYT III","CONCURSO NACIONAL SOBRE ORGANIZACIÓN DE EVENTOS VIRTUALES - INNOVAR PARA REACTIVAR",2021,"038-INNOVATEPERU-OEVR-2021-SI","1ER FORO ?OPORTUNIDADES COMERCIALES\, INNOVACI?N Y EMPRENDIMIENTO EN EL ENTORNO MINERO DE MOQUEGUA? ","","","CAMARA DE COMERCIO E INDUSTRIA DE MOQUEGUA","MOQUEGUA","MARISCAL NIETO","MOQUEGUA",180101,60000.0000,12924.8000,47075.2000,"SOLES",20230706
"FINCYT III","PROYECTOS DE INNOVACIÓN EMPRESARIAL",2021,"335-INNOVATEPERU-PIEC1-2021","IMPLEMENTACIÓN DE UN SISTEMA DE BIOENERGÍA PARA LA GESTIÓN INTELIGENTE DE RESIDUOS SÓLIDOS Y GENERACIÓN DE ENERGÍA LIMPIA MEDIANTE EL APROVECHAMIENTO DE LA CÁSCARA DE CASTAÑA EN LA PLANTA DE PROCESAMIENTO ASCART",20211025,20230825,"ASOCIACION DE CASTAÑEROS DE LA RESERVA DE TAMBOPATA LOS PIONEROS - ASCART","","","","",278772.8700,50177.1300,39100.0000,"SOLES",20230706
"FINCYT III","PROYECTOS DE INNOVACIÓN EMPRESARIAL - INNOVAR PARA REACTIVAR",2021,"336-INNOVATEPERU-PIEC1R-2021","ESTANDARIZACIÓN DE LA CALIDAD Y MEJORAMIENTO DE COSTOS Y TIEMPOS ASOCIADOS AL FERMENTADO Y SECADO ARTESANAL DE LOS GRANOS DE CACAO DE ORIGEN AMAZONAS\, MEDIANTE LA IMPLEMENTACIÓN DE UN SISTEMA DE CONTROL Y MONITOREO DE PARÁMETROS RELEVANTES A TIEMPO REAL.",20211022,20230721,"AGROSOL JR. SOCIEDAD ANONIMA CERRADA","BAGUA GRANDE","UTCUBAMBA","AMAZONAS",010701,299993.2600,34126.7400,26400.0000,"SOLES",20230706
"FINCYT III","PROYECTOS DE INNOVACIÓN EMPRESARIAL",2021,"337-INNOVATEPERU-PIEC1-2021","DISEÑO Y CONSTRUCCIÓN DE UN BIORREACTOR AUTOMATIZADO CON MACHINE LEARNING\, PARA LA FERMENTACIÓN ANAERÓBICA DE CEREZOS DE CAFÉ VARIEDAD GEISHA ORIENTADA A LA PRODUCCIÓN DE CAFÉS DE ALTA PUNTACIÓN EN TAZA EN LA COOPERATIVA AGRARIA KAFFEE SATIPO\, REGIÓN JUNÍN.",20210705,20230905,"COOPERATIVA AGRARIA KAFFEE SATIPO","SATIPO","SATIPO","JUNIN",120601,241033.5700,45894.0300,36880.0000,"SOLES",20230706
"FINCYT III","PROYECTOS DE INNOVACIÓN EMPRESARIAL - INNOVAR PARA REACTIVAR",2021,"338-INNOVATEPERU-PIEC1R-2021","APROVECHAMIENTO DE COMPONENTES DE POCO VALOR EN MADERAS AMAZÓNICAS PARA LA GENERACIÓN DE PRODUCTOS MEDIANTE MODIFICACIÓN TERMAL COMO ESTRATEGIA PARA LA REACTIVACIÓN ECONÓMICA DE LA EMPRESA MADERACRE TIMBER S.A.C",20210705,20230724,"MADERACRE TIMBER S.A.C.","","","","",299840.6800,35709.3200,133208.0000,"SOLES",20230706
"FINCYT III","CONCURSO NACIONAL PARA LA DIFUSIÓN DE CASOS DE LA INNOVACION - RECONOCIENDO LA INNOVACIÓN - INNOVAR PARA REACTIVAR",2021,"339-INNOVATEPERU-RIVR-2021","HISTORIAS DE ÉXITO. INNOVANDO EN LA SELVA PERUANA\, ENTRE LO ORGÁNICO Y ECOLÓGICO. ",20211103,20220902,"CONTEO REGRESIVO FILMS S.A.C.","","","","",158542.3700,35959.3200,32000.0000,"SOLES",20230706
"FINCYT III","CONCURSO NACIONAL PARA LA DIFUSIÓN DE CASOS DE LA INNOVACION - RECONOCIENDO LA INNOVACIÓN - INNOVAR PARA REACTIVAR",2021,"341-INNOVATEPERU-RIVR-2021","¡ARRIBA EL AGRO!",20211027,20220926,"TANQUE PRODUCCIONES S.A.C.","","","","",150108.4900,27019.5100,44800.0000,"SOLES",20230706
"FIDECOM","PIMEN",2021,"043-FIDECOM-INNOVATEPERU-PIMEN-2021-SI","OPTIMIZACI?N DE UN PAQUETE SILVICULTURAL PARA LA INSTALACI?N DE PLANTACIONES FORESTALES CLONALES DE SHIHUAHUACO","","","DIPTERYX S.A.C.","YARINACOCHA","CORONEL PORTILLO","UCAYALI",250105,150000.0000,39000.0000,111000.0000,"SOLES",20230706
"FINCYT III","PROYECTOS DE INNOVACIÓN EMPRESARIAL",2021,"350-INNOVATEPERU-PIEC1-2021","DESARROLLO DE UN PROTOTIPO DE CÁMARA DE SECADO SOLAR\, CON CONTROL AUTOMÁTICO USANDO INTELIGENCIA ARTIFICIAL\, QUE PERMITA EL SECADO DE CAFÉ NATURAL EN PERIODOS ENTRE 10 A 15 DÍAS\, LOGRANDO UN NIVEL DE CALIDAD ENTRE 85 Y 92 PUNTOS SCA EN TAZA\, EN CHANCHAMAYO.",20220119,20230619,"COOPERATIVA AGRARIA CAFETALERA LA FLORIDA","CHANCHAMAYO","CHANCHAMAYO","JUNIN",120301,229044.7000,88824.0500,34600.0000,"SOLES",20230706
"FINCYT III","PROYECTOS DE INNOVACIÓN EMPRESARIAL - INNOVAR PARA REACTIVAR",2021,"351-INNOVATEPERU-PIEC1R-2021","DESARROLLO DE UN PROCESO PILOTO DE PRODUCCIÓN DE DERIVADOS DE TARA (CAESALPINIA SPINOSA) PARA LA INDUSTRIA QUÍMICA",20211026,20230725,"ARGOS EXPORT S.A.","","","","",299237.2900,39762.7100,47100.0000,"SOLES",20230706
"FINCYT III","PROYECTOS DE INNOVACIÓN EMPRESARIAL",2021,"352-INNOVATEPERU-PIEC1-2021","DISEÑO E IMPLEMENTACIÓN DE UN PROTOTIPO DE  ROBOT COLABORATIVO INTELIGENTE  PARA ACONDICIONAMIENTO\, CONTROL DE CALIDAD Y REDUCCIÓN DE RIESGOS DEL PRODUCTO FINAL DE LA LÍNEA AUTOMÁTICA UHLMANN BEC500 DEL INSTITUTO QUIMIOTERÁPICO S.A.",20211022,20230422,"INSTITUTO QUIMIOTERAPICO S A","","","","",299937.2800,144722.7200,44600.0000,"SOLES",20230706
"FINCYT III","PROYECTOS DE INNOVACIÓN EMPRESARIAL",2021,"355-INNOVATEPERU-PIEC1-2021","DESARROLLO E IMPLEMENTACIÓN DE UN SISTEMA INTEGRADO DE DESINFECCIÓN Y ESTERILIZACIÓN APLICADO A LA CADENA DE INSUMOS EN CRUCEROS FLUVIALES DE IQUITOS PARA GARANTIZAR LA CALIDAD DEL SERVICIO TURÍSTICO Y LA SEGURIDAD DE LOS VIAJEROS",20211021,20230721,"TURISMO SANTA ISABEL S.R.LTDA.","","","","",237019.4900,85680.5100,64992.0000,"SOLES",20230706
"FIDECOM","PIMENR",2021,"048-FIDECOM-INNOVATEPERU-PIMENR-2021-SI","NUEVO ALINEAMIENTO CON CLIENTES CORPORATIVOS Y STARTUPS PARA INVESTA VB BAJO EL MODELO VENTURE CLIENTING","","","INVESTA VB S.A.C.","SANTIAGO DE SURCO","LIMA","LIMA",150140,147870.5100,19295.4900,31356.0000,"SOLES",20230706
"MIPYME","PROGRAMA DE APOYO A CLUSTERS",2021,"007-PROINNOVATE-PAC-2021","FORTALECIMIENTO DEL CLUSTER AGROEXPORTADOR DE MANGO EN PIURA",20211004,20221004,"ASOCIACION PERUANA DE PRODUCTORES Y EXPORTADORES DE MANGO","PIURA","PIURA","PIURA",200101,628750.2900,85725.2700,55000.0000,"SOLES",20230706
"FINCYT III","CONCURSO AYUDA A LA DEMANDA DE SERVICIOS TECNOLÓGICOS - MIPYME PRODUCTIVA - CATEGORÍA 2",2021,"017-PROINNOVATE-ADTC2-2021","IMPLEMENTACIÓN Y CERTIFICACIÓN DEL SISTEMA DE ANÁLISIS DE PELIGROS Y PUNTOS CRÍTICOS DE CONTROL -  HACCP PARA LA LÍNEA DE ELABORACIÓN DE COMIDAS PREPARADAS.",20211014,20230113,"SERVICIOS ALIMENTARIOS BOOM SOCIEDAD COMERCIAL DE RESPONSABILIDAD LIMITADA","CHICLAYO","CHICLAYO","LAMBAYEQUE",140101,55000.0000,0.0000,16666.6700,"SOLES",20230706
"FINCYT III","CONCURSO FORTALECIMIENTO ESTRATÉGICO DE CENTROS DE EXTENSIÓN Y TRANSFERENCIA TECNOLÓGICA (CET) - SEGUNDA FASE",2021,"019-PROINNOVATE-CETF2-2021","FORTALECIMIENTO DE LA OFERTA DE SERVICIOS DE ASESORAMIENTO Y APOYO AL DESARROLLO TECNOLÓGICO Y DE INNOVACIÓN EN LA CADENA AGROINDUSTRIAL DE AREQUIPA\, POR EL CITE AGROINDUSTRIAL MAJES",20211221,20230721,"INSTITUTO TECNOLOGICO DE LA PRODUCCION","","","","",3000000.0000,0.0000,668000.0000,"SOLES",20230706
"FINCYT III","CONCURSO FORTALECIMIENTO ESTRATÉGICO DE CENTROS DE EXTENSIÓN Y TRANSFERENCIA TECNOLÓGICA (CET) - SEGUNDA FASE",2021,"020-PROINNOVATE-CETF2-2021","IMPLEMENTACIÓN DEL PLAN ESTRATÉGICO DEL CITEAGROINDUSTRIAL CHAVIMOCHIC PARA EL FORTALECIMIENTO DE SERVICIOS QUE SE OFRECEN A LAS EMPRESAS AGROALIMENTARIA EN LA REGIÓN LA LIBERTAD",20211221,20230721,"INSTITUTO TECNOLOGICO DE LA PRODUCCION","","","","",4500000.0000,0.0000,1162049.7600,"SOLES",20230706
"FINCYT III","CONCURSO BOOTCAMPS DE CÓDIGO - FASE II",2021,"025-PROINNOVATE-BCCF2-2021","BOOTCAMP DEVF - MASTER EN CODING",20210628,20221128,"ALISSON GARCIA PALACIOS","","","","",3205.7100,0.0000,0.0000,"DOLARES",20230706
"FINCYT III","CONCURSO BOOTCAMPS DE CÓDIGO - FASE II",2021,"026-PROINNOVATE-BCCF2-2021","BOOTCAMP DEVF - MASTER EN CODING",20210628,20230328,"EVER ANTONIO DAVILA ATOCHE","","","","",3205.7100,0.0000,0.0000,"DOLARES",20230706
"FINCYT III","CONCURSO BOOTCAMPS DE CÓDIGO - FASE II",2021,"028-PROINNOVATE-BCCF2-2021","BOOTCAMP DEVF - MASTER EN CODING",20210628,20221028,"TATIANA OVIEDO GUANILO","","","","",3205.7100,0.0000,0.0000,"DOLARES",20230706
"FINCYT III","CONCURSO FORTALECIMIENTO ESTRATÉGICO DE CENTROS DE EXTENSIÓN Y TRANSFERENCIA TECNOLÓGICA (CET) - SEGUNDA FASE",2021,"036-PROINNOVATE-CETF2-2021","FORTALECIMIENTO DE LOS SERVICIOS DE INNOVACIÓN Y EXTENSIONISMO TECNOLÓGICO DEL CITEMADERA PARA MEJORAR LA COMPETITIVIDAD DE MANERA SOSTENIBLE EN LAS UNIDADES PRODUCTIVAS DEL SECTOR MADERA Y MUEBLE EN LAS REGIONES DE LIMA Y CAJAMARCA ",20211221,20230721,"INSTITUTO TECNOLOGICO DE LA PRODUCCION","SAN ISIDRO","LIMA","LIMA",150131,1806480.0100,0.0000,428400.0000,"SOLES",20230706
"MIPYME","PROGRAMA DE APOYO A CLUSTERS",2021,"038-PROINNOVATE-PAC-2021","FORTALECIMIENTO DEL CLUSTER DE GRANOS ANDINOS: QUINUA EN EL CORREDOR ECONÓMICO APURIMAC - CUSCO",20211123,20221123,"CESAL","","","","",650000.0000,0.0000,41429.0000,"SOLES",20230706
"FINCYT III","CONCURSO BOOTCAMPS DE CÓDIGO - FASE II",2021,"040-PROINNOVATE-BCCF2-2021","BOOTCAMP DEVF - PROFESSIONAL EN CODING",20211216,20221116,"JUAN CARLOS CHAMBI SUAÑA","","","","",2382.7600,0.0000,0.0000,"DOLARES",20230706
"FINCYT III","CONCURSO BOOTCAMPS DE CÓDIGO - FASE II",2021,"041-PROINNOVATE-BCCF2-2021","BOOTCAMP DEVF - PROFESSIONAL EN CODING",20211018,20221018,"JOEL YSRRAEL VELASQUEZ HUAMANTUPA","","","","",2382.7600,0.0000,0.0000,"DOLARES",20230706
"FINCYT III","CONCURSO BOOTCAMPS DE CÓDIGO - FASE II",2021,"050-PROINNOVATE-BCCF2-2021","BOOTCAMP DEVF - PROFESSIONAL EN CODING",20211018,20221118,"KENEDY YURVY CALDERON ALIAGA","","","","",2382.7600,0.0000,0.0000,"DOLARES",20230706
"FINCYT III","CONCURSO BOOTCAMPS DE CÓDIGO - FASE II",2021,"051-PROINNOVATE-BCCF2-2021","BOOTCAMP DEVF - PROFESSIONAL EN CODING",20211018,20221118,"MARTHA FIORELLA CÁRDENAS GRADOS","","","","",2382.7600,0.0000,0.0000,"DOLARES",20230706
"FINCYT III","CONCURSO BOOTCAMPS DE CÓDIGO - FASE II",2021,"056-PROINNOVATE-BCCF2-2021","BOOTCAMP DEVF - PROFESSIONAL EN CODING",20211018,20230318,"CLAUDIA MARCELA SOTOMAYOR ALBORNOZ","","","","",2382.7600,0.0000,0.0000,"DOLARES",20230706
"FINCYT III","CONCURSO BOOTCAMPS DE CÓDIGO - FASE II",2021,"059-PROINNOVATE-BCCF2-2021","BOOTCAMP DEVF - PROFESSIONAL EN CODING",20211018,20230218,"JUAN SIGIFREDO MORALES RUIZ","","","","",2382.7600,0.0000,0.0000,"DOLARES",20230706
"FINCYT III","CONCURSO FORTALECIMIENTO ESTRATÉGICO DE CENTROS DE EXTENSIÓN Y TRANSFERENCIA TECNOLÓGICA (CET) - SEGUNDA FASE",2021,"063-PROINNOVATE-CETF2-2021","FORTALECIMIENTO DE LOS SERVICIOS DEL CET INICTEL-UNI: PROMOVIENDO LA TRANSFORMACIÓN DIGITAL DEL PERÚ",20220426,20231026,"UNIDAD EJECUTORA 002 - INICTEL-UNI","SAN BORJA","LIMA","LIMA",150130,4200000.0000,0.0000,1320000.0000,"SOLES",20230706
"FINCYT III","CONCURSO BOOTCAMPS DE CÓDIGO - FASE II",2021,"065-PROINNOVATE-BCCF2-2021","BOOTCAMP DEVF - MASTER EN CODING",20210628,20221128,"OCTAVIO ENRIQUE PALOMINO CASTELLO","","","","",3205.7100,0.0000,0.0000,"DOLARES",20230706
"FINCYT III","CONCURSO BOOTCAMPS DE CÓDIGO - FASE II",2021,"067-PROINNOVATE-BCCF2-2021","BOOTCAMP DEVF - MASTER EN CODING",20210628,20221228,"YOHHAN MANUEL ALEXIS AURIS BELLIDO","","","","",3205.7100,0.0000,0.0000,"DOLARES",20230706
"FINCYT III","CONCURSO BOOTCAMPS DE CÓDIGO - FASE II",2021,"069-PROINNOVATE-BCCF2-2021","BOOTCAMP DEVF - MASTER EN CODING",20210628,20221128,"DAVID VERA CABANILLAS","","","","",3205.7100,0.0000,0.0000,"DOLARES",20230706
"FINCYT III","CONCURSO BOOTCAMPS DE CÓDIGO - FASE II",2021,"071-PROINNOVATE-BCCF2-2021","BOOTCAMP DEVF - PROFESSIONAL EN CODING",20210628,20220528,"JAIR GERARDO RODRIGUEZ CRUZ","","","","",2382.7600,0.0000,0.0000,"DOLARES",20230706
"FINCYT III","CONCURSO BOOTCAMPS DE CÓDIGO - FASE II",2021,"073-PROINNOVATE-BCCF2-2021","BOOTCAMP DEVF - PROFESSIONAL EN CODING",20210628,20220528,"HUBER RENE CALIZAYA JUANILLO","","","","",2382.7600,0.0000,0.0000,"DOLARES",20230706
"FINCYT III","CONCURSO BOOTCAMPS DE CÓDIGO - FASE II",2021,"074-PROINNOVATE-BCCF2-2021","BOOTCAMP DEVF - PROFESSIONAL EN CODING",20210628,20220528,"ELIANA JULIANA CHIROQUE RUIZ","","","","",2382.7600,0.0000,0.0000,"DOLARES",20230706
"FINCYT III","CONCURSO BOOTCAMPS DE CÓDIGO - FASE II",2021,"084-PROINNOVATE-BCCF2-2021","BOOTCAMP DEVF - MASTER EN CODING",20211123,20230423,"MABEL JULIANA LEYVA ALIAGA","","","","",3205.7100,0.0000,0.0000,"DOLARES",20230706
"FINCYT III","CONCURSO BOOTCAMPS DE CÓDIGO - FASE II",2021,"094-PROINNOVATE-BCCF2-2021","BOOTCAMP LEWAGON - PROGRAMACIÓN WEB INTENSIVO 14 SEMANAS",20211125,20221025,"CRISTOPHER REYNALDO HUAROC OLIVERA","","","","",6750.0000,0.0000,0.0000,"DOLARES",20230706
"FINCYT III","CONCURSO BOOTCAMPS DE CÓDIGO - FASE II",2021,"101-PROINNOVATE-BCCF2-2021","BOOTCAMP MAKEITREAL - PROGRAMA FULL STACK JS WEB DEVELOPER TIEMPO COMPLETO",20211125,20220825,"IRIS ELIZABETH MONTEZA VALLEJOS","","","","",5750.0000,0.0000,0.0000,"DOLARES",20230706
"FINCYT III","CONCURSO FORTALECIMIENTO ESTRATÉGICO DE CENTROS DE EXTENSIÓN Y TRANSFERENCIA TECNOLÓGICA (CET) - SEGUNDA FASE",2021,"110-PROINNOVATE-CETF2-2021","CENTRO DE EXTENSIÓN Y TRANSFERENCIA (CET) DEL CENTRO DE FORMACIÓN EN TURISMO (CENFOTUR) DEL SECTOR TURISMO EN LA REGIÓN DE LIMA",20220424,20231024,"CENTRO DE FORMACION EN TURISMO","BARRANCO","LIMA","LIMA",150104,4800000.0000,0.0000,3200000.0000,"SOLES",20230706
"FINCYT III","CONCURSO BOOTCAMPS DE CÓDIGO - FASE II",2021,"125-PROINNOVATE-BCCF2-2021","BOOTCAMP MAKEITREAL - PROGRAMA FULL STACK JS WEB DEVELOPER TIEMPO PARCIAL",20211206,20230606,"JHON KENEDY RIVEROS PARAGUAY","","","","",3980.0000,0.0000,0.0000,"DOLARES",20230706
"FINCYT III","CONCURSO BOOTCAMPS DE CÓDIGO - FASE II",2021,"133-PROINNOVATE-BCCF2-2021","BOOTCAMP DEVF - MASTER EN CODING",20211201,20230501,"CHAMORRO RAMOS ROCIO DEL PILAR","","","","",3205.7100,0.0000,0.0000,"DOLARES",20230706
"FINCYT III","CONCURSO BOOTCAMPS DE CÓDIGO - FASE II",2021,"138-PROINNOVATE-BCCF2-2021","BOOTCAMP DEVF - MASTER EN CODING",20211207,20230507,"HUGO JESUS ALVAREZ ATARAMA","","","","",3205.7100,0.0000,0.0000,"DOLARES",20230706
"FINCYT III","CONCURSO BOOTCAMPS DE CÓDIGO - FASE II",2021,"139-PROINNOVATE-BCCF2-2021","BOOTCAMP DEVF - MASTER EN CODING",20211125,20230525,"LUIS ANGEL CONDORI HUISA","","","","",3205.7100,0.0000,0.0000,"DOLARES",20230706
"FINCYT III","CONCURSO BOOTCAMPS DE CÓDIGO - FASE II",2021,"140-PROINNOVATE-BCCF2-2021","BOOTCAMP DEVF - MASTER EN CODING",20211123,20230323,"EMANUEL GEORGE RETAMOZO VARGAS","","","","",3205.7100,0.0000,0.0000,"DOLARES",20230706
"FINCYT III","CONCURSO BOOTCAMPS DE CÓDIGO - FASE II",2021,"141-PROINNOVATE-BCCF2-2021","BOOTCAMP DEVF - MASTER EN CODING",20211123,20230323,"RIKSON ENRIQUE MAURICIO PALACIOS","","","","",3205.7100,0.0000,0.0000,"DOLARES",20230706
"FINCYT III","CONCURSO BOOTCAMPS DE CÓDIGO - FASE II",2021,"143-PROINNOVATE-BCCF2-2021","BOOTCAMP DEVF - MASTER EN CODING",20211123,20230323,"BENILDA COARI CONDO","","","","",3205.7100,0.0000,0.0000,"DOLARES",20230706
"FINCYT III","CONCURSO BOOTCAMPS DE CÓDIGO - FASE II",2021,"145-PROINNOVATE-BCCF2-2021","BOOTCAMP DEVF - MASTER EN CODING",20211124,20230324,"CAROLYN PATRICIA BALLARDO CUZCANO","","","","",3205.7100,0.0000,0.0000,"DOLARES",20230706
"FINCYT III","CONCURSO BOOTCAMPS DE CÓDIGO - FASE II",2021,"146-PROINNOVATE-BCCF2-2021","BOOTCAMP DEVF - MASTER EN CODING",20211124,20230424,"WALTER ARROYO DOMÍNGUEZ","","","","",3205.7100,0.0000,0.0000,"DOLARES",20230706
"FINCYT III","CONCURSO BOOTCAMPS DE CÓDIGO - FASE II",2021,"153-PROINNOVATE-BCCF2-2021","BOOTCAMP DEVF - MASTER EN CODING",20211201,20230401,"ISAAC RONALDO HUANCA BRAVO","","","","",3205.7100,0.0000,0.0000,"DOLARES",20230706
"FINCYT III","CONCURSO BOOTCAMPS DE CÓDIGO - FASE II",2021,"154-PROINNOVATE-BCCF2-2021","BOOTCAMP DEVF - MASTER EN CODING",20211209,20230509,"NICOLAS PINTADO ASPILLAGA","","","","",3205.7100,0.0000,0.0000,"DOLARES",20230706
"FINCYT III","CONCURSO FORTALECIMIENTO ESTRATÉGICO DE CENTROS DE EXTENSIÓN Y TRANSFERENCIA TECNOLÓGICA (CET) - SEGUNDA FASE",2021,"158-PROINNOVATE-CETF2-2021","FORTALECIMIENTO DEL CITEPRODUCTIVO EN LAS CADENAS DE ACUICULTURA\, MADERA Y AGROINDUSTRIA DE LA REGIÓN MADRE DE DIOS.",20211221,20230921,"INSTITUTO TECNOLOGICO DE LA PRODUCCION","","","","",4800000.0000,0.0000,1214050.0000,"SOLES",20230706
"FINCYT III","CONCURSO BOOTCAMPS DE CÓDIGO - FASE II",2021,"160-PROINNOVATE-BCCF2-2021","BOOTCAMP DEVF - MASTER EN CODING",20211124,20230324,"ROMINA PAOLA ACRO","","","","",3205.7100,0.0000,0.0000,"DOLARES",20230706
"FINCYT III","CONCURSO BOOTCAMPS DE CÓDIGO - FASE II",2021,"161-PROINNOVATE-BCCF2-2021","BOOTCAMP DEVF - MASTER EN CODING",20211124,20221124,"JUAN CARLOS VILLACORTA REYES","","","","",3205.7100,0.0000,0.0000,"DOLARES",20230706
"FINCYT III","CONCURSO BOOTCAMPS DE CÓDIGO - FASE II",2021,"168-PROINNOVATE-BCCF2-2021","BOOTCAMP MAKEITREAL - PROGRAMA FULL STACK JS WEB DEVELOPER TIEMPO PARCIAL",20220131,20221031,"JAIME AMILCAR CATARI SINSAYA","","","","",3980.0000,0.0000,0.0000,"DOLARES",20230706
"FINCYT III","CONCURSO BOOTCAMPS DE CÓDIGO - FASE II",2021,"169-PROINNOVATE-BCCF2-2021","BOOTCAMP MAKEITREAL - PROGRAMA FULL STACK JS WEB DEVELOPER TIEMPO PARCIAL",20220131,20221130,"JEAN PAUL RAMOS MASGO","","","","",3980.0000,0.0000,0.0000,"DOLARES",20230706
"FINCYT III","CONCURSO BOOTCAMPS DE CÓDIGO - FASE II",2021,"170-PROINNOVATE-BCCF2-2021","BOOTCAMP MAKEITREAL - PROGRAMA FULL STACK JS WEB DEVELOPER TIEMPO PARCIAL",20220131,20221031,"BRAYAN MISAEL MARTÍNEZ FLORES","","","","",3980.0000,0.0000,0.0000,"DOLARES",20230706
"FINCYT III","CONCURSO BOOTCAMPS DE CÓDIGO - FASE II",2021,"173-PROINNOVATE-BCCF2-2021","BOOTCAMP MAKEITREAL - PROGRAMA FULL STACK JS WEB DEVELOPER TIEMPO PARCIAL",20220131,20221130,"JHON WILDER PARIONA VILCA","","","","",3980.0000,0.0000,0.0000,"DOLARES",20230706
"FINCYT III","CONCURSO BOOTCAMPS DE CÓDIGO - FASE II",2021,"175-PROINNOVATE-BCCF2-2021","BOOTCAMP MAKEITREAL - PROGRAMA FULL STACK JS WEB DEVELOPER TIEMPO PARCIAL",20220131,20221031,"RODY CARLO CASTILLO TACURI","","","","",3980.0000,0.0000,0.0000,"DOLARES",20230706
"FINCYT III","CONCURSO BOOTCAMPS DE CÓDIGO - FASE II",2021,"176-PROINNOVATE-BCCF2-2021","BOOTCAMP MAKEITREAL - PROGRAMA FULL STACK JS WEB DEVELOPER TIEMPO PARCIAL",20220131,20221031,"FRANCISCO JAVIER HUAPAYA ORDOÑEZ","","","","",3980.0000,0.0000,0.0000,"DOLARES",20230706
"FINCYT III","CONCURSO BOOTCAMPS DE CÓDIGO - FASE II",2021,"177-PROINNOVATE-BCCF2-2021","BOOTCAMP MAKEITREAL - PROGRAMA FULL STACK JS WEB DEVELOPER TIEMPO PARCIAL",20220131,20221031,"REYNALDO QUISPE SOCA","","","","",3980.0000,0.0000,0.0000,"DOLARES",20230706
"FINCYT III","CONCURSO BOOTCAMPS DE CÓDIGO - FASE II",2021,"180-PROINNOVATE-BCCF2-2021","BOOTCAMP MAKEITREAL - PROGRAMA FULL STACK JS WEB DEVELOPER TIEMPO PARCIAL",20220131,20230131,"DAVID ANTONIO VALVERDE FIGUEROA","","","","",3980.0000,0.0000,0.0000,"DOLARES",20230706
"FINCYT III","CONCURSO BOOTCAMPS DE CÓDIGO - FASE II",2021,"181-PROINNOVATE-BCCF2-2021","BOOTCAMP MAKEITREAL - PROGRAMA FULL STACK JS WEB DEVELOPER TIEMPO PARCIAL",20220131,20221130,"JOHANN GUSTAVO GONZALES INCA","","","","",3980.0000,0.0000,0.0000,"DOLARES",20230706
"FINCYT III","CONCURSO BOOTCAMPS DE CÓDIGO - FASE II",2021,"183-PROINNOVATE-BCCF2-2021","BOOTCAMP MAKEITREAL - PROGRAMA FULL STACK JS WEB DEVELOPER TIEMPO PARCIAL",20220131,20221031,"BRAULIO BRAMIR NOLE RUIZ","","","","",3980.0000,0.0000,0.0000,"DOLARES",20230706
"FINCYT III","CONCURSO BOOTCAMPS DE CÓDIGO - FASE II",2021,"188-PROINNOVATE-BCCF2-2021","BOOTCAMP MAKEITREAL - PROGRAMA FULL STACK JS WEB DEVELOPER TIEMPO PARCIAL",20220131,20230731,"JAIME ALEJANDRO FERNÁNDEZ CHÁVEZ","","","","",3980.0000,0.0000,0.0000,"DOLARES",20230706
"FINCYT III","CONCURSO BOOTCAMPS DE CÓDIGO - FASE II",2021,"191-PROINNOVATE-BCCF2-2021","BOOTCAMP CODING DOJO - DESARROLLO DE SOFTWARE FULL STACK",20220103,20221103,"ALEXANDER GONZALO GUILLEN VASQUEZ","","","","",7950.0000,0.0000,0.0000,"DOLARES",20230706
"FINCYT III","CONCURSO BOOTCAMPS DE CÓDIGO - FASE II",2021,"192-PROINNOVATE-BCCF2-2021","BOOTCAMP DEVF - MASTER EN CODING",20211216,20230516,"SELENA ALEXANDRA CUYUBAMBA ZAMBRANO","","","","",3205.7100,0.0000,0.0000,"DOLARES",20230706
"FINCYT III","CONCURSO BOOTCAMPS DE CÓDIGO - FASE II",2021,"193-PROINNOVATE-BCCF2-2021","BOOTCAMP DEVF - MASTER EN CODING",20211202,20230402,"KRISS CAROLINA MIÑANO ROSAS","","","","",3205.7100,0.0000,0.0000,"DOLARES",20230706
"FINCYT III","CONCURSO BOOTCAMPS DE CÓDIGO - FASE II",2021,"194-PROINNOVATE-BCCF2-2021","BOOTCAMP DEVF - PROFESSIONAL EN CODING",20211018,20221118,"CESAR AUGUSTO SEQUEIROS ARAPA","","","","",2382.7600,0.0000,0.0000,"DOLARES",20230706
"FINCYT III","CONCURSO BOOTCAMPS DE CÓDIGO - FASE II",2021,"196-PROINNOVATE-BCCF2-2021","BOOTCAMP DEVF - MASTER EN CODING",20211216,20230516,"YURI RICARDINA CHAMORRO RAMOS","","","","",3205.7100,0.0000,0.0000,"DOLARES",20230706
"FINCYT III","CONCURSO BOOTCAMPS DE CÓDIGO - FASE II",2021,"198-PROINNOVATE-BCCF2-2021","BOOTCAMP DEVF - PROFESSIONAL EN CODING",20211018,20220918,"RODRIGO JEAN PIERO CARRERA ROJAS","","","","",2382.7600,0.0000,0.0000,"DOLARES",20230706
"MIPYME Emprendedor","PROGRAMA EMERGENCIA EMPRESARIAL - MIPYMES DE CALIDAD",2021,"201-PROINNOVATE-EEMC-2021","IMPLEMENTACIÓN Y CERTIFICACIÓN DE UN SISTEMA INTEGRADO DE GESTIÓN (SIG) EN BASE A ISO 9001:2015 E ISO 45001:2018 EN LA EMPRESA MECOR INDUSTRIAL S.A.C. ",20211125,20221125,"MECOR INDUSTRIAL S.A.C.","SAN JUAN DE MIRAFLORES","LIMA","LIMA",150133,35000.0000,7066.0700,7770.6000,"SOLES",20230706
"MIPYME Emprendedor","PROGRAMA EMERGENCIA EMPRESARIAL - MIPYMES DE CALIDAD",2021,"202-PROINNOVATE-EEMC-2021","IMPLEMENTACIÓN Y CERTIFICACIÓN DE UN SISTEMA DE GESTIÓN DE SEGURIDAD Y SALUD EN EL TRABAJO EN BASE A LA NORMA ISO 45001:2018 PARA LA EMPRESA SOLUCIONES EN TELECOMUNICACIONES SOLTEL S.C.R.LTDA.",20211126,20221126,"SOLUCION EN TELECOMUNICACIONES SOLTEL S. C.R.LTDA.","LIMA","LIMA","LIMA",150101,33750.0000,4050.0000,7200.0000,"SOLES",20230706
"MIPYME Emprendedor","PROGRAMA EMERGENCIA EMPRESARIAL - MIPYMES DE CALIDAD",2021,"204-PROINNOVATE-EEMC-2021","IMPLEMENTACIÓN Y CERTIFICACIÓN DE UN SISTEMA DE GESTIÓN DE CALIDAD ISO 9001:2015 EN LA EMPRESA TOP CARE S.A.C.",20211126,20221226,"TOP CARE S.A.C.","JOSE LUIS BUSTAMANTE Y RIVERO","AREQUIPA","AREQUIPA",040129,35000.0000,4466.6700,7200.0000,"SOLES",20230706
"MIPYME Emprendedor","PROGRAMA EMERGENCIA EMPRESARIAL - MIPYMES DE CALIDAD",2021,"205-PROINNOVATE-EEMC-2021","IMPLEMENTACIÓN Y CERTIFICACIÓN DE UN SISTEMA DE GESTIÓN ANTISOBORNO (SGAS) EN BASE A ISO 37001 EN LA EMPRESA IMPERIO PEÑA S.A.C.",20211126,20221126,"IMPERIO PEÑA S.A.C.","HUARAZ","HUARAZ","ANCASH",020101,35000.0000,7066.0700,7770.6000,"SOLES",20230706
"MIPYME Emprendedor","PROGRAMA EMERGENCIA EMPRESARIAL - MIPYMES DE CALIDAD",2021,"206-PROINNOVATE-EEMC-2021","IMPLEMENTACIÓN Y CERTIFICACIÓN DE LA NORMA DE CALIDAD ISO 9001:2015 PARA LA EMPRESA GRUPO DESARROLLO Y COMUNICACION S.A.C.",20211126,20221126,"GRUPO DESARROLLO Y COMUNICACION S.A.C.","CIUDAD NUEVA","TACNA","TACNA",230104,35000.0000,4466.6700,7200.0000,"SOLES",20230706
"MIPYME Emprendedor","PROGRAMA EMERGENCIA EMPRESARIAL - MIPYMES DE CALIDAD",2021,"213-PROINNOVATE-EEMC-2021","IMPLEMENTACIÓN Y CERTIFICACIÓN DE UN SISTEMA DE GESTIÓN DE SEGURIDAD Y SALUD EN EL TRABAJO (ISO 45001:2018). EN LA EMPRESA SUMA GESTIÓN EMPRESARIAL S.A.C",20211126,20221126,"SUMA GESTIÓN EMPRESARIAL S.A.C.","JESUS MARIA","LIMA","LIMA",150113,35000.0000,7066.6700,4600.0000,"SOLES",20230706
"MIPYME Emprendedor","PROGRAMA EMERGENCIA EMPRESARIAL - MIPYMES DE CALIDAD",2021,"214-PROINNOVATE-EEMC-2021","CERTIFICACIÓN DE ISO 45001:2018 PARA LOS PROCESOS ESTRATÉGICOS\, OPERATIVOS Y DE SOPORTE REALIZADOS POR LA EMPRESA DE TRANSPORTE MAVASA EIRL EN EL SERVICIO DE TRANSPORTE DE: CARGA EN GENERAL\, MATERIALES PELIGROSOS E IQBF.",20211203,20230103,"EMPRESA DE TRANSPORTES MAVASA E.I.R.L.","SAN JUAN DE LURIGANCHO","LIMA","LIMA",150132,35000.0000,4466.6700,7200.0000,"SOLES",20230706
"MIPYME Emprendedor","PROGRAMA EMERGENCIA EMPRESARIAL - MIPYMES DE CALIDAD",2021,"216-PROINNOVATE-EEMC-2021","IMPLEMENTACIÓN Y CERTIFICACIÓN DE UN SISTEMA INTEGRADO DE GESTIÓN (SIG) EN BASE A ISO 9001:2015 E ISO 45001:2018 EN LA EMPRESA  ENGINEERING AND INNOVATION S.A.C.",20211129,20221129,"ENGINEERING AND INNOVATION SOCIEDAD ANONIMA CERRADA","SANTA ANA","LA CONVENCION","CUSCO",080901,35000.0000,10340.6000,8489.4000,"SOLES",20230706
"MIPYME Emprendedor","PROGRAMA EMERGENCIA EMPRESARIAL - MIPYMES DE CALIDAD",2021,"218-PROINNOVATE-EEMC-2021","IMPLEMENTACIÓN Y CERTIFICACIÓN DEL SISTEMA DE GESTIÓN DE CALIDAD BASADO EN LA NORMA ISO 9001:2015 EN LA EMPRESA MANAGE YOUR PROCESS S.A.C.",20211124,20221124,"MANAGE YOUR PROCESS S.A.C.","SAN JUAN DE LURIGANCHO","LIMA","LIMA",150132,26250.0000,3350.0000,5400.0000,"SOLES",20230706
"MIPYME Emprendedor","PROGRAMA EMERGENCIA EMPRESARIAL - MIPYMES DE CALIDAD",2021,"220-PROINNOVATE-EEMC-2021","CERTIFICACIÓN DE LA NORMA ISO 9001:2015 PARA EL SISTEMA DE GESTIÓN DE LA CALIDAD EN LA EMPRESA \"R.D.A. CONSTRUCTORA S.A.C.\"",20211123,20221223,"R.D.A. CONSTRUCTORA S.A.C.","EL TAMBO","HUANCAYO","JUNIN",120114,34915.2400,7051.4200,7600.0000,"SOLES",20230706
"MIPYME Emprendedor","PROGRAMA EMERGENCIA EMPRESARIAL - MIPYMES DE CALIDAD",2021,"225-PROINNOVATE-EEMC-2021","IMPLEMENTACIÓN DE LA NORMA INTERNACIONAL ISO 9001:2015 EN LA EMPRESA ARK-TURBO CORPORACION EIRL.",20211126,20221226,"ARK-TURBO CORPORACION EMPRESA INDIVIDUAL DE RESPONSABILIDAD LIMITADA - ARK-TURBO CORPORACION E.I.R.L","LIMA","LIMA","LIMA",150101,33750.0000,4050.0000,7200.0000,"SOLES",20230706
"MIPYME Emprendedor","PROGRAMA EMERGENCIA EMPRESARIAL - MIPYMES DE CALIDAD",2021,"230-PROINNOVATE-EEMC-2021","IMPLEMENTACIÓN Y CERTIFICACIÓN DE LA NORMA INTERNACIONAL ISO 21101\, SEGURIDAD EN TURISMO DE AVENTURA\, EN LA EMPRESA AMAZING HOLIDAYS TOURS S.A.C.",20211123,20221223,"AMAZING HOLIDAYS TOURS SOCIEDAD ANONIMA CERRADA/AMAZING HOLIDAYS TOURS S.A.C.","MIRAFLORES","AREQUIPA","AREQUIPA",040110,34650.0000,6950.0000,7579.8000,"SOLES",20230706
"MIPYME Emprendedor","PROGRAMA EMERGENCIA EMPRESARIAL - MIPYMES DE CALIDAD",2021,"231-PROINNOVATE-EEMC-2021","IMPLEMENTACIÓN Y CERTIFICACIÓN DEL SISTEMA DE GESTIÓN DE CALIDAD ISO 9001:2015 EN LA EMPRESA BECATEL PERU S.A.C.\, PARA LA MEJORA DE SUS PROCESOS Y LA PRODUCTIVIDAD DE LA EMPRESA.",20211125,20221125,"BECATEL PERU S.A.C.","TRUJILLO","TRUJILLO","LA LIBERTAD",130101,35000.0000,7066.6700,5060.0000,"SOLES",20230706
"MIPYME Emprendedor","PROGRAMA EMERGENCIA EMPRESARIAL - MIPYMES DE CALIDAD",2021,"233-PROINNOVATE-EEMC-2021","IMPLEMENTACIÓN Y CERTIFICACIÓN DE LA NORMA ISO 9001:2015 EN LA EMPRESA FIDEMA MOVIT S.A.C.",20211124,20221124,"FIDEMA MOVIT S.A.C.","CHALLHUAHUACHO","COTABAMBAS","APURIMAC",030506,35000.0000,7066.6700,7200.0000,"SOLES",20230706
"MIPYME Emprendedor","PROGRAMA EMERGENCIA EMPRESARIAL - MIPYMES DE CALIDAD",2021,"236-PROINNOVATE-EEMC-2021","IMPLEMENTACIÓN Y CERTIFICACIÓN DE UN SISTEMA DE GESTIÓN DE LA CALIDAD EN BASE A LA NORMA ISO 9001:2015 PARA LA EMPRESA ODONTOCLINICA E.I.R.L.",20211122,20230322,"ODONTOCLINICA EIRL.","MIRAFLORES","AREQUIPA","AREQUIPA",040110,31162.5000,6219.9000,4167.6000,"SOLES",20230706
"MIPYME Emprendedor","PROGRAMA EMERGENCIA EMPRESARIAL - MIPYMES DE CALIDAD",2021,"237-PROINNOVATE-EEMC-2021","OBTENCIÓN DE LA CERTIFICACIÓN ISO 45001:2018 SISTEMA DE GESTIÓN DE  SEGURIDAD Y SALUD EN EL TRABAJO EN LA EMPRESA JEVIL SAC",20211129,20221229,"EMPRESA JEVIL S.A.C.","EL TAMBO","HUANCAYO","JUNIN",120114,34915.2400,7051.4200,7600.0000,"SOLES",20230706
"FINCYT III","CONCURSO BOOTCAMPS DE CÓDIGO - FASE II",2021,"240-PROINNOVATE-BCCF2-2021","BOOTCAMP CODING DOJO - DESARROLLO DE SOFTWARE FULL STACK",20220103,20221103,"CAROLINA JUDITH SAAVEDRA PEÑA","","","","",7950.0000,0.0000,0.0000,"DOLARES",20230706
"FINCYT III","CONCURSO BOOTCAMPS DE CÓDIGO - FASE II",2021,"242-PROINNOVATE-BCCF2-2021","BOOTCAMP CODING DOJO - DESARROLLO DE SOFTWARE FULL STACK",20220103,20221103,"IRVING FRANCISCO CÁRDENAS LEÓN","","","","",7950.0000,0.0000,0.0000,"DOLARES",20230706
"FINCYT III","CONCURSO BOOTCAMPS DE CÓDIGO - FASE II",2021,"244-PROINNOVATE-BCCF2-2021","BOOTCAMP CODING DOJO - DESARROLLO DE SOFTWARE FULL STACK",20220103,20221103,"JONATHAN HAROLD QUEVEDO PULIDO","","","","",7950.0000,0.0000,0.0000,"DOLARES",20230706
"FINCYT III","CONCURSO BOOTCAMPS DE CÓDIGO - FASE II",2021,"245-PROINNOVATE-BCCF2-2021","BOOTCAMP CODING DOJO - DESARROLLO DE SOFTWARE FULL STACK",20220103,20221103,"GLEEN PELTROCHE SAAVEDRA","","","","",7950.0000,0.0000,0.0000,"DOLARES",20230706
"FINCYT III","CONCURSO BOOTCAMPS DE CÓDIGO - FASE II",2021,"248-PROINNOVATE-BCCF2-2021","BOOTCAMP CODING DOJO - DESARROLLO DE SOFTWARE FULL STACK",20220103,20221103,"MARIA FERNANDA HEROS CALLIRGOS","","","","",7950.0000,0.0000,0.0000,"DOLARES",20230706
"FINCYT III","CONCURSO BOOTCAMPS DE CÓDIGO - FASE II",2021,"249-PROINNOVATE-BCCF2-2021","BOOTCAMP CODING DOJO - DESARROLLO DE SOFTWARE FULL STACK",20220103,20230203,"LISDEY MARLITH ECHEVARRIA SANTOS","","","","",7950.0000,0.0000,0.0000,"DOLARES",20230706
"FINCYT III","CONCURSO BOOTCAMPS DE CÓDIGO - FASE II",2021,"250-PROINNOVATE-BCCF2-2021","BOOTCAMP CODING DOJO - DESARROLLO DE SOFTWARE FULL STACK",20220103,20221103,"ROLIN ESPINOZA FELIPE","","","","",7950.0000,0.0000,0.0000,"DOLARES",20230706
"FINCYT III","CONCURSO BOOTCAMPS DE CÓDIGO - FASE II",2021,"251-PROINNOVATE-BCCF2-2021","BOOTCAMP CODING DOJO - DESARROLLO DE SOFTWARE FULL STACK",20220103,20221203,"LUISA POSHEYLA CHÁVEZ VÁSQUEZ","","","","",7950.0000,0.0000,0.0000,"DOLARES",20230706
"FINCYT III","CONCURSO BOOTCAMPS DE CÓDIGO - FASE II",2021,"252-PROINNOVATE-BCCF2-2021","BOOTCAMP CODING DOJO - DESARROLLO DE SOFTWARE FULL STACK",20220103,20221103,"MITZY SOLANGE RODRIGUEZ LEON","","","","",7950.0000,0.0000,0.0000,"DOLARES",20230706
"FINCYT III","CONCURSO BOOTCAMPS DE CÓDIGO - FASE II",2021,"253-PROINNOVATE-BCCF2-2021","BOOTCAMP CODING DOJO - DESARROLLO DE SOFTWARE FULL STACK",20220103,20221103,"ALEXANDER PAÚL ARÉVALO GARAVITO","","","","",7950.0000,0.0000,0.0000,"DOLARES",20230706
"FINCYT III","CONCURSO BOOTCAMPS DE CÓDIGO - FASE II",2021,"254-PROINNOVATE-BCCF2-2021","BOOTCAMP CODING DOJO - DESARROLLO DE SOFTWARE FULL STACK",20220103,20221103,"MILAGROS JUANA PALPA SANABRIA","","","","",7950.0000,0.0000,0.0000,"DOLARES",20230706
"FINCYT III","CONCURSO BOOTCAMPS DE CÓDIGO - FASE II",2021,"256-PROINNOVATE-BCCF2-2021","BOOTCAMP CODING DOJO - DESARROLLO DE SOFTWARE FULL STACK",20220103,20221103,"VICTOR RAUL VASQUEZ ALAYO","","","","",7950.0000,0.0000,0.0000,"DOLARES",20230706
"FINCYT III","CONCURSO BOOTCAMPS DE CÓDIGO - FASE II",2021,"260-PROINNOVATE-BCCF2-2021","BOOTCAMP CODING DOJO - DESARROLLO DE SOFTWARE FULL STACK",20220103,20230703,"MARÍA JESÚS RIOJAS CONCHA","","","","",7950.0000,0.0000,0.0000,"DOLARES",20230706
"FINCYT III","CONCURSO BOOTCAMPS DE CÓDIGO - FASE II",2021,"261-PROINNOVATE-BCCF2-2021","BOOTCAMP CODING DOJO - DESARROLLO DE SOFTWARE FULL STACK",20220103,20221103,"PERCY LUIS CHE CASTILLO","","","","",7950.0000,0.0000,0.0000,"DOLARES",20230706
"FINCYT III","CONCURSO BOOTCAMPS DE CÓDIGO - FASE II",2021,"262-PROINNOVATE-BCCF2-2021","BOOTCAMP CODING DOJO - DESARROLLO DE SOFTWARE FULL STACK",20220103,20221103,"RENATO ASIS GARAY MIRANDA","","","","",7950.0000,0.0000,0.0000,"DOLARES",20230706
"FINCYT III","CONCURSO BOOTCAMPS DE CÓDIGO - FASE II",2021,"264-PROINNOVATE-BCCF2-2021","BOOTCAMP CODING DOJO - DESARROLLO DE SOFTWARE FULL STACK",20220103,20221103,"DIEGO ALFONSO ASMAT MARCIAL","","","","",7950.0000,0.0000,0.0000,"DOLARES",20230706
"MIPYME Emprendedor","PROGRAMA EMERGENCIA EMPRESARIAL - MIPYMES DE CALIDAD",2021,"267-PROINNOVATE-EEMC-2021","OBTENCIÓN DE LA CERTIFICACIÓN ISO 9001:2015 SISTEMA DE GESTIÓN DE LA CALIDAD EN YAHVE MINERIA Y CONSTRUCCION E.I.R.L.",20211123,20221123,"YAHVE MINERIA Y CONSTRUCCION E.I.R.L.","EL TAMBO","HUANCAYO","JUNIN",120114,34915.2400,7051.4200,7600.0000,"SOLES",20230706
"MIPYME Emprendedor","PROGRAMA EMERGENCIA EMPRESARIAL - MIPYMES DE CALIDAD",2021,"271-PROINNOVATE-EEMC-2021","IMPLEMENTACIÓN Y CERTIFICACIÓN DE UN SISTEMA DE GESTIÓN ANTISOBORNO (SGAS) EN BASE A ISO 37001:2016 EN LA EMPRESA GENCE S.R.L.",20211129,20221129,"GENCE S.R.L.","PAUCARPATA","AREQUIPA","AREQUIPA",040112,35000.0000,7066.0700,7770.6000,"SOLES",20230706
"MIPYME Emprendedor","PROGRAMA EMERGENCIA EMPRESARIAL - MIPYMES DE CALIDAD",2021,"276-PROINNOVATE-EEMC-2021","IMPLEMENTACIÓN Y CERTIFICACIÓN DE UN SISTEMA DE GESTIÓN DE CALIDAD ISO 9001:2015 EN LA EMPRESA GREAT INVESTIGACION & ASESORIA S.R.L.",20211119,20221219,"GREAT INVESTIGACION & ASESORIA S.R.L.","AREQUIPA","AREQUIPA","AREQUIPA",040101,35000.0000,4466.6700,7200.0000,"SOLES",20230706
"MIPYME Emprendedor","PROGRAMA EMERGENCIA EMPRESARIAL - MIPYMES DE CALIDAD",2021,"281-PROINNOVATE-EEMC-2021","OBTENCIÓN DE LA CERTIFICACIÓN ISO 9001:2015 SISTEMA DE GESTIÓN DE LA CALIDAD EN LA EMPRESA  AGUIRRE GUTIERREZ E.I.R.L.",20211118,20221118,"AGUIRRE GUTIERREZ E.I.R.L.","EL TAMBO","HUANCAYO","JUNIN",120114,34915.2400,7051.4200,7600.0000,"SOLES",20230706
"MIPYME Emprendedor","PROGRAMA EMERGENCIA EMPRESARIAL - MIPYMES DE CALIDAD",2021,"284-PROINNOVATE-EEMC-2021","IMPLEMENTACIÓN Y CERTIFICACIÓN DEL SISTEMA DE GESTIÓN SEGÚN ISO 9001:2015 EN LA EMPRESA GRUPO INTECSA SERVICIOS ESPECIALIZADOS S.A.C.",20211130,20221230,"GRUPO INTECSA SERVICIOS ESPECIALIZADOS SAC","SAN JUAN DE LURIGANCHO","LIMA","LIMA",150132,30424.0000,5802.0000,7315.0000,"SOLES",20230706
"MIPYME Emprendedor","PROGRAMA EMERGENCIA EMPRESARIAL - MIPYMES DE CALIDAD",2021,"285-PROINNOVATE-EEMC-2021","IMPLEMENTACIÓN DE UN SISTEMA DE GESTIÓN DE CALIDAD EN BASE A LA NORMA ISO 9001 EN LA EMPRESA SERVICIOS GASTRONOMICOS VICKY S.A.C.",20211126,20221226,"SERVICIOS GASTRONOMICOS VICKY S.A.C.","SAN ISIDRO","HUAYTARA","HUANCAVELICA",090612,33750.0000,4050.0000,7200.0000,"SOLES",20230706
"MIPYME Emprendedor","PROGRAMA EMERGENCIA EMPRESARIAL - MIPYMES DE CALIDAD",2021,"286-PROINNOVATE-EEMC-2021","IMPLEMENTACIÓN Y CERTIFICACIÓN DEL SISTEMA DE GESTIÓN DE CALIDAD (SGC) EN BASE A LA NORMA ISO 9001:2015 EN LA EMPRESA \"EDP ESTUDIOS S.A.C.\"",20211123,20221223,"EDP ESTUDIOS S.A.C.","LINCE","LIMA","LIMA",150116,35000.0000,7066.0700,7770.6000,"SOLES",20230706
"MIPYME Emprendedor","PROGRAMA EMERGENCIA EMPRESARIAL - MIPYMES DIGITALES",2021,"289-PROINNOVATE-EEMD-2021","OPTIMIZACIÓN Y DIGITALIZACIÓN DE LOS PROCESOS DE GESTIÓN DE LA INFORMACIÓN\, EN LA EMPRESA \"CONT HABILIDAD FINANCIERA S.A.C.\"",20211126,20220926,"CONT HABILIDAD FINANCIERA SOCIEDAD ANONIMA CERRADA - CONT HABILIDAD FINANCIERA  S.A.C.","SANTIAGO DE SURCO","LIMA","LIMA",150140,35000.0000,4467.0000,7200.0000,"SOLES",20230706
"MIPYME Emprendedor","PROGRAMA EMERGENCIA EMPRESARIAL - MIPYMES DE CALIDAD",2021,"290-PROINNOVATE-EEMC-2021","IMPLEMENTACIÓN Y CERTIFICACIÓN DEL SISTEMA DE GESTIÓN DE CALIDAD\, BAJO LA NORMA ISO 9001:2015 EN LA EMPRESA \"LHM SECURITY S.A.C.\"",20211126,20221226,"LHM SECURITY S.A.C.","LIMA","LIMA","LIMA",150101,33495.7500,6565.2500,4600.0000,"SOLES",20230706
"MIPYME Emprendedor","PROGRAMA EMERGENCIA EMPRESARIAL - MIPYMES DE CALIDAD",2021,"292-PROINNOVATE-EEMC-2021","IMPLEMENTACIÓN Y CERTIFICACIÓN DE UN SISTEMA DE GESTIÓN DE CALIDAD (SGC) EN BASE A LA NORMA  ISO 9001:2015 EN LA EMPRESA \"NEORA S.A.C.\"",20211122,20221222,"NEORA S.A.C","SAN ISIDRO","HUAYTARA","HUANCAVELICA",090612,35000.0000,7066.0700,7770.6000,"SOLES",20230706
"MIPYME Emprendedor","PROGRAMA EMERGENCIA EMPRESARIAL - MIPYMES DE CALIDAD",2021,"298-PROINNOVATE-EEMC-2021","IMPLEMENTACIÓN Y CERTIFICACIÓN DE LA NORMA ISO 9001:2015 EN LA EMPRESA RALEON CORPORATION S.R.L.",20211129,20221229,"RALEON CORPORATION S.R.L.","LA VICTORIA","CHICLAYO","LAMBAYEQUE",140106,35000.0000,4466.6700,7200.0000,"SOLES",20230706
"MIPYME Emprendedor","PROGRAMA EMERGENCIA EMPRESARIAL - MIPYMES DIGITALES",2021,"299-PROINNOVATE-EEMD-2021","DIAGNÓSTICO E IMPLEMENTACIÓN DE SISTEMAS DIGITALES PARA LA OPTIMIZACIÓN DE LA GESTIÓN DEL CLIENTE Y LA TOMA DE DECISIONES GERENCIALES EN ANDEAN WINGS BOUTIQUE HOTEL - CUSCO",20211125,20220925,"WINGS S.A.C.","LA MOLINA","LIMA","LIMA",150114,34950.0000,4450.0000,7200.0000,"SOLES",20230706
"MIPYME Emprendedor","PROGRAMA EMERGENCIA EMPRESARIAL - MIPYMES DIGITALES",2021,"305-PROINNOVATE-EEMD-2021","TRANSFORMACIÓN DIGITAL DE LA EMPRESA MULTISERVICIOS RAMM E.I.R.L.",20211125,20220925,"MULTISERVICIOS RAMM E.I.R.L.","SAN JUAN DE LURIGANCHO","LIMA","LIMA",150132,35000.0000,7066.6700,4600.0000,"SOLES",20230706
"MIPYME Emprendedor","PROGRAMA EMERGENCIA EMPRESARIAL - MIPYMES DIGITALES",2021,"307-PROINNOVATE-EEMD-2021"," \"IMPLEMENTACIÓN DE HERRAMIENTAS DIGITALES PARA LA GESTIÓN DE ALMACENES Y ESTRATEGIAS DE MARKETING MULTICANAL QUE CONSOLIDEN LA REACTIVACIÓN ECONÓMICA Y EXPANSIÓN DEL MERCADO DE \"CURTIEMBRE PACHECO S.R.L.\"",20211125,20221124,"CURTIEMBRE PACHECO S R LTDA","CERRO COLORADO","AREQUIPA","AREQUIPA",040104,33750.0000,6650.0000,4600.0000,"SOLES",20230706
"MIPYME Emprendedor","PROGRAMA EMERGENCIA EMPRESARIAL - MIPYMES DE CALIDAD",2021,"309-PROINNOVATE-EEMC-2021","IMPLEMENTACIÓN Y CERTIFICACIÓN DE BUENAS PRÁCTICAS DE MANUFACTURA (BPM) DE PET'S BAKERY E.I.R.L.",20211123,20221123,"PET'S BAKERY E.I.R.L.","PUNTA HERMOSA","LIMA","LIMA",150126,35000.0000,7066.6700,4600.0000,"SOLES",20230706
"MIPYME Emprendedor","PROGRAMA EMERGENCIA EMPRESARIAL - MIPYMES DE CALIDAD",2021,"313-PROINNOVATE-EEMC-2021","IMPLEMENTACIÓN Y CERTIFICACIÓN DEL SISTEMA DE GESTIÓN DE CALIDAD BASADO EN LA NORMA ISO 9001:2015 EN LA EMPRESA TELEMATIX PERU S.A.C.",20211202,20221202,"TELEMATIX PERU S.A.C.","BARRANCO","LIMA","LIMA",150104,33750.0000,4050.0000,7200.0000,"SOLES",20230706
"MIPYME Emprendedor","PROGRAMA EMERGENCIA EMPRESARIAL - MIPYMES DE CALIDAD",2021,"315-PROINNOVATE-EEMC-2021","IMPLEMENTACIÓN Y CERTIFICACIÓN DE UN SISTEMA DE GESTIÓN DE CALIDAD ISO 9001:2015 EN LA EMPRESA CONSTRUCTORA CCN DISEÑO Y ARQUITECTURA S.A.C. ",20211122,20221222,"CONSTRUCTORA CCN DISEÑO Y ARQUITECTURA S.A.C. - CONSTRUCTORA CCN","SAN BORJA","LIMA","LIMA",150130,35000.0000,4466.6700,7200.0000,"SOLES",20230706
"MIPYME Emprendedor","PROGRAMA EMERGENCIA EMPRESARIAL - MIPYMES DIGITALES",2021,"318-PROINNOVATE-EEMD-2021","IMPLEMENTACION DE HERRAMIENTAS DIGITALES PARA INCREMENTAR EL NIVEL DE COMPETITIVIDAD Y PRODUCTIVIDAD DE LA EMPRESA NEUMASUR  S.A.",20211124,20220924,"NEUMATICOS & SERVICIOS DEL SUR SOCIEDAD ANONIMA-NEUMASUR S.A","MOQUEGUA","MARISCAL NIETO","MOQUEGUA",180101,33750.0000,4050.0000,7200.0000,"SOLES",20230706
"MIPYME Emprendedor","PROGRAMA EMERGENCIA EMPRESARIAL - MIPYMES DE CALIDAD",2021,"319-PROINNOVATE-EEMC-2021","IMPLEMENTACIÓN Y CERTIFICACIÓN DEL SISTEMA DE GESTIÓN DE CALIDAD ISO 9001:2015 Y DEL SISTEMA DE GESTIÓN DE SEGURIDAD Y SALUD EN EL TRABAJO ISO 45001:2018 EN JM SAFETY PERU\, PARA MEJORAR LOS PROCESOS PRODUCTIVOS\, CAPTAR NUEVOS CLIENTES Y NUEVOS MERCADOS",20211125,20221125,"JM SAFETY PERU S.A.C.","JOSE LUIS BUSTAMANTE Y RIVERO","AREQUIPA","AREQUIPA",040129,35000.0000,7066.6700,5901.0000,"SOLES",20230706
"MIPYME Emprendedor","PROGRAMA EMERGENCIA EMPRESARIAL - MIPYMES DE CALIDAD",2021,"320-PROINNOVATE-EEMC-2021","IMPLEMENTACIÓN Y CERTIFICACIÓN HACCP PARA LA LÍNEA DE PRODUCCIÓN DEL CAFÉ TOSTADO Y MOLIDO DE LA EMPRESA -DWASI S.R.L. ",20211129,20230228,"DWASI PERUVIAN COFFEE SOCIEDAD COMERCIAL DE RESPONSABILIDAD LIMITADA - DWASI S.R.L.","CUSCO","CUSCO","CUSCO",080101,35000.0000,8252.0400,3414.6300,"SOLES",20230706
"MIPYME Emprendedor","PROGRAMA EMERGENCIA EMPRESARIAL - MIPYMES DE CALIDAD",2021,"325-PROINNOVATE-EEMC-2021","IMPLEMENTACIÓN Y CERTIFICACIÓN DE UN SISTEMA INTEGRADO DE GESTIÓN (SIG) EN BASE A ISO 9001:2015\, ISO 14001:2015 E ISO 45001:2018 EN LA EMPRESA COMERCIAL FRIONORTE E.I.R.L. ",20211124,20221224,"COMERCIAL FRIONORTE E.I.R.L.","CHICLAYO","CHICLAYO","LAMBAYEQUE",140101,35000.0000,9159.8000,8230.2000,"SOLES",20230706
"MIPYME Emprendedor","PROGRAMA EMERGENCIA EMPRESARIAL - MIPYMES DE CALIDAD",2021,"327-PROINNOVATE-EEMC-2021","MEJORA DE PROCESOS Y CALIDAD EN BASE A LA IMPLEMENTACIÓN Y LOGRO DE CERTIFICACIÓN DE LA ISO 9001:2015",20211126,20221226,"GRUPO AIRE ACONDICIONADO PALOMINO S.A.C.","PUEBLO LIBRE","HUAYLAS","ANCASH",021207,35000.0000,7066.6700,4600.0000,"SOLES",20230706
"MIPYME Emprendedor","PROGRAMA EMERGENCIA EMPRESARIAL - MIPYMES DE CALIDAD",2021,"331-PROINNOVATE-EEMC-2021","OBTENCIÓN DE LA CERTIFICACIÓN ISO 9001:2015 SISTEMA DE GESTIÓN DE LA CALIDAD EN LA EMPRESA  TECNOLOGIA Y MEDICION INDUSTRIAL S.A.C.",20211126,20221226,"TECNOLOGIA Y MEDICION INDUSTRIAL S.A.C.","LA MOLINA","LIMA","LIMA",150114,34915.2400,7051.4200,7600.0000,"SOLES",20230706
"MIPYME Emprendedor","PROGRAMA EMERGENCIA EMPRESARIAL - MIPYMES DE CALIDAD",2021,"333-PROINNOVATE-EEMC-2021","ESTABLECER\, IMPLEMENTAR\, MANTENER\, MEJORAR Y CERTIFICAR UN SISTEMA DE GESTIÓN ANTI SOBORNO ISO 37001:2016 DE JHS IMPORT & EXPORT SOCIEDAD ANONIMA CERRADA - JHS IMPORT & EXPORT S.A.C.",20211201,20221201,"JHS IMPORT & EXPORT SOCIEDAD ANONIMA CERRADA - JHS IMPORT & EXPORT S.A.C.","LIMA","LIMA","LIMA",150101,32500.0000,4050.0000,7200.0000,"SOLES",20230706
"MIPYME Emprendedor","PROGRAMA EMERGENCIA EMPRESARIAL - MIPYMES DIGITALES",2021,"335-PROINNOVATE-EEMD-2021","DIGITALIZACIÓN DE LAS ACTIVIDADES COMERCIALES DE LA EMPRESA ASOCIE E.I.R.L.",20211123,20220923,"ASOCIE E.I.R.L.","LA VICTORIA","CHICLAYO","LAMBAYEQUE",140106,33750.0000,4050.0000,7200.0000,"SOLES",20230706
"MIPYME Emprendedor","PROGRAMA EMERGENCIA EMPRESARIAL - MIPYMES DIGITALES",2021,"339-PROINNOVATE-EEMD-2021","IMPLEMENTACIÓN DE SOLUCIONES DIGITALES PARA LOS PROCESOS DE COMERCIALIZACIÓN Y GESTIÓN HOTELERA EN LA EMPRESA SERRA NOVA INVERSIONES\, CAJAMARCA - PERÚ",20211218,20221018,"SERRA NOVA INVERSIONES E.I.R.L.","LOS BAÑOS DEL INCA","CAJAMARCA","CAJAMARCA",060108,34875.0000,4425.0000,7200.0000,"SOLES",20230706
"MIPYME Emprendedor","PROGRAMA EMERGENCIA EMPRESARIAL - MIPYMES DIGITALES",2021,"342-PROINNOVATE-EEMD-2021","OPTIMIZACIÓN DE LOS SERVICIOS LOGÍSTICOS DE TRANSPORTES GARCIA CALDERON S.R.L. MEDIANTE LA APLICACIÓN DE SOLUCIONES DE TELEMETRÍA E INTERNET DE LAS COSAS (IOT)",20211213,20221013,"TRANSPORTES GARCIA CALDERON S.R.L.","SACHACA","AREQUIPA","AREQUIPA",040117,33750.0000,4050.0000,7200.0000,"SOLES",20230706
"MIPYME Emprendedor","PROGRAMA EMERGENCIA EMPRESARIAL - MIPYMES DIGITALES",2021,"343-PROINNOVATE-EEMD-2021","DIGITALIZACION DE NUTRILIS SAC",20220117,20221117,"NUTRILIS S.A.C.","SAN BORJA","LIMA","LIMA",150130,35000.0000,7266.6700,4400.0000,"SOLES",20230706
"MIPYME Emprendedor","PROGRAMA EMERGENCIA EMPRESARIAL - MIPYMES DIGITALES",2021,"347-PROINNOVATE-EEMD-2021","MEJORA DE MARKETING E IMPLEMENTACIÓN DE TECNOLOGÍAS DIGITALES PARA LA EXPANSIÓN DE LA EMPRESA GOKIEBOX EIRL",20220118,20221118,"GOKIEBOX EMPRESA INDIVIDUAL DE RESPONSABILIDAD LIMITADA - GOKIEBOX E.I.R.L.","MORALES","SAN MARTIN","SAN MARTIN",220910,33750.0000,4050.0000,7200.0000,"SOLES",20230706
"MIPYME Emprendedor","PROGRAMA EMERGENCIA EMPRESARIAL - MIPYMES DIGITALES",2021,"348-PROINNOVATE-EEMD-2021","REDUCCIÓN DE LA BRECHA DIGITAL POR MEDIO DE LA DIGITALIZACIÓN EN LA GESTIÓN DE OPERACIONES ADMINISTRATIVAS\, PRODUCTIVAS Y COMERCIALES EN LA EMPRESA PK SOLUCIONES S.A.C.",20220114,20221114,"PARIS Y KERRY SOLUCIONES SOCIEDAD ANONIMA CERRADA - PK SOLUCIONES S.A.C.","TINYAHUARCO","PASCO","PASCO",190111,34875.0000,4425.0000,7200.0000,"SOLES",20230706
"MIPYME Emprendedor","PROGRAMA EMERGENCIA EMPRESARIAL - MIPYMES DIGITALES",2021,"349-PROINNOVATE-EEMD-2021","IMPLEMENTACIÓN DE UN SISTEMA DE GESTIÓN EMPRESARIAL MÉDICO TIPO ERP PARA REDUCIR EL TIEMPO DE ATENCIÓN AL CLIENTE Y MEJORAR LA TOMA DE DECISIONES.",20220114,20221114,"SERVICIOS MEDICOS FINANCIEROS S.A.C.","MIRAFLORES","AREQUIPA","AREQUIPA",040110,34999.5000,4466.5000,7200.0000,"SOLES",20230706
"MIPYME Emprendedor","PROGRAMA EMERGENCIA EMPRESARIAL - MIPYMES DIGITALES",2021,"352-PROINNOVATE-EEMD-2021","FORTALECIMIENTO DE PROCESOS DIGITALES E IMPLEMENTACIÓN DE SISTEMA PARA OPTIMIZAR LA CARTERA DE CLIENTES",20220118,20221118,"JOHN MAQUIREPUESTOS S.A.C.","TRUJILLO","TRUJILLO","LA LIBERTAD",130101,33750.0000,4050.0000,7200.0000,"SOLES",20230706
"MIPYME Emprendedor","PROGRAMA EMERGENCIA EMPRESARIAL - MIPYMES DE CALIDAD",2021,"353-PROINNOVATE-EEMC-2021","IMPLEMENTACIÓN Y CERTIFICACIÓN DEL SISTEMA DE INOCUIDAD HACCP PARA LA EMPRESA INVERSIONES ANDREA EIRL DEDICADA AL RUBRO DE RESTAURANTES\, ENVÍO DE COMIDA Y ORGANIZACIÓN DE CONVENCIONES.",20211125,20221225,"INVERSIONES ANDREA EIRL","TRUJILLO","TRUJILLO","LA LIBERTAD",130101,30750.0000,16250.0000,10097.0000,"SOLES",20230706
"MIPYME Emprendedor","PROGRAMA EMERGENCIA EMPRESARIAL - MIPYMES DIGITALES",2021,"355-PROINNOVATE-EEMD-2021","DIGITALIZACIÓN Y OPTIMIZACIÓN DE PROCESOS INTERNOS DE GESTIÓN\, OPERACIONES Y VENTAS A TRAVÉS DE LA IMPLEMENTACIÓN DE UN SISTEMA INTEGRADO DE GESTIÓN (ERP + CRM) Y UN PLAN INTEGRAL DE MARKETING Y VENTAS",20211123,20220923,"MC INNOVATION S.A.C.","LA VICTORIA","CHICLAYO","LAMBAYEQUE",140106,35000.0000,4466.6700,7200.0000,"SOLES",20230706
"MIPYME Emprendedor","PROGRAMA EMERGENCIA EMPRESARIAL - MIPYMES DIGITALES",2021,"357-PROINNOVATE-EEMD-2021","DIGITALIZACIÓN DE LA GESTIÓN DE OPERACIONES\, ALMACÉN Y MANTENIMIENTO EN LA EMPRESA BIR SERVICIOS SAC",20211123,20220923,"BIR SERVICIOS S.A.C","SAN MARTIN DE PORRES","LIMA","LIMA",150135,34875.0000,4425.0000,7200.0000,"SOLES",20230706
"MIPYME Emprendedor","PROGRAMA EMERGENCIA EMPRESARIAL - MIPYMES DE CALIDAD",2021,"361-PROINNOVATE-EEMC-2021","IMPLEMENTACIÓN Y CERTIFICACIÓN DE UN SISTEMA INTEGRADO DE GESTIÓN (SIG) EN BASE A ISO 9001:2015 E ISO 45001:2018 EN LA EMPRESA  TECH INDUSTRIAS GLOBALES S.R.L.",20211123,20221123,"TECH INDUSTRIAS GLOBALES S.R.L. - TECHINGLOB S.R.L.","CALLAO","PROV. CONST. DEL CALLAO","CALLAO",070101,35000.0000,12287.0000,30643.4100,"SOLES",20230706
"MIPYME Emprendedor","PROGRAMA EMERGENCIA EMPRESARIAL - MIPYMES DIGITALES",2021,"364-PROINNOVATE-EEMD-2021","DESARROLLO DE SOFTWARE DE GESTIÓN\, CONTROL Y SEGUIMIENTO DE SERVICIOS DE IMPLEMENTACIÓN Y MANTENIMIENTO DE LOCALES.",20220118,20221118,"RAISAN S.A.C.","CHORRILLOS","LIMA","LIMA",150108,35000.0000,4466.6700,7200.0000,"SOLES",20230706
"MIPYME Emprendedor","PROGRAMA EMERGENCIA EMPRESARIAL - MIPYMES DIGITALES",2021,"366-PROINNOVATE-EEMD-2021","IMPLEMENTACIÓN DE SOLUCIONES PARA LA AUTOMATIZACIÓN Y COMERCIO DIGITAL DE LA EMPRESA COMPONENTES INDUSTRIALES DEL PERU S.A.C.",20211122,20220922,"COMPONENTES INDUSTRIALES DEL PERU S.A.C.","MIRAFLORES","AREQUIPA","AREQUIPA",040110,34875.0000,4425.0000,7200.0000,"SOLES",20230706
"MIPYME Emprendedor","PROGRAMA EMERGENCIA EMPRESARIAL - MIPYMES DIGITALES",2021,"367-PROINNOVATE-EEMD-2021","DESARROLLO E IMPLEMENTACIÓN DE SOFTWARE INTEGRADO PARA LA PLANIFICACIÓN\, CONTROL DE RECURSOS Y GESTIÓN COMERCIAL EN LA EMPRESA YAURINITA S.A.C.",20211125,20221024,"YAURINITA S.A.C.","CARMEN DE LA LEGUA REYNOSO","PROV. CONST. DEL CALLAO","CALLAO",070103,34485.0000,4298.6000,7196.4000,"SOLES",20230706
"MIPYME Emprendedor","PROGRAMA EMERGENCIA EMPRESARIAL - MIPYMES DE CALIDAD",2021,"368-PROINNOVATE-EEMC-2021","IMPLEMENTACIÓN Y CERTIFICACIÓN DEL SISTEMA DE GESTIÓN DE CALIDAD ISO 9001:2015",20211125,20220825,"J&P HARDWARE Y SOFTWARE S.R.LTDA.","LIMA","LIMA","LIMA",150101,31143.0000,3839.8000,6541.2000,"SOLES",20230706
"MIPYME Emprendedor","PROGRAMA EMERGENCIA EMPRESARIAL - MIPYMES DE CALIDAD",2021,"369-PROINNOVATE-EEMC-2021","IMPLEMENTACIÓN DEL SISTEMA DE GESTIÓN DE LA CALIDAD BAJO LA NORMA ISO 9001:2015",20211126,20221126,"INVERSIONES METALING K & R S.A.C. - INVEMETAL K & R S.A.C.","COMAS","CONCEPCION","JUNIN",120206,33975.0000,6725.0000,4600.0000,"SOLES",20230706
"MIPYME Emprendedor","PROGRAMA EMERGENCIA EMPRESARIAL - MIPYMES DIGITALES",2021,"371-PROINNOVATE-EEMD-2021","DISEÑO E IMPLEMENTACION DE SOFTWARE PARA OPTIMIZAR PROCESOS Y MINIMIZAR IMPACTOS DE MONITOREO AMBIENTAL Y OCUPACIONAL DE LA EMPRESA LIDERA EHSQ S.A.C.",20211125,20220925,"LIDERA EHSQ S.A.C.","LOS OLIVOS","LIMA","LIMA",150117,26250.0000,7750.0000,1000.0000,"SOLES",20230706
"MIPYME Emprendedor","PROGRAMA EMERGENCIA EMPRESARIAL - MIPYMES DIGITALES",2021,"372-PROINNOVATE-EEMD-2021","IMPLEMENTACIÓN DE CANALES DIGITALES PARA DESARROLLO DE MARCA PREMIUM DE LICOR PICANTE EN EL NORTE DEL PERÚ.",20211129,20220929,"BETTER FOOD COMPANY S.A.C.","TRUJILLO","TRUJILLO","LA LIBERTAD",130101,35000.0000,4466.6700,7200.0000,"SOLES",20230706
"MIPYME Emprendedor","PROGRAMA EMERGENCIA EMPRESARIAL - MIPYMES DE CALIDAD",2021,"373-PROINNOVATE-EEMC-2021","IMPLEMENTACIÓN Y CERTIFICACIÓN DE UN SISTEMA DE GESTIÓN DE LA CALIDAD EN BASE A LA NORMA ISO 9001:2015 PARA LA EMPRESA FIBRAS QUÍMICAS S.R.L.",20211202,20230302,"FIBRAS QUIMICAS S.R.L.","CERRO COLORADO","AREQUIPA","AREQUIPA",040104,35000.0000,4466.6700,7200.0000,"SOLES",20230706
"MIPYME Emprendedor","PROGRAMA EMERGENCIA EMPRESARIAL - MIPYMES DIGITALES",2021,"377-PROINNOVATE-EEMD-2021","OPTIMIZACIÓN DEL PROCESO DE IMPLEMENTACIÓN DE SISTEMAS DE GESTIÓN MEDIANTE EL DESARROLLO DE UNA PLATAFORMA WEB QUE COMPRENDE LA BASE DOCUMENTARIA Y CAPACITACIONES",20220118,20221118,"MANAGEMENT SYSTEMS CONSULTANTS S.A.C.","ATE","LIMA","LIMA",150103,34500.0000,6900.0000,4600.0000,"SOLES",20230706
"MIPYME Emprendedor","PROGRAMA EMERGENCIA EMPRESARIAL - MIPYMES DIGITALES",2021,"378-PROINNOVATE-EEMD-2021","DESARROLLO E IMPLEMENTACIÓN DE ESTRATEGIAS DE MARKETING DIGITAL DEL E-COMMERCE ANDINAOUTDOORS.COM PARA POTENCIAR EL PROCESO DE CAPTACIÓN DE CLIENTES Y AUMENTAR EL CONSUMO DE LOS PRODUCTOS EN LOS MERCADOS NACIONALES E INTERNACIONALES.",20220118,20221118,"ANDINA OUTDOORS SOCIEDAD ANONIMA CERRADA","AREQUIPA","AREQUIPA","AREQUIPA",040101,35000.0000,4466.6700,7200.0000,"SOLES",20230706
"MIPYME Emprendedor","PROGRAMA EMERGENCIA EMPRESARIAL - MIPYMES DIGITALES",2021,"383-PROINNOVATE-EEMD-2021","MEJORA DEL NIVEL DE COMPETITIVIDAD EN BASE AL MANEJO DE INDICADORES MEDIANTE LA IMPLEMENTACIÓN DE UN SISTEMA ERP EN LA EMPRESA ALIMENTOS EKHUS E.I.R.L.",20211124,20220924,"ALIMENTOS EKHUS EMPRESA INDIVIDUAL DE RESPONSABILIDAD LIMITADA","HUANUCO","HUANUCO","HUANUCO",100101,35000.0000,7066.6700,4600.0000,"SOLES",20230706
"MIPYME Emprendedor","PROGRAMA EMERGENCIA EMPRESARIAL - MIPYMES DIGITALES",2021,"384-PROINNOVATE-EEMD-2021","IMPLEMENTACIÓN DE UN SISTEMA INTEGRADO DE GESTIÓN DE ABASTECIMIENTO\, ALMACENAMIENTO Y PRODUCCIÓN  DE EMPRESA INDUSTRIAL TEXTILES RENACER S.A.C.",20211130,20220930,"TEXTILES RENACER EIRL","LA VICTORIA","CHICLAYO","LAMBAYEQUE",140106,35000.0000,4466.6700,7200.0000,"SOLES",20230706
"MIPYME Emprendedor","PROGRAMA EMERGENCIA EMPRESARIAL - MIPYMES DE CALIDAD",2021,"387-PROINNOVATE-EEMC-2021","IMPLEMENTACIÓN Y CERTIFICACIÓN DEL SISTEMA DE GESTIÓN DE SEGURIDAD Y SALUD EN EL TRABAJO SEGÚN LA NORMA ISO 45001:2018 EN TRANSERVICE LOGISTIC S.A.C.",20220118,20221118,"TRANSERVICE LOGISTIC S.A.C.","SAN ISIDRO","HUAYTARA","HUANCAVELICA",090612,33750.0000,4050.0000,7200.0000,"SOLES",20230706
"MIPYME Emprendedor","PROGRAMA EMERGENCIA EMPRESARIAL - MIPYMES DE CALIDAD",2021,"393-PROINNOVATE-EEMC-2021","IMPLEMENTACIÓN Y CERTIFICACIÓN DEL SISTEMA DE GESTIÓN DE CALIDAD EN BASE A LA NORMA ISO 9001:2015 EN LA EMPRESA BUSA VEHICULOS ESPECIALES S.A.C.",20220118,20230118,"BUSA VEHICULOS ESPECIALES SOCIEDAD ANONIMA CERRADA - BUSA VEHICULOS ESPECIALES S.A.C.","SAN JUAN DE MIRAFLORES","LIMA","LIMA",150133,33750.0000,4050.0000,7200.0000,"SOLES",20230706
"MIPYME Emprendedor","PROGRAMA EMERGENCIA EMPRESARIAL - MIPYMES DE CALIDAD",2021,"395-PROINNOVATE-EEMC-2021","IMPLEMENTACIÓN Y CERTIFICACIÓN DE UN SISTEMA DE GESTIÓN DE CALIDAD ISO 9001:2015",20211126,20221226,"WORLD INTERNATIONAL ADUANAS S.A.C. - WI ADUANAS S.A.C.","CALLAO","PROV. CONST. DEL CALLAO","CALLAO",070101,34182.2500,4201.2200,7192.8600,"SOLES",20230706
"MIPYME Emprendedor","PROGRAMA EMERGENCIA EMPRESARIAL - MIPYMES DE CALIDAD",2021,"396-PROINNOVATE-EEMC-2021","MEJORA DE CALIDAD Y GESTIÓN POR PROCESOS EN BASE A LA IMPLEMENTACIÓN Y LOGRO DE CERTIFICACIÓN  DE LA ISO 9001:2015",20211126,20221226,"CIVELMEC S.A.C.","SANTIAGO DE SURCO","LIMA","LIMA",150140,35000.0000,7066.6700,4600.0000,"SOLES",20230706
"MIPYME Emprendedor","PROGRAMA EMERGENCIA EMPRESARIAL - MIPYMES DE CALIDAD",2021,"401-PROINNOVATE-EEMC-2021","\"IMPLEMENTACIÓN Y CERTIFICACIÓN DE LA NORMA DE CALIDAD ISO 9001:2015 PARA LA EMPRESA SOCIEDAD DE COMUNEROS CONTRATISTAS GENERALES MANCHAYLLA SOCIEDAD ANONIMA\"",20211125,20221125,"SOCIEDAD DE COMUNEROS CONTRATISTAS GENERALES MANCHAYLLA SOCIEDAD ANONIMA","ASCENSION","HUANCAVELICA","HUANCAVELICA",090118,35000.0000,4466.6700,7200.0000,"SOLES",20230706
"MIPYME Emprendedor","PROGRAMA EMERGENCIA EMPRESARIAL - MIPYMES DIGITALES",2021,"405-PROINNOVATE-EEMD-2021","IMPLEMENTACIÓN DE UN SISTEMA A MEDIDA PARA LA MEJORA DE PROCESOS EMPRESARIALES\, MÓDULO DE ATENCIÓN AL CLIENTE Y GESTIÓN COMERCIAL ",20211124,20220924,"MUNDO VIAJERO EMPRESA INDIVIDUAL DE RESPONSABILIDAD LIMITADA","TAMBOPATA","TAMBOPATA","MADRE DE DIOS",170101,34987.5000,4462.5000,7200.0000,"SOLES",20230706
"MIPYME Emprendedor","PROGRAMA EMERGENCIA EMPRESARIAL - MIPYMES DE CALIDAD",2021,"407-PROINNOVATE-EEMC-2021","DISEÑO\, IMPLEMENTACIÓN Y CERTIFICACIÓN DEL SISTEMA DE GESTIÓN DE SEGURIDAD Y SALUD EN EL TRABAJO BAJO LA NORMA ISO 45001:2018\, PARA LA MEJORA DE LA EFICIENCIA Y COMPETITIVIDAD DE LA EMPRESA \"WARP LOGISTIC & CURIER S.A.C.\"",20211126,20221226,"WARP LOGISTIC & COURIER S.A.C.","SANTIAGO DE SURCO","LIMA","LIMA",150140,35000.0000,7066.6700,7200.0000,"SOLES",20230706
"MIPYME Emprendedor","PROGRAMA EMERGENCIA EMPRESARIAL - MIPYMES DIGITALES",2021,"412-PROINNOVATE-EEMD-2021","FORTALECIMIENTO DE LAS CAPACIDADES HOTELERAS\, OPTIMIZANDO LA RELACIÓN CON LOS CLIENTES Y AGREGANDO VALOR A CADA SERVICIO EN LA EMPRESA JORGE CHAVEZ E HIJOS S.R.L.",20211125,20220925,"JORGE CHAVEZ E HIJOS S.R.L.","TRUJILLO","TRUJILLO","LA LIBERTAD",130101,33375.0000,3925.0000,7200.0000,"SOLES",20230706
"MIPYME Emprendedor","PROGRAMA EMERGENCIA EMPRESARIAL - MIPYMES DE CALIDAD",2021,"418-PROINNOVATE-EEMC-2021","IMPLEMENTACIÓN DEL SISTEMA DE GESTIÓN DE LA CALIDAD BAJO LA NORMA ISO 9001:2015 EN LA EMPRESA ENERTEC PERU SAC.",20211206,20221206,"ENERGIAS TECNOLOGICAS DEL PERU S.A.C. - ENERTEC PERU SAC","CALLAO","PROV. CONST. DEL CALLAO","CALLAO",070101,33750.0000,6650.0000,4600.0000,"SOLES",20230706
"MIPYME Emprendedor","PROGRAMA EMERGENCIA EMPRESARIAL - MIPYMES DIGITALES",2021,"422-PROINNOVATE-EEMD-2021","IMPLEMENTACIÓN DE UNA ESTRATEGIA COMERCIAL DE RECUPERACIÓN DE MERCADOS A TRAVÉS DE UN PLAN DE MARKETING ESTRATÉGICO QUE CUBRA PLATAFORMAS DIGITALES AFINANDO EL SISTEMA DE COSTEO-COTIZACIÓN DE LA EMPRESA TOM GUTIE COMPANY S.A.C. PARA MEJORAR LA CAPACIDAD DE RESPUESTA INMEDIATA",20211125,20220925,"TOM GUTIE COMPANY SOCIEDAD ANONIMA CERRADA","CHORRILLOS","LIMA","LIMA",150108,35000.0000,7066.6700,4600.0000,"SOLES",20230706
"MIPYME Emprendedor","PROGRAMA EMERGENCIA EMPRESARIAL - MIPYMES DIGITALES",2021,"423-PROINNOVATE-EEMD-2021","IMPLEMENTACIÓN DE MARKETING DIGITAL PARA LA EMPRESA ANTEVENI PERU S.A.C.",20211123,20220923,"ANTEVENI PERU S.A.C.","MIRAFLORES","AREQUIPA","AREQUIPA",040110,35000.0000,7066.6700,4600.0000,"SOLES",20230706
"MIPYME Emprendedor","PROGRAMA EMERGENCIA EMPRESARIAL - MIPYMES DE CALIDAD",2021,"425-PROINNOVATE-EEMC-2021","IMPLEMENTACIÓN Y CERTIFICACIÓN DE UN SISTEMA DE GESTIÓN DE CALIDAD (SGC) EN BASE A ISO 9001:2015 EN LA EMPRESA ALBORADA CONSULTORES METALURGISTAS E.I.R.L.",20211126,20221126,"ALBORADA CONSULTORES METALURGISTAS E.I.R.L.","NASCA","NASCA","ICA",110301,35000.0000,7066.0700,7770.6000,"SOLES",20230706
"MIPYME Emprendedor","PROGRAMA EMERGENCIA EMPRESARIAL - MIPYMES DE CALIDAD",2021,"426-PROINNOVATE-EEMC-2021","IMPLEMENTACIÓN Y CERTIFICACIÓN DE UN SISTEMA DE GESTIÓN DE CALIDAD\, BAJO LA NORMA ISO 9001:2015\, EN LA EMPRESA JCM INGENIERÍA AMBIENTAL S.A.C.",20211125,20221125,"JCM INGENIERIA AMBIENTAL S.A.C.","CERRO COLORADO","AREQUIPA","AREQUIPA",040104,35000.0000,7066.6700,7200.0000,"SOLES",20230706
"MIPYME Emprendedor","PROGRAMA EMERGENCIA EMPRESARIAL - MIPYMES DE CALIDAD",2021,"427-PROINNOVATE-EEMC-2021","IMPLEMENTACIÓN Y CERTIFICACIÓN DE UN SISTEMA DE GESTIÓN DE LA CALIDAD BAJO LA NORMA ISO 9001:2015 PARA LA EMPRESA CARVISEG SERVICIOS GENERALES S.A.C.",20220406,20230306,"CARVISEG SERVICIOS GENERALES S.A.C.","PUEBLO LIBRE","HUAYLAS","ANCASH",021207,35000.0000,7066.6700,4600.0000,"SOLES",20230706
"MIPYME Emprendedor","PROGRAMA EMERGENCIA EMPRESARIAL - MIPYMES DIGITALES",2021,"431-PROINNOVATE-EEMD-2021","DISEÑO E IMPLEMENTACIÓN DE UNA PLATAFORMA DIGITAL DE GESTIÓN POR PROCESOS Y MODULO LOGÍSTICO DE ENTREGA DE ENCOMIENDAS A NIVEL INTERPROVINCIAL CON ÉNFASIS EN LA SEGURIDAD DE LA INFORMACIÓN\, EN LA EMPRESA DE TRANSPORTES Y TURISMO NUEVO ORIENTE S.A.",20211125,20220925,"EMPRESA DE TRANSPORTES Y TURISMO NUEVO ORIENTE SA","PARDO MIGUEL","RIOJA","SAN MARTIN",220805,34987.5000,4462.5000,7200.0000,"SOLES",20230706
"MIPYME Emprendedor","PROGRAMA EMERGENCIA EMPRESARIAL - MIPYMES DIGITALES",2021,"439-PROINNOVATE-EEMD-2021","DIGITALIZACIÓN DE LOS PROCESOS COMERCIALES DEL PROGRAMA TRASCIENDE",20211203,20230103,"PORTUGAL RESEARCH INTERNATIONAL S.A.C.","LIMA","LIMA","LIMA",150101,35000.0000,7266.6700,4400.0000,"SOLES",20230706
"MIPYME Emprendedor","PROGRAMA EMERGENCIA EMPRESARIAL - MIPYMES DIGITALES",2021,"441-PROINNOVATE-EEMD-2021","MEJORA DE LA EFICIENCIA\, INTEGRACIÓN Y SEGUIMIENTO DE LOS PROCESOS DE COMPRAS\, INVENTARIO Y VENTAS A TRAVÉS DE LA IMPLEMENTACIÓN DE UNA PLATAFORMA INTEGRADA DE GESTIÓN DE PROCESOS EN LA EMPRESA INSUMOS Y ACCESORIOS DE OFICINA S.A.C.",20211125,20220925,"INSUMOS Y ACCESORIOS DE OFICINA S.A.C.","SURQUILLO","LIMA","LIMA",150141,35000.0000,4466.6700,7200.0000,"SOLES",20230706
"MIPYME Emprendedor","PROGRAMA EMERGENCIA EMPRESARIAL - MIPYMES DIGITALES",2021,"442-PROINNOVATE-EEMD-2021","IMPLEMENTACION DE UNA PLATAFORMA DE GESTIÓN POR INDICADORES AD HOC CON HERRAMIENTAS FISICAS Y DIGITALES PARA LA PRESTACION DE SERVICIOS CON TRAZABILIDAD DE ACTOS Y SISTEMA DE ALARMA PARA LOS VENCIMIENTOS PARA LA EMPRESA GRUPO L & L CONTADORES S.A.C.",20211125,20220925,"GRUPO L & L CONTADORES S.A.C.","TARAPOTO","SAN MARTIN","SAN MARTIN",220901,35000.0000,4466.6700,7200.0000,"SOLES",20230706
"MIPYME Emprendedor","PROGRAMA EMERGENCIA EMPRESARIAL - MYPES REACTIVADAS - ALTERNATIVA 1",2021,"444-PROINNOVATE-EER1-2021","REACTIVACIÓN Y FORTALECIMIENTO DE LA EMPRESA GLOBALIP SAC",20211130,20221130,"GLOBALIP S.A.C","SANTIAGO DE SURCO","LIMA","LIMA",150140,35000.0000,4466.6700,7200.0000,"SOLES",20230706
"MIPYME Emprendedor","PROGRAMA EMERGENCIA EMPRESARIAL - MYPES REACTIVADAS - ALTERNATIVA 1",2021,"445-PROINNOVATE-EER1-2021","INCREMENTO DE LA PRODUCTIVIDAD EN LA MANUFACTURA DE CALZADO CON SISTEMA DE CONSTRUCCIÓN SOFT-LASTING MEDIANTE LA FABRICACIÓN DE UN EQUIPO DE CONFORMADO DE CORTE - APARADO",20211202,20221202,"VASQUEZ RAMIREZ JOSE ALFREDO","CALLAO","PROV. CONST. DEL CALLAO","CALLAO",070101,32781.0000,6927.0000,4000.0000,"SOLES",20230706
"MIPYME Emprendedor","PROGRAMA EMERGENCIA EMPRESARIAL - MYPES REACTIVADAS - ALTERNATIVA 1",2021,"455-PROINNOVATE-EER1-2021","PREPARACIÓN\, PUESTA EN MARCHA Y DIFUSIÓN DEL PRIMER OBSERVATORIO ASTRONÓMICO EN EL VALLE SAGRADO DE LOS INCAS COMO ATRACTIVO TURÍSTICO EN \"YUCAY MUSEO DE CULTURA VIVA\"",20211203,20221203,"YUCAY MUSEO DE CULTURA VIVA S.A.C.","YUCAY","URUBAMBA","CUSCO",081307,35000.0000,4466.6700,7200.0000,"SOLES",20230706
"MIPYME Emprendedor","PROGRAMA EMERGENCIA EMPRESARIAL - MIPYMES DIGITALES",2021,"457-PROINNOVATE-EEMD-2021","RELANZAMIENTO DE LOS INSTRUMENTOS DIGITALES COMERCIALES DE LA EMPRESA ALIANZA METALURGICA S.A. COMO MEDIO DE INCREMENTAR EL VALOR PERCIBIDO DE SUS PRODUCTOS FRENTE AL CONSUMIDOR FINAL Y AFIANZAR LA RELACIÓN COMERCIAL CON LOS INTERMEDIARIOS ",20211126,20220926,"ALIANZA METALURGICA S.A.","SAN JUAN DE LURIGANCHO","LIMA","LIMA",150132,35000.0000,7066.6700,24600.0000,"SOLES",20230706
"MIPYME Emprendedor","PROGRAMA EMERGENCIA EMPRESARIAL - MIPYMES DIGITALES",2021,"458-PROINNOVATE-EEMD-2021","TRANSFORMACIÓN DIGITAL DE LA EMPRESA COSEINCO SA PARA IMPULSAR SU NUEVA UNIDAD DE VENTA A CLIENTES FINALES (B2C) A TRAVÉS DE UN E-COMMERCE CONECTADO A UN SISTEMA DE SEGUIMIENTO DE ÓRDENES DE PEDIDOS\, COSTOS\, INVENTARIOS\, FACTURACIÓN Y COBRANZAS.",20211203,20230102,"COMPAÑIA DE SERVICIOS INTEGRALES EN COMPUTO S.A.","LA VICTORIA","CHICLAYO","LAMBAYEQUE",140106,34995.0000,4465.0000,7200.0000,"SOLES",20230706
"MIPYME Emprendedor","PROGRAMA EMERGENCIA EMPRESARIAL - MIPYMES DE CALIDAD",2021,"461-PROINNOVATE-EEMC-2021","IMPLEMENTACIÓN Y CERTIFICACIÓN DE UN SISTEMA DE INTEGRADO DE GESTIÓN ISO 9001:2015 E ISO 45001:2018 EN LA EMPRESA FULL SAFETY SAC",20211203,20230103,"FULL SAFETY S.A.C.","PACASMAYO","PACASMAYO","LA LIBERTAD",130704,33375.0000,4087.0000,7038.0000,"SOLES",20230706
"MIPYME Emprendedor","PROGRAMA EMERGENCIA EMPRESARIAL - MIPYMES DIGITALES",2021,"463-PROINNOVATE-EEMD-2021","IMPLEMENTACIÓN DE UNA PLATAFORMA DIGITAL PARA EL SERVICIO DE CONTROL Y AUDITORIAS A EMPRESAS CONTRATISTAS QUE BRINDA \"PARCONSIL CONSULTORES S.A.C.\"",20211126,20220926,"PARCONSIL CONSULTORES S.A.C.","SAN BORJA","LIMA","LIMA",150130,34999.9900,4466.6700,7200.0000,"SOLES",20230706
"MIPYME Emprendedor","PROGRAMA EMERGENCIA EMPRESARIAL - MIPYMES DE CALIDAD",2021,"466-PROINNOVATE-EEMC-2021","IMPLEMENTACIÓN Y CERTIFICACIÓN DEL SISTEMA DE GESTIÓN ANTISOBORNO (SGAS) EN BASE A LA NORMA ISO 37001:2016 EN LA EMPRESA \"LUESEM S.A.C.\"",20211129,20221229,"LUESEM S.A.C.","SURQUILLO","LIMA","LIMA",150141,35000.0000,7066.0700,7770.6000,"SOLES",20230706
"MIPYME Emprendedor","PROGRAMA EMERGENCIA EMPRESARIAL - MIPYMES DIGITALES",2021,"468-PROINNOVATE-EEMD-2021","OPTIMIZACIÓN Y DIGITALIZACIÓN DE LOS PROCESOS DE GESTIÓN DE LA INFORMACIÓN\, PARA LA MEJORA EN LA TOMA DE DECISIONES EN LA EMPRESA \"CRECIENDO PIURA S.A.C.\"",20211203,20221003,"CRECIENDO PIURA S.A.C.","PIURA","PIURA","PIURA",200101,35000.0000,4466.6700,7200.0000,"SOLES",20230706
"MIPYME Emprendedor","PROGRAMA EMERGENCIA EMPRESARIAL - MIPYMES DE CALIDAD",2021,"469-PROINNOVATE-EEMC-2021","IMPLEMENTACIÓN Y CERTIFICACIÓN DEL SISTEMA DE GESTIÓN DE CALIDAD BASADO EN LA NORMA ISO 9001:2015 PARA LA EMPRESA  \"BARTECH S.A.C.\"",20211130,20221230,"BARTECH S.A.C.","RIMAC","LIMA","LIMA",150128,33750.0000,4050.0000,7200.0000,"SOLES",20230706
"MIPYME Emprendedor","PROGRAMA EMERGENCIA EMPRESARIAL - MIPYMES DE CALIDAD",2021,"470-PROINNOVATE-EEMC-2021","IMPLEMENTACIÓN Y CERTIFICACIÓN DEL SISTEMA DE GESTIÓN DE CALIDAD BAJO LA NORMA ISO 9001:2015 PARA LA EMPRESA \"TALLERES LEONIDAS ESCARCINA TORRES EIRL TDA.\"",20211129,20221229,"TALLERES LEONIDAS ESCARCINA TORRES EIRLTDA","JOSE LUIS BUSTAMANTE Y RIVERO","AREQUIPA","AREQUIPA",040129,35000.0000,4466.6700,7200.0000,"SOLES",20230706
"MIPYME Emprendedor","PROGRAMA EMERGENCIA EMPRESARIAL - MIPYMES DE CALIDAD",2021,"476-PROINNOVATE-EEMC-2021","IMPLEMENTACIÓN Y CERTIFICACIÓN ISO 9001: 2015 Y 45001:2018 EN LA EMPRESA SIDEC S.A.C.",20211203,20221003,"SOCIEDAD INTEGRADA DE CONSULTORIA S.A.C.","SAN BORJA","LIMA","LIMA",150130,35000.0000,7066.6700,4600.0000,"SOLES",20230706
"MIPYME Emprendedor","PROGRAMA EMERGENCIA EMPRESARIAL - MIPYMES DIGITALES",2021,"477-PROINNOVATE-EEMD-2021","TRANSFORMACIÓN DIGITAL DE LA EMPRESA VILLA BAMBOO",20211125,20221024,"INVESTMENTS VILLA BAMBOO S.A.C.","CHANCHAMAYO","CHANCHAMAYO","JUNIN",120301,26250.0000,3350.0000,5400.0000,"SOLES",20230706
"MIPYME Emprendedor","PROGRAMA EMERGENCIA EMPRESARIAL - MIPYMES DIGITALES",2021,"478-PROINNOVATE-EEMD-2021","DESARROLLO E IMPLEMENTACIÓN DE UN SISTEMA HECHO A MEDIDA PARA LA DIGITALIZACIÓN DE LOS PROCESOS DE PRODUCCIÓN\, GESTIÓN DE ALMACENES\, VENTAS Y COBRANZAS COMO PARTE DE LA ESTRATEGIA DE CRECIMIENTO DE LA EMPRESA CONGELADO SUPERFISH S.A.C",20211206,20230105,"CONGELADO SUPERFISH S.A.C.","SANTIAGO DE SURCO","LIMA","LIMA",150140,34995.0000,5865.0000,25800.0000,"SOLES",20230706
"MIPYME Emprendedor","PROGRAMA EMERGENCIA EMPRESARIAL - MIPYMES DE CALIDAD",2021,"483-PROINNOVATE-EEMC-2021","IMPLEMENTACION Y CERTIFICACION DEL SISTEMA DE GESTIÓN DE CALIDAD Y SEGURIDAD LABORAL\, BAJO LOS ESTÁNDARES INTERNACIONALES ISO 9001:2015 E ISO 45001:2018 EN LA EMPRESA GRUPO INTELCOM SAC.",20211126,20221226,"GRUPO INTELCOM S.A.C","SAN JUAN DE LURIGANCHO","LIMA","LIMA",150132,33600.0000,4108.0000,7092.0000,"SOLES",20230706
"MIPYME Emprendedor","PROGRAMA EMERGENCIA EMPRESARIAL - MIPYMES DIGITALES",2021,"489-PROINNOVATE-EEMD-2021","INTEGRACIÓN TRANSVERSAL DE LOS PROCESOS DE VENTA\, GESTIÓN ADMINISTRATIVA Y GESTIÓN DE EDIFICIOS PARA LA EMPRESA INMOBILIARIA RUBA SAC A TRAVÉS DEL DESARROLLO DE NUEVOS MÓDULOS PERSONALIZADOS A INTEGRARSE A SU ERP",20211129,20220929,"INMOBILIARIA RUBA S.A.C","SURQUILLO","LIMA","LIMA",150141,35000.0000,4466.6700,7200.0000,"SOLES",20230706
"MIPYME Emprendedor","PROGRAMA EMERGENCIA EMPRESARIAL - MIPYMES DIGITALES",2021,"490-PROINNOVATE-EEMD-2021","OPTIMIZACIÓN E INTEGRACIÓN TRANSVERSAL DE LOS PROCESOS DE VENTA\, IMPLEMENTACIÓN\, PRUEBAS Y MANTENIMIENTO PARA LA EMPRESA NUVO S.A.C. A TRAVÉS DEL DESARROLLO DE NUEVOS MÓDULOS PERSONALIZADOS A INTEGRARSE A SU ERP",20211129,20220929,"NUVO S.A.C.","SURQUILLO","LIMA","LIMA",150141,35000.0000,4466.6700,7200.0000,"SOLES",20230706
"MIPYME Emprendedor","PROGRAMA EMERGENCIA EMPRESARIAL - MIPYMES DIGITALES",2021,"491-PROINNOVATE-EEMD-2021","IMPLEMENTACIÓN DE SOLUCIONES PARA DIGITALIZAR LOS PROCESOS PRODUCTIVOS Y ADMINISTRATIVOS DE LA EMPRESA AR & DO CONTRATISTAS GENERALES S.R.L.",20211129,20220929,"AR & DO CONTRATISTAS GENERALES S.R.L.","PIURA","PIURA","PIURA",200101,34875.0000,4425.0000,7200.0000,"SOLES",20230706
"MIPYME Emprendedor","PROGRAMA EMERGENCIA EMPRESARIAL - MIPYMES DIGITALES",2021,"492-PROINNOVATE-EEMD-2021","AUTOMATIZACIÓN DE PROCESOS PARA MEJORAR LA GESTIÓN CON NUESTROS PROVEEDORES Y CLIENTES DE LA EMPRESA PERUVIAN SERVICES & INVESTMENTS E.I.R.L.",20211125,20220925,"PERUVIAN SERVICES & INVESTMENTS E.I.R.L.","VICTOR LARCO HERRERA","TRUJILLO","LA LIBERTAD",130111,33750.0000,4050.0000,7200.0000,"SOLES",20230706
"MIPYME Emprendedor","PROGRAMA EMERGENCIA EMPRESARIAL - MIPYMES DE CALIDAD",2021,"493-PROINNOVATE-EEMC-2021","IMPLEMENTACIÓN Y CERTIFICACIÓN DE UN SISTEMA DE GESTIÓN DE ORGANIZACIONES EDUCATIVAS (ISO 21001:2018) PARA MEJORAR LOS PROCESOS ADMINISTRATIVOS Y ACADÉMICOS DE LA INSTITUCIÓN EDUCATIVA CRAMER EN LA REGIÓN PUNO",20211202,20230102,"SOCIEDAD EDUCATIVA CRAMER SOCIEDAD COMERCIAL DE RESPONSABILIDAD LIMITADA","PUNO","PUNO","PUNO",210101,33750.0000,4050.0000,7200.0000,"SOLES",20230706
"MIPYME Emprendedor","PROGRAMA EMERGENCIA EMPRESARIAL - MIPYMES DE CALIDAD",2021,"494-PROINNOVATE-EEMC-2021","IMPLEMENTACIÓN Y CERTIFICACIÓN DEL SISTEMA DE GESTIÓN DE CALIDAD BASADO EN LA NORMA ISO 9001:2015 EN LA EMPRESA FMP INGENIEROS EIRL",20211130,20221130,"FMP INGENIEROS EIRL","SAN MARTIN DE PORRES","LIMA","LIMA",150135,33750.0000,4050.0000,7200.0000,"SOLES",20230706
"MIPYME Emprendedor","PROGRAMA EMERGENCIA EMPRESARIAL - MIPYMES DIGITALES",2021,"498-PROINNOVATE-EEMD-2021","DESARRROLLO DE UNA APLICACIÓN WEB PARA LA ATENCION DE PEDIDOS EN UNA EMPRESA DE SERVICIO DE ACABADOS DE IMPRESIÓN.",20211130,20220930,"UV GLOSS S.A.C","LINCE","LIMA","LIMA",150116,34122.0000,6774.4600,4599.5400,"SOLES",20230706
"MIPYME Emprendedor","PROGRAMA EMERGENCIA EMPRESARIAL - MIPYMES DIGITALES",2021,"499-PROINNOVATE-EEMD-2021","TRANSFORMACIÓN Y OPTIMIZACIÓN DE PROCESOS OPERATIVOS EN LA EMPRESA SOLUCIONES TECNOLOGICAS LATINOAMERICA S.A.C.",20211129,20220929,"SOLUCIONES TECNOLOGICAS LATINOAMERICA S.A.C.","ATE","LIMA","LIMA",150103,35000.0000,4466.6700,7200.0000,"SOLES",20230706
"MIPYME Emprendedor","PROGRAMA EMERGENCIA EMPRESARIAL - MIPYMES DE CALIDAD",2021,"502-PROINNOVATE-EEMC-2021","IMPLEMENTACIÓN Y CERTIFICACIÓN DEL SISTEMA DE GESTIÓN DE SEGURIDAD Y SALUD EN EL TRABAJO (ISO 45001:2018) EN LA EMPRESA ICOM SERVICIOS GEOTECNICOS SAC.",20211130,20221130,"ICOM SERVICIOS GEOTECNICOS S.A.C.","SAN MIGUEL","LA MAR","AYACUCHO",050501,35000.0000,4466.6700,7200.0000,"SOLES",20230706
"MIPYME Emprendedor","PROGRAMA EMERGENCIA EMPRESARIAL - MIPYMES DIGITALES",2021,"506-PROINNOVATE-EEMD-2021","DIGITALIZACIÓN DE LOS PROCESOS CORE DEL NEGOCIO - COMERCIAL\, DISEÑO DE ESTUDIOS\, EJECUCIÓN DE ESTUDIOS PARA SER MÁS AGILES Y EFICIENTES EN CIENTÍFICA CRO",20211129,20220929,"CIENTIFICA CRO S.A.C.","PUEBLO LIBRE","HUAYLAS","ANCASH",021207,34275.0000,4261.0000,7164.0000,"SOLES",20230706
"MIPYME Emprendedor","PROGRAMA EMERGENCIA EMPRESARIAL - MIPYMES DIGITALES",2021,"507-PROINNOVATE-EEMD-2021","IMPLEMENTACION DE MARKETING DIGITAL QUE INTEGRE UN SISTEMA ONLINE DE COMUNICACIÓN\, GESTION Y AUTOMATIZACION DE VENTAS A NIVEL NACIONAL E INTERNACIONAL",20211129,20220929,"SURANDINA S.A.C.","SAN ISIDRO","HUAYTARA","HUANCAVELICA",090612,35000.0000,7066.6700,4600.0000,"SOLES",20230706
"MIPYME Emprendedor","PROGRAMA EMERGENCIA EMPRESARIAL - MIPYMES DIGITALES",2021,"508-PROINNOVATE-EEMD-2021","IMPLEMENTACIÓN DE UN SISTEMA ERP PARA AUTOMATIZAR LOS PROCESOS OPERATIVOS DE LA EMPRESA CREA ALIMENTOS SAC",20211130,20220930,"CREA ALIMENTOS S.A.C.","AYACUCHO","HUAMANGA","AYACUCHO",050101,35000.0000,7066.6700,4600.0000,"SOLES",20230706
"MIPYME Emprendedor","PROGRAMA EMERGENCIA EMPRESARIAL - MIPYMES DE CALIDAD",2021,"509-PROINNOVATE-EEMC-2021","PROYECTO DE IMPLEMENTACIÓN Y CERTIFICACIÓN DE UN SISTEMA DE GESTIÓN DE CALIDAD BASADO EN LA NORMA ISO 9001:2015 EN LA EMPRESA JEM NERMEC S.R.L.",20211202,20230102,"JEM NERMEC SRL","PAUCARPATA","AREQUIPA","AREQUIPA",040112,34999.8000,4466.6000,7200.0000,"SOLES",20230706
"MIPYME Emprendedor","PROGRAMA EMERGENCIA EMPRESARIAL - MIPYMES DIGITALES",2021,"512-PROINNOVATE-EEMD-2021","INCORPORACIÓN DE TECNOLOGÍAS DIGITALES EN EL PROCESO DEL SERVICIO DE LAVANDERÍA Y TINTORERÍA PARA MEJORAR LA PRODUCTIVIDAD Y COMPETITIVIDAD DE LA EMPRESA VICKYS SERVICIOS GENERALES S.A.C.",20211128,20220928,"VICKYS SERVICIOS GENERALES S.A.C","AREQUIPA","AREQUIPA","AREQUIPA",040101,35000.0000,7300.0000,4400.0000,"SOLES",20230706
"MIPYME Emprendedor","PROGRAMA EMERGENCIA EMPRESARIAL - MIPYMES DIGITALES",2021,"516-PROINNOVATE-EEMD-2021","SISTEMATIZACIÓN Y DIGITALIZACIÓN DE LOS PROCESOS INTEGRADOS EN EL ENTORNO DE CONECTIVIDAD COLABORATIVA EN LA EMPRESA \"PROTECPACK S.A.C.\"",20211130,20220930,"PROTECPACK S.A.C.","MIRAFLORES","AREQUIPA","AREQUIPA",040110,34950.0000,4450.0000,7200.0000,"SOLES",20230706
"MIPYME Emprendedor","PROGRAMA EMERGENCIA EMPRESARIAL - MYPES REACTIVADAS - ALTERNATIVA 1",2021,"519-PROINNOVATE-EER1-2021","MEJORA DE LOS PROCESOS ORGANIZACIONALES\, PARA LOGRAR LA REACTIVACIÓN ECONÓMICA DEL NEGOCIO \"YEPEZ DE TANAKA AMANDA\" EN CUSCO.",20211203,20221203,"YEPEZ DE TANAKA AMANDA","CUSCO","CUSCO","CUSCO",080101,35000.0000,7066.6700,4600.0000,"SOLES",20230706
"MIPYME Emprendedor","PROGRAMA EMERGENCIA EMPRESARIAL - MYPES REACTIVADAS - ALTERNATIVA 1",2021,"520-PROINNOVATE-EER1-2021","DIAGNÓSTICO Y ADAPTACIÓN TECNOLÓGICA PARA LA MEJORA DE LOS PROCESOS INTERNOS ORIENTADO A LA REACTIVACIÓN EMPRESARIAL DEL TRANSPORTE FLUVIAL \"LUCERO CASTRO\"\, UBICADO EN PUERTO MALDONADO\, MADRE DE DIOS",20211223,20221223,"CASTRO TELLO FRANCIS LUCERO","LAS PIEDRAS","TAMBOPATA","MADRE DE DIOS",170103,34995.0000,4465.0000,7200.0000,"SOLES",20230706
"MIPYME Emprendedor","PROGRAMA EMERGENCIA EMPRESARIAL - MIPYMES DIGITALES",2021,"521-PROINNOVATE-EEMD-2021","DESARROLLO DE UNA ESTRATEGIA DE MARKETING DIGITAL PARA LA IMPLEMENTACIÓN DEL PLAN DE POSICIONAMIENTO WEB\, PUBLICIDAD EN MEDIOS DIGITALES\, REDES SOCIALES Y TIENDA VIRTUAL\, PARA LOS PRODUCTOS DE EXPOANDINA NEGOCIOS SAC.",20211130,20220930,"EXPOANDINA NEGOCIOS SOCIEDAD ANONIMA CERRADA - EXPOANDINA NEGOCIOS S.A.C.","LA MOLINA","LIMA","LIMA",150114,28350.0000,4050.0000,5400.0000,"SOLES",20230706
"MIPYME Emprendedor","PROGRAMA EMERGENCIA EMPRESARIAL - MYPES REACTIVADAS - ALTERNATIVA 1",2021,"522-PROINNOVATE-EER1-2021","FORTALECIMIENTO DE LA UNIDAD COMERCIAL DE LA EMPRESA G&F CUEROS Y DERIVADOS S.A.C\, A TRAVÉS DE LA ADOPCIÓN E IMPLEMENTACIÓN DE UNA ESTRATEGIA DE MARKETING DIGITAL",20211203,20221203,"G & F CUEROS Y DERIVADOS SOCIEDAD ANONIMA CERRADA - G & F CUEROS Y DERIVADOS S.A.C.","RIMAC","LIMA","LIMA",150128,29250.0000,6250.0000,3500.0000,"SOLES",20230706
"MIPYME Emprendedor","PROGRAMA EMERGENCIA EMPRESARIAL - MIPYMES DIGITALES",2021,"524-PROINNOVATE-EEMD-2021","DISEÑO E IMPLEMENTACIÓN DEL PLAN DE MARKETING Y DIGITALIZACIÓN DE LOS PROCESOS DE VENTAS Y ALMACÉN UTILIZANDO METODOLOGÍA SIX SIGMA\, SCRUM Y KANBAN PARA MEJORAR LA COMERCIALIZACIÓN DE LA MIEL DE ABEJA Y DERIVADOS PRODUCIDOS EN AREQUIPA HACIA OTRAS REGIONES",20211130,20220930,"WAYRURONGO WASI E.I.R.L","CERRO COLORADO","AREQUIPA","AREQUIPA",040104,27000.0000,3600.0000,5400.0000,"SOLES",20230706
"MIPYME Emprendedor","PROGRAMA EMERGENCIA EMPRESARIAL - MIPYMES DIGITALES",2021,"526-PROINNOVATE-EEMD-2021","DISEÑO E IMPLEMENTACIÓN DE TECNOLOGÍAS DE LA INFORMACIÓN Y DE MARKETING DIGITAL PARA INCREMENTAR LA COMPETITIVIDAD Y PRODUCTIVIDAD EN LA EMPRESA CORPORACION CAYARACC S.A.C.",20211128,20220928,"CORPORACION CAYARACC S.A.C.","VILLA EL SALVADOR","LIMA","LIMA",150142,28350.0000,4050.0000,5400.0000,"SOLES",20230706
"MIPYME Emprendedor","PROGRAMA EMERGENCIA EMPRESARIAL - MIPYMES DIGITALES",2021,"527-PROINNOVATE-EEMD-2021","IMPLEMENTACIÓN DE UNA PLATAFORMA DE E-COMMERCE (B2B) DE PRODUCTOS Y SERVICIOS PARA POSICIONAR A LA EMPRESA NETCORE SOLUTIONS S.A.C. EN EL SECTOR CONSTRUCCIÓN Y MINERO",20211129,20221021,"NETCORE SOLUTIONS S.A.C.","CALLAO","PROV. CONST. DEL CALLAO","CALLAO",070101,34500.0000,4300.0000,7200.0000,"SOLES",20230706
"MIPYME Emprendedor","PROGRAMA EMERGENCIA EMPRESARIAL - MIPYMES DIGITALES",2021,"528-PROINNOVATE-EEMD-2021","DESARROLLO DE UNA PLATAFORMA VIRTUAL QUE PERMITA CAPITALIZAR LA EXPERIENCIA PRESENCIAL EN PROGRAMAS EDUCATIVOS EN TEMAS DE INNOVACIÓN DE IT BRANDS Y AMPLIARLO CON UN MODELO DE GESTIÓN A TRAVÉS DE PROFESIONALES CERTIFICADOS\, Y SU PROYECCIÓN A AMÉRICA LATINA",20211130,20220930,"IT BRANDS BUSINESS & TRADEMARKETING S.A.C. - IT BRANDS","SANTIAGO DE SURCO","LIMA","LIMA",150140,34995.0000,4465.0000,7200.0000,"SOLES",20230706
"MIPYME Emprendedor","PROGRAMA EMERGENCIA EMPRESARIAL - MIPYMES DIGITALES",2021,"529-PROINNOVATE-EEMD-2021","IMPLEMENTACIÓN DE MARKETING DIGITAL PARA DESARROLLO DE NUEVOS NICHOS DE MERCADO",20211215,20221214,"CHALAC PRODUCCIONES S.A.C.","SANTIAGO DE SURCO","LIMA","LIMA",150140,35000.0000,7066.6700,4600.0000,"SOLES",20230706
"MIPYME Emprendedor","PROGRAMA EMERGENCIA EMPRESARIAL - MIPYMES DIGITALES",2021,"530-PROINNOVATE-EEMD-2021","IMPLEMENTACION DE PORTAL WEB Y CANALES DIGITALES PARA MEJORA DE VENTAS E IMAGEN COMERCIAL",20211201,20221001,"GRATRY PERU S.A.","ATE","LIMA","LIMA",150103,35000.0000,4466.6700,7200.0000,"SOLES",20230706
"MIPYME Emprendedor","PROGRAMA EMERGENCIA EMPRESARIAL - MYPES REACTIVADAS - ALTERNATIVA 1",2021,"534-PROINNOVATE-EER1-2021","PLAN DE CONSOLIDACION Y EXPORTACION DE PISCO SAPAQ Y CREACION DE DERIVADOS DEL PISCO COMO INNOVACION PARA EL MERCADO LOCAL",20211203,20221203,"LARES FOOD S.A.C.","LA MOLINA","LIMA","LIMA",150114,34999.5000,7066.5000,7200.0000,"SOLES",20230706
"MIPYME Emprendedor","PROGRAMA EMERGENCIA EMPRESARIAL - MIPYMES DE CALIDAD",2021,"535-PROINNOVATE-EEMC-2021","IMPLEMENTACION DEL SISTEMA DE GESTION DE CALIDAD EN BASE A LA NORMA 9001-2015 EN EL HOTEL EL PORTAL DEL MARQUES ",20211206,20221206,"CONSORCIO EL PORTAL DEL MARQUES S.A.C","CAJAMARCA","CAJAMARCA","CAJAMARCA",060101,35000.0000,4666.6700,7000.0000,"SOLES",20230706
"MIPYME Emprendedor","PROGRAMA EMERGENCIA EMPRESARIAL - MYPES REACTIVADAS - ALTERNATIVA 1",2021,"536-PROINNOVATE-EER1-2021","FORTALECIMIENTO DEL CANAL DE COMERCIALIZACIÓN DIRECTA (MERCADO INTERNO) DE LA EMPRESA AGROEXPORTADORA TASTA S.A.C. PARA INCREMENTAR SU PRODUCTIVIDAD Y COMPETITIVIDAD",20211202,20230302,"AGROEXPORTADORA TASTA S.A.C.","LLAYLLA","SATIPO","JUNIN",120603,34500.0000,4300.0000,7200.0000,"SOLES",20230706
"MIPYME Emprendedor","PROGRAMA EMERGENCIA EMPRESARIAL - MIPYMES DE CALIDAD",2021,"540-PROINNOVATE-EEMC-2021","IMPLEMENTACIÓN Y CERTIFICACIÓN DE LA NORMA ISO 9001:2015 EN LA EMPRESA G&T ELECTRIC CONTRATISTAS S.A.C.",20211206,20230106,"G & T ELECTRIC CONTRATISTAS SOCIEDAD ANONIMA CERRADA","CORONEL GREGORIO ALBARRACIN LANCHIPA","TACNA","TACNA",230110,34900.0000,7048.6700,4584.6700,"SOLES",20230706
"MIPYME Emprendedor","PROGRAMA EMERGENCIA EMPRESARIAL - MYPES REACTIVADAS - ALTERNATIVA 1",2021,"541-PROINNOVATE-EER1-2021","IMPLEMENTACIÓN DE UNA LÍNEA DE PRODUCCIÓN Y COMERCIALIZACIÓN DE ALIMENTOS Y BEBIDAS DE EXPENDIO EN UN ESPACIO CAMPESTRE\, MOQUEGUA 2022",20211202,20221202,"MAQUERA PUMA SANDRA KARLA","MOQUEGUA","MARISCAL NIETO","MOQUEGUA",180101,35000.0000,19266.6700,10000.0000,"SOLES",20230706
"MIPYME Emprendedor","PROGRAMA EMERGENCIA EMPRESARIAL - MYPES REACTIVADAS - ALTERNATIVA 1",2021,"543-PROINNOVATE-EER1-2021","IMPLEMENTACIÓN DE UNA NUEVA LÍNEA DE NEGOCIO DE MARROQUINERÍA BASADO EN LA METODOLOGÍA DE DESARROLLO DE PRODUCTO PARA INGRESAR AL MERCADO NACIONAL.",20211206,20221206,"SUMARSEG PERU SOCIEDAD ANONIMA CERRADA","LOS OLIVOS","LIMA","LIMA",150117,32781.0000,8127.0000,2800.0000,"SOLES",20230706
"MIPYME Emprendedor","PROGRAMA EMERGENCIA EMPRESARIAL - MIPYMES DIGITALES",2021,"550-PROINNOVATE-EEMD-2021","DISEÑO Y DESARROLLO DE UN SISTEMA DE GESTIÓN Y CONTROL DE ALMACENES ALOJADO EN LA PLATAFORMA WEB PARA LA GESTIÓN Y CONTROL DE MATERIALES\, MAQUINARIAS\, MATERIAS PRIMAS DE CONSTRUCCIÓN QUE BRINDA LA EMPRESA CONSTRUCCIÓN ALARDI SAC.",20211203,20221003,"CONSTRUCCIONES ALARDI S.A.C.","PUCARA","JAEN","CAJAMARCA",060808,33750.0000,5450.0000,25800.0000,"SOLES",20230706
"MIPYME Emprendedor","PROGRAMA EMERGENCIA EMPRESARIAL - MIPYMES DIGITALES",2021,"553-PROINNOVATE-EEMD-2021","OPTIMIZACIÓN Y DIGITALIZACIÓN DEL SISTEMA DOCUMENTARIO Y CONTROL ASISTENCIA EN TS DEL PERU S.A.C.",20211216,20221215,"TS DEL PERU SOCIEDAD ANONIMA CERRADA - TS PERU S.A.C.","LA VICTORIA","CHICLAYO","LAMBAYEQUE",140106,34950.0000,4450.0000,7200.0000,"SOLES",20230706
"MIPYME Emprendedor","PROGRAMA EMERGENCIA EMPRESARIAL - MIPYMES DIGITALES",2021,"555-PROINNOVATE-EEMD-2021","IMPLEMENTACIÓN DE UN SITIO WEB QUE RECIBA CLIENTES INTERNACIONALES Y DESARROLLO DE UNA CAMPAÑA DE MARKETING DIGITAL PARA PROMOCIONAR UNA MARCA DE ROPA Y ACCESORIOS DE LÍNEA DE BEBE REALIZADOS EN TEJIDO A MANO - INVERSIONES INDUSTRIALES SAN MARTIN E.I.R.L.",20211213,20221112,"INVERSIONES INDUSTRIALES SAN MARTIN E.I.R.L.","SANTIAGO DE SURCO","LIMA","LIMA",150140,35000.0000,8252.0400,3414.6300,"SOLES",20230706
"MIPYME Emprendedor","PROGRAMA EMERGENCIA EMPRESARIAL - MYPES REACTIVADAS - ALTERNATIVA 1",2021,"557-PROINNOVATE-EER1-2021","MEJORA DE LOS PRODUCTOS DE ANALITICA AVANZADA PARA TRADE MARKETING\, REBRANDING Y DESARROLLO DE ESTRATEGIA DE COMUNICACIÓN PARA NUESTRA EMPRESA",20211213,20221113,"MECANISMOS E INCENTIVOS S.A.C.","MIRAFLORES","AREQUIPA","AREQUIPA",040110,35000.0000,4466.6700,7200.0000,"SOLES",20230706
"MIPYME Emprendedor","PROGRAMA EMERGENCIA EMPRESARIAL - MYPES REACTIVADAS - ALTERNATIVA 1",2021,"559-PROINNOVATE-EER1-2021","DIAGNÓSTICO E IMPLEMENTACIÓN DE SISTEMAS TECNOLÓGICOS PARA LA OPTIMIZACIÓN DE PROCESOS PRODUCTIVOS Y GESTIÓN INTERNA DE LA EMPRESA \"ANDINOINDUSTRIAS S.A.C.\" - CUSCO.",20211213,20221213,"ANDINOINDUSTRIAS SOCIEDAD ANONIMA CERRADA","WANCHAQ","CUSCO","CUSCO",080108,34980.0000,4460.0000,7200.0000,"SOLES",20230706
"MIPYME Emprendedor","PROGRAMA EMERGENCIA EMPRESARIAL - MYPES REACTIVADAS - ALTERNATIVA 1",2021,"576-PROINNOVATE-EER1-2021","APLICACIÓN DEL MARKETING Y COMERCIO DIGITAL EN GRUPO CRECENTRO SAC PARA INCREMENTAR LAS VENTAS Y CAPTAR LA DEMANDA DE NUEVOS SERVICIOS Y PRODUCTOS GRÁFICOS QUE SE ESTÁN GENERANDO EN ESTE PROCESO DE REACTIVACIÓN ECONÓMICA A NIVEL MACRO REGIÓN CENTRO.",20211213,20221213,"GRUPO CRECENTRO S.A.C.","HUANCAYO","HUANCAYO","JUNIN",120101,35000.0000,4467.0000,7200.0000,"SOLES",20230706
"MIPYME Emprendedor","PROGRAMA EMERGENCIA EMPRESARIAL - MYPES REACTIVADAS - ALTERNATIVA 1",2021,"580-PROINNOVATE-EER1-2021","DISEÑO Y REMODELACIÓN DE INTERIORES CON CONCEPTO ANDINO",20211216,20230116,"CASTRO PALOMINO MIRIAM JENNY","HUANCAYO","HUANCAYO","JUNIN",120101,34999.9900,4466.6700,7200.0000,"SOLES",20230706
"MIPYME Emprendedor","PROGRAMA EMERGENCIA EMPRESARIAL - MYPES REACTIVADAS - ALTERNATIVA 1",2021,"581-PROINNOVATE-EER1-2021","IMPLEMENTACION DE UN SISTEMA DE GESTION EMPRESARIAL - ERP PARA FORTALECER LA COMPETITIVIDAD DE VILLA NATALIA 1903 S.A.C.",20211215,20221215,"VILLA NATALIA 1903 S.A.C.","TATE","ICA","ICA",110113,31984.0000,7165.0000,3496.0000,"SOLES",20230706
"MIPYME Emprendedor","PROGRAMA EMERGENCIA EMPRESARIAL - MYPES REACTIVADAS - ALTERNATIVA 1",2021,"582-PROINNOVATE-EER1-2021","OPTIMIZAR EL PROCESO PRODUCTIVO Y LA GESTIÓN COMERCIAL  DE CREACIONES ALONDRAS EIRL PARA RECUPERAR SU NIVEL DE VENTAS EXPANDIÉNDOSE EN EL MERCADO NACIONAL E INTERNACIONAL.",20211221,20221221,"CREACIONES ALONDRAS E.I.R.L.","JOSE LUIS BUSTAMANTE Y RIVERO","AREQUIPA","AREQUIPA",040129,33750.0000,6650.0000,4600.0000,"SOLES",20230706
"MIPYME Emprendedor","PROGRAMA EMERGENCIA EMPRESARIAL - MYPES REACTIVADAS - ALTERNATIVA 1",2021,"584-PROINNOVATE-EER1-2021","FORTALECIMIENTO DEL SISTEMA DE GESTIÓN DE COMERCIALIZACIÓN Y VENTA DE LA CERVEZA ARTESANAL ELABORADA POR EL GRUPO WAYAYO MEDIANTE LA GESTIÓN DE CANALES\, APLICACIÓN DEL COMERCIO Y MARKETING DIGITAL ",20211222,20221222,"GRUPO WAYAYO E.I.R.L.","CHUPACA","CHUPACA","JUNIN",120901,35000.0000,4467.0000,7200.0000,"SOLES",20230706
"MIPYME Emprendedor","PROGRAMA EMERGENCIA EMPRESARIAL - MYPES REACTIVADAS - ALTERNATIVA 1",2021,"586-PROINNOVATE-EER1-2021","RECONVERTIR LA GESTIÓN ADMINISTRATIVA IMPLEMENTANDO UN SISTEMA DE GESTIÓN INTEGRAL DIGITAL\, FORTALECER LA COMERCIALIZACIÓN ONLINE Y SU POSICIONAMIENTO DE MARCA.",20211220,20221220,"RUTAS INTERNACIONALES EMPRESA INDIVIDUAL DE RESPONSABILIDAD LIMITADA","TACNA","TACNA","TACNA",230101,34994.2500,4464.7500,7200.0000,"SOLES",20230706
"MIPYME Emprendedor","PROGRAMA EMERGENCIA EMPRESARIAL - MYPES REACTIVADAS - ALTERNATIVA 1",2021,"590-PROINNOVATE-EER1-2021","CERTIFICACIÓN DE UN PRODUCTO EN BASE A TRICHODERMA PARA EL CONTROL FITOPATOLÓGICO DE PLAGAS DE LA INDUSTRIA BIOTECNOLOGICA DEL SUR S.A.C.",20211230,20230130,"INDUSTRIA BIOTECNOLOGICA DEL SUR S.A.C.","YANAHUARA","AREQUIPA","AREQUIPA",040126,34999.9900,4466.6700,7200.0000,"SOLES",20230706
"MIPYME Emprendedor","PROGRAMA EMERGENCIA EMPRESARIAL - MYPES REACTIVADAS - ALTERNATIVA 1",2021,"595-PROINNOVATE-EER1-2021","REORIENTAR LOS PROCESOS PRODUCTIVOS\, OPERATIVOS Y DE GESTIÓN\, IMPLEMENTANDO PROTOCOLOS DE BIOSEGURIDAD POR COVID-19 EN LA EMPRESA LA DIOSA FARM EXPORT EIRL.",20211228,20221128,"LA DIOSA FARM EXPORT E.I.R.L.","TAMBO GRANDE","PIURA","PIURA",200114,34950.0000,4450.0000,7200.0000,"SOLES",20230706
"MIPYME Emprendedor","PROGRAMA EMERGENCIA EMPRESARIAL - MYPES REACTIVADAS - ALTERNATIVA 1",2021,"596-PROINNOVATE-EER1-2021","IMPLEMENTACIÓN DE HERRAMIENTAS TIC PARA DIGITALIZAR Y/O AUTOMATIZAR LOS SERVICIOS ESTRATÉGICOS COMO MARKETING DIGITAL E INVESTIGACIÓN DE MERCADOS PARA REACTIVAR Y POTENCIAR LAS VENTAS EN LA EMPRESA FACTOR IQ SAC ",20220112,20230211,"FACTOR IQ S.A.C","SANTIAGO DE SURCO","LIMA","LIMA",150140,35000.0000,4466.6700,7200.0000,"SOLES",20230706
"MIPYME Emprendedor","PROGRAMA EMERGENCIA EMPRESARIAL - MIPYMES DE CALIDAD",2021,"597-PROINNOVATE-EEMC-2021","IMPLEMENTACIÓN Y CERTIFICACIÓN DEL SISTEMA HACCP PARA PRODUCTOS CÁRNICOS DE LA EMPRESA FUNDO NOEMIRO S.A.C.",20211222,20230122,"FUNDO NOEMIRO S.A.C.","AREQUIPA","AREQUIPA","AREQUIPA",040101,33750.0000,4050.0000,7200.0000,"SOLES",20230706
"MIPYME Emprendedor","PROGRAMA EMERGENCIA EMPRESARIAL - MYPES REACTIVADAS - ALTERNATIVA 1",2021,"598-PROINNOVATE-EER1-2021","MORINGA KIDS: NÉCTAR DE MARACUYÁ Y MORINGA\, Y BARRITA ENERGETICA A BASE DE MORINGA  ",20211228,20221228,"ORGANIC LIFE PERU GROUP S.A.C.","CHICLAYO","CHICLAYO","LAMBAYEQUE",140101,33000.0000,3800.0000,7200.0000,"SOLES",20230706
"MIPYME Emprendedor","PROGRAMA EMERGENCIA EMPRESARIAL - MYPES REACTIVADAS - ALTERNATIVA 1",2021,"599-PROINNOVATE-EER1-2021","REBRANDING\, REDISEÑO DE MARCA Y APLICACIÓN DE HERRAMIENTAS DE MARKETING DIGITAL PARA LA EMPRESA IBEROAMERICANA DE CALIDAD Y SERVICIOS S.A.C. CON EL OBJETIVO DE INCREMENTAR LAS VENTAS Y MEJORAR LA IMAGEN DE LA ORGANIZACIÓN",20220110,20230110,"IBEROAMERICANA DE CALIDAD Y SERVICIOS SOCIEDAD ANONIMA CERRADA","MIRAFLORES","AREQUIPA","AREQUIPA",040110,33750.0000,4050.0000,7200.0000,"SOLES",20230706
"MIPYME Emprendedor","PROGRAMA EMERGENCIA EMPRESARIAL - MYPES REACTIVADAS - ALTERNATIVA 1",2021,"613-PROINNOVATE-EER1-2021","DESARROLLO E IMPLEMENTACIÓN DE PLATAFORMA ECOMMERCE PARA DESTINOS TURISTICOS DE LA SELVA DEL PERÚ PARA  VIAJA MAS S.A.C.",20220113,20230213,"VIAJA  MAS  S.A.C.","SAN ISIDRO","HUAYTARA","HUANCAVELICA",090612,35000.0000,4466.6700,7200.0000,"SOLES",20230706
"MIPYME Emprendedor","PROGRAMA EMERGENCIA EMPRESARIAL - MYPES REACTIVADAS - ALTERNATIVA 1",2021,"614-PROINNOVATE-EER1-2021","DESARROLLO E IMPLEMENTACIÓN DE UNA PLATAFORMA E-COMMERCE PARA POTENCIAR Y AUMENTAR LA VENTA DE LOS SERVICIOS TURÍSTICOS DE PERUVIAN ANCIENT PATHS",20211230,20221130,"PERUVIAN ANCIENT PATHS SOCIEDAD ANONIMA CERRADA","WANCHAQ","CUSCO","CUSCO",080108,35000.0000,4466.6700,7200.0000,"SOLES",20230706
"MIPYME Emprendedor","PROGRAMA EMERGENCIA EMPRESARIAL - MYPES REACTIVADAS - ALTERNATIVA 1",2022,"001-PROINNOVATE-EER1-2022","FORTALECIMIENTO Y REORIENTACIÓN DEL PROCESO PRODUCTIVO DE CRIANZA DE GANADO OVINO Y CAPRINO\, A TRAVÉS DE LA PRODUCCIÓN DE ALIMENTO BALANCEADO PARA USO PROPIO Y VENTA DIRECTA EXTERNA",20220405,20221105,"LEON MORAN EDGARDO ALEJANDRO II","PIURA","PIURA","PIURA",200101,34999.5000,4466.5000,7200.0000,"SOLES",20230706
"FIDECOM","PIMEN",2021,"054-FIDECOM-INNOVATEPERU-PIMEN-2021-SI","MEJORA DE LA CALIDAD Y MAYOR VIDA ÚTIL DE BIOPLAGUICIDA A BASE DE BACTERIAS ÁCIDO LÁCTICAS Y LEVADURAS MEDIANTE LA PRODUCCIÓN CONTROLADA","","","SANTOS BALDIÑO JOSE LUIS","PARCONA","ICA","ICA",110106,79969.7000,15020.3000,8700.0000,"SOLES",20230706
"FIDECOM","PIMEN",2021,"049-FIDECOM-INNOVATEPERU-PIMEN-2021-SI","DESARROLLO DE UNA APLICACIÓN MÓVIL PARA DETERMINAR LA TALLA DEL PIE EN BASE A CARACTERÍSTICAS MORFOLÓGICAS DE CONSUMIDORAS DE UN MARKET PLACE DE CALZADO MEDIANTE CAPTURA DE IMÁGENES","","","SHUZZOS S.A.C.","SANTIAGO DE SURCO","LIMA","LIMA",150140,119131.0000,32712.0000,27050.0000,"SOLES",20230706
"FIDECOM","PIMENR",2021,"053-FIDECOM-INNOVATEPERU-PIMENR-2021-SI","DESARROLLO DE UN SISTEMA PILOTO AUTOMATIZADO DE ELABORACIÓN Y DISPENSA DE DESAYUNOS EN FOOD TRUCK\, CONSERVANDO LA EXPERIENCIA CULINARIA PERUANA (VISUAL\, AROMA Y SABOR) EN LA REGIÓN AREQUIPA","","","ITL SOLUCIONES INTEGRALES S.A.C.","ALTO SELVA ALEGRE","AREQUIPA","AREQUIPA",040102,143220.0100,27599.9900,25799.9800,"SOLES",20230706
"MIPYME Emprendedor","PROGRAMA EMERGENCIA EMPRESARIAL - MYPES REACTIVADAS - ALTERNATIVA 1",2022,"003-PROINNOVATE-EER1-2022","DISEÑADOR Y COTIZADOR CON INTELIGENCIA ARTIFICIAL Y PLATAFORMA DE CURSOS ONLINE PARA SOLUCIONES DE DOMÓTICA Y TECNOLOGÍAS COMPLEMENTARIAS",20220118,20221118,"B-MATIC GROUP S.A.C.-B-MATIC S.A.C.","SAN ISIDRO","LIMA","LIMA",150131,35000.0000,4466.6700,7200.0000,"SOLES",20230706
"MIPYME Emprendedor","PROGRAMA EMERGENCIA EMPRESARIAL - MYPES REACTIVADAS - ALTERNATIVA 2",2022,"004-PROINNOVATE-EER2-2022","IMPLEMENTACIÓN DE MARKETING DIGITAL PARA RECUPERAR EL CLIENTE INTERNACIONAL Y MEJORAR LA CAPTACIÓN DE CLIENTES NACIONALES",20211228,20221128,"INNOVA T 21 S.A.C.","LA PUNTA","PROV. CONST. DEL CALLAO","CALLAO",070105,105000.0000,0.0000,0.0000,"SOLES",20230706
"MIPYME Emprendedor","PROGRAMA EMERGENCIA EMPRESARIAL - MYPES REACTIVADAS - ALTERNATIVA 1",2022,"007-PROINNOVATE-EER1-2022","\"MEJORA DE LA COMPETITIVIDAD EN LA GESTIÓN DE PRODUCCIÓN HACIA MANTENER DEMANDAS VALIDADAS DE MARCOS ARTESANALES DE MADERA\"",20220127,20230127,"WWW.PERUDECOR.COM S.A.C.","LIMA","LIMA","LIMA",150101,31875.0000,3785.0000,6840.0000,"SOLES",20230706
"MIPYME Emprendedor","PROGRAMA EMERGENCIA EMPRESARIAL - MYPES REACTIVADAS - ALTERNATIVA 1",2022,"013-PROINNOVATE-EER1-2022","FORTALECIMIENTO DE LA ESTRATEGIA DE MARKETING DIGITAL E INCORPORACIÓN DEL SERVICIO DE CAPACITACIONES\, ADEMÁS DE LA IMPLANTACIÓN DE SOFTWARE CRM PARA LA EMPRESA GATO NEGRO COMUNICACIONES Y EVENTOS E.I.R.L",20220131,20230131,"GATO NEGRO COMUNICACIONES Y EVENTOS E.I.R.L.","JOSE LUIS BUSTAMANTE Y RIVERO","AREQUIPA","AREQUIPA",040129,35000.0000,4466.6700,7200.0000,"SOLES",20230706
"FINCYT III","CONCURSO AYUDA A LA DEMANDA DE SERVICIOS TECNOLÓGICOS - MIPYME PRODUCTIVA - CATEGORÍA 2",2022,"017-PROINNOVATE-ADTC2-2022","IMPLEMENTACIÓN Y CERTIFICACIÓN DE LA NORMA ISO 9001:2015",20220202,20230401,"IMPRESIONE MAS S.A.C.","BREÑA","LIMA","LIMA",150105,53170.0000,0.0000,16140.0000,"SOLES",20230706
"FINCYT III","CONCURSO AYUDA A LA DEMANDA DE SERVICIOS TECNOLÓGICOS - MIPYME PRODUCTIVA - CATEGORÍA 2",2022,"018-PROINNOVATE-ADTC2-2022","IMPLEMENTACIÓN Y CERTIFICACIÓN DE UN SISTEMA DE GESTIÓN DE LA CALIDAD EN BASE A LA NORMA ISO 9001:2015 EN BILINGUAL LS",20220211,20230311,"BILINGUAL S.A.C.","SAN ISIDRO","LIMA","LIMA",150131,55000.0000,0.0000,16666.6667,"SOLES",20230706
"MIPYME Emprendedor","PROGRAMA EMERGENCIA EMPRESARIAL - MYPES REACTIVADAS - ALTERNATIVA 1",2022,"019-PROINNOVATE-EER1-2022","FORTALECIMIENTO Y OPTIMIZACIÓN DE LOS PROCESOS PRODUCTIVOS DEL RESTAURANTE SUBMARINO (PIURA)",20220217,20230217,"INVERSIONES MASACOR EMPESA INDIVIDUAL DE RESPONSABILIDAD LIMITADA","PIURA","PIURA","PIURA",200101,34999.5000,4466.5000,7200.0000,"SOLES",20230706
"MIPYME Emprendedor","PROGRAMA EMERGENCIA EMPRESARIAL - MYPES REACTIVADAS - ALTERNATIVA 1",2022,"020-PROINNOVATE-EER1-2022","MEJORA DE LA VISIBILIDAD DE LOS PAQUETES Y TOURS VIRTUALES DE \"MI GRAN VIAJE\" A TRAVÉS DE UN SISTEMA CRM\, POSICIONAMIENTO DE MARCA Y CREACIÓN DE AGENTES VIRTUALES INTERACTIVOS.",20220204,20230803,"PALO CRUZ INVERSIONES S.A.C.","AREQUIPA","AREQUIPA","AREQUIPA",040101,35000.0000,4466.6700,7200.0000,"SOLES",20230706
"MIPYME Emprendedor","PROGRAMA EMERGENCIA EMPRESARIAL - MYPES REACTIVADAS - ALTERNATIVA 1",2022,"024-PROINNOVATE-EER1-2022","FORTALECIMIENTO DE EMPRENDIMIENTO BASADO EN EL APROVECHAMIENTO DE RESIDUOS MADERABLES DE CULTIVOS DE OLIVO PARA LA PRODUCCIÓN DE MOBILIARIO",20220209,20230709,"LAZO DE DELZO MARIA TERESA","MIRAFLORES","LIMA","LIMA",150122,35000.0000,4466.6700,7200.0000,"SOLES",20230706
"MIPYME Emprendedor","PROGRAMA EMERGENCIA EMPRESARIAL - MYPES REACTIVADAS - ALTERNATIVA 2",2022,"025-PROINNOVATE-EER2-2022","APLICACIÓN DE HERRAMIENTAS DEL MARKETING DIGITAL A LAS MYPES DEL SECTOR TEXTIL PARA LA MEJORA DE SU GESTIÓN COMERCIAL Y LOGRAR SU REACTIVACIÓN ECONÓMICA.",20220204,20230204,"UNION PARA EL DESARROLLO SOCIAL","SAN MARTIN DE PORRES","LIMA","LIMA",150135,175000.0000,0.0000,0.0000,"SOLES",20230706
"FINCYT III","CONCURSO BOOTCAMPS DE CÓDIGO - FASE II",2022,"029-PROINNOVATE-BCCF2-2022","PROGRAMA FULL STACK JS WEB DEVELOPER",20220404,20230504,"KARLO FABIO VERDE SALVATIERRA","","","","",3980.0000,0.0000,0.0000,"DOLARES",20230706
"MIPYME Emprendedor","PROGRAMA EMERGENCIA EMPRESARIAL - MYPES REACTIVADAS - ALTERNATIVA 2",2022,"030-PROINNOVATE-EER2-2022","FORTALECIMIENTO DE LA COMPETITIVIDAD DE EMPRESAS DEL SECTOR TEXTIL CAMÉLIDOS MEDIANTE LA APLICACIÓN DE UN SISTEMA INTEGRADO DE LA GESTIÓN DE SUS PROCESOS",20220324,20230324,"CONSORCIO TEXTIL DE INNOVACION DIGITAL COTEXIND","MIRAFLORES","AREQUIPA","AREQUIPA",040110,132000.0000,0.0000,0.0000,"SOLES",20230706
"MIPYME Emprendedor","PROGRAMA EMERGENCIA EMPRESARIAL - MYPES REACTIVADAS - ALTERNATIVA 1",2022,"032-PROINNOVATE-EER1-2022","IMPLEMENTACIÓN DEL PROGRAMA DE MANTENIMIENTO PRODUCTIVO TOTAL (TPM) COMO SISTEMA DE CONTROL PREVENTIVO DE LA MAQUINARIA UTILIZADA EN LOS PROCESOS DE FABRICACIÓN DE LA EMPRESA PLACACENTRO MERLOS PARA REDUCIR EL NIVEL DE PEDIDOS ENTREGADOS CON RETRASO.",20220216,20230216,"PLACACENTRO MERLOS EMPRESA INDIVIDUAL DE RESPONSABILIDAD LIMITADA","CHANCHAMAYO","CHANCHAMAYO","JUNIN",120301,35000.0000,4466.7000,7200.0000,"SOLES",20230706
"MIPYME Emprendedor","PROGRAMA EMERGENCIA EMPRESARIAL - MYPES REACTIVADAS - ALTERNATIVA 2",2022,"033-PROINNOVATE-EER2-2022","REACTIVACIÓN DE LAS MYPES EN LAS REGIONES HUÁNUCO\, UCAYALI Y SAN MARTÍN\, MEDIANTE EL REDISEÑO DE PLANTA DE PROCESAMIENTO PRIMARIO Y PLANTAS DE TRANSFORMACIÓN EN LAS CADENAS PRODUCTIVAS DE CACAO Y PLÁTANO",20220331,20230331,"CONSORCIO AGROINDUSTRIAL AMAZÓNICA","CASTILLO GRANDE","LEONCIO PRADO","HUANUCO",100608,95850.0000,0.0000,0.0000,"SOLES",20230706
"FINCYT III","Startup Perú PLUG - Atracción de Emprendedores extranjeros",2022,"034-PROINNOVATE-INS-2022","CHARLY SPA",20220603,20230403,"UNIVERSIDAD DEL PACIFICO","JESUS MARIA","LIMA","LIMA",150113,5000.0000,0.0000,0.0000,"DOLARES",20230706
"MIPYME Emprendedor","PROGRAMA EMERGENCIA EMPRESARIAL - MYPES REACTIVADAS - ALTERNATIVA 1",2022,"035-PROINNOVATE-EER1-2022","INNOVACIÓN TECNOLÓGICA PARA EL FORTALECIMIENTO PRODUCTIVO DEL LABORATORIO DE IMPRESIÓN FOTOGRÁFICA DE LA EMPRESA ICÓNICA EN PIURA\, FOTO STUDIO CARRASCO",20220225,20230225,"FOTO STUDIO CARRASCO EMPRESA INDIVIDUAL DE RESPONSABILIDAD LIMITADA - FOTO STUDIO CARRASCO E.I.R.L.","PIURA","PIURA","PIURA",200101,34999.5000,4466.5000,7200.0000,"SOLES",20230706
"MIPYME Emprendedor","PROGRAMA EMERGENCIA EMPRESARIAL - MYPES REACTIVADAS - ALTERNATIVA 1",2022,"036-PROINNOVATE-EER1-2022","RELANZAMIENTO DE LOS PRODUCTOS NATURALES Y ORGÁNICOS\,  A TRAVÉS DEL REDISEÑO DE EMPAQUE E IMPLEMENTACIÓN DE E-COMMERCE.",20220224,20230224,"INDUSTRIA DE GRANOS DEL PERU S.A.C","LURIGANCHO","LIMA","LIMA",150118,35000.0000,4466.6700,7200.0000,"SOLES",20230706
"MIPYME Emprendedor","PROGRAMA EMERGENCIA EMPRESARIAL - MYPES REACTIVADAS - ALTERNATIVA 1",2022,"038-PROINNOVATE-EER1-2022","MEJORA EMPRESARIAL EN MONITOREO DE UNIDADES\, OPTIMIZACIÓN DE HERRAMIENTAS DE MARKETING Y MEJORA DE LA ADMINISTRACIÓN DOCUMENTARIA EN UNA EMPRESA DE TRANSPORTE DE CARGA EN GENERAL\, ALQUILER DE MAQUINARIA Y ESTIBAJE",20220222,20230222,"REVILLA FLORES CARLOS ANTONIO","MARIANO MELGAR","AREQUIPA","AREQUIPA",040109,35000.0000,4466.6700,7200.0000,"SOLES",20230706
"MIPYME Emprendedor","PROGRAMA EMERGENCIA EMPRESARIAL - MYPES REACTIVADAS - ALTERNATIVA 1",2022,"040-PROINNOVATE-EER1-2022","RECONVERSIÓN DE NUESTROS PROCESOS PARA LA REACTIVACIÓN DEL SECTOR CONSTRUCCIÓN",20220307,20230107,"FERNANDEZ CABANILLAS SOLEDAD ISABEL","TRUJILLO","TRUJILLO","LA LIBERTAD",130101,34995.0000,4465.0000,7200.0000,"SOLES",20230706
"MIPYME Emprendedor","PROGRAMA EMERGENCIA EMPRESARIAL - MERCADOS MODERNOS",2022,"041-PROINNOVATE-EEMM-2022","OPTIMIZACIÓN Y APROVECHAMIENTO DEL MANEJO DE RESIDUOS SÓLIDOS DE LA ASOCIACIÓN DE COMERCIANTES MAYORISTAS DE AREQUIPA - ACOMARE",20220503,20230503,"ASOCIACION DE COMERCIANTES MAYORISTAS DE AREQUIPA - ACOMARE","CERRO COLORADO","AREQUIPA","AREQUIPA",040104,29850.0000,3866.0000,6084.0000,"SOLES",20230706
"MIPYME Emprendedor","PROGRAMA EMERGENCIA EMPRESARIAL - MYPES REACTIVADAS - ALTERNATIVA 1",2022,"042-PROINNOVATE-EER1-2022","OPTIMIZACIÓN DE LAS OPERACIONES Y COSTOS DE LA CADENA DE SUMINISTROS\, APLICADOS AL PROCESAMIENTO Y COMERCIALIZACIÓN DE FIBRAS NATURALES Y SINTÉTICAS EN COMERCIAL ALPAQUITA S.R.L",20220324,20230324,"COMERCIAL ALPAQUITA SOCIEDAD COMERCIAL DE RESPONSABILIDAD LIMITADA - COMERCIAL ALPAQUITA S.R.L.","CUSCO","CUSCO","CUSCO",080101,35000.0000,4466.6700,7200.0000,"SOLES",20230706
"MIPYME Emprendedor","PROGRAMA EMERGENCIA EMPRESARIAL - MYPES REACTIVADAS - ALTERNATIVA 1",2022,"043-PROINNOVATE-EER1-2022","DISEÑO DE UN PLAN DE GESTIÓN EN PROMOCIÓN Y DIFUSIÓN ESTRATÉGICA  ORIENTADA A PRODUCTOS PARA FORTALECER EL CAPITAL DE MARCA - LA ORQUÍDEA CON INCIDENCIA A DESARROLLAR ACCESO A NUEVOS MERCADOS POTENCIALES",20220303,20230303,"INDUSTRIAS MAYO S.A.","TARAPOTO","SAN MARTIN","SAN MARTIN",220901,35000.0000,4466.6700,7200.0000,"SOLES",20230706
"FINCYT III","CONCURSO AYUDA A LA DEMANDA DE SERVICIOS TECNOLÓGICOS - MIPYME PRODUCTIVA - CATEGORÍA 2",2022,"044-PROINNOVATE-ADTC2-2022","IMPLEMENTACIÓN Y CERTIFICACIÓN DE UN SISTEMA DE GESTIÓN DE LA CALIDAD BAJO LA NORMA ISO 9001:2015 EN LA EMPRESA HOTELERIA E INVERSIONES LATINO S.A.",20220307,20230606,"HOTELERIA E INVERSIONES LATINO S.A.","PUNO","PUNO","PUNO",210101,52750.0000,0.0000,16250.0000,"SOLES",20230706
"MIPYME Emprendedor","PROGRAMA EMERGENCIA EMPRESARIAL - MIPYMES DE CALIDAD",2022,"045-PROINNOVATE-EEMC-2022","CERTIFICACION DE SISTEMAS DE GESTION DE CALIDAD ISO 9001:2015 EN LA EMPRESA  CENTRO DE COSMIATRIA NUEVO MILENIO SAC.",20220315,20221115,"CENTRO DE COSMIATRIA NUEVO MILENIO SAC","SANTIAGO DE SURCO","LIMA","LIMA",150140,32177.5000,6131.2000,5100.0000,"SOLES",20230706
"MIPYME Emprendedor","PROGRAMA EMERGENCIA EMPRESARIAL - MYPES REACTIVADAS - ALTERNATIVA 2",2022,"047-PROINNOVATE-EER2-2022","TRANSFERENCIA DE CONOCIMIENTOS APLICADOS EN BASE A HERRAMIENTAS PARA LOGRAR LA MEJORA PRODUCTIVA Y COMERCIAL DE LAS EMPRESAS EN LA CIUDAD DEL CUSCO.",20220804,20230804,"INNOVACION SOCIEDAD ANONIMA CERRADA - I S.A.C.","AREQUIPA","AREQUIPA","AREQUIPA",040101,175000.0000,0.0000,0.0000,"SOLES",20230706
"MIPYME Emprendedor","PROGRAMA EMERGENCIA EMPRESARIAL - MYPES REACTIVADAS - ALTERNATIVA 1",2022,"049-PROINNOVATE-EER1-2022","REACTIVACIÓN PRESLA (PLAN E IMPLEMENTACIÓN DE SISTEMA DE EMBUDO DE MARKETING DIGITAL PARA LA ADQUISICIÓN DE NUEVOS CLIENTES DE SERVICIOS DE SOFTWARE EMPRESARIAL ERP)",20220322,20230322,"PRESLA S.A.C.","LA VICTORIA","LIMA","LIMA",150115,35000.0000,4366.6700,7300.0000,"SOLES",20230706
"MIPYME Emprendedor","PROGRAMA EMERGENCIA EMPRESARIAL - MIPYMES DE CALIDAD",2022,"050-PROINNOVATE-EEMC-2022","IMPLEMENTACION Y CERTIFICACION DEL SISTEMA HACCP PARA LA LINEA DE PROCESAMIENTO\, ENVASADO Y DISTRIBUCION DE SNACKS\, DE LA EMPRESA ECOLOGICAL AMAZON FOODS S.A.C.",20220330,20230430,"ECOLOGICAL AMAZON FOODS S.A.C.","IQUITOS","MAYNAS","LORETO",160101,33750.0000,6250.0000,7500.0000,"SOLES",20230706
"MIPYME Emprendedor","PROGRAMA EMERGENCIA EMPRESARIAL - MIPYMES DE CALIDAD",2022,"051-PROINNOVATE-EEMC-2022","IMPLEMENTACIÓN Y CERTIFICACIÓN DEL SISTEMA DE GESTIÓN DE CALIDAD SEGÚN ISO 9001:2015 EN LA EMPRESA ELECTRÓNICA Y ELECTRICIDAD DEL PERÚ S.A.C",20220330,20230330,"ELECTRONICA Y ELECTRICIDAD DEL PERU S.A.C.- ELECPERU S.A.C","COMAS","LIMA","LIMA",150110,30333.0000,5704.2000,5859.0000,"SOLES",20230706
"MIPYME Emprendedor","PROGRAMA EMERGENCIA EMPRESARIAL - MYPES REACTIVADAS - ALTERNATIVA 1",2022,"052-PROINNOVATE-EER1-2022","REACTIVACIÓN DE LA EMPRESA ROSA NEGRA SAC A TRAVÉS DE LA IMPLEMENTACIÓN DE UN PLAN DE MARKETING DIGITAL Y UNA PLATAFORMA E-COMMERCE PARA INCREMENTAR LAS VENTAS DE SERVICIOS Y PRODUCTOS RELACIONADOS",20220418,20230418,"ROSA NEGRA S.A.C.","SAN ISIDRO","LIMA","LIMA",150131,35000.0000,4466.6700,7200.0000,"SOLES",20230706
"MIPYME Emprendedor","PROGRAMA EMERGENCIA EMPRESARIAL - MYPES REACTIVADAS - ALTERNATIVA 1",2022,"054-PROINNOVATE-EER1-2022","MEJORAR Y DIGITALIZAR LOS PROCESOS INTERNOS DE LA EMPRESA\, DESARROLLAR UNA ESTRATEGIA DE MARKETING Y DESARROLLAR UN PLAN ESTRATÉGICO DE FINANZAS CON EL OBJETIVO DE INCREMENTAR LAS VENTAS",20220325,20230325,"HUAMAN CONCEPCION NOE EFRAIN","CALLERIA","CORONEL PORTILLO","UCAYALI",250101,35000.0000,4466.6700,7200.0000,"SOLES",20230706
"MIPYME Emprendedor","PROGRAMA EMERGENCIA EMPRESARIAL - MIPYMES DE CALIDAD",2022,"056-PROINNOVATE-EEMC-2022","IMPLEMENTACIÓN DE UN SISTEMA DE GESTIÓN DE CALIDAD QUE ALCANCE LA CERTIFICACIÓN ISO 9001: 2015 EN LA EMPRESA PREVENCION Y CONTROL AJUSTADORES Y PERITOS DE SEGUROS S.A.C.",20220317,20230417,"PREVENCION Y CONTROL AJUSTADORES Y PERITOS DE SEGUROS S.A.C.","SAN ISIDRO","LIMA","LIMA",150131,35000.0000,4467.0000,7200.0000,"SOLES",20230706
"MIPYME Emprendedor","PROGRAMA EMERGENCIA EMPRESARIAL - MIPYMES DE CALIDAD",2022,"057-PROINNOVATE-EEMC-2022","IMPLEMENTACIÓN Y CERTIFICACIÓN DE UN SISTEMA DE GESTIÓN DE CALIDAD BAJO LA NORMA ISO 9001 EN SU VERSIÓN 2015 EN LA EMPRESA LABORATORIO ANATOMOPATOLOGICO BIOLABC S.A.C.",20220325,20230425,"LABORATORIO ANATOMOPATOLOGICO BIOLABC S.A.C.","MAGDALENA DEL MAR","LIMA","LIMA",150120,31875.0000,3425.0000,7200.0000,"SOLES",20230706
"MIPYME Emprendedor","PROGRAMA EMERGENCIA EMPRESARIAL - MIPYMES DE CALIDAD",2022,"058-PROINNOVATE-EEMC-2022","\"MEJORA DE PRODUCTIVIDAD Y GESTIÓN DE CALIDAD EN BASE A LA IMPLEMENTACIÓN Y LOGRO DE CERTIFICACIÓN DE LA ISO 9001:2015 EN LA COOPERATIVA AGRARIA CAFETALERA ALTO URUBAMBA LTDA N°239.",20220401,20230501,"COOPERATIVA AGRARIA CAFETALERA ALTO URUBAMBA LTDA N° 239","SANTA ANA","LA CONVENCION","CUSCO",080901,35000.0000,7266.6700,4400.0000,"SOLES",20230706
"FINCYT III","CONCURSO AYUDA A LA DEMANDA DE SERVICIOS TECNOLÓGICOS - MIPYME PRODUCTIVA - CATEGORÍA 2",2022,"059-PROINNOVATE-ADTC2-2022"," IMPLEMENTACIÓN Y CERTIFICACIÓN DEL SISTEMA INTEGRADO DE GESTIÓN DE MEDIO AMBIENTE Y SEGURIDAD Y SALUD EN EL TRABAJO EN BASE A LAS NORMAS ISO 14001 E ISO 45001 PARA LA EMPRESA SEALMIN S.A.C",20220401,20230730,"SEALMIN S.A.C.","JULIACA","SAN ROMAN","PUNO",211101,54200.0000,0.0000,16400.0000,"SOLES",20230706
"FINCYT III","CONCURSO AYUDA A LA DEMANDA DE SERVICIOS TECNOLÓGICOS - MIPYME PRODUCTIVA - CATEGORÍA 1",2022,"061-PROINNOVATE-ADTC1-2022","DETERMINACIÓN DE TECNOLOGÍAS APLICABLES AL CONTROL\, PRODUCCIÓN Y PLANEACIÓN EN LA EMPRESA FERRETERIA DEL NORTE E.R.L.",20220328,20221028,"FERRETERIAS DEL NORTE E.I.R.L","CERRO COLORADO","AREQUIPA","AREQUIPA",040104,55000.0000,0.0000,16666.6700,"SOLES",20230706
"MIPYME Emprendedor","PROGRAMA EMERGENCIA EMPRESARIAL - MYPES REACTIVADAS - ALTERNATIVA 1",2022,"064-PROINNOVATE-EER1-2022","OPTIMIZACIÓN DE LOS PROCESOS PRODUCTIVOS Y FORTALECIMIENTO DE LOS PROCESOS COMERCIALES A TRAVÉS DE LA IMPLEMENTACIÓN DE SERVICIOS TECNOLÓGICOS EN LA EMPRESA CALZADOS AMERICA LEATHER.",20220406,20230406,"ROMAN TRUJILLO RITA MATILDE","EL PORVENIR","SAN MARTIN","SAN MARTIN",220906,32499.0000,3633.0000,7200.0000,"SOLES",20230706
"MIPYME Emprendedor","PROGRAMA EMERGENCIA EMPRESARIAL - MIPYMES DE CALIDAD",2022,"065-PROINNOVATE-EEMC-2022","GARANTIZAR LA CALIDAD Y LA INOCUIDAD ALIMENTARIA EN LA PRODUCCIÓN\, FABRICACIÓN Y COMERCIALIZACIÓN DE PRODUCTOS DERIVADOS DEL CACAO\, IMPLEMENTANDO LA NORMATIVA - HACCP; PARA MEJORAR LOS PROCESOS Y GESTIÓN INTEGRAL DE LA EMPRESA.",20220331,20230430,"FAGE PERU.S.A.C.","PIURA","PIURA","PIURA",200101,35000.0000,4466.6700,7200.0000,"SOLES",20230706
"MIPYME Emprendedor","PROGRAMA DE APOYO A LA INTERNACIONALIZACIÓN MODALIDAD III - CONSOLIDACIÓN DE LA ACTIVIDAD EXPORTADORA",2022,"066-PROINNOVATE-PAIM3-2022","CAPSICUMS PERUANOS CONQUISTANDO EL MERCADO ESPAÑOL",20220502,20231002,"NOVAL COMPANY S.A.C.","EL AGUSTINO","LIMA","LIMA",150111,150000.0000,37500.0000,0.0000,"SOLES",20230706
"FINCYT III","CONCURSO AYUDA A LA DEMANDA DE SERVICIOS TECNOLÓGICOS - MIPYME PRODUCTIVA - CATEGORÍA 2",2022,"067-PROINNOVATE-ADTC2-2022","PROYECTO DE IMPLEMENTACIÓN Y CERTIFICACIÓN DEL SISTEMA DE GESTIÓN DE SEGURIDAD SEGÚN LA NORMA ISO 45001 2018 Y SISTEMA DE GESTIÓN AMBIENTAL SEGÚN LA NORMA ISO 14001 2015 EN LA EMPRESA SERVICIOS MEDICOS GLOBALES S.A.C.",20220418,20230518,"SERVICIOS MEDICOS GLOBALES S.A.C.","JOSE LUIS BUSTAMANTE Y RIVERO","AREQUIPA","AREQUIPA",040129,55000.0000,0.0000,16666.6700,"SOLES",20230706
"FINCYT III","CONCURSO AYUDA A LA DEMANDA DE SERVICIOS TECNOLÓGICOS - MIPYME PRODUCTIVA - CATEGORÍA 1",2022,"069-PROINNOVATE-ADTC1-2022","MEJORA Y CONTROL DE LOS PROCESOS DE COMPRA DE INGREDIENTES\, COCINA Y ATENCIÓN AL COMENSAL EN LA EMPRESA CHEF PERUVIAN",20220407,20230306,"CHEF PERUVIAN NEGOCIOS ALIMENTICIOS E.I.R.L","RUPA-RUPA","LEONCIO PRADO","HUANUCO",100601,54999.8000,0.0000,16666.6000,"SOLES",20230706
"FINCYT III","CONCURSO AYUDA A LA DEMANDA DE SERVICIOS TECNOLÓGICOS - MIPYME PRODUCTIVA - CATEGORÍA 2",2022,"071-PROINNOVATE-ADTC2-2022","IMPLEMENTACION Y CERTIFICACIÓN EN ISO 9001:2015 E ISO 45001:2018 EN LA EMPRESA PREVISUR SAFETY & TRAINING SOCIEDAD COMERCIAL DE RESP. LIMITADA - PREVISUR SAFETY & TRAINING S.R.L.",20220407,20230507,"PREVISUR SAFETY & TRAINING SOCIEDAD COMERCIAL DE RESP. LIMITADA - PREVISUR SAFETY & TRAINING S.R.L.","SACHACA","AREQUIPA","AREQUIPA",040117,55000.0000,0.0000,16666.6667,"SOLES",20230706
"FINCYT III","PROYECTOS DE INNOVACIÓN EMPRESARIAL",2022,"073-PROINNOVATE-PIEC1-2022","DESARROLLO DE UN SISTEMA DE INDUCCIÓN FISIOLÓGICA Y NUTRICIONAL PARA UNIFORMIZAR LA MADURACIÓN\, INCREMENTAR EL CONTENIDO DE MATERIA SECA Y SOSTENER LA CALIDAD EN LOS GRANOS DE CAFÉS ESPECIALES DE LAS VARIEDADES CATURRA Y CATIMOR\, EN JAÉN - CAJAMARCA",20220510,20231010,"ASOCIACION DE CAFICULTORES PALMAS DEL PARAMO","CHONTALI","JAEN","CAJAMARCA",060803,297743.2400,39866.7600,38160.0000,"SOLES",20230706
"MIPYME Emprendedor","PROGRAMA EMERGENCIA EMPRESARIAL - MERCADOS MODERNOS",2022,"074-PROINNOVATE-EEMM-2022","GESTIÓN SOSTENIBLE DE LOS RESIDUOS SOLIDOS PRODUCIDOS POR EL MERCADO DE ABASTOS SAN MARTIN DE PORRES EN LA CIUDAD DE AREQUIPA.",20220503,20230503,"ASOCIACION MERCADO ZONAL SAN MARTIN DE PORRES-HUNTER-SOCABAYA","JACOBO HUNTER","AREQUIPA","AREQUIPA",040107,30000.0000,3880.0000,6120.0000,"SOLES",20230706
"MIPYME Emprendedor","PROGRAMA DE APOYO A LA INTERNACIONALIZACIÓN MODALIDAD III - CONSOLIDACIÓN DE LA ACTIVIDAD EXPORTADORA",2022,"076-PROINNOVATE-PAIM3-2022","CONSOLIDACIÓN DE MILHUA EN AUSTRIA",20220506,20231106,"SURITEX SOCIEDAD ANONIMA CERRADA","SANTIAGO DE SURCO","LIMA","LIMA",150140,147500.0000,40000.0000,0.0000,"SOLES",20230706
"MIPYME Emprendedor","PROGRAMA DE APOYO A LA INTERNACIONALIZACIÓN MODALIDAD II - POTENCIAMIENTO DE LAS EXPORTACIONES",2022,"077-PROINNOVATE-PAIM2-2022","INTERNACIONALIZACIÓN DEL ACEITE DE KIWICHA DESDE CUSCO AL MERCADO DE ESTADOS UNIDOS",20220601,20231201,"CUSCO MARA EMPRESA INDIVIDUAL DE RESPONSABILIDAD LIMITADA","WANCHAQ","CUSCO","CUSCO",080108,89999.0000,10289.0000,0.0000,"SOLES",20230706
"MIPYME Emprendedor","PROGRAMA DE APOYO A LA INTERNACIONALIZACIÓN MODALIDAD III - CONSOLIDACIÓN DE LA ACTIVIDAD EXPORTADORA",2022,"078-PROINNOVATE-PAIM3-2022","PLAN DE  INTERNACIONALIZACIÓN DE CONSERVAS  DE VEGETALES Y FRUTAS DE VALLE FÉRTIL SAC AL MERCADO BRASILERO",20220509,20231109,"VALLE FERTIL S.A.C.","MAGDALENA DEL MAR","LIMA","LIMA",150120,150000.0000,37500.0000,0.0000,"SOLES",20230706
"MIPYME Emprendedor","PROGRAMA DE APOYO A LA INTERNACIONALIZACIÓN MODALIDAD I - EMPRENDEDOR EXPORTADOR",2022,"079-PROINNOVATE-PAIM1-2022","PLAN DE INTERNACIONALIZACIÓN DE LIMÓN PERUANO FRESCO AL MERCADO CHILENO ",20220506,20231006,"LIMAGRO S.A.","MIRAFLORES","LIMA","LIMA",150122,69933.0000,8337.0000,0.0000,"SOLES",20230706
"MIPYME Emprendedor","PROGRAMA DE APOYO A LA INTERNACIONALIZACIÓN MODALIDAD II - POTENCIAMIENTO DE LAS EXPORTACIONES",2022,"080-PROINNOVATE-PAIM2-2022","EXPORTACIÓN DE EQUIPOS Y SISTEMAS DE LIMPIEZA Y DESINFECCIÓN CON LUZ ULTRAVIOLETA Y OZONO A CHILE",20220714,20240114,"TECNOFOOD S.A.C.","CHORRILLOS","LIMA","LIMA",150108,89990.0000,10010.0000,0.0000,"SOLES",20230706
"MIPYME Emprendedor","PROGRAMA DE APOYO A LA INTERNACIONALIZACIÓN MODALIDAD I - EMPRENDEDOR EXPORTADOR",2022,"081-PROINNOVATE-PAIM1-2022","INMERSIÓN DE BIO NATURAL SOLUTIONS AL MERCADO MEXICANO CON SOLUCIONES DE CONSERVACIÓN PARA FRUTAS ",20220615,20231115,"BIO NATURAL SOLUTIONS S.A.C.","MIRAFLORES","LIMA","LIMA",150122,70000.0000,7777.7700,0.0000,"SOLES",20230706
"MIPYME Emprendedor","PROGRAMA DE APOYO A LA INTERNACIONALIZACIÓN MODALIDAD I - EMPRENDEDOR EXPORTADOR",2022,"082-PROINNOVATE-PAIM1-2022","PLAN DE  INTERNACIONALIZACIÓN DE FERTILIZANTES ORGÁNICOS \"FOSAC\" AL MERCADO DE PANAMÁ",20220502,20231102,"FERTILIZANTES ORGANICOS S.A.C.","PUEBLO LIBRE","LIMA","LIMA",150121,60210.0000,6690.0000,0.0000,"SOLES",20230706
"MIPYME Emprendedor","PROGRAMA DE APOYO A LA INTERNACIONALIZACIÓN MODALIDAD IV - IMPLANTACIÓN COMERCIAL",2022,"083-PROINNOVATE-PAIM4-2022","IMPLANTACION COMERCIAL DE ESQUISA EN ECUADOR",20220519,20231219,"ESENCIAS QUIMICAS S A C","LIMA","LIMA","LIMA",150101,293500.0000,131300.0000,0.0000,"SOLES",20230706
"MIPYME Emprendedor","PROGRAMA DE APOYO A LA INTERNACIONALIZACIÓN MODALIDAD III - CONSOLIDACIÓN DE LA ACTIVIDAD EXPORTADORA",2022,"084-PROINNOVATE-PAIM3-2022","INGRESO AL MERCADO SALVADOREÑO CON RACORES PARA EL SECTOR AUTOMOTRIZ",20220512,20231112,"EMPRESA METAL MECANICA S A EMEMSA","LURIN","LIMA","LIMA",150119,150000.0000,37500.0000,0.0000,"SOLES",20230706
"MIPYME Emprendedor","PROGRAMA DE APOYO A LA INTERNACIONALIZACIÓN MODALIDAD I - EMPRENDEDOR EXPORTADOR",2022,"085-PROINNOVATE-PAIM1-2022","EXPORTACIÓN DE CAFÉ ESPECIAL ORGÁNICO AL MERCADO DE ALEMANIA DE LA CAC SHANKIVIRONI",20220523,20231123,"COOPERATIVA AGRARIA CAFETALERA SHANKIVIRONI","PICHANAQUI","CHANCHAMAYO","JUNIN",120303,70000.0000,7777.7700,0.0000,"SOLES",20230706
"MIPYME Emprendedor","PROGRAMA DE APOYO A LA INTERNACIONALIZACIÓN MODALIDAD III - CONSOLIDACIÓN DE LA ACTIVIDAD EXPORTADORA",2022,"086-PROINNOVATE-PAIM3-2022","APERTURA Y CONSOLIDACIÓN DEL MERCADO CANADIENSE PARA LA EXPORTACIÓN DE HARINA PROTEICA DE SACHA INCHIK ORGÁNICO.",20220426,20231026,"SHANANTINA S.A.C.","LAMAS","LAMAS","SAN MARTIN",220501,138000.0000,36000.0000,0.0000,"SOLES",20230706
"MIPYME Emprendedor","PROGRAMA DE APOYO A LA INTERNACIONALIZACIÓN MODALIDAD III - CONSOLIDACIÓN DE LA ACTIVIDAD EXPORTADORA",2022,"087-PROINNOVATE-PAIM3-2022","CAFÉ CERTIFICADO PARA EL MERCADO JAPONÉS",20220506,20231106,"PROAS S.A","CHICLAYO","CHICLAYO","LAMBAYEQUE",140101,150000.0000,37500.0000,0.0000,"SOLES",20230706
"MIPYME Emprendedor","PROGRAMA DE APOYO A LA INTERNACIONALIZACIÓN MODALIDAD I - EMPRENDEDOR EXPORTADOR",2022,"088-PROINNOVATE-PAIM1-2022","EXPORTACIÓN DE JOYERÍA FINA ÉTICA A ESPAÑA",20220506,20231106,"IMELDA DE VALERY EIRL","SAN ISIDRO","LIMA","LIMA",150131,68909.0000,7744.0000,0.0000,"SOLES",20230706
"MIPYME Emprendedor","PROGRAMA DE APOYO A LA INTERNACIONALIZACIÓN MODALIDAD II - POTENCIAMIENTO DE LAS EXPORTACIONES",2022,"089-PROINNOVATE-PAIM2-2022","EXPORTACIÓN DE SERVICIOS DE DISEÑO AL MERCADO NORTEAMERICANO",20220518,20231118,"ABAI MEDIA S.A.C.","MIRAFLORES","LIMA","LIMA",150122,86090.0000,22000.0000,0.0000,"SOLES",20230706
"MIPYME Emprendedor","PROGRAMA DE APOYO A LA INTERNACIONALIZACIÓN MODALIDAD III - CONSOLIDACIÓN DE LA ACTIVIDAD EXPORTADORA",2022,"090-PROINNOVATE-PAIM3-2022","¡CONQUISTANDO LA VISIÓN DE MÉXICO! ",20220510,20230810,"LABORATORIOS LANSIER S.A.C.","BREÑA","LIMA","LIMA",150105,120000.0000,30000.0000,0.0000,"SOLES",20230706
"MIPYME Emprendedor","PROGRAMA DE APOYO A LA INTERNACIONALIZACIÓN MODALIDAD III - CONSOLIDACIÓN DE LA ACTIVIDAD EXPORTADORA",2022,"091-PROINNOVATE-PAIM3-2022","COMERCIALIZACIÓN DE QUINUA Y DERIVADOS HACIA EL MERCADO DE INGLATERRA",20220509,20231009,"COLOREXA SOCIEDAD ANONIMA CERRADA","PUENTE PIEDRA","LIMA","LIMA",150125,120000.0000,30000.0000,0.0000,"SOLES",20230706
"MIPYME Emprendedor","PROGRAMA DE APOYO A LA INTERNACIONALIZACIÓN MODALIDAD I - EMPRENDEDOR EXPORTADOR",2022,"092-PROINNOVATE-PAIM1-2022","EXPORTAR ACEITES ORGÁNICOS RETAIL AL MERCADO COLOMBIANO",20220518,20231118,"NATURAL BRANDS FOOD S.A.C.","ATE","LIMA","LIMA",150103,70000.0000,7900.0000,0.0000,"SOLES",20230706
"MIPYME Emprendedor","PROGRAMA DE APOYO A LA INTERNACIONALIZACIÓN MODALIDAD III - CONSOLIDACIÓN DE LA ACTIVIDAD EXPORTADORA",2022,"093-PROINNOVATE-PAIM3-2022","EXPORTACIÓN DE ACEITE DE SACHA INCHI AL MERCADO DE TAIWÁN",20220504,20230903,"FLO TRADING S.A.C.","SAN ISIDRO","LIMA","LIMA",150131,150000.0000,37500.0000,0.0000,"SOLES",20230706
"MIPYME Emprendedor","PROGRAMA DE APOYO A LA INTERNACIONALIZACIÓN MODALIDAD I - EMPRENDEDOR EXPORTADOR",2022,"094-PROINNOVATE-PAIM1-2022","EXPORTACIÓN DE PATÉ DE ACEITUNA CON QUINUA NEGRA EN ACEITE DE OLIVA AL MERCADO AUSTRIACO.",20220509,20231109,"ALMAZARA FUNDO VERDE S.A.C.","JAQUI","CARAVELI","AREQUIPA",040310,60408.0000,6712.0000,0.0000,"SOLES",20230706
"MIPYME Emprendedor","PROGRAMA DE APOYO A LA INTERNACIONALIZACIÓN MODALIDAD III - CONSOLIDACIÓN DE LA ACTIVIDAD EXPORTADORA",2022,"095-PROINNOVATE-PAIM3-2022","CONSOLIDACIÓN DE  EXPORTACIONES DE SOLUCIONES DE EMPAQUE EN CARTÓN PARA EL MERCADO CHILENO ",20220524,20231024,"CARTONERIA Y ENVASES  PIURA S.A.C.","LOS OLIVOS","LIMA","LIMA",150117,149200.0000,37300.0000,0.0000,"SOLES",20230706
"MIPYME Emprendedor","PROGRAMA DE APOYO A LA INTERNACIONALIZACIÓN MODALIDAD III - CONSOLIDACIÓN DE LA ACTIVIDAD EXPORTADORA",2022,"096-PROINNOVATE-PAIM3-2022","\"SUMAQ QARA S.A.C\" BORDANDO UN CAMINO DE OPORTUNIDADES PARA CONSOLIDARSE EN EL MERCADO CANADIENSE",20220506,20231106,"SUMAQ QARA S.A.C.","AYACUCHO","HUAMANGA","AYACUCHO",050101,150000.0000,37500.0000,0.0000,"SOLES",20230706
"MIPYME Emprendedor","PROGRAMA DE APOYO A LA INTERNACIONALIZACIÓN MODALIDAD IV - IMPLANTACIÓN COMERCIAL",2022,"097-PROINNOVATE-PAIM4-2022","CAMINO A LA EXPANSIÓN E IMPLANTANCIÓN EN MÉXICO",20230714,20241114,"CENTRO TOXICOLOGICO S.A.C.","SAN ISIDRO","HUAYTARA","HUANCAVELICA",090612,293900.0000,134528.5700,0.0000,"SOLES",20230706
"MIPYME Emprendedor","PROGRAMA DE APOYO A LA INTERNACIONALIZACIÓN MODALIDAD III - CONSOLIDACIÓN DE LA ACTIVIDAD EXPORTADORA",2022,"098-PROINNOVATE-PAIM3-2022","CONSOLIDAR EL POSICIONAMIENTO DE TECH TRADE COMO PROVEEDOR DE PARTES\, PIEZAS Y EQUIPOS PARA LA INDUSTRIA PAPELERA EN IBEROAMÉRICA\, INGRESANDO  AL MERCADO URUGUAYO",20220427,20230927,"TECH TRADE S.A.C.","CHORRILLOS","LIMA","LIMA",150108,150000.0000,37500.0000,0.0000,"SOLES",20230706
"MIPYME Emprendedor","PROGRAMA DE APOYO A LA INTERNACIONALIZACIÓN MODALIDAD IV - IMPLANTACIÓN COMERCIAL",2022,"099-PROINNOVATE-PAIM4-2022","MACA\, CONQUISTANDO EL MERCADO AMERICANO",20220509,20231209,"CPX PERU S.A.C.","SURQUILLO","LIMA","LIMA",150141,294500.0000,134071.0000,0.0000,"SOLES",20230706
"MIPYME Emprendedor","PROGRAMA DE APOYO A LA INTERNACIONALIZACIÓN MODALIDAD III - CONSOLIDACIÓN DE LA ACTIVIDAD EXPORTADORA",2022,"100-PROINNOVATE-PAIM3-2022","PLAN DE INTERNACIONALIZACIÓN PARA LA CONSOLIDACIÓN DE NUESTRAS EXPORTACIONES EN EL MERCADO DE REINO UNIDO A TRAVÉS DE NUESTRAS MARCAS DE ROPA DE BEBÉS LYDABABY Y COTON POMPOM.",20220425,20230824,"VERANA S.A.C.","MIRAFLORES","LIMA","LIMA",150122,149600.0000,37400.0000,0.0000,"SOLES",20230706
"MIPYME Emprendedor","PROGRAMA DE APOYO A LA INTERNACIONALIZACIÓN MODALIDAD III - CONSOLIDACIÓN DE LA ACTIVIDAD EXPORTADORA",2022,"102-PROINNOVATE-PAIM3-2022","CONSOLIDACIÓN DE EXPORTACIONES AL MERCADO ALEMÁN DE PRENDAS DE ALPACA",20220506,20231106,"ESPACIO CONCEPTO MODA E.I.R.L.","BARRANCO","LIMA","LIMA",150104,150000.0000,37500.0000,0.0000,"SOLES",20230706
"MIPYME Emprendedor","PROGRAMA DE APOYO A LA INTERNACIONALIZACIÓN MODALIDAD IV - IMPLANTACIÓN COMERCIAL",2022,"103-PROINNOVATE-PAIM4-2022","EXPORTACION DE EMPAQUES DE PAPEL\, CARTON Y FLEXIBLES PARA LA INDUSTRIA ALIMENTARIA DE BOLIVIA",20220504,20231204,"CONTOMETROS ESPECIALES SOCIEDAD ANONIMA CERRADA-COESSAC","LOS OLIVOS","LIMA","LIMA",150117,279790.0000,119910.0000,0.0000,"SOLES",20230706
"MIPYME Emprendedor","PROGRAMA DE APOYO A LA INTERNACIONALIZACIÓN MODALIDAD IV - IMPLANTACIÓN COMERCIAL",2022,"104-PROINNOVATE-PAIM4-2022","CONSOLIDAR NUESTRA POSICIÓN EXPORTADORA DE SUTURAS QUIRÚRGICAS EN REPUBLICA DOMINICANA",20220502,20231202,"UNILENE S.A.C.","","","","",299357.0000,128500.0000,0.0000,"SOLES",20230706
"MIPYME Emprendedor","PROGRAMA DE APOYO A LA INTERNACIONALIZACIÓN MODALIDAD I - EMPRENDEDOR EXPORTADOR",2022,"105-PROINNOVATE-PAIM1-2022","COMERCIALIZAR EL SERVICIO DE AUDITORÍA A LAS PEQUEÑAS Y MEDIANAS EMPRESAS DEL SECTOR DE CONSTRUCCIÓN EN EL PAÍS DE ECUADOR.",20220509,20231109,"IQC PERU S.A.C.","SAN ISIDRO","HUAYTARA","HUANCAVELICA",090612,53460.0000,5940.0000,0.0000,"SOLES",20230706
"MIPYME Emprendedor","PROGRAMA DE APOYO A LA INTERNACIONALIZACIÓN MODALIDAD II - POTENCIAMIENTO DE LAS EXPORTACIONES",2022,"106-PROINNOVATE-PAIM2-2022","EXPORTACIÓN DE ACEITUNA NATURAL CON DESTINO A EEUU.",20220523,20231123,"COTRINA EXPORTS EMPRESA INDIVIDUAL DE RESPONSABILIDAD LIMITADA - COTRINA EXPORTS E.I.R.L.","TACNA","TACNA","TACNA",230101,84550.0000,10500.0000,0.0000,"SOLES",20230706
"MIPYME Emprendedor","PROGRAMA DE APOYO A LA INTERNACIONALIZACIÓN MODALIDAD II - POTENCIAMIENTO DE LAS EXPORTACIONES",2022,"107-PROINNOVATE-PAIM2-2022","EXPORTACIÓN DE ACEITE DE OLIVA MONTEFIORI AL MERCADO BRASILERO",20220512,20230812,"AGROINDUSTRIAS DEL SUR S.A.","TACNA","TACNA","TACNA",230101,81000.0000,9000.0000,0.0000,"SOLES",20230706
"MIPYME Emprendedor","PROGRAMA DE APOYO A LA INTERNACIONALIZACIÓN MODALIDAD III - CONSOLIDACIÓN DE LA ACTIVIDAD EXPORTADORA",2022,"108-PROINNOVATE-PAIM3-2022","FORTALECIMIENTO DE LAS EXPORTACIONES DE CAFÉS NATURALES CERTIFICADOS FTO HACIA EL MERCADO AUSTRALIANO.",20220509,20230809,"FAICAL COFFEE S.A.C.","SAN IGNACIO","SAN IGNACIO","CAJAMARCA",060901,145000.0000,37000.0000,0.0000,"SOLES",20230706
"MIPYME Emprendedor","PROGRAMA DE APOYO A LA INTERNACIONALIZACIÓN MODALIDAD IV - IMPLANTACIÓN COMERCIAL",2022,"109-PROINNOVATE-PAIM4-2022","IMPLANTACIÓN COMERCIAL DE PLAN B EN MÉXICO ",20220509,20231209,"PLAN B S.A.C.","MIRAFLORES","LIMA","LIMA",150122,274050.0000,117450.0000,0.0000,"SOLES",20230706
"MIPYME Emprendedor","PROGRAMA DE APOYO A LA INTERNACIONALIZACIÓN MODALIDAD I - EMPRENDEDOR EXPORTADOR",2022,"110-PROINNOVATE-PAIM1-2022","CHOCOLATE PARA DIABÉTICOS ORGÁNICO CON 55% DE CACAO Y SIN AZÚCAR PARA EL MERCADO DE ESTADOS UNIDOS",20220525,20231125,"CHOCOLATES GURE S.A.C.","CALLAO","PROV. CONST. DEL CALLAO","CALLAO",070101,69426.0000,7714.0000,0.0000,"SOLES",20230706
"MIPYME Emprendedor","PROGRAMA DE APOYO A LA INTERNACIONALIZACIÓN MODALIDAD I - EMPRENDEDOR EXPORTADOR",2022,"112-PROINNOVATE-PAIM1-2022","ALFOMBRAS DE TEJIDO PLANO DE LANA DE OVEJA Y FIBRA ALPACA PARA LA EXPORTACIÓN AL MERCADO DE CANADÁ.",20220523,20231123,"ALUMINIOS CONTEMPORANEOS S.A.C. - ALUCON S.A.C.","SURQUILLO","LIMA","LIMA",150141,60195.0000,7045.0000,0.0000,"SOLES",20230706
"MIPYME Emprendedor","PROGRAMA DE APOYO A LA INTERNACIONALIZACIÓN MODALIDAD III - CONSOLIDACIÓN DE LA ACTIVIDAD EXPORTADORA",2022,"113-PROINNOVATE-PAIM3-2022","CONSOLIDACIÓN EXPORTADORA DE DPERU TEXTIL EN CANADÁ DE MANTAS DE ALPACA",20220502,20231002,"D'PERU TEXTIL SAC","SAN JUAN DE LURIGANCHO","LIMA","LIMA",150132,150000.0000,37500.0000,0.0000,"SOLES",20230706
"MIPYME Emprendedor","PROGRAMA EMERGENCIA EMPRESARIAL - MYPES REACTIVADAS - ALTERNATIVA 2",2022,"116-PROINNOVATE-EER2-2022","\"IMPLEMENTACIÓN DE HERRAMIENTAS TÉCNICAS Y DESARROLLO DE CANALES DE COMERCIO DIGITAL QUE CONTRIBUYAN A LA EXPANSIÓN EN EL MERCADO NACIONAL E INTERNACIONAL Y A LA REACTIVACIÓN ECONÓMICA DE LAS FÁBRICAS DE CALZADO QUE CONFORMAN EL CONSORCIO JUNED DE AREQUIPA\"",20220525,20230525,"CONSORCIO JUNED DE AREQUIPA","CERRO COLORADO","AREQUIPA","AREQUIPA",040104,101250.0000,0.0000,0.0000,"SOLES",20230706
"MIPYME Emprendedor","PROGRAMA DE APOYO A LA INTERNACIONALIZACIÓN MODALIDAD III - CONSOLIDACIÓN DE LA ACTIVIDAD EXPORTADORA",2022,"118-PROINNOVATE-PAIM3-2022","GRUPO UH CONQUISTANDO EL MERCADO DE JOYERIA ESTADOUNIDENSE",20220512,20230910,"GRUPO UH S.A.","MIRAFLORES","LIMA","LIMA",150122,140800.0000,46700.0000,0.0000,"SOLES",20230706
"MIPYME Emprendedor","PROGRAMA DE APOYO A LA INTERNACIONALIZACIÓN MODALIDAD III - CONSOLIDACIÓN DE LA ACTIVIDAD EXPORTADORA",2022,"121-PROINNOVATE-PAIM3-2022","CONSOLIDACIÓN DE LA MARCA TUN TUN EN REINO UNIDO",20220503,20231103,"ADOMA S.A.C.","SANTIAGO DE SURCO","LIMA","LIMA",150140,137000.0000,36000.0000,0.0000,"SOLES",20230706
"MIPYME Emprendedor","PROGRAMA DE APOYO A LA INTERNACIONALIZACIÓN MODALIDAD II - POTENCIAMIENTO DE LAS EXPORTACIONES",2022,"122-PROINNOVATE-PAIM2-2022","EXPORTACIÓN DE MANGO KENT ORGÁNICO DESHIDRATADO DE LA EMPRESA CRUZ CAMPO AL MERCADO DE CANADÁ",20220509,20231109,"CRUZ CAMPO PERU S.A.C.","SAN MARTIN DE PORRES","LIMA","LIMA",150135,89910.0000,9990.0000,0.0000,"SOLES",20230706
"MIPYME Emprendedor","PROGRAMA DE APOYO A LA INTERNACIONALIZACIÓN MODALIDAD IV - IMPLANTACIÓN COMERCIAL",2022,"123-PROINNOVATE-PAIM4-2022","INDUSTRIAS ALIMENTICIAS CUSCO S.A. ATESTIGUA INTENSIFICACIÓN DE EXPORTACIONES DE GALLETAS DE QUINUA EN ESTADOS UNIDOS.",20220504,20231204,"INDUSTRIAS ALIMENTICIAS CUSCO S.A.","SAN LUIS","LIMA","LIMA",150134,299950.0000,128550.0000,0.0000,"SOLES",20230706
"MIPYME Emprendedor","PROGRAMA DE APOYO A LA INTERNACIONALIZACIÓN MODALIDAD III - CONSOLIDACIÓN DE LA ACTIVIDAD EXPORTADORA",2022,"125-PROINNOVATE-PAIM3-2022","INTERNACIONALIZACIÓN DEL SERVICIO DE CONSULTORÍA: DIAGNÓSTICO ONLINE DE MARKETING ESTRATÉGICO - AUDITORÍA COMERCIAL 360 EN EL MERCADO COLOMBIANO DE PYMES Y DE INNOVACIÓN TECNOLÓGICA\, EN PARTICULAR EN LAS CIUDADES COLOMBIANAS DE BOGOTÁ\, MEDELLÍN Y CALI.",20230202,20240802,"MERCADEANDO SOCIEDAD ANONIMA","MIRAFLORES","LIMA","LIMA",150122,149960.0000,37490.0000,0.0000,"SOLES",20230706
"MIPYME Emprendedor","PROGRAMA DE APOYO A LA INTERNACIONALIZACIÓN MODALIDAD II - POTENCIAMIENTO DE LAS EXPORTACIONES",2022,"127-PROINNOVATE-PAIM2-2022","POTENCIAMIENTO DE EXPORTACIONES PARA ESTADOS UNIDOS DE NORTEAMERICA DE PRODUCTOS ALIMENTICIOS VEGANOS DE  LA EMPRESA FRIGORIFICOS KOBEFOODS SAC",20220530,20231130,"FRIGORIFICOS KOBEFOOD SOCIEDAD ANONIMA CERRADA - FRIGORIFICOS KOBEFOOD S.A.C.","TACNA","TACNA","TACNA",230101,89992.0000,10008.0000,0.0000,"SOLES",20230706
"MIPYME Emprendedor","PROGRAMA EMERGENCIA EMPRESARIAL - MERCADOS MODERNOS",2022,"129-PROINNOVATE-EEMM-2022","MEJORAMIENTO DEL MANEJO Y DISPOSICION DE LOS RESIDUOS SÓLIDOS DEL MERCADO  08 DE SETIEMBRE -  PUYANGO",20220907,20230807,"ASOCIACION DE COMERCIANTES DEL MERCADO 8 DE SETIEMBRE","TUMBES","TUMBES","TUMBES",240101,22500.0000,3000.0000,4500.0000,"SOLES",20230706
"MIPYME Emprendedor","PROGRAMA DE APOYO A LA INTERNACIONALIZACIÓN MODALIDAD III - CONSOLIDACIÓN DE LA ACTIVIDAD EXPORTADORA",2022,"130-PROINNOVATE-PAIM3-2022","CONSOLIDACIÓN DE LAS EXPORTACIONES DE FRUTA DESHIDRATADA ORGÁNICA\, (ESPECÍFICAMENTE EL MIX TROPICAL QUE INCLUYE BANANO\, PIÑA GOLDEN\, MANGO Y AGUAYMANTO) HACIA EL MERCADO DE ESTADOS UNIDOS",20220524,20231124,"GREENBOX SOCIEDAD ANONIMA CERRADA - GREENBOX S.A.C.","ACOBAMBA","TARMA","JUNIN",120702,150000.0000,37500.0000,0.0000,"SOLES",20230706
"MIPYME Emprendedor","PROGRAMA EMERGENCIA EMPRESARIAL - MERCADOS MODERNOS",2022,"131-PROINNOVATE-EEMM-2022","MEJORAMIENTO DEL SISTEMA DE FRIO DEL MERCADO 08 DE SETIEMBRE DEL CENTRO POBLADO ANDRES ARAUJO MORAN\, DISTRITO Y PROVINCIA DE TUMBES",20220428,20230328,"ASOCIACION DE COMERCIANTES DEL MERCADO 8 DE SETIEMBRE","TUMBES","TUMBES","TUMBES",240101,60000.0000,6500.0000,13500.0000,"SOLES",20230706
"MIPYME Emprendedor","PROGRAMA EMERGENCIA EMPRESARIAL - MERCADOS MODERNOS",2022,"132-PROINNOVATE-EEMM-2022","APLICACIÓN DE BUENAS PRÁCTICAS DE MANUFACTURA Y MEJORA DE LAS INSTALACIONES SANITARIAS DEL MERCADO FERROVIARIOS PARA GARANTIZAR LA INOCUIDAD DE LOS ALIMENTOS Y MINIMIZAR RIESGOS DE TRANSMISIÓN DE ENFERMEDADES A LOS USUARIOS.",20220503,20230503,"ASOCIACION DE COMERCIANTES - MERCADOS FERROVIARIOS","HUANCAYO","HUANCAYO","JUNIN",120101,50000.0000,5867.0000,10800.0000,"SOLES",20230706
"MIPYME Emprendedor","PROGRAMA DE APOYO A LA INTERNACIONALIZACIÓN MODALIDAD III - CONSOLIDACIÓN DE LA ACTIVIDAD EXPORTADORA",2022,"134-PROINNOVATE-PAIM3-2022","POSICIONAMIENTO DE CAFÉ EN GRANO VERDE PARA UN NICHO DE MERCADO DE ALTA ESPECIALIDAD  EN EL MERCADO DE ALEMANIA ",20230331,20240731,"FINCA CHURUPAMPA PERU S.A.C.","CHIRINOS","SAN IGNACIO","CAJAMARCA",060902,141312.0000,35328.0000,0.0000,"SOLES",20230706
"MIPYME Emprendedor","PROGRAMA DE APOYO A LA INTERNACIONALIZACIÓN MODALIDAD III - CONSOLIDACIÓN DE LA ACTIVIDAD EXPORTADORA",2022,"136-PROINNOVATE-PAIM3-2022","MÉXICO EN PIJAMAS DE ALGODÓN ORGÁNICO",20220512,20231112,"ECOTEXMA SRL","SAN MARTIN DE PORRES","LIMA","LIMA",150135,150000.0000,37500.0000,0.0000,"SOLES",20230706
"MIPYME Emprendedor","PROGRAMA DE APOYO A LA INTERNACIONALIZACIÓN MODALIDAD III - CONSOLIDACIÓN DE LA ACTIVIDAD EXPORTADORA",2022,"138-PROINNOVATE-PAIM3-2022","CONSOLIDACIÓN DE LAS EXPORTACIONES DE MICROLOTES DE CAFÉS ESPECIALES Y ORIGEN DE LA EMPRESA VALLEY COFFEE TRADING HACIA EL MERCADO DE SUECIA",20220512,20231112,"VALLEY COFFEE TRADING S.A.C","BAGUA GRANDE","UTCUBAMBA","AMAZONAS",010701,150000.0000,42540.0000,0.0000,"SOLES",20230706
"MIPYME Emprendedor","PROGRAMA DE APOYO A LA INTERNACIONALIZACIÓN MODALIDAD IV - IMPLANTACIÓN COMERCIAL",2022,"139-PROINNOVATE-PAIM4-2022","PERUVIAN QUINOA FROM THE ANDES TO USA/ QUINUA PERUANA DE LOS ANDES PARA USA",20230125,20240725,"AGRONEGOCIOS WIRACCOCHA DEL PERÚ S.A.C.","SAN JUAN BAUTISTA","HUAMANGA","AYACUCHO",050110,299924.0000,128757.5000,0.0000,"SOLES",20230706
"MIPYME Emprendedor","PROGRAMA DE APOYO A LA INTERNACIONALIZACIÓN MODALIDAD III - CONSOLIDACIÓN DE LA ACTIVIDAD EXPORTADORA",2022,"140-PROINNOVATE-PAIM3-2022","DESARROLLO DE EXPORTACIONES DE ACEITE DE OLIVA EXTRA VIRGEN DE ALTA GAMA A LOS ESTADOS UNIDOS",20220614,20231214,"AGROINDUSTRIAS GONZALEZ S.A.C.","TACNA","TACNA","TACNA",230101,150000.0000,37500.0000,0.0000,"SOLES",20230706
"MIPYME Emprendedor","PROGRAMA EMERGENCIA EMPRESARIAL - MYPES REACTIVADAS - ALTERNATIVA 1",2022,"141-PROINNOVATE-EER1-2022","DESARROLLO DEL MERCADO INTERNACIONAL Y FORTALECIMIENTO DIGITAL\, PARA LA COMERCIALIZACIÓN Y DISTRIBUCIÓN DE PRENDAS Y ACCESORIOS SOSTENIBLES EN EL MERCADO EUROPEO Y EE.UU.",20220512,20230512,"INTERAMERICA CONSULTING S.A.C.","SAN ISIDRO","LIMA","LIMA",150131,26250.0000,3350.0000,5400.0000,"SOLES",20230706
"MIPYME Emprendedor","PROGRAMA DE APOYO A LA INTERNACIONALIZACIÓN MODALIDAD III - CONSOLIDACIÓN DE LA ACTIVIDAD EXPORTADORA",2022,"142-PROINNOVATE-PAIM3-2022","CONSOLIDACIÓN DE EXPORTACIONES DE MACA EN POLVO AL MERCADO DE TAIWÁN.",20220609,20231209,"ALGARROBOS ORGANICOS DEL PERU SOCIEDAD ANONIMA CERRADA","BARRANCO","LIMA","LIMA",150104,146800.0000,36700.0000,0.0000,"SOLES",20230706
"FINCYT III","CONCURSO FORTALECIMIENTO ESTRATÉGICO DE CENTROS DE EXTENSIÓN Y TRANSFERENCIA TECNOLÓGICA (CET) - SEGUNDA FASE",2022,"144-PROINNOVATE-CETF2-2022","FORTALECIMIENTO DEL CENTRO DE EXTENSIONISMO TECNOLÓGICO CET LMB-UNALM  DE APOYO A LA INNOVACIÓN AGROINDUSTRIAL Y ALIMENTARIA MEDIANTE PLATAFORMAS BIOTECNOLÓGICAS",20220706,20230806,"UNIVERSIDAD NACIONAL AGRARIA LA MOLINA","LA MOLINA","LIMA","LIMA",150114,4800000.0000,0.0000,3200000.0000,"SOLES",20230706
"FIDECOM","PIMEN",2022,"002-PROINNOVATE-PIMEN-2022-SI","DESARROLLO DE ALIMENTOS BALANCEADOS INNOVADORES A ESCALA PILOTO A PARTIR DE LA VALIDACIÓN DE PRODUCTOS LOCALES COMO INSUMOS PROTEICOS Y ENERGÉTICOS PARA LA ALIMENTACIÓN DE AVES Y PORCINOS A MENOR COSTO POR LA ASOCIACIÓN APROHOLANDA\, REGIÓN AMAZONAS.","","","ASOCIACION DE PRODUCTORES AGROPECUARIOS\, AGROINDUSTRIALES\, AVICULTORES\, FORESTALES Y SERVICIOS MULTI","BAGUA GRANDE","UTCUBAMBA","AMAZONAS",010701,146500.0000,17000.0000,27935.0000,"SOLES",20230706
"FIDECOM","PIMEN",2022,"006-FIDECOM-PROINNOVATE-PIMEN-2022-SI","DESARROLLO DE PROTOTIPO DE PLANTA PARA CALZADO POR MEDIO DE ESPUMAS DE POLIURETANO RECICLADO.","","","ARMAS ZAVALETA JOSE MANUEL","VICTOR LARCO HERRERA","TRUJILLO","LA LIBERTAD",130111,80000.0000,29200.0000,12000.0000,"SOLES",20230706
"FIDECOM","PIMEN",2022,"012-FIDECOM-PROINNOVATE-PIMEN-2022-SI","DESARROLLO DE UN ORNITÓPTERO AUTÓNOMO DEL TIPO HALCÓN PEREGRINO PARA REALIZAR ACTIVIDADES DE CONTROL AVIAR EN FUNDOS DE UVAS Y ARÁNDANOS. ","","","BIO CONTROL AVIAR S.R.L.","SANTIAGO DE SURCO","LIMA","LIMA",150140,150000.0000,14643.4600,25400.0000,"SOLES",20230706
"FIDECOM","PIMEN",2022,"004-PROINNOVATE-PIMEN-2022-SI","IMPLEMENTACIÓN DE UN PROTOTIPO SEMIAUTOMATIZADO PARA LA ELABORACIÓN DE MANJAR BLANCO UTILIZANDO AGITADORES ORBITALES Y SISTEMA DE ABATIDOR CON NUCLEALIZACION FORZADA PARA MEJORAR SUS ATRIBUTOS DE CALIDAD EN LA INDUSTRIAL DEL ALFAJOR GIGANTE LAMBAYECANO. ","","","DULCERIA MANJAR REAL E.I.R.L.","LAMBAYEQUE","LAMBAYEQUE","LAMBAYEQUE",140301,145314.0000,56976.0000,88400.0000,"SOLES",20230706
"FIDECOM","PIMEN",2022,"008-PROINNOVATE-PIMEN-2022-SI","DESARROLLO DE UN NÉCTAR DE CAMU CAMU ENRIQUECIDO CON COLÁGENO HIDROLIZADO DE ESCAMA DE PAICHE Y ENDULZADO CON AZÚCAR DE YACÓN.","","","GOLD GARDEN S.R.L.","MANANTAY","CORONEL PORTILLO","UCAYALI",250107,150000.0000,25000.0000,21600.0000,"SOLES",20230706
"FIDECOM","PIMEN",2022,"013-FIDECOM-PROINNOVATE-PIMEN-2022-SI","AUTOMATIZACIÓN EN LA PRODUCCIÓN DE COMPOST PREMIUM\, MEDIANTE LA INOCULACIÓN DE MICROORGANISMOS BENÉFICOS\, CON EL USO DE RESIDUOS AGROINDUSTRIALES EN LA PROVINCIA DE CAÑETE - LIMA","","","ABONOS ORGANICOS A & M PERU E.I.R.L.","ICA","ICA","ICA",110101,149999.9900,18958.9500,6900.0000,"SOLES",20230706
"FIDECOM","PIMEN",2022,"009-FIDECOM-PROINNOVATE-PIMEN-2022-SI","DESARROLLO DE UNA PLATAFORMA COGNITIVA DE AGROTECNOLOGÍA PARA ANÁLISIS Y TOMA DE DECISIONES INTELIGENTES INTEGRADA CON DRONES\, SENSORES Y SISTEMAS DE FERTIRRIEGO PARA UNA GESTIÓN EFICIENTE DEL PROCESO DE CULTIVO DE HORTALIZAS Y FRUTAS.","","","EXPONENTIAL TECHNOLOGIES S.A.C. - EXTECH S.A.C.","VICTOR LARCO HERRERA","TRUJILLO","LA LIBERTAD",130111,149466.1000,19164.5100,21000.0000,"SOLES",20230706
"FIDECOM","PIMEN",2022,"005-PROINNOVATE-PIMEN-2022-SI","RECUPERACIÓN DE LA PIEL DE ALPACA Y LLAMA DE LA PROVINCIA DE CAYLLOMA\, PROCESADA COMO CUERO MEDICINAL Y PITAS DE CUERO PARA LA CONFECCIÓN DE INDUMENTARIA Y ACCESORIOS DE CALIDAD DEMANDADOS POR EL MERCADO MUNDIAL","","","CONSORCIO EXPORTADOR DE PRODUCTOS DE ALPACA Y DERIVADOS SOCIEDAD ANONIMA CERRADA-CEPRAYDE COLCA SAC","YANAHUARA","AREQUIPA","AREQUIPA",040126,132878.1400,14351.4100,18720.0000,"SOLES",20230706
"FIDECOM","VALIDACIÓN Y EMPAQUETAMIENTO DE INNOVACIONES",2022,"010-FIDECOM-PROINNOVATE-PVE-2022-SI","VALIDACIÓN DE UN EQUIPO EXTRACTOR Y UN EQUIPO DE CRISTALIZACIÓN DE APITOXINA\, CON ESTIMULADOR REGULABLE\, CON ENERGÍA FOTO VOLTAICA\, CON UV Y ECONÓMICO.","","","ALKA ENERGY SOLUCIONES TECNOLOGICAS S.A.C.","VILLA EL SALVADOR","LIMA","LIMA",150142,297754.1000,49192.9000,32050.0000,"SOLES",20230706
"FIDECOM","VALIDACIÓN Y EMPAQUETAMIENTO DE INNOVACIONES",2022,"003-PROINNOVATE-PVE-2022-SI","VALIDACIÓN TÉCNICA Y COMERCIAL DE LA PLATAFORMA REGENERA: INTEGRANDO LA GESTIÓN DE HUELLA AMBIENTAL Y LOS SERVICIOS DE LA NATURALEZA A LA ECONOMÍA PERUANA","","","NATURE SERVICES PERU S.A.","MIRAFLORES","LIMA","LIMA",150122,359640.0000,59700.0000,48000.0000,"SOLES",20230706
"FIDECOM","PIMENR",2022,"011-FIDECOM-PROINNOVATE-PIMENR-2022-SI","DESARROLLO DE UNA PRUEBA SEROLÓGICA ECONÓMICA Y DE ALTA PROCESIVIDAD PARA LA DETECCIÓN DE ANTICUERPOS CIRCULANTES FRENTE A LA PROTEÍNA S DEL VIRUS SARSCOV-2 EMPLEANDO COMO BLANCO LAS SECUENCIAS ANTIGÉNICAS NATIVAS CIRCULANTES EN PERÚ","","","BENDEZU EGUIS JORGE EDUARDO","EL AGUSTINO","LIMA","LIMA",150111,80000.0000,14955.3200,8040.0000,"SOLES",20230706
"MIPYME Emprendedor","PROGRAMA DE APOYO A LA INTERNACIONALIZACIÓN MODALIDAD I - EMPRENDEDOR EXPORTADOR",2022,"145-PROINNOVATE-PAIM1-2022","MEJORA DE LA PRODUCTIVIDAD Y GESTIÓN COMERCIAL DE LA QUINUA BLANCA ORGÁNICA PARA EL MERCADO DE SINGAPUR",20220523,20231123,"COOPERATIVA AGRARIA VALLE JEQUETEPEQUE COAVAJE","CHEPEN","CHEPEN","LA LIBERTAD",130401,67000.0000,14000.0000,0.0000,"SOLES",20230706
"MIPYME Emprendedor","PROGRAMA DE APOYO A LA INTERNACIONALIZACIÓN MODALIDAD IV - IMPLANTACIÓN COMERCIAL",2022,"146-PROINNOVATE-PAIM4-2022","INTERNACIONALIZACIÓN DE LA MARCA BUTRICH (CALZADO Y ACCESORIOS DE DISEÑO DE AUTOR) EN ESTADOS UNIDOS A TRAVÉS DEL ENFOQUE DIRECT-TO-CONSUMER",20220531,20231231,"BUTRICH S.A.C.","MIRAFLORES","LIMA","LIMA",150122,300000.0000,128615.0000,0.0000,"SOLES",20230706
"FINCYT III","CONCURSO FORTALECIMIENTO ESTRATÉGICO DE CENTROS DE EXTENSIÓN Y TRANSFERENCIA TECNOLÓGICA (CET) - SEGUNDA FASE",2022,"148-PROINNOVATE-CETF2-2022","FORTALECIMIENTO DE LOS SERVICIOS DE ASESORAMIENTO Y APOYO AL DESARROLLO TECNOLÓGICO E INNOVACIÓN EN LOS SECTORES EMPRESARIALES DE AGRICULTURA - AGROINDUSTRIA - ACUICULTURA Y FORESTAL MADERA DEL INSTITUTO REGIONAL DE DESARROLLO SELVA UNALM EN SATIPO - JUNIN",20220706,20230806,"UNIVERSIDAD NACIONAL AGRARIA LA MOLINA","RIO NEGRO","SATIPO","JUNIN",120607,4314632.8800,0.0000,1346555.9600,"SOLES",20230706
"MIPYME Emprendedor","PROGRAMA EMERGENCIA EMPRESARIAL - MERCADOS MODERNOS",2022,"149-PROINNOVATE-EEMM-2022","MEJORAMIENTO DEL SISTEMA DE CONSERVACIÓN DE PRODUCTOS CÁRNICOS EN LOS PUESTOS DEL MERCADO SANTA ROSA DE JAUJA MINIMIZANDO MERMAS Y COSTOS DE COMERCIALIZACIÓN",20220530,20230530,"QUISPE CAMARENA FELICISIMO MAGNO","JAUJA","JAUJA","JUNIN",120401,80000.0000,7467.0000,19200.0000,"SOLES",20230706
"FIDECOM","VALIDACIÓN Y EMPAQUETAMIENTO DE INNOVACIONES",2022,"014-FIDECOM-PROINNOVATE-PVE-2022-SI","VALIDACIÓN Y EMPAQUETAMIENTO DEL SISTEMA DE AGUA OZONIZADA DE LA EMPRESA INKAOZONO PARA SU EXPANSIÓN EN MERCADOS AGRÍCOLAS\, AGROEXPORTADORES E INDUSTRIA ALIMENTARIA DEL PERÚ","","","INKAOZONO SAC","LOS OLIVOS","LIMA","LIMA",150117,360000.0000,55543.6100,55280.0000,"SOLES",20230706
"FIDECOM","VALIDACIÓN Y EMPAQUETAMIENTO DE INNOVACIONES",2022,"015-FIDECOM-PROINNOVATE-PVE-2022-SI","VALIDACIÓN TÉCNICA Y COMERCIAL DEL EMOLIENTE TRADICIONAL PERUANO INSTANTÁNEO EMOLINKA","","","FERREYROS PRODUCTORA & CATERING S.A.C","MIRAFLORES","LIMA","LIMA",150122,245060.0200,34089.6700,37980.0000,"SOLES",20230706
"MIPYME Emprendedor","PROGRAMA DE APOYO A LA INTERNACIONALIZACIÓN MODALIDAD II - POTENCIAMIENTO DE LAS EXPORTACIONES",2022,"150-PROINNOVATE-PAIM2-2022","NIBS DE CACAO BAÑADOS CON CHOCOLATE SUGAR FREE PARA MERCADO CHILENO",20220527,20231127,"INKAO PERU S.A.C.","SAN ISIDRO","LIMA","LIMA",150131,90000.0000,10005.0000,0.0000,"SOLES",20230706
"FINCYT III","CONCURSO FORTALECIMIENTO ESTRATÉGICO DE CENTROS DE EXTENSIÓN Y TRANSFERENCIA TECNOLÓGICA (CET) - SEGUNDA FASE",2022,"151-PROINNOVATE-CETF2-2022","FORTALECIMIENTO Y AMPLIACIÓN DE LOS SERVICIOS DE EXTENSIONISMO TECNOLÓGICO Y DE INNOVACIÓN DEL CITEAGROINDUSTRIAL ICA PARA MEJORAR LA COMPETITIVIDAD DE LAS UNIDADES PRODUCTIVAS DE LA CADENA DE VALOR AGROINDUSTRIAL DE LA REGIÓN ICA\, AYACUCHO\, JUNÍN Y HUANCAVELICA",20220706,20230806,"INSTITUTO TECNOLOGICO DE LA PRODUCCION","","","","",4800000.0000,0.0000,3200000.0000,"SOLES",20230706
"MIPYME Emprendedor","PROGRAMA DE APOYO A LA INTERNACIONALIZACIÓN MODALIDAD I - EMPRENDEDOR EXPORTADOR",2022,"152-PROINNOVATE-PAIM1-2022","EXPORTACIÓN DE QUINUA ORGÁNICA EN PRESENTACIONES RETAIL DE HARINA\, HOJUELA Y GRANOS DE LA MARCA NUTRITHY AL MERCADO DE ESPAÑA.",20220701,20240101,"ASPAGRO COMPANY S.A.C.","CHIARA","HUAMANGA","AYACUCHO",050105,70000.0000,7779.0000,0.0000,"SOLES",20230706
"FINCYT III","CONCURSO FORTALECIMIENTO ESTRATÉGICO DE CENTROS DE EXTENSIÓN Y TRANSFERENCIA TECNOLÓGICA (CET) - SEGUNDA FASE",2022,"153-PROINNOVATE-CETF2-2022","FORTALECIMIENTO ESTRATÉGICO DE CENTROS DE EXTENSIÓN. SEGUNDA FASE\, DEL SECTOR/SUBSECTOR \"TEXTIL CONFECCIONES\".",20220706,20231006,"INSTITUTO TECNOLOGICO DE LA PRODUCCION","","","","",4800000.0000,0.0000,955100.0000,"SOLES",20230706
"FINCYT III","CONCURSO FORTALECIMIENTO ESTRATÉGICO DE CENTROS DE EXTENSIÓN Y TRANSFERENCIA TECNOLÓGICA (CET) - SEGUNDA FASE",2022,"154-PROINNOVATE-CETF2-2022","FORTALECIMIENTO DE LOS SERVICIOS TECNOLÓGICOS DEL CITE AGROINDUSTRIAL HUALLAGA - UT AMBO PARA EL MEJORAMIENTO DE LOS NIVELES DE PRODUCTIVIDAD\, COMPETITIVIDAD E INNOVACIÓN EN EL SECTOR AGROINDUSTRIAL DE LA REGIÓN DE HUÁNUCO",20220706,20230706,"INSTITUTO TECNOLOGICO DE LA PRODUCCION","","","","",4468335.1100,0.0000,1324923.0000,"SOLES",20230706
"MIPYME Emprendedor","PROGRAMA DE APOYO A LA INTERNACIONALIZACIÓN MODALIDAD II - POTENCIAMIENTO DE LAS EXPORTACIONES",2022,"155-PROINNOVATE-PAIM2-2022","TEJIENDO Y BORDANDO LA INTERNACIONALIZACIÓN DE LLAPANMAKI SAC AL MERCADO DE CANADÁ ",20220615,20231215,"GALERIA ARTE TALLER LLAPANMAKI S.A.C.","AYACUCHO","HUAMANGA","AYACUCHO",050101,90000.0000,10000.0000,0.0000,"SOLES",20230706
"MIPYME Emprendedor","PROGRAMA DE APOYO A LA INTERNACIONALIZACIÓN MODALIDAD II - POTENCIAMIENTO DE LAS EXPORTACIONES",2022,"156-PROINNOVATE-PAIM2-2022","PLAN DE EXPORTACIÓN DE SNACKS DE MAÍZ GIGANTE CON SAL ROSADA DE LOS ANDES AL MERCADO AMERICANO.",20220602,20231102,"RASIL SRL","LURIGANCHO","LIMA","LIMA",150118,90000.0000,10000.1100,0.0000,"SOLES",20230706
"MIPYME Emprendedor","PROGRAMA DE APOYO A LA INTERNACIONALIZACIÓN MODALIDAD III - CONSOLIDACIÓN DE LA ACTIVIDAD EXPORTADORA",2022,"159-PROINNOVATE-PAIM3-2022","INGRESO DEL GRANO DE CACAO FINO AROMA DE LA C.A.C. ALTO URUBAMBA AL MERCADO FRANCÉS.",20220621,20231221,"COOPERATIVA AGRARIA CAFETALERA ALTO URUBAMBA LTDA N° 239","SANTA ANA","LA CONVENCION","CUSCO",080901,140500.0000,41000.0000,0.0000,"SOLES",20230706
"MIPYME Emprendedor","PROGRAMA EMERGENCIA EMPRESARIAL - MYPES REACTIVADAS - ALTERNATIVA 1",2022,"161-PROINNOVATE-EER1-2022","DIAGNOSTICO E IMPLEMENTACION DE UN PLAN ACCION DE MEJORAS\, COMERCIO ELECTRONICO Y MARKETING DIGITAL. PARA PROMOVER LA REACTIVACION Y FORTALECIMIENTO DE LA OFERTA DEL RESTOBAR NAZKA\, UBICADO EN NASCA\, ICA.",20220616,20230616,"INKA EXPERIENCE SOCIEDAD ANONIMA CERRADA","NASCA","NASCA","ICA",110301,34950.0000,4450.0000,7200.0000,"SOLES",20230706
"MIPYME Emprendedor","PROGRAMA EMERGENCIA EMPRESARIAL - MYPES REACTIVADAS - ALTERNATIVA 1",2022,"162-PROINNOVATE-EER1-2022","REORIENTACION DE LA CAPACIDAD PRODUCTIVA Y CANALES DE VENTA PARA DESARROLLAR E INTRODUCIR NUEVOS PRODUCTOS (VINAGRES AMAZÓNICOS) DE LA EMPRESA \"NATURALLY DIVINE AMAZONIA S.A.C.\".",20220620,20230620,"NATURALLY DIVINE AMAZONIA S.A.C. - ND AMAZONIA S.A.C.","LAMAS","LAMAS","SAN MARTIN",220501,35000.0000,7066.6700,4600.0000,"SOLES",20230706
"MIPYME Emprendedor","PROGRAMA EMERGENCIA EMPRESARIAL - MYPES REACTIVADAS - ALTERNATIVA 1",2022,"165-PROINNOVATE-EER1-2022","REACTIVACIÓN ECONÓMICA Y MEJORA DE COMPETITIVIDAD POST-COVID DE LA EMPRESA PFLCKER GALVÁN ÁLVAREZ & ASOCIADOS ASESORES Y CONSULTORES S. CIVIL DE R.L.",20220621,20230621,"PFLUCKER GALVAN ALVAREZ & ASOCIADOS ASESORES Y CONSULTORES SOCIEDAD CIVIL DE RESPONSABILIDAD LIMITAD","LIMA","LIMA","LIMA",150101,30000.0000,4001.0000,6000.0000,"SOLES",20230706
"MIPYME Emprendedor","PROGRAMA EMERGENCIA EMPRESARIAL - MYPES REACTIVADAS - ALTERNATIVA 1",2022,"166-PROINNOVATE-EER1-2022","RECUPERACIÓN DE LOS NIVELES DE VENTAS PRE-PANDEMIA A PARTIR DE LA IMPLEMENTACIÓN DE ESTRATEGIAS COMERCIALES ESPECÍFICAS PARA EL \"CENTRO DE INVESTIGACIÓN TECNOLÓGICA PARA EL DESARROLLO SOSTENIBLE DE LA AMAZONÍA - LIFE AMAZON\" - MADRE DE DIOS.",20220623,20230423,"LIFE AMAZON - CENTRO DE INVESTIGACION TECNOLOGICA PARA EL DESARROLLO SOSTENIBLE DE LA AMAZONIA S.R.L","TAMBOPATA","TAMBOPATA","MADRE DE DIOS",170101,35000.0000,6106.6700,7560.0000,"SOLES",20230706
"MIPYME Emprendedor","PROGRAMA EMERGENCIA EMPRESARIAL - MYPES REACTIVADAS - ALTERNATIVA 1",2022,"167-PROINNOVATE-EER1-2022","REACTIVACIÓN Y MEJORAMIENTO DE LA OFERTA DEL RESTAURANTE \"APU VERONICA\" POR MEDIO DEL FORTALECIMIENTO DE LA GESTIÓN COMERCIAL Y PROMOCIÓN VÍA PUBLICIDAD DIGITAL.",20220711,20230711,"MONROY OLIVERA HENRY","OLLANTAYTAMBO","URUBAMBA","CUSCO",081306,35000.0000,7066.6700,4600.0000,"SOLES",20230706
"MIPYME Emprendedor","PROGRAMA DE APOYO A LA INTERNACIONALIZACIÓN MODALIDAD III - CONSOLIDACIÓN DE LA ACTIVIDAD EXPORTADORA",2022,"168-PROINNOVATE-PAIM3-2022","PENETRACIÓN AL MERCADO CANADIENSE CON EL PRODUCTO FRIJOL DE PALO EN CONSERVA",20220622,20231222,"SERVICIOS PROCESADORA PERU S.A.C.","CHICLAYO","CHICLAYO","LAMBAYEQUE",140101,150000.0000,37500.0000,0.0000,"SOLES",20230706
"MIPYME Emprendedor","PROGRAMA EMERGENCIA EMPRESARIAL - MYPES REACTIVADAS - ALTERNATIVA 1",2022,"169-PROINNOVATE-EER1-2022","REBRANDING Y GESTIÓN DE CAMPAÑAS INTEGRADAS Y OPORTUNAS A NIVEL DE MARKETING COMERCIAL\, A TRAVÉS DEL DISEÑO Y DESARROLLO DE UNA PLATAFORMA WEB QUE INTEGRARÁ UNA NUEVA COLECCIÓN DE RELANZAMIENTO DE MARCA; QUE PERMITIRÁ EFECTIVIZAR EL INCREMENTO EN VENTAS .",20220616,20230616,"SWEET MORGANA E.I.R.L.","SANTIAGO DE SURCO","LIMA","LIMA",150140,35000.0000,4466.6700,7200.0000,"SOLES",20230706
"MIPYME Emprendedor","PROGRAMA EMERGENCIA EMPRESARIAL - MYPES REACTIVADAS - ALTERNATIVA 1",2022,"170-PROINNOVATE-EER1-2022","IMPLEMENTACIÓN DE UNA PLATAFORMA VIRTUAL PARA LA VENTA DE PRENDAS INDUSTRIALES EN LA EMPRESA CORPORACIÓN INNOLITE E.I.R.L",20220616,20230616,"CORPORACION INNOLITE EMPRESA INDIVIDUAL DE RESPONSABILIDAD LIMITADA - CORPORACION INNOLITE E.I.R.L.","MARIANO MELGAR","AREQUIPA","AREQUIPA",040109,35000.0000,4466.6700,7200.0000,"SOLES",20230706
"MIPYME Emprendedor","PROGRAMA EMERGENCIA EMPRESARIAL - MYPES REACTIVADAS - ALTERNATIVA 1",2022,"171-PROINNOVATE-EER1-2022","REFORZAMIENTO DE LA GESTIÓN DEL MODELO COMERCIAL SOPORTADO EN LA DIGITALIZACIÓN Y LA REORIENTACIÓN DE LOS SERVICIOS.",20220620,20230520,"CIA DE VENTAS Y SERVICIOS S A","SURQUILLO","LIMA","LIMA",150141,26184.7500,3343.9100,5384.3400,"SOLES",20230706
"MIPYME Emprendedor","PROGRAMA EMERGENCIA EMPRESARIAL - MYPES REACTIVADAS - ALTERNATIVA 2",2022,"172-PROINNOVATE-EER2-2022","TRANFERENCIA DE CONOCIMIENTOS APLICADO A LOS PROCESOS PRODUCTIVOS  IMPLEMENTANDO HERRAMIENTAS TECNICO PRODUCTIVAS POR MEDIO DE CANALES DE COMERCIO DIGITAL Y MEJORA CONTINUA PARA  LOGRAR LA REACTIVACION DEL SECTOR TEXTIL EN LA CIUDAD DE AREQUIPA",20220620,20230620,"C & G ASESORIA INTEGRAL S.A.C.","AREQUIPA","AREQUIPA","AREQUIPA",040101,175000.0000,0.0000,0.0000,"SOLES",20230706
"MIPYME Emprendedor","PROGRAMA EMERGENCIA EMPRESARIAL - MYPES REACTIVADAS - ALTERNATIVA 2",2022,"173-PROINNOVATE-EER2-2022","REACTIVACIÓN DE CINCO MYPES DEL SECTOR JOYERÍA EN LA CIUDAD DEL  CUSCO POR MEDIO DE LA IMPLEMENTACIÓN DE HERRAMIENTAS TECNOLÓGICAS PARA LA REORIENTACIÓN\, FORTALECIMIENTO O RECONVERSIÓN DE SUS PROCESOS CON EL FIN DE LOGRAR SU MEJORA PRODUCTIVA Y COMERCIAL",20220622,20230622,"INNOVACION SOCIEDAD ANONIMA CERRADA - I S.A.C.","MARIANO MELGAR","AREQUIPA","AREQUIPA",040109,175000.0000,0.0000,0.0000,"SOLES",20230706
"MIPYME Emprendedor","PROGRAMA EMERGENCIA EMPRESARIAL - MYPES REACTIVADAS - ALTERNATIVA 2",2022,"174-PROINNOVATE-EER2-2022","IMPLEMENTACIÓN DE HERRAMIENTAS TÉCNICO PRODUCTIVAS PARA LA MEJORA ESTRUCTURAL DANDO RESPUESTA A LAS EXIGENCIAS DEL MERCADO ACTUAL PARA MEJORAR LA PRODUCTIVIDAD DE LAS EMPRESAS DE LA CIUDAD DE PUNO.",20220620,20230620,"C & G ASESORIA INTEGRAL S.A.C.","AREQUIPA","AREQUIPA","AREQUIPA",040101,175000.0000,0.0000,0.0000,"SOLES",20230706
"MIPYME Emprendedor","PROGRAMA DE APOYO A LA INTERNACIONALIZACIÓN MODALIDAD IV - IMPLANTACIÓN COMERCIAL",2022,"175-PROINNOVATE-PAIM4-2022","IMPLANTACION COMERCIAL DE LA MARCA COMESA CON EL SUMINISTRO DE REPUESTOS PARA EQUIPOS DE PROCESAMIENTO DE MINERALES",20220704,20240204,"CONSORCIO METALURGICO S A","LIMA","LIMA","LIMA",150101,294399.5400,126171.4600,0.0000,"SOLES",20230706
"MIPYME Emprendedor","PROGRAMA DE APOYO A LA INTERNACIONALIZACIÓN MODALIDAD III - CONSOLIDACIÓN DE LA ACTIVIDAD EXPORTADORA",2022,"176-PROINNOVATE-PAIM3-2022","CAFÉ DE ESPECIALIDAD A LAS TAZAS DE CANADA ",20220630,20231230,"COOPERATIVA AGRARIA APROCASSI","SAN IGNACIO","SAN IGNACIO","CAJAMARCA",060901,150000.0000,37500.0000,0.0000,"SOLES",20230706
"MIPYME Emprendedor","PROGRAMA EMERGENCIA EMPRESARIAL - MYPES REACTIVADAS - ALTERNATIVA 1",2022,"177-PROINNOVATE-EER1-2022","REACTIVACIÓN DE M & E SOLUCIONES  A TRAVÉS DE LA IMPLEMENTACIÓN DEL CANAL  ECOMMERCE PARA VENTA DE SERVICIO DE TRANSPORTE",20220616,20230616,"M & E SOLUCIONES Y SERVICIOS E.I.R.L.","RIMAC","LIMA","LIMA",150128,35000.0000,4667.0000,7000.0000,"SOLES",20230706
"MIPYME Emprendedor","PROGRAMA EMERGENCIA EMPRESARIAL - MYPES REACTIVADAS - ALTERNATIVA 1",2022,"178-PROINNOVATE-EER1-2022","DESARROLLO DE ESTRATEGIAS DE MARKETING DIGITAL Y GESTIÓN DE CLIENTES CRM PARA LA RECUPERACIÓN Y CAPTACIÓN DE CLIENTES\, Y SU SEGUIMIENTO PRE/POST COMPRA DE SERVICIOS Y PRODUCTOS DE MECÁNICA EN LA EMPRESA VIPER AUTOMOTORA S.A.C.",20220621,20230621,"VIPER AUTOMOTORA S.A.C.","VILLA EL SALVADOR","LIMA","LIMA",150142,35000.0000,4466.6700,7200.0000,"SOLES",20230706
"MIPYME Emprendedor","PROGRAMA EMERGENCIA EMPRESARIAL - MYPES REACTIVADAS - ALTERNATIVA 1",2022,"179-PROINNOVATE-EER1-2022","FORTALECIMIENTO DEL SISTEMA DE GESTIÓN COMERCIAL Y VENTA DE SERVICIOS DE SEGURIDAD\, MEDIANTE LA GESTIÓN DE CANALES Y ESTRATEGIAS DE MARKETING DIGITAL\, Y SEGUIMIENTO PERSONALIZADO DE CLIENTES MEDIANTE UN CRM PARA LA EMPRESA CONTROL & SECURITY TECHNOLOGIES.",20220621,20230621,"CONTROL & SECURITY TECHNOLOGIES S.A.C","SANTIAGO DE SURCO","LIMA","LIMA",150140,35000.0000,4466.6700,7200.0000,"SOLES",20230706
"FINCYT III","CONCURSO FORTALECIMIENTO ESTRATÉGICO DE CENTROS DE EXTENSIÓN Y TRANSFERENCIA TECNOLÓGICA (CET) - SEGUNDA FASE",2022,"180-PROINNOVATE-CETF2-2022","FORTALECIMIENTO ESTRATÉGICO EN EXTENSIONISMO TECNOLÓGICO E INNOVACIÓN DEL CET PARA LA CADENA DE VALOR DEL CUERO\, CALZADO E INDUSTRIAS CONEXAS DE LA REGIÓN NORTE DEL PERÚ",20221027,20231127,"INSTITUTO TECNOLOGICO DE LA PRODUCCION","","","","",4800000.0000,0.0000,1477375.0000,"SOLES",20230706
"MIPYME Emprendedor","PROGRAMA EMERGENCIA EMPRESARIAL - MYPES REACTIVADAS - ALTERNATIVA 1",2022,"181-PROINNOVATE-EER1-2022","FORTALECIMIENTO DE CAPACIDADES PARA LA EDUCACIÓN SEMIPRESENCIAL\, MEDIANTE LA IMPLEMENTACIÓN DE MECANISMOS DE SEGURIDAD SANITARIA Y TRANSFORMACIÓN DIGITAL DE LA GESTIÓN ADMINISTRATIVA Y LA PROMOCIÓN COMERCIAL DE LA INSTITUCIÓN EDUCATIVA PARTICULAR CRAYOLAS.",20220622,20230322,"INSTITUCION EDUCATIVA PARTICULAR CRAYOLAS EIRL.","LAMBAYEQUE","LAMBAYEQUE","LAMBAYEQUE",140301,35000.0000,4466.6700,7200.0000,"SOLES",20230706
"MIPYME Emprendedor","FORTALECIMIENTO DE INCUBADORAS DE NEGOCIOS Y ENTIDADES AFINES - REDES DE INVERSIONISTAS ÁNGELES",2022,"182-PROINNOVATE-RIA-2022","FORTALECIMIENTO DE LA RED DE INVERSIONISTAS ANGELES AVP",20220708,20250708,"ANGEL VENTURES PERU SOCIEDAD ANONIMA CERRADA - ANGEL VENTURES PERU S.A.C.","SAN ISIDRO","HUAYTARA","HUANCAVELICA",090612,642554.2400,210769.7600,72000.0000,"SOLES",20230706
"MIPYME Emprendedor","PROGRAMA EMERGENCIA EMPRESARIAL - MYPES REACTIVADAS - ALTERNATIVA 1",2022,"183-PROINNOVATE-EER1-2022","INCREMENTO DE LOS INGRESOS A NIVELES PRE-PANDEMIA A PARTIR DE LA IMPLEMENTACIÓN DE UNA ESTRATEGIA COMERCIAL INTEGRAL QUE APUNTE A LA CONSOLIDACIÓN DE LOS MERCADOS B2C Y B2B A TRAVÉS DE LA PROMOCIÓN DIGITAL Y LA GESTIÓN DE UN SISTEMA DE FIDELIZACIÓN",20220707,20230707,"ACCESOL S.A.C.","SANTIAGO DE SURCO","LIMA","LIMA",150140,34950.0000,4450.0000,7200.0000,"SOLES",20230706
"MIPYME Emprendedor","FORTALECIMIENTO DE INCUBADORAS DE NEGOCIOS Y ENTIDADES AFINES - REDES DE INVERSIONISTAS ÁNGELES",2022,"185-PROINNOVATE-RIA-2022","THE BOARD 2.0: FORTALECIMIENTO DE LA RED DE INVERSIONISTAS ÁNGELES",20220726,20250726,"THE BOARD SOCIEDAD GESTORA S.A.C.","MIRAFLORES","LIMA","LIMA",150122,642900.0000,0.0000,71407.7300,"SOLES",20230706
"MIPYME Emprendedor","PROGRAMA EMERGENCIA EMPRESARIAL - MYPES REACTIVADAS - ALTERNATIVA 1",2022,"187-PROINNOVATE-EER1-2022","\"IMPLEMENTACIÓN DE UN E-COMMERCE\, SISTEMA DE CUSTOMER RELATIONSHIP MANAGEMENT (CRM) Y DE GESTIÓN DE VENTAS\, ASÍ COMO DE UNA ESTRATEGIA DE MARKETING DIGITAL PARA LA REACTIVACIÓN ECONÓMICA DE LAS LÍNEAS DE PRODUCTOS ORGÁNICOS DE AROMAS AYNIN EIRL\"",20220705,20230705,"AROMAS AYNIN E.I.R.L.","CHORRILLOS","LIMA","LIMA",150108,34995.0000,4465.0000,7200.0000,"SOLES",20230706
"MIPYME Emprendedor","PROGRAMA EMERGENCIA EMPRESARIAL - MYPES REACTIVADAS - ALTERNATIVA 1",2022,"188-PROINNOVATE-EER1-2022","DESARROLLO DE UN PROTOTIPO PARA EL MEJORAMIENTO DEL PROCESO DE SECADO DE CASTAÑA EN CÁSCARA PARA EXPORTACIÓN EN LA EMPRESA \"AMAZON NUTS S.A.C.\"",20220704,20230704,"AMAZON NUTS S.A.C.","TAMBOPATA","TAMBOPATA","MADRE DE DIOS",170101,35000.0000,4466.6700,7200.0000,"SOLES",20230706
"MIPYME","PROGRAMA DE APOYO A CLUSTERS",2022,"189-PROINNOVATE-PAC-2022","INICIATIVA DE APOYO AL CLÚSTER DE LÁCTEOS EN CAJAMARCA ",20220804,20240804,"CLÚSTER DE DERIVADOS LÁCTEOS DE CAJAMARCA","CAJAMARCA","CAJAMARCA","CAJAMARCA",060101,998190.8100,405524.7700,59100.0000,"SOLES",20230706
"MIPYME Emprendedor","PROGRAMA EMERGENCIA EMPRESARIAL - MERCADOS MODERNOS",2022,"190-PROINNOVATE-EEMM-2022","FORTALECIMIENTO DE LA CADENA DE FRÍO PARA LA MEJORA DE SU ALMACENAMIENTO\, MANIPULACIÓN\, EXHIBICIÓN Y VENTA DE SUS PRODUCTOS.",20220727,20230727,"ASOCIACION MERCADO ZONAL SAN MARTIN DE PORRES-HUNTER-SOCABAYA","JACOBO HUNTER","AREQUIPA","AREQUIPA",040107,80000.0000,8666.6700,18000.0000,"SOLES",20230706
"MIPYME Emprendedor","PROGRAMA DE APOYO A LA INTERNACIONALIZACIÓN MODALIDAD IV - IMPLANTACIÓN COMERCIAL",2022,"191-PROINNOVATE-PAIM4-2022","IMPLANTACIÓN COMERCIAL EN MERCADO ALEMÁN CON LÍNEA DE SNACK SALUDABLES DE CASTAÑAS AMAZÓNICAS BAJO ENFOQUE DE TRAZABILIDAD\, INNOVACIÓN EN SABORES Y SOSTENIBILIDAD.",20220713,20240213,"COM ALT DE PROD NO TRAD Y DES EN LAT AME","VILLA EL SALVADOR","LIMA","LIMA",150142,300000.0000,128573.0000,0.0000,"SOLES",20230706
"FINCYT III","CONCURSO FORTALECIMIENTO ESTRATÉGICO DE CENTROS DE EXTENSIÓN Y TRANSFERENCIA TECNOLÓGICA (CET) - SEGUNDA FASE",2022,"192-PROINNOVATE-CETF2-2022","FORTALECIMIENTO ESTRATEGICO DEL CET CITE PRODUCTIVO MAYNAS PARA LAS CADENAS  AGROINDUSTRIAL Y ACUICOLA PESQUERO\, EN LA REGION LORETO",20221027,20230927,"INSTITUTO TECNOLOGICO DE LA PRODUCCION","","","","",3485250.0000,0.0000,862500.0000,"SOLES",20230706
"MIPYME Emprendedor","PROGRAMA DE APOYO A LA INTERNACIONALIZACIÓN MODALIDAD II - POTENCIAMIENTO DE LAS EXPORTACIONES",2022,"193-PROINNOVATE-PAIM2-2022","EXPORTACIÓN DE PIEDRAS PARA PAISAJISMO A ESTADOS UNIDOS",20220721,20231221,"CEA FILTRATION E.I.R.L.","LA MOLINA","LIMA","LIMA",150114,89973.0000,9997.0000,0.0000,"SOLES",20230706
"MIPYME Emprendedor","PROGRAMA EMERGENCIA EMPRESARIAL - MYPES REACTIVADAS - ALTERNATIVA 1",2022,"194-PROINNOVATE-EER1-2022","REDUCCIÓN DE LA BRECHA DIGITAL DE CARIBBEAN BUSINESS TRAVEL SAC\, PARA FACILITAR SU ADAPTACIÓN A LOS CAMBIOS Y TENDENCIAS DEL SECTOR DE VIAJES Y TURISMO\, QUE LE PERMITAN CAPITALIZAR LAS OPORTUNIDADES DE LA NUEVA NORMALIDAD.",20220727,20230727,"CARIBBEAN BUSSINES & TRAVEL S.A.C.","MIRAFLORES","LIMA","LIMA",150122,35000.0000,4466.6700,7200.0000,"SOLES",20230706
"MIPYME Emprendedor","PROGRAMA EMERGENCIA EMPRESARIAL - MYPES REACTIVADAS - ALTERNATIVA 1",2022,"195-PROINNOVATE-EER1-2022","APLICACIÓN DE LA REINGENIERÍA DEL PROCESO\, PLANIFICACIÓN Y CONTROL DE LA PRODUCCIÓN (GRANOLA Y BARRAS) EN LA EMPRESA DE ROJAS ZACARIAS VERNI VALENTIN PARA INCREMENTAR LA CAPACIDAD DE PRODUCCIÓN Y EL SUMINISTRO A TIENDAS CLIENTES ESPECIALIZADAS",20220801,20230801,"ROJAS ZACARIAS VERNI VALENTIN","JAUJA","JAUJA","JUNIN",120401,35000.0000,4466.6700,7200.0000,"SOLES",20230706
"MIPYME Emprendedor","PROGRAMA EMERGENCIA EMPRESARIAL - MYPES REACTIVADAS - ALTERNATIVA 1",2022,"197-PROINNOVATE-EER1-2022","DIAGNÓSTICO\, IMPLEMENTACIÓN Y FORTALECIMIENTO DE LA OFERTA TURÍSTICA PARA LA REACTIVACIÓN ECONÓMICA DEL HOSPEDAJE \"FIORI\"\, UBICADO EN HONORIA\, PUERTO INCA\, HUÁNUCO.",20220815,20230715,"RUIZ RENGIFO DIANA KERLY","HONORIA","PUERTO INCA","HUANUCO",100903,35000.0000,4466.6700,7200.0000,"SOLES",20230706
"MIPYME Emprendedor","PROGRAMA EMERGENCIA EMPRESARIAL - MYPES REACTIVADAS - ALTERNATIVA 1",2022,"199-PROINNOVATE-EER1-2022","FORTALECIMIENTO DE ESTRATEGIAS DE COMERCIALIZACIÓN Y VENTA DE LA CERVEZA ARTESANAL \"IMPERIO\" MEDIANTE LA APLICACIÓN DE HERRAMIENTAS DE MARKETING DIGITAL PARA PROMOVER Y APROVECHAR ESPECIES NATIVAS DE LA REGIÓN PIURA BAJO UN ENFOQUE DE CONSUMO RESPONSABLE",20220725,20230625,"CASA CERVECERA RUIZ RIVASPLATA S.A.C","MARCAVELICA","SULLANA","PIURA",200605,34950.0000,5800.0000,7400.0000,"SOLES",20230706
"MIPYME Emprendedor","PROGRAMA EMERGENCIA EMPRESARIAL - MYPES REACTIVADAS - ALTERNATIVA 1",2022,"200-PROINNOVATE-EER1-2022","POTENCIACIÓN DIMENSIONAL DE 24-7 ARQUITECTURA\, A TRAVÉS DE ADOPCIÓN DE SISTEMA DIGITAL DE GESTIÓN DE PROYECTOS\, COMPLEMENTADO CON PLAN DE MANEJO DE CANALES ACTIVOS DE PROMOCIÓN VIRTUAL INDEPENDIENTES PARA CADA LÍNEA DE NEGOCIO OFERTADA.",20220719,20230719,"BOCANEGRA PALOMINO RODOLFO JAVIER","SAN BORJA","LIMA","LIMA",150130,34995.0000,4465.0000,7200.0000,"SOLES",20230706
"MIPYME Emprendedor","PROGRAMA EMERGENCIA EMPRESARIAL - MYPES REACTIVADAS - ALTERNATIVA 1",2022,"205-PROINNOVATE-EER1-2022","IMPLEMENTACIÓN DE UN ÁREA COMERCIAL MEDIANTE EL DESARROLLO DE UNA ESTRATEGIA DE MARKETING DIGITAL CON CAMPAÑAS EN REDES SOCIALES DE LA INDUSTRIA CALCAREA DEL NORTE S.R.L.",20220725,20230625,"INDUSTRIA CALCAREA DEL NORTE SRL","JOSE LEONARDO ORTIZ","CHICLAYO","LAMBAYEQUE",140105,34999.5000,4466.5000,7200.0000,"SOLES",20230706
"MIPYME Emprendedor","PROGRAMA DE APOYO A LA INTERNACIONALIZACIÓN MODALIDAD I - EMPRENDEDOR EXPORTADOR",2022,"206-PROINNOVATE-PAIM1-2022","INTERNACIONALIZAR EL COMERCIO DE LOS SERVICIOS DE INGENIERÍA EN SISTEMAS DE CONTROL DE PROCESO\, CON DESTINO A LA INDUSTRIA PESQUERA DE CHILE",20220812,20240212,"IDEA LAB S.A.C.","SANTIAGO DE SURCO","LIMA","LIMA",150140,69802.9900,7897.0100,0.0000,"SOLES",20230706
"MIPYME Emprendedor","PROGRAMA EMERGENCIA EMPRESARIAL - MYPES REACTIVADAS - ALTERNATIVA 1",2022,"207-PROINNOVATE-EER1-2022","FORTALECER Y DIGITALIZAR LOS PROCESOS DE GESTIÓN DE LAS OPERACIONES\, RELANZAR LA MARCA Y MEJORAR EL POSICIONAMIENTO DE LA EMPRESA DR. BTL",20220725,20230625,"DOCTOR BTL S.A.C.","MAGDALENA DEL MAR","LIMA","LIMA",150120,35000.0000,4466.6700,7200.0000,"SOLES",20230706
"MIPYME Emprendedor","EMPRENDIMIENTOS DINAMICOS",2022,"208-PROINNOVATE-EDI-2022","MUCHA CHITA: PESCADERÍAS QUE CONECTA LOS PRODUCTOS DE LA PESCA ARTESANAL CON LOS CONSUMIDORES",20220818,20230618,"MUCHA CHITA S.A.C.","","","","",150000.0000,43000.0000,22000.0000,"SOLES",20230706
"MIPYME Emprendedor","EMPRENDIMIENTOS DINAMICOS",2022,"209-PROINNOVATE-EDI-2022","SANIMAX: DTC ONLINE DE PRODUCTOS DE LIMPIEZA ECO AMIGABLES EN SACHET PARA DILUIR Y RECARGAR",20220804,20230804,"SANIMAX SOLUCIONES S.A.C.","","","","",149993.9000,42855.0000,21428.1000,"SOLES",20230706
"MIPYME Emprendedor","PROGRAMA EMERGENCIA EMPRESARIAL - MYPES REACTIVADAS - ALTERNATIVA 1",2022,"210-PROINNOVATE-EER1-2022","SERVICIO DE ALARMAS COMUNITARIAS ECOCIRCULARES PARA MEJORAR LA SEGURIDAD Y BIENESTAR DE LOS POBLADORES DE LA CIUDAD DE PIURA",20220801,20230801,"VASQUEZ CASTILLO DE VARGAS EMILIA MARCELA","PIURA","PIURA","PIURA",200101,35000.0000,4466.6700,7200.0000,"SOLES",20230706
"MIPYME Emprendedor","PROGRAMA EMERGENCIA EMPRESARIAL - MYPES REACTIVADAS - ALTERNATIVA 1",2022,"211-PROINNOVATE-EER1-2022","PREVENCIÓN DE RIESGOS DE SEGURIDAD Y SALUD EN EL TRABAJO - PROTOCOLOS DE BIOSEGURIDAD",20220805,20230705,"ROCA FUERTE INVERSIONES INMOBILIARIAS SAC - ROCA FUERTE I.I. SAC","SAN BORJA","LIMA","LIMA",150130,35000.0000,7066.6700,4600.0000,"SOLES",20230706
"MIPYME Emprendedor","EMPRENDEDORES INNOVADORES",2022,"212-PROINNOVATE-EIN-2022","KONSTRUEDU.COM: EDTECH ESPECIALIZADA EN LA CONSTRUCCIÓN 4.0",20220817,20230616,"JARA VILCA DHEIVIS YURY","","","","",55000.0000,15280.0000,8500.0000,"SOLES",20230706
"MIPYME Emprendedor","EMPRENDIMIENTOS DINAMICOS",2022,"213-PROINNOVATE-EDI-2022","ADFLY\,  AYUDAMOS A EMPRESAS A MEJORAR EL BIENESTAR DE SUS COLABORADORES",20220818,20230818,"ADFLY S.A.C.","","","","",149999.9000,42857.0000,21428.6700,"SOLES",20230706
"MIPYME Emprendedor","EMPRENDIMIENTOS DINAMICOS",2022,"214-PROINNOVATE-EDI-2022","TAPPERS\, PLATAFORMA DIGITAL DE COMIDA CASERA DELIVERY",20220818,20230818,"TAPPERS PERU S.A.C.","","","","",150000.0000,42900.0000,21400.0000,"SOLES",20230706
"MIPYME Emprendedor","EMPRENDIMIENTOS DINAMICOS",2022,"215-PROINNOVATE-EDI-2022","FITIA: APP SOCIAL DE NUTRICIÓN AUTOMATIZADA PARA PERDER PESO",20220818,20230818,"NUTRITION TECHNOLOGIES S.A.C","","","","",150000.0000,42857.1429,21428.5714,"SOLES",20230706
"MIPYME Emprendedor","EMPRENDIMIENTOS DINAMICOS",2022,"216-PROINNOVATE-EDI-2022","KUNAN SALUD\, APLICACIÓN  DE ATENCIONES MÉDICAS BAJO DEMANDA Y SERVICIOS COMPLEMENTARIOS DE SALUD Y BIENESTAR",20220818,20230818,"DTYZ SALUD CORP S.A.C.","","","","",150000.0000,42857.1429,21428.5714,"SOLES",20230706
"MIPYME Emprendedor","EMPRENDEDORES INNOVADORES",2022,"217-PROINNOVATE-EIN-2022","AYPHU: PANEL DE CONTROL WEB PARA LA ADMINISTRACIÓN DE SERVIDORES",20220817,20230517,"GAGO CASAS LUIS ALBERTO","","","","",55000.0000,0.0000,23571.4300,"SOLES",20230706
"MIPYME Emprendedor","EMPRENDEDORES INNOVADORES",2022,"218-PROINNOVATE-EIN-2022","PLATAFORMA JURIED",20220902,20230602,"ESPINOZA ORMEÑO JERSON MANUEL","","","","",55000.0000,7855.0000,15718.0000,"SOLES",20230706
"MIPYME Emprendedor","EMPRENDEDORES INNOVADORES",2022,"219-PROINNOVATE-EIN-2022","PAPAYA EXPRESS: ES LA PLATAFORMA QUE DIGITALIZA Y FACILITA EL SERVICIO DE DELIVERY.",20220817,20230816,"RAMIREZ CASIQUE RODDY MARCEL","","","","",59500.0000,3500.0000,20290.0000,"SOLES",20230706
"MIPYME Emprendedor","EMPRENDEDORES INNOVADORES",2022,"220-PROINNOVATE-EIN-2022","UWATEX",20221010,20230710,"CAXACORI STUDIO E.I.R.L.","","","","",54999.0000,14143.0000,9428.0000,"SOLES",20230706
"MIPYME Emprendedor","EMPRENDEDORES INNOVADORES",2022,"221-PROINNOVATE-EIN-2022","ECOFLY",20220914,20230614,"SANDRO JOE MARTINEZ VIDAL","","","","",55000.0000,11500.0000,12500.0000,"SOLES",20230706
"MIPYME Emprendedor","EMPRENDEDORES INNOVADORES",2022,"222-PROINNOVATE-EIN-2022","KLASEUNO",20221010,20230710,"EDUCATECH SERVICIOS GENERALES S.A.C.","","","","",55000.0000,8100.0000,15471.4300,"SOLES",20230706
"MIPYME Emprendedor","EMPRENDEDORES INNOVADORES",2022,"223-PROINNOVATE-EIN-2022","INCLUEDUCA: CAPACITACIÓN PARA REDUCIR LA BRECHA DE INCLUSIÓN LABORAL DE PERSONAS CON DISCAPACIDAD ",20220805,20230804,"SAAVEDRA HERRERA STEPHANY CHRIS","","","","",55000.0000,7560.0000,19000.0000,"SOLES",20230706
"MIPYME Emprendedor","EMPRENDIMIENTOS DINAMICOS",2022,"224-PROINNOVATE-EDI-2022","BAMBOO BALANCE PERU S.A.C.: ALTERNATIVAS SOSTENIBLES QUE REEMPLAZAN A LOS DESECHABLES DE USO DIARIO.",20220818,20230818,"BAMBOO BALANCE PERU S.A.C.","","","","",150000.0000,42857.1500,21428.5700,"SOLES",20230706
"MIPYME Emprendedor","EMPRENDEDORES INNOVADORES",2022,"225-PROINNOVATE-EIN-2022","LEATHERLAB: BIOREFINERÍA PARA LA PRODUCCIÓN DE BIOCUEROS.",20220817,20230716,"CASTILLO SEBASTIAN LUIS GUSTAVO","","","","",54999.0000,5300.0000,18271.0000,"SOLES",20230706
"MIPYME Emprendedor","EMPRENDEDORES INNOVADORES",2022,"226-PROINNOVATE-EIN-2022","FAMILY GRAINLOVE: CEREAL PAPILLA ORGÁNICO PARA INFANTES ",20220818,20230717,"LOS ANDES GRAINLIFE PERU EIRL","","","","",55000.0000,9000.0000,14580.0000,"SOLES",20230706
"MIPYME Emprendedor","EMPRENDIMIENTOS DINAMICOS",2022,"227-PROINNOVATE-EDI-2022","PROXIMITY\, DESARROLLO DE SOFTWARE DE APRENDIZAJE INMERSIVO PARA COLABORADORES EN RUBROS INDUSTRIALES\, MINERÍA Y ENERGÍA",20220818,20230718,"PROXIMITY S.A.C.","","","","",150000.0000,0.0000,64286.0000,"SOLES",20230706
"MIPYME Emprendedor","EMPRENDIMIENTOS DINAMICOS",2022,"228-PROINNOVATE-EDI-2022","ARISALE\, PLATAFORMA DE VENTAS OMNICANAL",20220818,20230818,"ARIGROUP S.A.C.","","","","",150000.0000,70000.0000,0.0000,"SOLES",20230706
"MIPYME Emprendedor","EMPRENDEDORES INNOVADORES",2022,"229-PROINNOVATE-EIN-2022","ZABIO: SUSTITUTOS ALIMENTICIOS DE UNA COMIDA COMPLETA APLICANDO BIOTECNOLOGÍA VEGETAL",20220817,20230517,"MORALES GUERRERO BRAYAN RANDY","","","","",55000.0000,10000.0000,14500.0000,"SOLES",20230706
"MIPYME Emprendedor","PROGRAMA EMERGENCIA EMPRESARIAL - MYPES REACTIVADAS - ALTERNATIVA 1",2022,"230-PROINNOVATE-EER1-2022","IMPLEMENTACIÓN DE TECNOLOGÍAS DIGITALES PARA LA REORIENTACIÓN DEL MODELO COMERCIAL Y EL FORTALECIMIENTO DE CAPACIDADES OPERATIVAS\, PARA APOYAR LAS REACTIVACIÓN DE DIKA AVENTURE TRAVEL EIRL.",20220802,20230802,"DIKA AVENTURE TRAVEL EIRL","MIRAFLORES","LIMA","LIMA",150122,35000.0000,4466.6700,7200.0000,"SOLES",20230706
"MIPYME Emprendedor","EMPRENDEDORES INNOVADORES",2022,"231-PROINNOVATE-EIN-2022","GAMARRA CLICK: MARKET PLACE PARA MYPES",20220818,20230518,"GESTORES LATINOAMERICANOS ASOCIADOS S.A.C.","","","","",52300.0000,15200.0000,7600.0000,"SOLES",20230706
"MIPYME Emprendedor","EMPRENDIMIENTOS DINAMICOS",2022,"232-PROINNOVATE-EDI-2022","LAUS: SOFTWARE DE SEGURIDAD Y SALUD OCUPACIONAL ",20220818,20230718,"WOALA S.A.C.","","","","",150000.0000,19286.0000,45000.0000,"SOLES",20230706
"MIPYME Emprendedor","EMPRENDIMIENTOS DINAMICOS",2022,"233-PROINNOVATE-EDI-2022","PORTERO SEGURO: PORTERÍA INTELIGENTE PARA EDIFICIOS RESIDENCIALES",20220818,20230818,"PORTERO SEGURO S.A.C","","","","",149400.0000,24067.0000,40000.0000,"SOLES",20230706
"MIPYME Emprendedor","EMPRENDIMIENTOS DINAMICOS",2022,"234-PROINNOVATE-EDI-2022","MITIENDA: PLATAFORMA AUTOGESTIONABLE DE COMERCIO ELECTRÓNICO DE TIENDAS VIRTUALES.",20220907,20230707,"TIENDAS VIRTUALES LATINOAMERICA S.A.C.","","","","",140000.0000,45000.0000,15000.0000,"SOLES",20230706
"MIPYME Emprendedor","EMPRENDIMIENTOS DINAMICOS",2022,"235-PROINNOVATE-EDI-2022","ARCUX: CAPACITACIÓN ONLINE PARA EL SECTOR DE LA CONSTRUCCIÓN",20220818,20230818,"ARCUX SOCIEDAD ANONIMA CERRADA - ARCUX S.A.C.","","","","",150000.0000,11047.0300,53238.6800,"SOLES",20230706
"MIPYME Emprendedor","EMPRENDIMIENTOS DINAMICOS",2022,"236-PROINNOVATE-EDI-2022","VOYANT\, PLATAFORMA DE MONITOREO PARA ASEGURAR LA CONFIABILIDAD OPERATIVA DE INFRAESTRUCTURA CRÍTICA",20220819,20230819,"VOYANT S.A.C.","","","","",150000.0000,25000.0000,39300.0000,"SOLES",20230706
"MIPYME Emprendedor","EMPRENDEDORES INNOVADORES",2022,"237-PROINNOVATE-EIN-2022","ISE- ACADEMY: EDTECH PARA LA INDUSTRIA MINERA Y CONSTRUCCIÓN.",20220902,20230602,"KEVIN RICHARD MÁRQUEZ PRIETO","","","","",55000.0000,6300.0000,19500.0000,"SOLES",20230706
"MIPYME Emprendedor","EMPRENDEDORES INNOVADORES",2022,"238-PROINNOVATE-EIN-2022","CLIENTE VIP: PLATAFORMA DIGITAL Y APP PARA FIDELIZACIÓN DE CLIENTES EN MYPES",20220817,20230716,"ENCINAS CHACCOLLA DAVID DANIEL","","","","",55000.0000,1080.0000,22495.0000,"SOLES",20230706
"MIPYME Emprendedor","EMPRENDEDORES INNOVADORES",2022,"239-PROINNOVATE-EIN-2022","EMBARCAR PERÚ: PANEL WEB DE VENTA DE PASAJES DE BUS ",20220916,20230616,"EMBARCAR PERU S.A.C.","","","","",55000.0000,7985.0000,16000.0000,"SOLES",20230706
"MIPYME Emprendedor","EMPRENDEDORES INNOVADORES",2022,"240-PROINNOVATE-EIN-2022","WUAYRURO\, PLATAFORMA DIGITAL PARA LA GESTIÓN DE VENTAS Y OPERACIONES PARA TOUR OPERADORES Y AGENCIAS DE VIAJES.",20220819,20230519,"SUCLLA VILLALOBOS JUAN HERNAN","","","","",55000.0000,6200.0000,18000.0000,"SOLES",20230706
"MIPYME Emprendedor","EMPRENDIMIENTOS DINAMICOS",2022,"241-PROINNOVATE-EDI-2022","SMART DOCTOR\, PERMITE A LAS EMPRESAS BRINDAR SERVICIOS DE SALUD Y BIENESTAR ACCESIBLES Y DE ALTA CALIDAD A SUS EMPLEADOS Y SUS FAMILIAS\, A TRAVÉS DE TELECONSULTAS.",20220819,20230819,"INNOVATION AND HEALTH TECHNOLOGIES S.A.C.","","","","",150000.0000,21200.0000,4308571.0000,"SOLES",20230706
"MIPYME Emprendedor","EMPRENDIMIENTOS DINAMICOS",2022,"242-PROINNOVATE-EDI-2022","MERCADILLO.PE\, MERCADO SALUDABLE ONLINE",20220819,20230719,"MERCADILLO PERU S.A.C","MIRAFLORES","LIMA","LIMA",150122,150000.0000,45000.0000,25000.0000,"SOLES",20230706
"MIPYME Emprendedor","EMPRENDEDORES INNOVADORES",2022,"243-PROINNOVATE-EIN-2022","AGRITRÓNICA: AUTOMATIZACIÓN DE RIEGO Y FERTILIZACIÓN.",20220819,20230519,"ZAPATA ZUÑIGA MANUEL ALBERTO","CHICLAYO","CHICLAYO","LAMBAYEQUE",140101,55000.0000,5400.0000,18172.0000,"SOLES",20230706
"MIPYME Emprendedor","EMPRENDEDORES INNOVADORES",2022,"244-PROINNOVATE-EIN-2022","CUENTOLOGÍA\, HERRAMIENTAS DE AUDIO PARA EL DESARROLLO EMOCIONAL DE LOS NIÑOS",20220819,20230519,"CUENTOLOGIA S.A.C.","","","","",55000.0000,3000.0000,20571.5000,"SOLES",20230706
"MIPYME Emprendedor","EMPRENDIMIENTOS DINAMICOS",2022,"245-PROINNOVATE-EDI-2022","DRONE FILMS PROJECT\, SOMOS UNA PRODUCTORA ESPECIALIZADA EN EL REGISTRO AUDIOVISUAL DE AVANCE DE OBRA.",20220819,20230819,"DRONE FP S.A.C.","","","","",150000.0000,42857.0000,21428.7100,"SOLES",20230706
"MIPYME Emprendedor","EMPRENDIMIENTOS DINAMICOS",2022,"246-PROINNOVATE-EDI-2022","CURSALAB\, PLATAFORMA PARA CAPACITACIÓN Y VALIDACIÓN DE APRENDIZAJE PARA EMPRESAS CON PERSONAL EN CAMPO O ATENCIÓN AL CLIENTE",20220819,20230819,"LA MEDIA DIGITAL LAB S.A.C.","","","","",150000.0000,21600.0000,42685.7100,"SOLES",20230706
"MIPYME Emprendedor","EMPRENDEDORES INNOVADORES",2022,"247-PROINNOVATE-EIN-2022","DOCTOC HEALTH",20220902,20230602,"MALPARTIDA PATRÓN DIEGO ENRIQUE","","","","",55000.0000,6000.0000,90000.0000,"SOLES",20230706
"MIPYME Emprendedor","FORTALECIMIENTO DE ENTIDADES DE SOPORTE AL EMPRENDIMIENTO - INCUBADORAS Y ACELERADORAS DE NEGOCIOS",2022,"248-PROINNOVATE-IAN-2022","INNOVAUL: CENTRO DE EMPRENDIMIENTO DE LA UNIVERSIDAD DE LIMA",20221006,20251006,"UNIVERSIDAD DE LIMA","SANTIAGO DE SURCO","LIMA","LIMA",150140,640227.6300,219424.3700,90000.0000,"SOLES",20230706
"MIPYME Emprendedor","EMPRENDIMIENTOS DINAMICOS",2022,"249-PROINNOVATE-EDI-2022","DOG HOUSER\, ALOJAMIENTO DE MASCOTAS EN CASAS DE FAMILIAS",20220907,20230907,"CORPORACION DOG HOUSER S.A.","","","","",150000.0000,4285.7100,60000.0000,"SOLES",20230706
"MIPYME Emprendedor","EMPRENDEDORES INNOVADORES",2022,"250-PROINNOVATE-EIN-2022","BRIGHTEAMS",20220902,20230602,"VERA RODRÍGUEZ ROCÍO JENNY","","","","",55000.0000,2499.2000,21071.8000,"SOLES",20230706
"MIPYME Emprendedor","EMPRENDEDORES INNOVADORES",2022,"251-PROINNOVATE-EIN-2022","EL EQUIPO DE TODOS",20220907,20230607,"PATOS LAB S.A.C.","","","","",54999.7000,23571.3000,0.0000,"SOLES",20230706
"MIPYME Emprendedor","EMPRENDEDORES INNOVADORES",2022,"252-PROINNOVATE-EIN-2022","LATERAL",20220919,20230619,"LATERAL COMPANY S.A.","","","","",55000.0000,4536.0000,19035.4300,"SOLES",20230706
"MIPYME Emprendedor","EMPRENDIMIENTOS DINAMICOS",2022,"253-PROINNOVATE-EDI-2022","LEGAL VENTURES: PROVEEDOR ALTERNATIVO DE SERVICIOS LEGALES QUE CONECTA ABOGADOS ON-DEMAND CON STARTUPS Y EMPRESAS",20220919,20230919,"LEGAL VENTURES","","","","",150000.0000,30357.1400,33928.5700,"SOLES",20230706
"MIPYME Emprendedor","EMPRENDEDORES INNOVADORES",2022,"254-PROINNOVATE-EIN-2022","FIRMEASY",20220907,20230607,"GIRASOL PE SOCIEDAD COMERCIAL DE RESPONSABILIDAD LIMITADA","","","","",55000.0000,9000.0000,14571.4300,"SOLES",20230706
"MIPYME Emprendedor","EMPRENDEDORES INNOVADORES",2022,"255-PROINNOVATE-EIN-2022","INSTACASH PREAUTH\, TECNOLOGIA DE GARANTIAS SAAS UTILIZANDO PRE-AUTORIZACIONES COMO COLATERAL",20220907,20230607,"INSTACASH PERU S.A.C.","","","","",46666.0000,0.0000,20000.0000,"SOLES",20230706
"MIPYME Emprendedor","EMPRENDEDORES INNOVADORES",2022,"256-PROINNOVATE-EIN-2022","FUTURE EATS: SERVICIO DE CREACIÓN DE MARCAS VIRTUALES PARA POTENCIAR LAS VENTAS DE LOS RESTAURANTES.",20220919,20230619,"LUCIO HOLDINGS S.A.C.","","","","",55000.0000,10000.0000,13574.0000,"SOLES",20230706
"MIPYME Emprendedor","EMPRENDIMIENTOS DINAMICOS",2022,"257-PROINNOVATE-EDI-2022","CUIDAMED: PLATAFORMA DE PATIENT ENGAGEMENT Y DIGITAL ADHERENCE IMPULSADA POR AI Y GAMIFICACIÓN",20220919,20230919,"TECHEALTH LAB S.A.C.","","","","",150000.0000,12960.0000,5132571.0000,"SOLES",20230706
"MIPYME Emprendedor","EMPRENDEDORES INNOVADORES",2022,"258-PROINNOVATE-EIN-2022","WAYRU PERÚ: DUCHAS PORTÁTILES QUE BRINDAN UNA HIGIENE SEGURA Y GENERAN AHORRO DEL AGUA",20220919,20230818,"WAYRU PERU S.A.C.","","","","",55000.0000,7899.0000,16000.0000,"SOLES",20230706
"MIPYME Emprendedor","EMPRENDIMIENTOS DINAMICOS",2022,"259-PROINNOVATE-EDI-2022","AULA\, PLATAFORMA DE ENTRENAMIENTO CORPORATIVO ONLINE PARA PROMOVER LA DIVERSIDAD\, IGUALDAD E INCLUSIÓN.",20220907,20230907,"GENDERLAB S.A.C.","","","","",150000.0000,21500.0000,42850.0000,"SOLES",20230706
"MIPYME Emprendedor","EMPRENDIMIENTOS DINAMICOS",2022,"260-PROINNOVATE-EDI-2022","MANZANA VERDE\, STARTUP DE ALIMENTACIÓN SALUDABLE CON QUE BRINDA MENÚS VARIADOS DIARIOS Y UN MARKETPLACE DE PRODUCTOS CÓMODOS PARA JÓVENES Y ADULTOS PREOCUPADOS POR SU SALUD. ",20220902,20230902,"CORPORACION DE ALIMENTOS BALANCEADOS S.A.C.","CASTILLA","PIURA","PIURA",200104,150000.0000,22285.7100,42000.0000,"SOLES",20230706
"MIPYME Emprendedor","EMPRENDEDORES INNOVADORES",2022,"261-PROINNOVATE-EIN-2022","PROPER\, BROKER DIGITAL DE INVERSIONES INMOBILIARIAS",20220902,20230602,"JORGE CAMPOS MIREZ","","","","",55000.0000,0.0000,25000.0000,"SOLES",20230706
"MIPYME Emprendedor","EMPRENDEDORES INNOVADORES",2022,"262-PROINNOVATE-EIN-2022","MAYUGO UNA PLATAFORMA DE EDUCACIÓN ONLINE PARA INGENIEROS.",20220919,20230619,"MAYUGO EDUCATION SOCIEDAD ANONIMA CERRADA","","","","",55000.0000,6857.1400,16714.2900,"SOLES",20230706
"MIPYME Emprendedor","EMPRENDEDORES INNOVADORES",2022,"263-PROINNOVATE-EIN-2022","KATAHUA",20221017,20230717,"ROMANI ALVARADO WILLIAM ANTONIO","","","","",55000.0000,3928.5700,19642.8500,"SOLES",20230706
"MIPYME Emprendedor","EMPRENDIMIENTOS DINAMICOS",2022,"264-PROINNOVATE-EDI-2022","CIRSYS",20220919,20230919,"COMPUTER INTEGRATED RECYCLE SYSTEMS S.A.C. - CIRSYS S.A.C.","","","","",150000.0000,8200.0000,56200.0000,"SOLES",20230706
"MIPYME Emprendedor","EMPRENDIMIENTOS DINAMICOS",2022,"265-PROINNOVATE-EDI-2022","TAMI SALESBOT INMOBILIARIO",20220919,20230919,"COPROYECTA S.A.C.","","","","",150000.0000,14286.0000,50000.0000,"SOLES",20230706
"MIPYME Emprendedor","EMPRENDIMIENTOS DINAMICOS",2022,"266-PROINNOVATE-EDI-2022","GEOMATIC GREEN S.A.C",20220919,20230919,"GEOMATIC - GREEN S.A.C.","","","","",150000.0000,15490.0000,48795.7100,"SOLES",20230706
"MIPYME Emprendedor","EMPRENDIMIENTOS DINAMICOS",2022,"267-PROINNOVATE-EDI-2022","BABY LOLI: BOLSAS DE DORMIR PARA BEBÉS Y TEXTILES ESPECIALIZADOS EN LA MEJORA DEL SUEÑO",20220919,20230919,"LOLI CO. S.A.C.","","","","",150000.0000,24300.0000,41785.0000,"SOLES",20230706
"MIPYME Emprendedor","EMPRENDEDORES INNOVADORES",2022,"268-PROINNOVATE-EIN-2022","MOVERS UP",20220914,20230614,"PORRAS ALVAREZ BRETHSY","","","","",55000.0000,2728.0000,23850.0000,"SOLES",20230706
"MIPYME Emprendedor","EMPRENDEDORES INNOVADORES",2022,"269-PROINNOVATE-EIN-2022","KALABAZA FOODS\, COMIDA ULTRA-CONGELADA EMPACADA AL ALTO-VACÍO CON RECETAS DE TOP CHEF PERUANOS E INTERNACIONALES",20220907,20230607,"KALABAZA FOODS S.A.C.","","","","",55000.0000,13306.1300,10265.3000,"SOLES",20230706
"MIPYME Emprendedor","EMPRENDEDORES INNOVADORES",2022,"270-PROINNOVATE-EIN-2022","PRIMAL INSTINCT\, PLATAFORMA QUE PERMITE LA VENTA DE ROPA DEPORTIVA A TRAVÉS DE SU PROPIA MARCA GENERANDO COMUNIDAD.",20220919,20230619,"PRIMAL GROUP S.A.C.","","","","",55000.0000,5760.0000,17811.4300,"SOLES",20230706
"MIPYME Emprendedor","EMPRENDEDORES INNOVADORES",2022,"271-PROINNOVATE-EIN-2022","FARMANIACOS",20220915,20230615,"CHUCO ROSAS ELVIS CHRISTIAN","","","","",55000.0000,6300.0000,18000.0000,"SOLES",20230706
"MIPYME Emprendedor","EMPRENDEDORES INNOVADORES",2022,"272-PROINNOVATE-EIN-2022","KAPOK-CONCEIBA ",20220919,20230619,"KAPOKPERU S.A.C.","","","","",55000.0000,7380.0000,16191.4300,"SOLES",20230706
"MIPYME Emprendedor","EMPRENDEDORES INNOVADORES",2022,"275-PROINNOVATE-EIN-2022","FIBER CLASS\, ES UN EQUIPO ELECTRÓNICO CON TECNOLOGÍA DE INTELIGENCIA ARTIFICIAL QUE CLASIFICA LAS FIBRAS DE ALPACAS POR CALIDADES",20220914,20230713,"QUISPE BONILLA CARLOS CHRISTIAN","","","","",55000.0000,13000.0000,12500.0000,"SOLES",20230706
"MIPYME Emprendedor","EMPRENDIMIENTOS DINAMICOS",2022,"276-PROINNOVATE-EDI-2022","INVERSIONES IO\, PLATAFORMA DIGITAL PARA EL MERCADO DE PRÉSTAMOS ",20221003,20230803,"INVERSIONES.IO S.A.C.","","","","",150000.0000,20000.0000,44285.7100,"SOLES",20230706
"MIPYME Emprendedor","EMPRENDEDORES INNOVADORES",2022,"278-PROINNOVATE-EIN-2022","SIARA\, SISTEMA WEB PARA CONTROL Y SEGUIMIENTO DE PROYECTOS DE INVERSIÓN PÚBLICA.",20220907,20230607,"INKADEVS S.A.C.","","","","",55000.0000,9000.0000,14572.4000,"SOLES",20230706
"MIPYME Emprendedor","EMPRENDIMIENTOS DINAMICOS",2022,"279-PROINNOVATE-EDI-2022","DOCTOR CV\, PLATAFORMA DE DIAGNÓSTICO ONLINE DE CURRÍCULUM VITAE UTILIZANDO INTELIGENCIA ARTIFICIAL",20220907,20230907,"DOCTOR CV S.A.C.","","","","",150000.0000,37930.0000,27000.0000,"SOLES",20230706
"MIPYME Emprendedor","EMPRENDEDORES INNOVADORES",2022,"280-PROINNOVATE-EIN-2022","TRANXPORTA\, SOFTWARE AS A SERVICE (SAAS) DONDE LAS EMPRESAS DE TRANSPORTE DE CARGA PESADA LLEVAN EL CONTROL DE TODAS SUS OPERACIONES EN TIEMPO REAL.",20220907,20230607,"TARGOX PERU S.A.C.","","","","",55000.0000,6440.0000,17400.0000,"SOLES",20230706
"MIPYME Emprendedor","EMPRENDIMIENTOS DINAMICOS",2022,"281-PROINNOVATE-EDI-2022","DOCTOCLIQ LITE\, APLICACIÓN PARA GESTIÓN DE CONSULTORIOS.",20220907,20230807,"ZOLUPRO S.A.C.","","","","",150000.0000,16856.0000,55900.0000,"SOLES",20230706
"MIPYME Emprendedor","EMPRENDIMIENTOS DINAMICOS",2022,"282-PROINNOVATE-EDI-2022","THE HUB: SMART FULFILLMENT PARA ECOMMERCE ",20220919,20230719,"HAP SELLERS S.A.C.","","","","",150000.0000,42857.0000,21429.0000,"SOLES",20230706
"MIPYME Emprendedor","EMPRENDIMIENTOS DINAMICOS",2022,"283-PROINNOVATE-EDI-2022","BIO NATURAL COVER: RECUBRIMIENTO PARA FRUTAS POSTCOSECHA ORGÁNICO. ",20220919,20230919,"BIO NATURAL SOLUTIONS S.A.C.","","","","",150000.0000,42857.1400,21428.5700,"SOLES",20230706
"MIPYME Emprendedor","EMPRENDEDORES INNOVADORES",2022,"284-PROINNOVATE-EIN-2022","ILLARIY THREADS4DREAMS:  HILOS Y PRENDAS ARTESANALES DE BABY ALPACA DE COLORES NATURALES",20220907,20230806,"ILLA BIODIVERSIDAD Y DESARROLLO S.A.C.","","","","",55000.0000,1530.0000,22042.0000,"SOLES",20230706
"MIPYME Emprendedor","EMPRENDEDORES INNOVADORES",2022,"285-PROINNOVATE-EIN-2022","UNICORN ACADEMY LATAM: PROGRAMA ONLINE DE CAPACITACIÓN EN INGLÉS PARA PROFESIONALES TECH",20220902,20230502,"ZAPATA PFLUCKER CARLOS AUGUSTO","","","","",55000.0000,11571.4300,12000.0000,"SOLES",20230706
"MIPYME Emprendedor","EMPRENDEDORES INNOVADORES",2022,"286-PROINNOVATE-EIN-2022","MED 3D: SERVICIOS DE PLANIFICACIÓN E IMPRESIÓN 3D MÉDICA ESPECIALIZADA",20220907,20230706,"MED 3D S.A.C. BIC","","","","",55000.0000,13380.0000,15000.0000,"SOLES",20230706
"MIPYME Emprendedor","EMPRENDIMIENTOS DINAMICOS",2022,"287-PROINNOVATE-EDI-2022","INKAN NEGRO SAC",20220919,20230919,"INKAN NEGRO S.A.C.","","","","",150000.0000,20000.0000,45000.0000,"SOLES",20230706
"MIPYME Emprendedor","EMPRENDIMIENTOS DINAMICOS",2022,"288-PROINNOVATE-EDI-2022","TILLADORA INTEGRADA A UNA ZARADA BIBRATORIA PARA EL ANALISIS FISICO DE MUESTRAS DE CAFE PERGAMINO",20220919,20230719,"ANDES AMAZONICOS S.A.C.","","","","",150000.0000,64286.0000,0.0000,"SOLES",20230706
"MIPYME Emprendedor","EMPRENDEDORES INNOVADORES",2022,"289-PROINNOVATE-EIN-2022","TYNDA\, APLICACIÓN MÓVIL DE COMERCIO SOCIAL QUE AYUDA A LOS RESTAURANTES A RETENER Y FIDELIZAR A SUS CLIENTES\, USANDO NUESTRO ALGORITMO INTELIGENTE CAPAZ DE PREDECIR Y ANTICIPARSE A SUS PREFERENCIAS.",20220914,20230614,"GAVIDIA ROSALES JEAN CARLO GALI","CHIMBOTE","SANTA","ANCASH",021801,55000.0000,1278.0000,24000.0000,"SOLES",20230706
"MIPYME Emprendedor","EMPRENDEDORES INNOVADORES",2022,"290-PROINNOVATE-EIN-2022","QUIRU\, SOLUCIÓN SAAS QUE PERMITE A LOS ODONTÓLOGOS SIN ASISTENTE REDUCIR EL TIEMPO DE REGISTRO DOCUMENTARIO.",20220914,20230614,"GARCÍA AYACHI RAMÓN","","","","",55000.0000,2864.7000,25500.0000,"SOLES",20230706
"MIPYME Emprendedor","EMPRENDEDORES INNOVADORES",2022,"291-PROINNOVATE-EIN-2022","BANKEA\, MARKETPLACE DE PRODUCTOS FINANCIEROS QUE PERMITE A LOS USUARIOS CONOCER\, COMPARAR Y CONTRATAR INMEDIATAMENTE LAS OFERTAS QUE LAS ENTIDADES FINANCIERAS TIENEN YA PREAPROBADAS PARA ELLOS",20221010,20230710,"CO-BANKING S.A.C.","","","","",55000.0000,13572.0000,10000.0000,"SOLES",20230706
"MIPYME Emprendedor","EMPRENDEDORES INNOVADORES",2022,"292-PROINNOVATE-EIN-2022","TIENDADA\, HACEMOS QUE VENDER ONLINE SEA FÁCIL\, RÁPIDO Y ACCESIBLE",20220919,20230619,"SIMPLE Y FACIL CORP S.A.C.","","","","",55000.0000,0.0000,23571.4300,"SOLES",20230706
"MIPYME Emprendedor","EMPRENDEDORES INNOVADORES",2022,"293-PROINNOVATE-EIN-2022","CYBER EYE\, EQUIPO DE VISIÓN ARTIFICIAL PARA EL CONTROL DE INVENTARIOS AUTOMATIZADO EN TIEMPO REAL",20220919,20230619,"TECH INNOVATION S.A.C.","","","","",55000.0000,7103.7000,16467.7300,"SOLES",20230706
"MIPYME Emprendedor","EMPRENDEDORES INNOVADORES",2022,"294-PROINNOVATE-EIN-2022","TENMÁS\, APLICACIÓN DE CASHBACK EN BITCOINS",20221115,20230715,"TENMAS S.A.C.","","","","",55000.0000,15670.0000,7900.0000,"SOLES",20230706
"MIPYME Emprendedor","EMPRENDIMIENTOS DINAMICOS",2022,"295-PROINNOVATE-EDI-2022","CLICKER\,  PLATAFORMA SAAS QUE AYUDA A LAS EMPRESAS DEL SECTOR AUTOMOTRIZ A INTEGRAR\, CONSOLIDAR Y PROCESAR DIVERSAS FUENTES DE LEADS CON EL OBJETIVO DE MEJORAR EL PERFORMANCE DE SUS CANALES DIGITALES Y SUS VENTAS",20220919,20230719,"STARTECH VENTURES S.A.C.","MAGDALENA DEL MAR","LIMA","LIMA",150120,150000.0000,27000.0000,37285.7143,"SOLES",20230706
"MIPYME Emprendedor","EMPRENDIMIENTOS DINAMICOS",2022,"296-PROINNOVATE-EDI-2022","BLUE SHARK PURIFICATION: DESINFECCIÓN DE ALIMENTOS CON OZONO GASEOSO PRODUCIDO CON LUZ ULTRAVIOLETA",20220919,20230719,"BLUE SHARK CONSTRUCCIONES S.A.C.","","","","",150000.0000,43000.0000,23000.0000,"SOLES",20230706
"MIPYME Emprendedor","FORTALECIMIENTO DE ENTIDADES DE SOPORTE AL EMPRENDIMIENTO - INCUBADORAS Y ACELERADORAS DE NEGOCIOS",2022,"297-PROINNOVATE-IAN-2022","SCALE\, INCUBADORA DE EMPRENDIMIENTOS DE IMPACTO",20220916,20250916,"SOSTENIBILIDAD & CAPACITACIONES EN LIDERAZGO EMPRESARIAL","LIMA","LIMA","LIMA",150101,642754.8700,0.0000,0.0000,"SOLES",20230706
"FINCYT III","PROYECTOS DE VALIDACIÓN DE LA INNOVACIÓN",2022,"298-PROINNOVATE-PIEC2-2022","VALIDACIÓN TÉCNICO - COMERCIAL Y EMPAQUETAMIENTO\, PARA LA INDUSTRIA NACIONAL E INTERNACIONAL\, DE ANÁLOGOS VEGETALES DEL QUESO EN BASE A CONCENTRADOS DE ARVEJA (PISUM SATIVUM)",20220913,20230613,"MARCIANO VEGANO S.A.C.","PACHACAMAC","LIMA","LIMA",150123,53651.0400,16196.9600,37500.0000,"SOLES",20230706
"MIPYME Emprendedor","FORTALECIMIENTO DE ENTIDADES DE SOPORTE AL EMPRENDIMIENTO - INCUBADORAS Y ACELERADORAS DE NEGOCIOS",2022,"299-PROINNOVATE-IAN-2022","ZSPORTS LAB - INCUBADORA EMPRENDIMIENTOS DEPORTIVOS LATAM",20220907,20250907,"ZSPORTS SOCIEDAD ANONIMA CERRADA","MAGDALENA DEL MAR","LIMA","LIMA",150120,639887.0600,243118.6400,99000.0000,"SOLES",20230706
"MIPYME Emprendedor","EMPRENDEDORES INNOVADORES",2022,"300-PROINNOVATE-EIN-2022","TUESPACIO247\, PLATAFORMA SAAS PARA POTENCIAR LA PRÁCTICA PROFESIONAL DE SALUD MENTAL",20221010,20230610,"ALFACORP SOLUTIONS S.A.C.","","","","",55000.0000,7857.0000,15714.0000,"SOLES",20230706
"MIPYME Emprendedor","EMPRENDIMIENTOS DINAMICOS",2022,"301-PROINNOVATE-EDI-2022","METTA TECHNOLOGIES\,  TECNOLOGÍA PARA PURIFICACIÓN Y DESINFECCIÓN DE AIRE",20220919,20230819,"METTA TECHNOLOGIES SAC","","","","",150000.0000,21428.6000,42857.4000,"SOLES",20230706
"FINCYT III","PROYECTOS DE VALIDACIÓN DE LA INNOVACIÓN",2022,"302-PROINNOVATE-PIEC2-2022","VALIDACIÓN TÉCNICA Y COMERCIAL DE PLACAS ANTIDESGASTE (LINERS)\, UTILIZADAS EN LA INDUSTRIA MINERA\, SEGÚN DISEÑO DE LA PATENTE 000715-2017/DIN",20220921,20230721,"FUNDICION FERROSA SOCIEDAD ANONIMA CERRADA","ATE","LIMA","LIMA",150103,449963.5500,79273.4500,206050.0000,"SOLES",20230706
"FINCYT III","PROYECTOS DE VALIDACIÓN DE LA INNOVACIÓN",2022,"303-PROINNOVATE-PIEC2-2022","VALIDACIÓN TÉCNICA COMERCIAL DE TANKEA ? ECOSISTEMA DIGITAL DE NEGOCIOS ENTRE CONSUMIDORES DE COMBUSTIBLES\, GASOLINERAS Y COMERCIOS",20220921,20230721,"PECANO SOFTWARE S.A.C.","MAGDALENA DEL MAR","LIMA","LIMA",150120,240082.2100,80407.7900,159676.0000,"SOLES",20230706
"FINCYT III","PROYECTOS DE VALIDACIÓN DE LA INNOVACIÓN",2022,"304-PROINNOVATE-PIEC2-2022","VALIDACIÓN Y EMPAQUETAMIENTO DE LA PLATAFORMA WEB REXTIE (SERVICIO DE CAMBIO DE DIVISAS ROBOTIZADO) PARA PYMES Y PERSONAS EN ONTARIO\, CANADÁ",20220921,20230721,"REXTIE S.A.C.","SAN ISIDRO","LIMA","LIMA",150131,447301.0100,83454.1900,205900.0000,"SOLES",20230706
"MIPYME Emprendedor","EMPRENDEDORES INNOVADORES",2022,"305-PROINNOVATE-EIN-2022","WUFMART: UN SUPERMERCADO PARA MASCOTAS QUE SUPER AYUDA.",20220919,20230619,"PROYECTOS CANINOS S.A.C. - PROCAN S.A.C.","","","","",55000.0000,4320.1400,19251.4300,"SOLES",20230706
"MIPYME Emprendedor","EMPRENDIMIENTOS DINAMICOS",2022,"306-PROINNOVATE-EDI-2022","LINKMINERS",20220919,20230919,"INFINITY GLOBAL SOLUTIONS SOCIEDAD ANONIMA CERRADA","SAN BORJA","LIMA","LIMA",150130,150000.0000,16920.0000,47400.0000,"SOLES",20230706
"FINCYT III","PROYECTOS DE VALIDACIÓN DE LA INNOVACIÓN",2022,"307-PROINNOVATE-PIEC2-2022","VALIDACIÓN Y EMPAQUETAMIENTO DEL PROTOTIPO TIPO SKATEBOARD DEPORTIVO RASBOARD 2.0 MECÁNICO USADO PARA DESLIZAMIENTO EN PENDIENTES.",20220921,20230721,"CONX S.A.C.","CHORRILLOS","LIMA","LIMA",150108,120227.3700,20211.5300,54170.0000,"SOLES",20230706
"MIPYME Emprendedor","PROGRAMA EMERGENCIA EMPRESARIAL - MYPES REACTIVADAS - ALTERNATIVA 2",2022,"308-PROINNOVATE-EER2-2022","IMPLEMENTAR  TRANSFERENCIAS DE CONOCIMIENTOS POR MEDIO DE LAS MEJORAS EN LA EFICIENCIA EN LA PRODUCTIVIDAD E INCORPORACIÓN DE HERRAMIENTAS TIC EN LA INDUSTRIA DEL CUERO EN LA CIUDAD DE AREQUIPA",20220908,20230808,"C & G ASESORIA INTEGRAL S.A.C.","AREQUIPA","AREQUIPA","AREQUIPA",040101,175000.0000,0.0000,0.0000,"SOLES",20230706
"MIPYME Emprendedor","PROGRAMA EMERGENCIA EMPRESARIAL - MYPES REACTIVADAS - ALTERNATIVA 1",2022,"309-PROINNOVATE-EER1-2022","DIAGNÓSTICO E IMPLEMENTACIÓN DE UN PLAN DE ACCIÓN PARA FORTALECER LA OFERTA TURÍSTICA PARA LA REACTIVACIÓN DE ECOLUCERNA LODGE UBICADO EN TAMBOPATA\, PUERTO MALDONADO.",20220926,20230826,"NINA DE QUISPE JULIANA","TAMBOPATA","TAMBOPATA","MADRE DE DIOS",170101,35000.0000,4466.6700,7200.0000,"SOLES",20230706
"MIPYME Emprendedor","PROGRAMA EMERGENCIA EMPRESARIAL - MYPES REACTIVADAS - ALTERNATIVA 1",2022,"310-PROINNOVATE-EER1-2022","GENERAR VALOR  AGREGADO A PARTIR DE LOS RESIDUOS DEL PROCESO DE LIMPIEZA\, LAVADO Y SELECCIÓN DE QUINUA EN GRANO PARA INCREMENTAR LAS VENTAS EN 20%\,  AL INTRODUCIR DOS  NUEVOS PRODUCTOS CON VALOR AGREGADO",20220909,20230809,"JIWRA SOCIEDAD ANONIMA CERRADA - JIWRA S.A.C.","SANTA RITA DE SIGUAS","AREQUIPA","AREQUIPA",040121,35000.0000,11846.6700,8820.0000,"SOLES",20230706
"MIPYME Emprendedor","EMPRENDEDORES INNOVADORES",2022,"311-PROINNOVATE-EIN-2022","MEDLINK.LA \, ECOSISTEMA DIGITAL DE SALUD\, ENTREGANDO PARA PRESTADORES DE SERVICIOS DE SALUD INFRAESTRUCTURA TECNOLÓGICA QUE IMPULSA SU PRODUCTIVIDAD\, RENTABILIDAD Y CRECIMIENTO",20221012,20230712,"MEDLINK S.A.C.","","","","",55000.0000,13600.0000,10000.0000,"SOLES",20230706
"MIPYME Emprendedor","PROGRAMA EMERGENCIA EMPRESARIAL - MYPES REACTIVADAS - ALTERNATIVA 1",2022,"312-PROINNOVATE-EER1-2022","REACTIVAR LA EMPRESA FREE MOVIL COMUNICACIONES E.I.R.L. MEDIANTE LA IMPLEMENTACIÓN DE UN ÁREA DE CALL CENTER APOYADO CON ESTRATEGIAS EFECTIVAS DE MARKETING\, COMERCIALIZACIÓN Y VENTAS.",20220912,20230912,"FREE MOVIL COMUNICACIONES E.I.R.L.","JOSE LUIS BUSTAMANTE Y RIVERO","AREQUIPA","AREQUIPA",040129,35000.0000,4466.6700,7200.0000,"SOLES",20230706
"MIPYME Emprendedor","PROGRAMA EMERGENCIA EMPRESARIAL - MYPES REACTIVADAS - ALTERNATIVA 1",2022,"313-PROINNOVATE-EER1-2022","IMPLEMENTACIÓN DE UNA ESTRATEGIA DIGITAL PARA EL INCREMENTO DE LAS VENTAS Y CLIENTES",20220907,20230907,"LIZZY WASI E.I.R.L.","URUBAMBA","URUBAMBA","CUSCO",081301,35000.0000,7066.6700,4600.0000,"SOLES",20230706
"FINCYT III","PROYECTOS DE VALIDACIÓN DE LA INNOVACIÓN",2022,"314-PROINNOVATE-PIEC2-2022","VALIDACIÓN TÉCNICA Y COMERCIAL DE UN PROCESO DE TRATAMIENTO EN BASE A UNA SOLUCIÓN QUÍMICA A T° Y HR% CONTROLADA PARA DISMINUIR CARGA ENDOTOXINAS EN HILO QUIRÚRGICO ABSORBIBLE CATGUT (TRIPA DE VACUNO) PARA SU EXPORTACIÓN.",20220913,20230713,"STC (PERU) S.A.C.","SANTA ANITA","LIMA","LIMA",150137,447789.4800,75572.1200,148975.0000,"SOLES",20230706
"MIPYME Emprendedor","EMPRENDEDORES INNOVADORES",2022,"315-PROINNOVATE-EIN-2022","RAZECOL100: ADHESIVO ENTOMOLÓGICO PARA EL CONTROL DE PLAGAS EN LA CADENA DE PRODUCCIÓN DE ALIMENTOS",20221019,20230719,"TACHYON-S2 S.A.C.","","","","",55000.0000,8100.0000,15475.0000,"SOLES",20230706
"MIPYME Emprendedor","EMPRENDEDORES INNOVADORES",2022,"316-PROINNOVATE-EIN-2022","PIXMAP",20221017,20230617,"LINARES TORRES FREDDY","SANTIAGO DE SURCO","LIMA","LIMA",150140,55000.0000,0.0000,26000.0000,"SOLES",20230706
"FINCYT III","PROYECTOS DE VALIDACIÓN DE LA INNOVACIÓN",2022,"317-PROINNOVATE-PIEC2-2022","VALIDACIÓN TÉCNICA\, COMERCIAL Y EMPAQUETAMIENTO  DE CUATRO PRODUCTOS A BASE DE MANTO Y TENTÁCULOS DE POTA AROMATIZADOS NATURALMENTE Y EN ENVASES FLEXIBLES",20221012,20230912,"PESQUERA ZUAR S.A.C.","VENTANILLA","PROV. CONST. DEL CALLAO","CALLAO",070106,194791.6800,107073.3200,88216.0000,"SOLES",20230706
"MIPYME Emprendedor","EMPRENDEDORES INNOVADORES",2022,"318-PROINNOVATE-EIN-2022","TU SUELDO YA: SOLUCIÓN DIGITAL QUE BRINDA A LOS COLABORADORES ACCEDER A SU SALARIO DE MANERA DIARIA",20221012,20230712,"SERVICIOS FINANCIEROS DIGITALES S.A.C","","","","",55000.0000,23571.4300,0.0000,"SOLES",20230706
"FINCYT III","PROYECTOS DE VALIDACIÓN DE LA INNOVACIÓN",2022,"319-PROINNOVATE-PIEC2-2022","VALIDACIÓN TÉCNICA Y COMERCIAL DEL SERVICIO DE LAVADO EN SECO Y ACABADO DE PRENDAS TEXTILES (ALPACA\, VICUÑA\, ALGODÓN\, SEDA Y LINO) CON PARÁMETROS ESTANDARIZADOS E INSUMOS ECOLÓGICOS EN LA REGIÓN DE  AREQUIPA.",20221012,20230812,"REACTIVOS JEANS S.R.L.","CERRO COLORADO","AREQUIPA","AREQUIPA",040104,397985.6100,68606.4900,159665.0000,"SOLES",20230706
"MIPYME Emprendedor","EMPRENDIMIENTOS DINAMICOS",2022,"320-PROINNOVATE-EDI-2022","TANDIA: SISTEMA DE GESTIÓN Y FACTURACIÓN ELECTRÓNICA PARA MYPES",20221019,20231019,"TANDIA S.A.C.","","","","",150000.0000,23000.0000,42000.0000,"SOLES",20230706
"MIPYME Emprendedor","PROGRAMA EMERGENCIA EMPRESARIAL - MYPES REACTIVADAS - ALTERNATIVA 2",2022,"321-PROINNOVATE-EER2-2022","FORTALECIMIENTO ARTICULADO DE NUESTROS PROCESOS OPERATIVOS E INTERNACIONALIZACIÓN DEL CALZADO TRUJILLANO PARA LA REACTIVACIÓN",20221014,20231014,"CONSORCIO RCA PERÚ","SAN ISIDRO","LIMA","LIMA",150131,96750.0000,0.0000,0.0000,"SOLES",20230706
"FINCYT III","PROYECTOS DE VALIDACIÓN DE LA INNOVACIÓN",2022,"322-PROINNOVATE-PIEC2-2022","VALIDACIÓN DE MALLALIMP: UN DETERGENTE ENZIMÁTICO Y BIODEGRADABLE PARA USO EN LA LIMPIEZA DE BIOFOULING (ALGAS\, BIOINCRUSTANTES\, BIOFILMS) DE LAS MALLAS DE JAULAS DE CULTIVO DE TRUCHAS",20220928,20230828,"GOLD SYSTEMS & SERVICE SOCIEDAD ANONIMA CERRADA - GOLD SYSTEMS & SERVICE S.A.C","CARABAYLLO","LIMA","LIMA",150106,359999.9600,60000.0400,134200.0000,"SOLES",20230706
"MIPYME Emprendedor","PROGRAMA EMERGENCIA EMPRESARIAL - MYPES REACTIVADAS - ALTERNATIVA 1",2022,"323-PROINNOVATE-EER1-2022","IMPLEMENTACIÓN DE SISTEMA A MEDIDA PARA LA DIGITALIZACIÓN DE LOS PROCESOS INTERNOS Y LA GESTIÓN COMERCIAL DE LA EMPRESA ILUSIONES Y SECRETOS EIRL\, PARA MEJORAR LA EFICIENCIA EN SUS OPERACIONES E INCREMENTAR SUS VENTAS.",20220919,20230919,"ILUSIONES & SECRETOS E.I.R.L.","PIURA","PIURA","PIURA",200101,34995.0000,8265.0000,3400.0000,"SOLES",20230706
"FINCYT III","PROYECTOS DE VALIDACIÓN DE LA INNOVACIÓN",2022,"326-PROINNOVATE-PIEC2-2022","VALIDACIÓN DE SISTEMA INNOVADOR DE ACABADO ELECTROFORÉTICO\, QUE PERMITA ALCANZAR LLAVES Y JALADORES DE CIERRE\, CON ACABADO TIPO ESPEJO ULTRABRILLANTE\, QUE CUMPLAN CON LOS ESTÁNDARES DE CALIDAD INTERNACIONAL",20221010,20230810,"CORPORACION REY S.A.","CALLAO","PROV. CONST. DEL CALLAO","CALLAO",070101,450000.0000,75010.0000,210699.9900,"SOLES",20230706
"MIPYME Emprendedor","PROGRAMA EMERGENCIA EMPRESARIAL - MYPES REACTIVADAS - ALTERNATIVA 1",2022,"327-PROINNOVATE-EER1-2022","MEJORA DE PROCESOS EN LA EMPRESA GUAYOS INVERSIONES SAC\, CON EL FIN DE LOGRAR LA REACTIVACIÓN ECONÓMICA",20220921,20230921,"GUAYOS INVERSIONES SOCIEDAD ANONIMA CERRADA - GUAYOS INVERSIONES S.A.C.","VILLA RICA","OXAPAMPA","PASCO",190307,35000.0000,7066.6700,4600.0000,"SOLES",20230706
"MIPYME Emprendedor","EMPRENDEDORES INNOVADORES",2022,"328-PROINNOVATE-EIN-2022","X-CAMBIO.COM: CASA DE CAMBIO PHYGITAL",20221019,20230719,"GO FINTECH S.A.C.","","","","",55000.0000,27600.0000,6000.0000,"SOLES",20230706
"MIPYME Emprendedor","EMPRENDEDORES INNOVADORES",2022,"329-PROINNOVATE-EIN-2022","NEREUZ\, DESARROLLO DE TECNOLOGÍAS ACUÁTICAS DE MUESTREO Y ESTIMACIÓN DE BIOMASA PARA LA ACUICULTURA",20221017,20230717,"VENTURA VASQUEZ ROSA MARIA","","","","",55000.0000,360.0000,23571.4300,"SOLES",20230706
"MIPYME Emprendedor","PROGRAMA EMERGENCIA EMPRESARIAL - MYPES REACTIVADAS - ALTERNATIVA 1",2022,"330-PROINNOVATE-EER1-2022","OPTIMIZACIÓN DE LOS RECURSOS Y MAQUINARIAS DE LA CURTIEMBRE JACINTO ROA PARA DAR FLUIDEZ AL PROCESO PRODUCTIVO CON IMPACTO EN LA MEJORA DE LA CALIDAD DEL PRODUCTO Y REDUCCIÓN DE LOS NIVELES DE CONTAMINACIÓN QUE CONTRIBUYAN A SU REACTIVACIÓN ECONÓMICA",20220920,20230920,"ROA CHURATA JACINTO","CERRO COLORADO","AREQUIPA","AREQUIPA",040104,33750.0000,6650.0000,4600.0000,"SOLES",20230706
"MIPYME Emprendedor","PROGRAMA EMERGENCIA EMPRESARIAL - MYPES REACTIVADAS - ALTERNATIVA 1",2022,"331-PROINNOVATE-EER1-2022","OPTIMIZACION DE PROCESOS Y MEJORAMIENTO DE LA SOSTENIBILIDAD DEL HOTEL SUITES HUANUCO PAMPA",20221003,20230903,"CORPORACION HOTELERA SUITES HUANUCO PAMPA S.A.","HUANUCO","HUANUCO","HUANUCO",100101,34500.0000,4300.0000,7200.0000,"SOLES",20230706
"FINCYT III","Startup Perú PLUG - Atracción de Emprendedores extranjeros",2022,"332-PROINNOVATE-INS-2022","ANTARA SOLUTIONS SPA: SOFTWARE PARA MINERÍA",20220929,20230629,"ANTARA SOLUTIONS PERU S.A.C.","","","","",38000.0000,10980.0000,5440.0000,"DOLARES",20230706
"MIPYME Emprendedor","EMPRENDEDORES INNOVADORES",2022,"333-PROINNOVATE-EIN-2022","FLATPACK: MUEBLES QUE BUSCAN LA SIMPLICIDAD EN EL DISEÑO Y ARMADO.       ",20221110,20230810,"CHAVEZ DIEZ\, JIMENA","","","","",55000.0000,6000.0000,17575.0000,"SOLES",20230706
"MIPYME Emprendedor","EMPRENDEDORES INNOVADORES",2022,"335-PROINNOVATE-EIN-2022","\"DEL COLCA\" LECHUGAS ACUAPÓNICAS",20221110,20230610,"YANAPAQ CONSULTORES S.A.C.","","","","",55000.0000,0.0000,24000.0000,"SOLES",20230706
"FINCYT III","PROYECTOS DE VALIDACIÓN DE LA INNOVACIÓN",2022,"336-PROINNOVATE-PIEC2-2022","VALIDACIÓN TÉCNICA\, COMERCIAL Y EMPAQUETAMIENTO DE ECOPACAYA 4.0\, PLATAFORMA DE REALIDAD AUMENTADA PARA EL TURISMO DE INVESTIGACIÓN Y ECOTURISMO EN LA RESERVA PRIVADA PACAYA SAMIRIA AMAZON LODGE\, LORETO",20221001,20230801,"NEGOCIOS TURISTICOS MARAÑON S.A.C.","BELEN","MAYNAS","LORETO",160112,396568.8200,69475.5700,165012.0000,"SOLES",20230706
"MIPYME Emprendedor","EMPRENDIMIENTOS DINAMICOS",2022,"337-PROINNOVATE-EDI-2022","GO BARMAN - COMPLEMENTOS PARA COCTELERÍA",20221019,20231019,"GO BARMAN GROUP S.A.C.","","","","",150000.0000,27706.1400,38867.7100,"SOLES",20230706
"MIPYME Emprendedor","PROGRAMA EMERGENCIA EMPRESARIAL - MYPES REACTIVADAS - ALTERNATIVA 1",2022,"338-PROINNOVATE-EER1-2022","OPTIMIZACIÓN DE LOS PROCESOS OPERATIVOS Y DE MARKETING CON EL USO DE HERRAMIENTAS TECNOLÓGICAS DE EMPRENDIMIENTO HOTELERO \"LA CUEVA Y CENTRIKA\" DE LA REGIÓN SAN MARTIN.",20220926,20230626,"CANARIO TELLO LICETH MARLENY","MOYOBAMBA","MOYOBAMBA","SAN MARTIN",220101,34500.0000,4300.0000,7200.0000,"SOLES",20230706
"MIPYME Emprendedor","EMPRENDIMIENTOS DINAMICOS",2022,"340-PROINNOVATE-EDI-2022","FLOREVER PERU\, DESARROLLO Y EXPANSIÓN DE LA FRANQUICIA PERUANAERUANA FLOREVER PERÚ. ",20221115,20231015,"FLORERIA DEL SUR S.A.C.","","","","",150000.0000,0.0000,64284.0000,"SOLES",20230706
"MIPYME Emprendedor","EMPRENDEDORES INNOVADORES",2022,"341-PROINNOVATE-EIN-2022","CORRIENTE: PLATAFORMA INTERNACIONAL DE NETWORKING PARA PROFESIONALES DE LA MÚSICA",20221019,20230719,"REPRODUCTORA S.A.C.","","","","",55000.0000,17150.0000,8000.0000,"SOLES",20230706
"MIPYME Emprendedor","PROGRAMA EMERGENCIA EMPRESARIAL - MYPES REACTIVADAS - ALTERNATIVA 1",2022,"342-PROINNOVATE-EER1-2022","INCORPORACIÓN DE UNA PLATAFORMA WEB PARA FORTALECER LOS PROCESOS DE GESTIÓN Y DE MARKETING DIGITAL EN LA EMPRESA SALE & SERVICE EIRL",20221004,20231004,"SALE & SERVICE E.I.R.L.","SAN JUAN DE LURIGANCHO","LIMA","LIMA",150132,26250.0000,3350.0000,5400.0000,"SOLES",20230706
"MIPYME Emprendedor","EMPRENDIMIENTOS DINAMICOS",2022,"344-PROINNOVATE-EDI-2022","MIBOLSILLO",20221110,20230910,"MIBOLSILLO FINANCIAL TECHNOLOGIES S.A.C.","","","","",150000.0000,45000.0000,19285.7100,"SOLES",20230706
"MIPYME Emprendedor","EMPRENDIMIENTOS DINAMICOS",2022,"345-PROINNOVATE-EDI-2022","HANGERTIPS\, CONTAMOS HISTORIAS DEL PERÚ A TRAVÉS DE PRODUCTOS Y MEDIOS DIGITALES.",20221019,20231019,"OWITH S.A.C","SURQUILLO","LIMA","LIMA",150141,150000.0000,9900.0000,54385.7200,"SOLES",20230706
"MIPYME Emprendedor","PROGRAMA EMERGENCIA EMPRESARIAL - MYPES REACTIVADAS - ALTERNATIVA 1",2022,"346-PROINNOVATE-EER1-2022","DESARROLLO DE UNA PLATAFORMA DIGITAL PARA LA MEJORA DE LA EFICACIA Y EFICIENCIA DE LOS PROCESOS DE VERIFICACIÓN Y CONTROL DE MEDIDORES DE ENERGÍA ELÉCTRICA A USUARIOS DOMICILIARIOS E INDUSTRIALES",20221018,20231018,"TECNOLOGIA DESARROLLO Y MEDICION SOCIEDAD COMERCIAL DE RESPONSABIILIDAD LIMITADA  TDEM S.R.L.","LOS OLIVOS","LIMA","LIMA",150117,35000.0000,7066.6700,4600.0000,"SOLES",20230706
"MIPYME Emprendedor","PROGRAMA EMERGENCIA EMPRESARIAL - MYPES REACTIVADAS - ALTERNATIVA 1",2022,"347-PROINNOVATE-EER1-2022","IMPLEMENTACIÓN DE PLATAFORMA E-COMMERCE PARA LA EMPRESA YP TRAVEL PARA EL AUMENTO DE LOS CANALES DE VENTA.",20221018,20231018,"YP TRAVEL E.I.R.L.","SANTIAGO DE SURCO","LIMA","LIMA",150140,30000.0000,3520.0000,6480.0000,"SOLES",20230706
"MIPYME Emprendedor","PROGRAMA EMERGENCIA EMPRESARIAL - MYPES REACTIVADAS - ALTERNATIVA 1",2022,"348-PROINNOVATE-EER1-2022","FORTALECIMIENTO DE LOS PROCESOS DE LA EMPRESA EXPORTADORA JOMATEX SRL PARA ALCANZAR LA REACTIVACIÓN ECONÓMICA",20221010,20231010,"JOMATEX S.R.L.","JULIACA","SAN ROMAN","PUNO",211101,35000.0000,7066.6700,4600.0000,"SOLES",20230706
"FINCYT III","Startup Perú PLUG - Atracción de Emprendedores extranjeros",2022,"349-PROINNOVATE-INS-2022","LA PIZARRA DEL DT: EDUCACIÓN DE FUTBOL ONLINE",20221205,20230805,"GRAO MELIM VICTOR GABRIEL","","","","",38000.0000,10900.0000,5400.0000,"DOLARES",20230706
"MIPYME Emprendedor","EMPRENDEDORES INNOVADORES",2022,"350-PROINNOVATE-EIN-2022","PAQARI SOFTWARE B2B EN LA NUBE ESPECIALIZADO EN EMPRESAS DISTRIBUIDORAS Y MAYORISTAS",20221019,20230719,"CD SOFTWARE SERVICE S.A.C.","","","","",55000.0000,3105.0000,20466.4300,"SOLES",20230706
"FINCYT III","PROYECTOS DE VALIDACIÓN DE LA INNOVACIÓN",2022,"351-PROINNOVATE-PIEC2-2022","VALIDACIÓN DE CONSORCIOS MICROBIANOS NATIVOS QUE FAVORECEN LA RECUPERACIÓN DE PAISAJES MINEROS Y PREVIENEN LA FORMACIÓN DE AGUAS ÁCIDAS",20221019,20230919,"MINERA LA ZANJA S.R.L.","SAN ISIDRO","LIMA","LIMA",150131,450000.0000,85426.8300,94600.0000,"SOLES",20230706
"FINCYT III","PROYECTOS DE VALIDACIÓN DE LA INNOVACIÓN",2022,"352-PROINNOVATE-PIEC2-2022","VALIDACIÓN TÉCNICA Y COMERCIAL DE TINTES NATURALES\, BASADO EN PLANTAS TINTÓREAS DE MADRE DE DIOS Y CUSCO\, OBTENIDOS A TRAVÉS DE UN SISTEMA INNOVADOR DE TEÑIDO SOSTENIBLE.",20221018,20230818,"WT SOURCING PERU SOCIEDAD ANONIMA CERRADA BIC - WT SOURCING PERU S.A.C. BIC","SANTIAGO DE SURCO","LIMA","LIMA",150140,450000.0000,90624.0100,183500.0000,"SOLES",20230706
"MIPYME Emprendedor","FORTALECIMIENTO DE ENTIDADES DE SOPORTE AL EMPRENDIMIENTO - INCUBADORAS Y ACELERADORAS DE NEGOCIOS",2022,"353-PROINNOVATE-IAN-2022","IMPLEMENTACIÓN DEL MODELO VENTURE STUDIO EN LA INCUBADORA DE EMPRESAS INNICIA",20221114,20251114,"UNIVERSIDAD CATOLICA DE SANTA MARIA","AREQUIPA","AREQUIPA","AREQUIPA",040101,628105.3600,0.0000,0.0000,"SOLES",20230706
"FINCYT III","PROYECTOS DE INNOVACIÓN EMPRESARIAL",2022,"354-PROINNOVATE-PIEC1-2022","DESARROLLO DEL PROCESO PARA ENVASES BIODEGRADABLES A BASE DE HIDROCOLOIDES Y BAGAZO DE CAÑA CON INTEGRACIÓN DE POLÍMEROS D2W PARA COBERTURA INTERNA QUE MEJORE SU RESISTENCIA AL CALOR\, HUMEDAD Y ACIDEZ DEL ALIMENTO EN EL DEPARTAMENTO DE LIMA",20221109,20230809,"QAPAC RUNA E.I.R.L.","LA VICTORIA","LIMA","LIMA",150115,291670.8400,78129.1600,214991.4700,"SOLES",20230706
"FINCYT III","CONCURSO FORTALECIMIENTO ESTRATÉGICO DE CENTROS DE EXTENSIÓN Y TRANSFERENCIA TECNOLÓGICA (CET) - PRIMERA FASE",2022,"355-PROINNOVATE-CET-2022","FORTALECIMIENTO DE LA COMPETITIVIDAD DE LAS EMPRESAS QUE DESARROLLAN ACTIVIDADES ARTESANALES Y TURÍSTICAS DE LA REGIÓN LAMBAYEQUE A TRAVÉS DE LA MEJORA DE LOS SERVICIOS DE TRANSFERENCIA TECNOLÓGICA BRINDADOS POR EL CITE SIPÁN",20230601,20231201,"MINISTERIO DE COMERCIO EXTERIOR Y TURISMO","","","","",190000.0000,0.0000,41020.0000,"SOLES",20230706
"MIPYME Emprendedor","PROGRAMA EMERGENCIA EMPRESARIAL - MYPES REACTIVADAS - ALTERNATIVA 1",2022,"356-PROINNOVATE-EER1-2022","IMPLEMENTACIÓN DE UNA ESTRATEGIA DE MARKETING DIGITAL\, DESARROLLO DE PRODUCTOS Y SISTEMA DE COSTEO PARA LA REACTIVACIÓN ECONÓMICA DE LA EMPRESA \"ALLIN CAUSAI E.I.R.L.\"",20221021,20231021,"ALLIN CAUSAI E.I.R.L.","SANTIAGO DE SURCO","LIMA","LIMA",150140,35000.0000,7066.6700,4600.0000,"SOLES",20230706
"MIPYME Emprendedor","PROGRAMA EMERGENCIA EMPRESARIAL - MYPES REACTIVADAS - ALTERNATIVA 1",2022,"357-PROINNOVATE-EER1-2022","OPTIMIZACIÓN DE PROCESOS DE PRODUCCIÓN ECO AMIGABLES IMPLEMENTANDO UN SISTEMA DE RECIRCULACIÓN DE BAÑOS DE CROMO\, PARA MEJORAR LA CALIDAD DEL PRODUCTO Y RECUPERACIÓN DE MERCADOS DE LA EMPRESA \"CURMA PERU E.I.R.L.\".",20221019,20231019,"CURMA PERU E.I.R.L.","CERRO COLORADO","AREQUIPA","AREQUIPA",040104,33750.0000,6650.0000,4600.0000,"SOLES",20230706
"MIPYME Emprendedor","PROGRAMA EMERGENCIA EMPRESARIAL - MYPES REACTIVADAS - ALTERNATIVA 1",2022,"359-PROINNOVATE-EER1-2022","IMPLEMENTACIÓN DE HERRAMIENTAS TECNOLÓGICAS\, LINEAMIENTOS\, MECANISMOS DE SEGURIDAD Y GESTIÓN DOCUMENTARIA PARA LA REORIENTACIÓN\, FORTALECIMIENTO O RECONVERSIÓN DE LOS PROCESOS FRENTE A HECHOS DE SOBORNO Y CUMPLIMIENTO LEGAL EN MATERIA DE SEGURIDAD DEL TRABAJO",20221017,20231017,"COBROS EXPRESS SOCIEDAD ANONIMA CERRADA - COBROS EXPRESS  S.A.C.","LIMA","LIMA","LIMA",150101,34995.0000,7065.0000,7200.0000,"SOLES",20230706
"FINCYT III","Startup Perú PLUG - Atracción de Emprendedores extranjeros",2022,"360-PROINNOVATE-INS-2022","KRINO: RPA CONVERSACIONAL READY-TO-USE",20221012,20230712,"KRINO S.A.C","","","","",38000.0000,10858.0000,5428.0000,"DOLARES",20230706
"FINCYT III","PROYECTOS DE VALIDACIÓN DE LA INNOVACIÓN",2022,"363-PROINNOVATE-PIEC2-2022","VALIDACIÓN (TÉCNICA-COMERCIAL) Y EMPAQUETAMIENTO DE SET DE CONVERSIÓN DE SILLA DE RUEDAS MANUAL A SILLA DE RUEDAS ELÉCTRICA.",20221111,20230711,"V & M MAQUINARIAS S.A.C.","SAN LUIS","LIMA","LIMA",150134,351833.9400,58079.0500,126200.0000,"SOLES",20230706
"MIPYME Emprendedor","PROGRAMA EMERGENCIA EMPRESARIAL - MYPES REACTIVADAS - ALTERNATIVA 1",2022,"364-PROINNOVATE-EER1-2022","RECUPERACIÓN DEL MERCADO INTERNACIONAL CON LA IMPLEMENTACIÓN DE UNA PLATAFORMA DIGITAL DE VENTAS Y COMUNICACIÓN PARA LA EMPRESA ALPACAS ANDINAS.",20221027,20231027,"GRUPO LISSA E.I.R.L.","SANTIAGO DE SURCO","LIMA","LIMA",150140,26250.0000,3350.0000,5400.0000,"SOLES",20230706
"FINCYT III","CONCURSO DE PROYECTOS COLABORATIVOS DE INNOVACIÓN ABIERTA",2022,"366-PROINNOVATE-CPCC2-2022","IDENTIFICACIÓN DE DESAFÍOS Y SELECCIÓN DE SOLUCIONES INNOVADORAS CON INNOVACIÓN ABIERTA EN EL SECTOR ENERGÍA Y OPERACIONES DE LA EMPRESA RED DE ENERGÍA DEL PERÚ",20221116,20230816,"RED DE ENERGIA DEL PERU SA","SAN ISIDRO","LIMA","LIMA",150131,163474.5700,29425.4300,55000.0000,"SOLES",20230706
"MIPYME Emprendedor","PROGRAMA EMERGENCIA EMPRESARIAL - MYPES REACTIVADAS - ALTERNATIVA 1",2022,"367-PROINNOVATE-EER1-2022","RECUPERACIÓN DE MERCADOS Y CLIENTES PARA LA EMPRESA MALABARES USANDO PLATAFORMAS ONLINE Y OFFLINE",20221125,20231125,"ZAPATA INNOCENZI JAVIER IGNACIO","SANTIAGO DE SURCO","LIMA","LIMA",150140,35000.0000,7066.6700,4600.0000,"SOLES",20230706
"FINCYT III","PROYECTOS DE VALIDACIÓN DE LA INNOVACIÓN",2022,"370-PROINNOVATE-PIEC2-2022","VALIDACIÓN (TÉCNICA-COMERCIAL) Y EMPAQUETAMIENTO DE LA PLATAFORMA PROTOTIPO \"LEGENDARY\"\, PARA MONITOREAR EL PROCESO DE COSTURA EN TIEMPO REAL Y MEDIR ÍNDICES DE DESEMPEÑO DE CADA LÍNEA DE PRODUCCIÓN Y DEL TRABAJADOR\, EN LA EMPRESA TEXTIL DEL VALLE S.A.C.B.I.C.",20221111,20230711,"TEXTIL DEL VALLE S.A.","CHINCHA BAJA","CHINCHA","ICA",110204,448508.4700,77691.5300,173700.0000,"SOLES",20230706
"FINCYT III","PROYECTOS DE INNOVACIÓN EMPRESARIAL",2022,"371-PROINNOVATE-PIEC1-2022","PRODUCCIÓN DE OMEGA 3\, DHA\, EPA Y OTROS COMPUESTOS BIOACTIVOS PROVENIENTES DEL CULTIVO BIOTECNOLOGICO DE MICROALGAS COMO INSUMO DE IMPORTANCIA PARA PROMOVER LA SALUD CARDIOVASCULAR Y CEREBRAL EN LA FABRICACIÓN DE UNA MEJORADA E INNOVADORA CONSERVA DE PESCADO",20221108,20230908,"CRIS GER FRAC S.A.C.","COISHCO","SANTA","ANCASH",021803,299618.6600,36210.8200,34501.0400,"SOLES",20230706
"FINCYT III","PROYECTOS DE INNOVACIÓN EMPRESARIAL",2022,"372-PROINNOVATE-PIEC1-2022","DESARROLLO DE UNA TECNOLOGÍA BASADA EN SIMULACIONES DE LLUVIA PARA LA REPRODUCCIÓN EN CAUTIVERIO DE PAICHE (ARAPAIMA GIGAS) CON LA FINALIDAD DE INCREMENTAR LA PRODUCCIÓN DE ALEVINOS EN LA REGIÓN UCAYALI.",20221108,20230908,"AMAZON AQUACULTURE S.A.C.","CAMPOVERDE","CORONEL PORTILLO","UCAYALI",250102,150000.0000,25530.0000,32910.0000,"SOLES",20230706
"FINCYT III","PROYECTOS DE INNOVACIÓN EMPRESARIAL",2022,"374-PROINNOVATE-PIEC1-2022","DESARROLLO DE UN PROTOTIPO DE DESGRANADORA PARA MAÍZ AMILÁCEO SECO CON LA ADAPTACIÓN DEL PRINCIPIO MECÁNICO DE GIRO EXCÉNTRICO Y SELECCIÓN CIRCULAR EN LA EMPRESA RDJ INGENIEROS PARA REDUCIR LA TASA DE DESCARTE POR DAÑO MECÁNICO DEL GRANO",20221108,20230808,"RDJ INGENIEROS SOCIEDAD ANONIMA CERRADA - RDJ INGENIEROS S.A.C.","SAPALLANGA","HUANCAYO","JUNIN",120133,147629.1600,17057.3400,25850.0000,"SOLES",20230706
"FINCYT III","PROYECTOS DE INNOVACIÓN EMPRESARIAL",2022,"375-PROINNOVATE-PIEC1-2022","DESARROLLO DE UN PROCESO DE RECUPERACIÓN DE AZUCARES DEL MUCILAGO PARA SU INCORPORACIÓN EN LA FORMULACIÓN DE UN CHOCOLATE 100 % CACAO DE ORIGEN AMAZONAS DE CALIDAD DE EXPORTACIÓN PARA REYCAL COMPANY S.A.C.",20221110,20230810,"REYCAL COMPANY S.A.C.","SAN ISIDRO","LIMA","LIMA",150131,149997.9800,15022.0200,10250.0000,"SOLES",20230706
"MIPYME Emprendedor","PROGRAMA EMERGENCIA EMPRESARIAL - MYPES REACTIVADAS - ALTERNATIVA 1",2022,"376-PROINNOVATE-EER1-2022","FORTALECIMIENTO DEL ÁREA COMERCIAL MEDIANTE ESTRATEGIAS DE DIFUSIÓN DIGITAL ENFOCADA EN LA REACTIVACIÓN DE LA EMPRESA \"ÁGUILA DEL SUR E.I.R.L.\"",20221102,20230802,"E.T.T.T. AGUILA DEL SUR E.I.R.L.","CUSCO","CUSCO","CUSCO",080101,35000.0000,4466.6700,7200.0000,"SOLES",20230706
"FINCYT III","CONCURSO DE PROYECTOS COLABORATIVOS DE INNOVACIÓN ABIERTA",2022,"377-PROINNOVATE-CPCC2-2022","PROYECTO DE INNOVACIÓN ABIERTA QUE SE ENFOCA EN DESARROLLO DE SOLUCIONES SISTÉMICAS  DE FORMA COLABORATIVA ENTRE LOS DIFERENTES ACTORES DE LA CADENA DE VALOR DEL CACAO DE MACHU PICCHU FOODS S.A.C.",20221111,20230911,"MACHU PICCHU FOODS S.A.C.","SAN ISIDRO","LIMA","LIMA",150131,300000.0000,55200.0000,85000.0000,"SOLES",20230706
"FINCYT III","PROYECTOS DE INNOVACIÓN EMPRESARIAL",2022,"378-PROINNOVATE-PIEC1-2022","\"DESARROLLO DE UN ALIMENTO PROTEICO CONCENTRADO CON INCLUSION DE AMINOACIDOS Y RESIDUOS DE FRUTAS PARA ALIMENTACIÓN DE COLMENAS DE ABEJAS DE FOUR BEES S.A.C.\"",20221121,20230721,"FOUR BEES S.A.C.","SANTA MARIA","HUAURA","LIMA",150810,149060.9200,39379.0800,110600.0000,"SOLES",20230706
"FINCYT III","Startup Perú PLUG - Atracción de Emprendedores extranjeros",2022,"379-PROINNOVATE-INS-2022","EDIPRO\, SISTEMA OPERATIVO PARA EDIFICIOS",20221109,20230809,"EDIPRO PERU SAC","","","","",38000.0000,15500.0000,1000.0000,"DOLARES",20230706
"FINCYT III","PROYECTOS DE INNOVACIÓN EMPRESARIAL",2022,"380-PROINNOVATE-PIEC1-2022","INNOVACIÓN EN MATERIALES ECOAMIGABLES PARA LA FABRICACIÓN DE TABLAS DE SURF MINIMIZANDO EL IMPACTO AMBIENTAL EN EL PERÚ",20221111,20230811,"VAZECH SOCIEDAD ANONIMA CERRADA","MIRAFLORES","LIMA","LIMA",150122,140186.4400,37313.5600,102900.0000,"SOLES",20230706
"FINCYT III","Startup Perú PLUG - Atracción de Emprendedores extranjeros",2022,"381-PROINNOVATE-INS-2022","LICITALAB : SAAS PARA AUMENTO DE VENTAS AL ESTADO",20221026,20230726,"LICITALAB S.A.C","","","","",38000.0000,10858.0000,5428.0000,"DOLARES",20230706
"FINCYT III","Startup Perú PLUG - Atracción de Emprendedores extranjeros",2022,"382-PROINNOVATE-INS-2022","CAMIÓNGO: TECNOLOGÍA PARA EL TRANSPORTE DE CARGA",20221027,20230627,"CAMION GO PERU S.A.C.","","","","",38000.0000,10857.1400,5428.5700,"DOLARES",20230706
"FINCYT III","Startup Perú PLUG - Atracción de Emprendedores extranjeros",2022,"383-PROINNOVATE-INS-2022","GLASST MATERIALES SOSTENIBLES PARA LA CONSTRUCCIÓN",20221027,20230727,"GLASST PERU S.A.C.","","","","",38000.0000,16785.0000,5000.0000,"DOLARES",20230706
"FINCYT III","Startup Perú PLUG - Atracción de Emprendedores extranjeros",2022,"384-PROINNOVATE-INS-2022","ESCALAB: MERCADO DE HABILIDADES Y EMPLEABILIDAD TE",20221107,20230707,"ESCALAB PERU S.A.C.","","","","",38000.0000,11000.0000,5428.0000,"DOLARES",20230706
"FINCYT III","PROYECTOS DE INNOVACIÓN EMPRESARIAL",2022,"385-PROINNOVATE-PIEC1-2022","DISEÑO E IMPLEMENTACIÓN DE UN SISTEMA DE CONTROL DE RENDIMIENTO DE BAJO COSTO\, DE ALTA USABILIDAD Y FÁCIL ACCESO\, QUE FACILITE LA EVALUACIÓN DE PRODUCTIVIDAD E IMPLEMENTACIÓN DE POLÍTICAS DE INCENTIVOS EN PEQUEÑAS Y MICRO EMPRESAS DE PERÚ Y LATINOAMÉRICA",20221111,20230711,"INNGRESA S.A.C.","LOS OLIVOS","LIMA","LIMA",150117,150000.0000,40500.0000,110000.0000,"SOLES",20230706
"FINCYT III","Startup Perú PLUG - Atracción de Emprendedores extranjeros",2022,"386-PROINNOVATE-INS-2022","BUNKEY: TRAZABILIDAD DE CAMPAÑAS PUBLICITARIAS",20221027,20230727,"BUNKEY DEL PERÚ S.A.C","","","","",37973.0000,11444.0000,4834.0000,"DOLARES",20230706
"FINCYT III","Startup Perú PLUG - Atracción de Emprendedores extranjeros",2022,"387-PROINNOVATE-INS-2022","IMPORTO FÁCIL\, LA PRIMERA PLATAFORMA DE IMPORTACIONES COLECTIVAS PARA PYMES DE URUGUAY Y PERÚ.",20221107,20230807,"IMPORTO FACIL S.A.C.","","","","",38000.0000,10858.0000,5400.0000,"DOLARES",20230706
"MIPYME Emprendedor","PROGRAMA EMERGENCIA EMPRESARIAL - MYPES REACTIVADAS - ALTERNATIVA 1",2022,"388-PROINNOVATE-EER1-2022","OPTIMIZAR Y AUTOMATIZAR LA GESTIÓN DE LAS VENTAS Y LOS PROCESOS INTERNOS DE LA EMPRESA ANDEAN EXPLORER CUSCO CON EL FIN DE AUMENTAR Y OPTIMIZAR NUESTRAS VENTAS A CLIENTES DIRECTOS",20221102,20231002,"INVERSIONES TURISTICAS ANDEAN EXPLORER'S CUSCO EMPRESA INDIVIDUAL DE RESPONSABILIDAD LIMITADA - ITAE","SAN SEBASTIAN","CUSCO","CUSCO",080105,35000.0000,4466.6700,7200.0000,"SOLES",20230706
"FINCYT III","Startup Perú PLUG - Atracción de Emprendedores extranjeros",2022,"389-PROINNOVATE-INS-2022","NIMBI: PLATAFORMA DE GESTIÓN DE ÉXITO ESTUDIANTIL",20221027,20230627,"NIMBI S.A.C.","","","","",38000.0000,10857.1500,5428.5700,"DOLARES",20230706
"FINCYT III","Startup Perú PLUG - Atracción de Emprendedores extranjeros",2022,"390-PROINNOVATE-INS-2022","DATUP: PLATAFORMA PARA PRONOSTICAR LA DEMANDA",20221104,20230704,"DATUP IA COMPANY S.A.C.","","","","",37900.0000,13285.0000,3000.0000,"DOLARES",20230706
"FINCYT III","Startup Perú PLUG - Atracción de Emprendedores extranjeros",2022,"391-PROINNOVATE-INS-2022","OMNIX\, SAAS B2B DE INTELIGENCIA ARTIFICIAL ",20221115,20230815,"OMNIX PERÚ S.A.C.","","","","",38000.0000,10858.0000,5428.0000,"DOLARES",20230706
"FINCYT III","Startup Perú PLUG - Atracción de Emprendedores extranjeros",2022,"392-PROINNOVATE-INS-2022","DELTAX\, LA PLATAFORMA DIGITAL DE TRANSPORTE DE CARGA PARA LA REGIÓN ANDINA",20221107,20230707,"DELTAX PERÚ S.A.C.","","","","",38000.0000,10860.0000,5426.0000,"DOLARES",20230706
"FINCYT III","Startup Perú PLUG - Atracción de Emprendedores extranjeros",2022,"393-PROINNOVATE-INS-2022","FIRMAVIRTUAL: NOTARÍA ONLINE CON FIRMA ELECTRÓNICA",20221109,20230809,"SIGNIT S.A.C.","","","","",38000.0000,16722.0000,6000.0000,"DOLARES",20230706
"MIPYME Emprendedor","EMPRENDEDORES INNOVADORES",2022,"394-PROINNOVATE-EIN-2022","GOVLINK: PLATAFORMA QUE UNE LA OFERTA GOVTECH CON LA DEMANDA DE GOBIERNOS EN UN ÚNICO PUNTO DIGITAL",20221115,20230815,"MARÍA ALEJANDRA LOURDES LLOSA RICKETTS","","","","",55000.0000,4655.0000,18920.0000,"SOLES",20230706
"MIPYME Emprendedor","PROGRAMA EMERGENCIA EMPRESARIAL - MYPES REACTIVADAS - ALTERNATIVA 1",2022,"395-PROINNOVATE-EER1-2022","DESARROLLO DE UN PLAN INTEGRAL DE MARKETING PARA \"SIN ENVOLTURAS\" E INICIO DE LA REESTRUCTURACIÓN DE NUESTRA PLATAFORMA DIGITAL",20221103,20230903,"SIN ENVOLTURAS S.A.C.","MIRAFLORES","LIMA","LIMA",150122,35000.0000,4466.6700,7200.0000,"SOLES",20230706
"MIPYME Emprendedor","PROGRAMA EMERGENCIA EMPRESARIAL - MYPES REACTIVADAS - ALTERNATIVA 1",2022,"396-PROINNOVATE-EER1-2022","FORTALECIMIENTO DE LA EMPRESA CALZADOS VERCHELI A TRAVÉS DE LA OPTIMIZACIÓN PRODUCTIVA Y GESTIÓN COMERCIAL PARA CADA LÍNEA DE PRODUCTO.",20221102,20231102,"GUTIERREZ VERGEL ALDEMIR DONALD","EL PORVENIR","TRUJILLO","LA LIBERTAD",130102,33000.0000,3800.0000,7200.0000,"SOLES",20230706
"FINCYT III","PROYECTOS DE VALIDACIÓN DE LA INNOVACIÓN",2022,"397-PROINNOVATE-PIEC2-2022","VALIDACIÓN TÉCNICA Y COMERCIAL\, Y EMPAQUETAMIENTO DEL PROTOTIPO DE PRÓTESIS DE MANO PARCIAL (PMP) ASISTIDA POR BRAZALETE MIOELÉCTRICO (\"I-MOVE\")\, HECHA EN EL PERÚ\, PERSONALIZABLE PARA CADA PACIENTE\, FUNCIONAL Y ACCESIBLE ECONÓMICAMENTE",20221116,20230816,"KYP - BIO INGEN S.A.C.","LOS OLIVOS","LIMA","LIMA",150117,156892.0000,47478.0000,109414.0000,"SOLES",20230706
"MIPYME Emprendedor","PROGRAMA EMERGENCIA EMPRESARIAL - MYPES REACTIVADAS - ALTERNATIVA 1",2022,"403-PROINNOVATE-EER1-2022","RECONVERSIÓN PARCIAL DEL ÁREA DE ATENCIÓN AL CLIENTE DEL RESTO-BAR MAKALA PARA FORTALECER EL NEGOCIO A TRAVÉS DEL SERVICIO DE KARAOKE EN EL CENTRO DE PIURA",20221110,20230710,"EL MAKALA'S E.I.R.L.","PIURA","PIURA","PIURA",200101,34999.5000,7066.5000,7200.0000,"SOLES",20230706
"MIPYME Emprendedor","PROGRAMA EMERGENCIA EMPRESARIAL - MYPES REACTIVADAS - ALTERNATIVA 1",2022,"404-PROINNOVATE-EER1-2022","FORTALECIMIENTO DEL MODELO DE GESTIÓN COMERCIAL MEDIANTE LA IMPLEMENTACIÓN DE UN WEBSITE CON DOSSIER FOTOGRÁFICO Y DE VÍDEO VIRTUAL Y ESTRATEGIA INTEGRAL DE MARKETING DIGITAL\, PARA FACILITAR LA REACTIVACIÓN DE ISADORA COMUNICACIÓN AUDIOVISUAL SAC?",20221107,20230907,"ISADORA COMUNICACION AUDIOVISUAL S.A.C.","PUEBLO LIBRE","LIMA","LIMA",150121,35000.0000,4467.0000,7200.0000,"SOLES",20230706
"MIPYME Emprendedor","PROGRAMA EMERGENCIA EMPRESARIAL - MYPES REACTIVADAS - ALTERNATIVA 1",2022,"405-PROINNOVATE-EER1-2022","MEJORA DEL NIVEL DE SERVICIO DEL OPERADOR TURÍSTICO TIERRA DE LOS ANDES SAC\, MEDIANTE LA IMPLEMENTACIÓN DE UN APLICATIVO DE ASISTENCIA VIRTUAL DE RECORRIDOS DE RUTAS TURÍSTICAS\, PARA FORTALECER SU DIFERENCIACIÓN Y DINAMIZAR SU REACTIVACIÓN.",20221128,20231128,"TIERRAS DE LOS ANDES S.A.C.","WANCHAQ","CUSCO","CUSCO",080108,35000.0000,4467.0000,7200.0000,"SOLES",20230706
"MIPYME Emprendedor","PROGRAMA DE APOYO A LA INTERNACIONALIZACIÓN MODALIDAD II - POTENCIAMIENTO DE LAS EXPORTACIONES",2022,"406-PROINNOVATE-PAIM2-2022","POTENCIAMIENTO DE EXPORTACIONES DE CAFÉS ESPECIALES CON CERTIFICACIÓN ORGÁNICA EN GRANO VERDE DE LA ASOCIACIÓN DE PRODUCTORES CAFETALEROS CUENCAS DEL RIO BLANCO DE LA REGIÓN DE CAJAMARCA AL MERCADO DE CANADÁ",20221121,20240221,"ASOCIACION DE PRODUCTORES CAFETALEROS CUENCAS DEL RIO BLANCO","NAMBALLE","SAN IGNACIO","CAJAMARCA",060905,90000.0000,13500.0000,0.0000,"SOLES",20230706
"MIPYME Emprendedor","PROGRAMA EMERGENCIA EMPRESARIAL - MYPES REACTIVADAS - ALTERNATIVA 1",2022,"407-PROINNOVATE-EER1-2022","OPTIMIZACIÓN DE LOS PROCESOS LOGÍSTICOS Y CANALES DE VENTA DEL AGUA OZONIZADA 1540 DE LA EMPRESA \"CHAVEZ MARQUEZ E.I.R.L.\" EN EL VALLE DE MAJES",20221121,20231121,"CHAVEZ MARQUEZ E.I.R.L.","SACHACA","AREQUIPA","AREQUIPA",040117,35000.0000,7066.6700,7200.0000,"SOLES",20230706
"FINCYT III","Startup Perú PLUG - Atracción de Emprendedores extranjeros",2022,"408-PROINNOVATE-INS-2022","CAMINO21",20230106,20230806,"CAMINO 21 PERÚ S.A.C.","","","","",38000.0000,10857.1400,5428.5700,"DOLARES",20230706
"MIPYME Emprendedor","PROGRAMA EMERGENCIA EMPRESARIAL - MYPES REACTIVADAS - ALTERNATIVA 1",2022,"409-PROINNOVATE-EER1-2022","IMPLEMENTACIÓN DE UN SISTEMA DE AUTOMATIZACIÓN E INTEGRACIÓN DE PROCESOS PARA INCREMENTAR LOS NIVELES DE VENTAS DE LA EMPRESA KYODAI PERU S.A.C.",20221228,20231228,"KYODAI PERU S.A.C.","SURQUILLO","LIMA","LIMA",150141,35000.0000,4466.6700,7200.0000,"SOLES",20230706
"MIPYME Emprendedor","PROGRAMA DE APOYO A LA INTERNACIONALIZACIÓN MODALIDAD I - EMPRENDEDOR EXPORTADOR",2022,"410-PROINNOVATE-PAIM1-2022","GEL PARA ECOGRAFÍA Y ELECTROCARDIOGRAMA PARA EL MERCADO DE PANAMÁ",20221114,20240514,"TRANSFORMACIONES QUIMICAS DEL PERU S.A.C","RIMAC","LIMA","LIMA",150128,69903.0000,7767.0000,0.0000,"SOLES",20230706
"MIPYME Emprendedor","PROGRAMA DE APOYO A LA INTERNACIONALIZACIÓN MODALIDAD III - CONSOLIDACIÓN DE LA ACTIVIDAD EXPORTADORA",2022,"411-PROINNOVATE-PAIM3-2022","COCTAIL DE PISCO JA READY TO DRINK CONQUISTANDO AL MERCADO ESTADOUNIDENSE",20230102,20240602,"BODEGAS PERU SOCIEDAD ANONIMA CERRADA-BODEGAS PERU S.A.C.","SAN BARTOLO","LIMA","LIMA",150129,150000.0000,37500.0000,0.0000,"SOLES",20230706
"MIPYME Emprendedor","PROGRAMA DE APOYO A LA INTERNACIONALIZACIÓN MODALIDAD II - POTENCIAMIENTO DE LAS EXPORTACIONES",2022,"412-PROINNOVATE-PAIM2-2022","POTENCIAMIENTO DE LA ACTIVIDAD EXPORTADORA EN COLOMBIA",20230102,20240402,"C & V INTERNATIONAL S.R.L.","SAN MARTIN DE PORRES","LIMA","LIMA",150135,89999.9000,10000.1000,0.0000,"SOLES",20230706
"MIPYME Emprendedor","PROGRAMA DE APOYO A LA INTERNACIONALIZACIÓN MODALIDAD III - CONSOLIDACIÓN DE LA ACTIVIDAD EXPORTADORA",2022,"414-PROINNOVATE-PAIM3-2022","COMERCIALIZACION DE UNA PROPUESTA NATURAL Y SALUDABLE DE JENGIBRE ECOLOGICO PERUANO EN EE.UU.",20221221,20240421,"WORLD XOKOTL S.A.C.","MORALES","SAN MARTIN","SAN MARTIN",220910,150000.0000,37500.0000,0.0000,"SOLES",20230706
"MIPYME Emprendedor","PROGRAMA DE APOYO A LA INTERNACIONALIZACIÓN MODALIDAD III - CONSOLIDACIÓN DE LA ACTIVIDAD EXPORTADORA",2022,"415-PROINNOVATE-PAIM3-2022","INTERNACIONALIZACIÓN DE SERVICIOS DE CONSULTORÍA DE ANALÍTICA DE DATOS DE LA EMPRESA PRAYAGA SOLUTIONS SAC AL MERCADO DE ESTADOS UNIDOS",20230112,20240712,"PRAYAGA SOLUTIONS S.A.C","MIRAFLORES","LIMA","LIMA",150122,150000.0000,37500.0000,0.0000,"SOLES",20230706
"FINCYT III","Startup Perú PLUG - Atracción de Emprendedores extranjeros",2022,"416-PROINNOVATE-INS-2022","BITGENIA\, MEJORAMOS LA CALIDAD DE VIDA DE LAS PERSONAS MEDIANTE EL FÁCIL ACCESO A SU INFORMACIÓN GENÓMICA",20221115,20230715,"23 PEERS S.A.C.","","","","",38000.0000,11400.0000,5000.0000,"DOLARES",20230706
"MIPYME Emprendedor","PROGRAMA EMERGENCIA EMPRESARIAL - MYPES REACTIVADAS - ALTERNATIVA 1",2022,"417-PROINNOVATE-EER1-2022","FORTALECIMIENTO DE CAPACIDADES DIGITALES Y DE GESTIÓN\, PARA LA REACTIVACIÓN DEL OPERADOR TURÍSTICO ILLAPA CULTURA INVERSIONES\, MEDIANTE LA IMPLEMENTACIÓN E INTEGRACIÓN DE SOFTWARE DE BALANCE SCORE CARD PARA LA MEDICIÓN Y CONTROL DE INDICADORES DE DESEMPEÑO",20221128,20230928,"ILLAPA CULTURAS ANDINAS INVERSIONES SRL","WANCHAQ","CUSCO","CUSCO",080108,35000.0000,4467.0000,7200.0000,"SOLES",20230706
"MIPYME Emprendedor","PROGRAMA DE APOYO A LA INTERNACIONALIZACIÓN MODALIDAD III - CONSOLIDACIÓN DE LA ACTIVIDAD EXPORTADORA",2022,"418-PROINNOVATE-PAIM3-2022","AMPLIACIÓN DE CARTERA COMERCIAL PARA MANGO Y PIÑA DESHIDRATADOS EN MERCADO DE COREA",20230125,20240425,"PROCESOS AGROINDUSTRIALES S.A.C.","PAITA","PAITA","PIURA",200501,150000.0000,37500.0000,0.0000,"SOLES",20230706
"MIPYME Emprendedor","PROGRAMA DE APOYO A LA INTERNACIONALIZACIÓN MODALIDAD III - CONSOLIDACIÓN DE LA ACTIVIDAD EXPORTADORA",2022,"419-PROINNOVATE-PAIM3-2022","EXPORTACIÓN DE CUEROS\, GUANTES Y ACCESORIOS DE CUERO DE PECCARY A JAPÓN",20221201,20240601,"MAPA DEL COMERCIO SOCIEDAD ANONIMA CERRADA - MAPCOM S.A.C.","SANTIAGO DE SURCO","LIMA","LIMA",150140,146500.0000,38500.0000,0.0000,"SOLES",20230706
"FINCYT III","PROYECTOS DE INNOVACIÓN EMPRESARIAL",2022,"420-PROINNOVATE-PIEC1-2022","DESARROLLO DE UN PROCESO DE INCORPORACIÓN DE HIERRO HEMO EN CHOCOLATES FINOS DE AROMA DESTINADOS A POBLACIONES CON ANEMIA FERROPÉNICA ELABORADO POR CHOCOLATERÍA ARTESANAL AMAZÓNICA S.A.C.",20221201,20230801,"CHOCOLATERIA ARTESANAL AMAZONICA S.A.C.","TARAPOTO","SAN MARTIN","SAN MARTIN",220901,286466.1100,37343.8900,38060.0000,"SOLES",20230706
"MIPYME Emprendedor","PROGRAMA EMERGENCIA EMPRESARIAL - MYPES REACTIVADAS - ALTERNATIVA 1",2022,"421-PROINNOVATE-EER1-2022","SEGUIMIENTO\, CUMPLIMIENTO Y CONTROL DEL PLAN DE VIGILANCIA\, PREVENCIÓN Y CONTROL DE PROTOCOLOS DE BIOSEGURIDAD POR COVID-19 PARA LA EMPRESA \"EL CANTARO DE JUANITA S.A.C.\" EN LA LÍNEA DE PROCESO DE COMIDAS PREPARADAS.",20221125,20231125,"EL CANTARO DE JUANITA S.A.C.","LAMBAYEQUE","LAMBAYEQUE","LAMBAYEQUE",140301,35000.0000,4466.6700,7200.0000,"SOLES",20230706
"MIPYME Emprendedor","PROGRAMA EMERGENCIA EMPRESARIAL - MYPES REACTIVADAS - ALTERNATIVA 1",2022,"422-PROINNOVATE-EER1-2022","IMPLEMENTACIÓN DE UNA ESTRATEGIA DIGITAL PARA EL DESARROLLO DE CANALES DE VENTA DIRECTA EN LA EMPRESA \"ANDANA REPRESENTACIONES S.A.C.\"",20221128,20230828,"ANDANA REPRESENTACIONES S.A.C.","MIRAFLORES","LIMA","LIMA",150122,35000.0000,7066.6700,4600.0000,"SOLES",20230706
"MIPYME Emprendedor","PROGRAMA EMERGENCIA EMPRESARIAL - MYPES REACTIVADAS - ALTERNATIVA 1",2022,"423-PROINNOVATE-EER1-2022","IMPLEMENTACIÓN DE HERRAMIENTAS DIGITALES EN LOS PROCESOS OPERATIVOS DE LA EMPRESA \"GRIFO RISO COMPANY S.A.C.\" PARA SU REACTIVACIÓN COMERCIAL.",20221202,20231102,"GRIFO RISO COMPANY S.A.C.","JUANJUI","MARISCAL CACERES","SAN MARTIN",220601,23750.0000,9250.0000,2000.0000,"SOLES",20230706
"MIPYME Emprendedor","PROGRAMA EMERGENCIA EMPRESARIAL - MYPES REACTIVADAS - ALTERNATIVA 1",2022,"425-PROINNOVATE-EER1-2022","DIGITALIZACIÓN DEL SISTEMA DE GESTIÓN INTEGRADO DE LA EMPRESA SINNENS MEDIANTE LA IMPLEMENTACIÓN DE SOFTWARE",20230606,20240506,"SINNENS S.R.L.","CERRO COLORADO","AREQUIPA","AREQUIPA",040104,35000.0000,7066.6700,7200.0000,"SOLES",20230706
"MIPYME Emprendedor","PROGRAMA EMERGENCIA EMPRESARIAL - MYPES REACTIVADAS - ALTERNATIVA 1",2022,"426-PROINNOVATE-EER1-2022","POSICIONAMIENTO DE LA MARCA AMYRA DENTRO DEL SEGMENTO DE CHOCOLATES SIN AZÚCAR A TRAVÉS DE UNA ESTRATEGIA INTEGRAL DE MARKETING DIGITAL Y TRADICIONAL Y OPTIMIZACIÓN Y AUTOMATIZACIÓN DEL PROCESO DE VENTAS DIGITALES Y PRESENCIALES EN LIMA Y OXAPAMPA",20221114,20230914,"AMYRA PERU E.I.R.L.","SAN LUIS","LIMA","LIMA",150134,35000.0000,4466.6700,7200.0000,"SOLES",20230706
"FINCYT III","Startup Perú PLUG - Atracción de Emprendedores extranjeros",2022,"427-PROINNOVATE-INS-2022","HOKO\, PLATAFORMA B2B ENMARCADA EN EL MODELO DE DROPSHIPPING LOCAL QUE AYUDA A LOS PRODUCTORES\, VENDEDORES Y COMERCIALIZADORES A PARTICIPAR ACTIVAMENTE EN EL ECOMMERCE  ",20221115,20230715,"HOKO PERU S.A.C.","","","","",38000.0000,13450.0000,2920.0000,"DOLARES",20230706
"FINCYT III","Startup Perú PLUG - Atracción de Emprendedores extranjeros",2022,"429-PROINNOVATE-INS-2022","GEBLIX\, SOLUCIÓN INTELIGENTE DE GESTIÓN DE PACIENTES PARA CLÍNICAS EN CRECIMIENTO.",20221115,20230815,"GEBLIX PERU S.A.C.","","","","",38000.0000,11050.0000,5420.0000,"DOLARES",20230706
"FINCYT III","Startup Perú PLUG - Atracción de Emprendedores extranjeros",2022,"430-PROINNOVATE-INS-2022","SUMERIA\, DESARROLLO DE SOFTWARE Y ANALÍTICA PARA ENTREGAR SOLUCIONES DE PAGO PERSONALIZADAS Y EMPÁTICAS CONSIDERANDO VARIABLES PSICOLÓGICAS\, EMOCIONALES Y CIRCUNSTANCIALES.",20221115,20230815,"YU TRACK PERU S.A.C.","","","","",38000.0000,11000.0000,5286.0000,"DOLARES",20230706
"FINCYT III","Startup Perú PLUG - Atracción de Emprendedores extranjeros",2022,"431-PROINNOVATE-INS-2022","CICLA 3D MATERIALES SOSTENIBLES PARA IMPRESORAS 3D",20221121,20230621,"CICLA 3D S.A.C.","","","","",38000.0000,10857.1500,5428.5700,"DOLARES",20230706
"MIPYME Emprendedor","PROGRAMA EMERGENCIA EMPRESARIAL - MYPES REACTIVADAS - ALTERNATIVA 1",2022,"433-PROINNOVATE-EER1-2022","REACTIVACIÓN ECONÓMICA DE FORMAS CONECTADAS MEDIANTE LA MEJORA Y OPTIMIZACIÓN DE LA COMERCIALIZACIÓN DIRECTA Y PRESENCIA EN MEDIOS DIGITALES",20221121,20231121,"FORMAS CONECTADAS S.A.C.","SAN ISIDRO","LIMA","LIMA",150131,35000.0000,7066.6700,4600.0000,"SOLES",20230706
"FINCYT III","PROYECTOS DE INNOVACIÓN EMPRESARIAL",2022,"434-PROINNOVATE-PIEC1-2022","BIOIMPRESIÓN 3D DE TEJIDO CORNEAL PARA REEMPLAZAR EL USO DE CÓRNEAS CADAVÉRICAS EN LIMA\, PERÚ",20221207,20230807,"BG HEALTHCARE S.A.C.","SANTIAGO DE SURCO","LIMA","LIMA",150140,150000.0000,21077.6000,11429.9600,"SOLES",20230706
"MIPYME Emprendedor","PROGRAMA EMERGENCIA EMPRESARIAL - MYPES REACTIVADAS - ALTERNATIVA 1",2022,"435-PROINNOVATE-EER1-2022","REACTIVACIÓN ECONÓMICA DE LA EMPRESA ARTESANAL DE ESPEJOS COLONIALES\, UBICADA EN HUANCAVELICA\, MEDIANTE LA IMPLEMENTACIÓN DE ESTRATEGIAS DE MARKETING DIGITAL Y LANZAMIENTO DE RECUERDOS PARA EVENTOS (CUSCAJOS Y ESPEJOS CON DISEÑOS BASADOS EN LA CULTURA PERUANA)",20230105,20240105,"ANCIETA MENENDEZ DAHAN DEX","ASCENSION","HUANCAVELICA","HUANCAVELICA",090118,34999.5000,4466.5000,7200.0000,"SOLES",20230706
"MIPYME Emprendedor","PROGRAMA EMERGENCIA EMPRESARIAL - MYPES REACTIVADAS - ALTERNATIVA 1",2022,"436-PROINNOVATE-EER1-2022","OPTIMIZACIÓN DEL PROCESO PRODUCTIVO EN LA FABRICACIÓN DE COLA INDUSTRIAL A PARTIR DE RESIDUOS GENERADOS EN LAS CURTIEMBRES\, UTILIZANDO ENERGÍAS RENOVABLES PARA CONTRIBUIR A MEJORAR LA CALIDAD DEL PRODUCTO Y A LA REACTIVACIÓN ECONÓMICA DE LA EMPRESA PEDRO TITI",20221121,20231121,"TITI BENAVENTE PEDRO ALONSO","CERRO COLORADO","AREQUIPA","AREQUIPA",040104,33750.0000,6650.0000,4600.0000,"SOLES",20230706
"MIPYME Emprendedor","PROGRAMA EMERGENCIA EMPRESARIAL - MYPES REACTIVADAS - ALTERNATIVA 1",2022,"437-PROINNOVATE-EER1-2022","FORTALECIMIENTO DEL PROCESO OPERATIVO Y MEJORA DE LA GESTIÓN COMERCIAL DEL SERVICIO DE FOTOGRAFÍA PROFESIONAL DE EVENTOS SOCIALES AL EXTERIOR EN LA REGIÓN DE PIURA",20221121,20230721,"CARRASCO SEMINARIO KEDWING MARLONETH","PIURA","PIURA","PIURA",200101,34999.5000,7066.5000,7200.0000,"SOLES",20230706
"FINCYT III","PROYECTOS DE INNOVACIÓN EMPRESARIAL",2022,"438-PROINNOVATE-PIEC1-2022","DESARROLLO DE PROTOTIPOS MEJORADOS Y ESTANDARIZADOS DE CARTERAS Y BILLETERAS A BASE DE BIOCUERO (FUSIÓN DE CUERO VEGETAL DE SHIRINGA Y RESIDUOS DE PIEL DE PECES AMAZÓNICOS) PARA ACCEDER A MERCADOS DE MODA SOSTENIBLE EN LAS PRINCIPALES CIUDADES DEL PERÚ",20221212,20231012,"COOPERATIVA INDIGENA AWAJUN WAMPIS AGRARIA TUNTANAIN LTDA.","NIEVA","CONDORCANQUI","AMAZONAS",010401,149958.3900,13328.8100,36036.0000,"SOLES",20230706
"MIPYME Emprendedor","PROGRAMA EMERGENCIA EMPRESARIAL - MYPES REACTIVADAS - ALTERNATIVA 1",2022,"439-PROINNOVATE-EER1-2022","IMPLEMENTACIÓN DE UNA ESTRATEGIA INTEGRAL DE MARKETING DIGITAL PARA EL FORTALECIMIENTO DE LAS CAPACIDADES COMERCIALES DE LA EMPRESA \"KENTE SAT S.R.L.\"",20221122,20230922,"KENTE SAT INVERSIONES SOCIEDAD COMERCIAL DE RESPONSABILIDAD LIMITADA - KENTE SAT S.R.L.","WANCHAQ","CUSCO","CUSCO",080108,35000.0000,4467.0000,7200.0000,"SOLES",20230706
"MIPYME Emprendedor","PROGRAMA EMERGENCIA EMPRESARIAL - MYPES REACTIVADAS - ALTERNATIVA 1",2022,"440-PROINNOVATE-EER1-2022","OPTIMIZACIÓN DE LOS PROCESOS COMERCIALES\, LOGÍSTICOS Y ADMINISTRATIVOS PARA LA MEJORA DEL SOFTWARE ILLAPA SMART COMO ESTRATEGIA DE APOYO PARA LA REACTIVACIÓN ECONÓMICA DE LA \"EMPRESA DE TRANSPORTES TURISTICOS ILLAPA S.R.L.\"",20221122,20230922,"EMP.DE TRANSP.TURISTICOS ILLAPA S.R.L.","WANCHAQ","CUSCO","CUSCO",080108,35000.0000,4467.0000,7200.0000,"SOLES",20230706
"MIPYME Emprendedor","PROGRAMA EMERGENCIA EMPRESARIAL - MYPES REACTIVADAS - ALTERNATIVA 1",2022,"441-PROINNOVATE-EER1-2022","DIAGNOSTICO E IMPLEMENTACION DE PLAN DE MEJORA QUE INCLUYA PLAN DE MARKETING Y E-COMMERCE EN EL MARCO DE UNA ESTRATEGIA DIGITAL PARA LA REACTIVACION DE LA MYPE INTIMIDADES E.I.R.L.",20221201,20231201,"INTIMIDADES EIRL","PIURA","PIURA","PIURA",200101,34995.0000,7065.0000,4600.0000,"SOLES",20230706
"MIPYME Emprendedor","PROGRAMA EMERGENCIA EMPRESARIAL - MYPES REACTIVADAS - ALTERNATIVA 1",2022,"442-PROINNOVATE-EER1-2022","IMPLEMENTAR UNA ESTRATEGIA INTEGRAL DE MARKETING DIGITAL Y PRESENCIAL CON EL FIN DE INCREMENTAR EL NÚMERO DE CLIENTES BUSCANDO APROVECHAR AL MÁXIMO LA NUEVA AMPLIACIÓN DE NUESTRO LOCAL EN EL CENTRO COMERCIAL OPEN PLAZA PUCALLPA",20221129,20231029,"DISFRUTA PUCALLPA S.A.C.","CALLERIA","CORONEL PORTILLO","UCAYALI",250101,35000.0000,4466.6700,7200.0000,"SOLES",20230706
"MIPYME Emprendedor","PROGRAMA EMERGENCIA EMPRESARIAL - MYPES REACTIVADAS - ALTERNATIVA 1",2022,"443-PROINNOVATE-EER1-2022","REACTIVACIÓN COMERCIAL DE LA TOSTADURIA DE KELLY MEDIANTE LA APLICACIÓN DE UNA ESTRATEGIA DE PUBLICIDAD DIGITAL\, DESARROLLO DE MARCA E IDENTIDAD VISUAL Y DESARROLLO DE UN SISTEMA DE COSTEO.",20221130,20231030,"LA TOSTADURIA DE KELLY EMPRESA INDIVIDUAL DE RESPONSABILIDAD LIMITADA","VILLA RICA","OXAPAMPA","PASCO",190307,35000.0000,7066.6700,4600.0000,"SOLES",20230706
"MIPYME Emprendedor","PROGRAMA EMERGENCIA EMPRESARIAL - MYPES REACTIVADAS - ALTERNATIVA 2",2022,"444-PROINNOVATE-EER2-2022","REACTIVACIÓN DE MYPES DEL SECTOR BIOMÉDICO EN LA CIUDAD AREQUIPA CON LA FINALIDAD DE CUBRIR LAS BRECHAS OCASIONADAS POR LA PANDEMIA\, REORIENTANDO\, FORTALECIENDO O RECONVIRTIENDO SUS PROCESOS A FIN DE LOGRAR MEJORAS SIGNIFICATIVAS EN SUS PROCESOS",20230221,20240221,"INNOVACION SOCIEDAD ANONIMA CERRADA - I S.A.C.","MARIANO MELGAR","AREQUIPA","AREQUIPA",040109,140000.0000,0.0000,0.0000,"SOLES",20230706
"FINCYT III","PROYECTOS DE INNOVACIÓN EMPRESARIAL",2022,"446-PROINNOVATE-PIEC1-2022","DESARROLLO DE UN PROTOTIPO PARA LA AUTOMATIZACIÓN DEL RACIONAMIENTO Y SUMINISTRO DE ALIMENTO PARA PECES\, BASADO EN REDES NEURONALES Y PROCESAMIENTO DE IMÁGENES.",20221221,20230821,"GIJABA BUSINESS SOCIEDAD ANONIMA CERRADA","CHANCHAMAYO","CHANCHAMAYO","JUNIN",120301,136112.6000,6939.3300,29559.5000,"SOLES",20230706
"FINCYT III","PROYECTOS DE INNOVACIÓN EMPRESARIAL",2022,"447-PROINNOVATE-PIEC1-2022","DISEÑO Y DESARROLLO DE UN ROBOT VIRTUAL INTELIGENTE DE DESARROLLO EMPRENDEDOR EN LA MACRO REGIÓN SUR AREQUIPA EN LA EMPRESA SOLAR REPRESENTACIONES S.A.C",20221205,20230805,"SUCESORES OLAZABAL ARANZAENS REPRESEN TACIONES S.A.C. - SOLAR REPRESENTACIONES S.A.C.","CERRO COLORADO","AREQUIPA","AREQUIPA",040104,299988.1300,39711.8700,116100.0000,"SOLES",20230706
"FINCYT III","PROYECTOS DE INNOVACIÓN EMPRESARIAL",2022,"448-PROINNOVATE-PIEC1-2022","DISEÑO E IMPLEMENTACIÓN DE MEJORAS TECNOLÓGICAS A AUTOCLAVE TEXTIL PARA TRATAMIENTO DE RESIDUOS BIO CONTAMINADOS MEDIANTE ESTERILIZACIÓN PARA PRESTAR SERVICIOS A ESTABLECIMIENTOS DE SALUD Y LABORATORIOS DE LIMA METROPOLITANA EN LURIGANCHO-CHOSICA\, LIMA",20221129,20230729,"GESTION DE RESIDUOS INDUSTRIALES PERU S.A.C.-G.R.I. PERU S.A.C.","LURIGANCHO","LIMA","LIMA",150118,137463.0700,36923.3300,101600.0000,"SOLES",20230706
"MIPYME Emprendedor","PROGRAMA DE APOYO A LA INTERNACIONALIZACIÓN MODALIDAD III - CONSOLIDACIÓN DE LA ACTIVIDAD EXPORTADORA",2022,"449-PROINNOVATE-PAIM3-2022","CONSOLIDACIÓN DE LAS EXPORTACIONES DE JUGUETES HECHOS DE ALPACA DE LA EMPRESA ARPARIC AL MERCADO DE REINO UNIDO",20230104,20240604,"CORPORACION ARPARIC S.A.C.","EL TAMBO","HUANCAYO","JUNIN",120114,150000.0000,37500.0000,0.0000,"SOLES",20230706
"MIPYME Emprendedor","PROGRAMA DE APOYO A LA INTERNACIONALIZACIÓN MODALIDAD III - CONSOLIDACIÓN DE LA ACTIVIDAD EXPORTADORA",2022,"450-PROINNOVATE-PAIM3-2022","FORTALECIMIENTO Y CONSOLIDACIÓN DE NUEVOS ALIADOS ESTRATÉGICOS EN ARABIA SAUDITA\, PARA EL DESPEGUE INTERNACIONAL\, INCREMENTO DEL POSICIONAMIENTO Y VOLUMEN DE EXPORTACIÓN DE LA MARCA AYNI.",20230206,20240806,"AYNI DESIGN LAB S.A.C","MIRAFLORES","LIMA","LIMA",150122,150000.0000,37500.0000,0.0000,"SOLES",20230706
"MIPYME Emprendedor","PROGRAMA DE APOYO A LA INTERNACIONALIZACIÓN MODALIDAD III - CONSOLIDACIÓN DE LA ACTIVIDAD EXPORTADORA",2022,"451-PROINNOVATE-PAIM3-2022","EXPORTACIÓN DE CACAO EN GRANO GRADO I CON CERTIFICADO ORGÁNICO FAIR TRADE PARA EL MERCADO ITALIANO",20230831,20241130,"COOPERATIVA AGRARIA INDUSTRIAL ASPROC - NBT LTDA","TOCACHE","TOCACHE","SAN MARTIN",221001,150000.0000,37500.0000,0.0000,"SOLES",20230706
"MIPYME Emprendedor","PROGRAMA DE APOYO A LA INTERNACIONALIZACIÓN MODALIDAD III - CONSOLIDACIÓN DE LA ACTIVIDAD EXPORTADORA",2022,"452-PROINNOVATE-PAIM3-2022","EXPORTACIÓN DE CEREAL POP \"NURA\" EN PRESENTACIÓN RETAIL HACIA EL MERCADO ESTADOUNIDENSE",20221121,20240421,"AGRITRADE S.A.C.","MAGDALENA DEL MAR","LIMA","LIMA",150120,150000.0000,38500.0000,0.0000,"SOLES",20230706
"MIPYME Emprendedor","PROGRAMA DE APOYO A LA INTERNACIONALIZACIÓN MODALIDAD III - CONSOLIDACIÓN DE LA ACTIVIDAD EXPORTADORA",2022,"453-PROINNOVATE-PAIM3-2022","CONSOLIDACION DE OFERTA EXPORTABLE DE MANGO CONGELADO PARA EL MERCADO DE FRANCIA",20230306,20240606,"AGRICOLA Y GANADERA CHAVIN DE HUANTAR SA","BUENA VISTA ALTA","CASMA","ANCASH",020802,150000.0000,37500.0000,0.0000,"SOLES",20230706
"MIPYME Emprendedor","PROGRAMA EMERGENCIA EMPRESARIAL - MYPES REACTIVADAS - ALTERNATIVA 1",2022,"454-PROINNOVATE-EER1-2022","RECONVERSIÓN DE LOS PROCESOS DEL SERVICIO DE SALUD MENTAL EN LA EMPRESA \"GRUPO 20 PERÚ E.I.R.L.\" A TRAVÉS DE LA IMPLEMENTACIÓN DE HERRAMIENTAS DIGITALES.",20221212,20231212,"GRUPO 20 PERU EIRL","CERRO COLORADO","AREQUIPA","AREQUIPA",040104,35000.0000,4466.6700,7200.0000,"SOLES",20230706
"MIPYME Emprendedor","PROGRAMA DE APOYO A LA INTERNACIONALIZACIÓN MODALIDAD III - CONSOLIDACIÓN DE LA ACTIVIDAD EXPORTADORA",2022,"455-PROINNOVATE-PAIM3-2022","INTERNACIONALIZANDO LA MANTECA DE CACAO ORGÁNICO DE ECOANDINO EN EL MERCADO DE PAISES BAJOS",20221125,20240525,"ECOANDINO S.A.C.","ATE","LIMA","LIMA",150103,150000.0000,37500.0000,0.0000,"SOLES",20230706
"FINCYT III","Startup Perú PLUG - Atracción de Emprendedores extranjeros",2022,"456-PROINNOVATE-INS-2022","BTRAZER\, TRAZABILIDAD INTELIGENTE DESDE EL ORIGEN HASTA EL CONSUMIDOR",20221205,20230805,"BTRAZER PERU S.A.C.","","","","",38000.0000,13000.0000,3286.0000,"DOLARES",20230706
"FINCYT III","Startup Perú PLUG - Atracción de Emprendedores extranjeros",2022,"457-PROINNOVATE-INS-2022","EXPEDIENTE AZUL\, TECNOLOGÍA PARA COLOCAR CAPITAL EN LAS MANOS CORRECTAS PARA GENERAR ABUNDANCIA EN LAS COMUNIDADES.",20221206,20230806,"UNIMOS CAPITALES S.A.C.","","","","",38000.0000,10857.0000,5428.0000,"DOLARES",20230706
"FINCYT III","Startup Perú PLUG - Atracción de Emprendedores extranjeros",2022,"458-PROINNOVATE-INS-2022","HACKMETRIX\, PLATAFORMA DE CUMPLIMIENTO Y CIBERSEGURIDAD PARA EMPRESAS DE BASE TECNOLÓGICA.",20221205,20230805,"HACKMETRIX S.A.C.","SANTIAGO DE SURCO","LIMA","LIMA",150140,38000.0000,10858.0000,5429.0000,"DOLARES",20230706
"MIPYME Emprendedor","PROGRAMA EMERGENCIA EMPRESARIAL - MYPES REACTIVADAS - ALTERNATIVA 1",2022,"459-PROINNOVATE-EER1-2022","DISEÑO E IMPLEMENTACIÓN DE PROGRAMA DE INCUBACIÓN DE NEGOCIOS PARA LA TRANSFORMACIÓN DIGITAL DE MIPYMES Y STARTUPS EN PERÚ",20230206,20240206,"INCA VALLEY INNOVATIONS S.A.C.","VILLA MARIA DEL TRIUNFO","LIMA","LIMA",150143,35000.0000,4466.6700,7200.0000,"SOLES",20230706
"MIPYME Emprendedor","PROGRAMA EMERGENCIA EMPRESARIAL - MYPES REACTIVADAS - ALTERNATIVA 1",2022,"460-PROINNOVATE-EER1-2022","DIAGNÓSTICO Y ADOPCIÓN TECNOLÓGICA PARA EL FORTALECIMIENTO DE LA UNIDAD COMERCIAL DE CORPORACIÓN MUJER PERÚ SA",20221122,20230922,"CORPORACION MUJER PERU S.A.","SANTIAGO DE SURCO","LIMA","LIMA",150140,34995.0000,7065.0000,7200.0000,"SOLES",20230706
"MIPYME Emprendedor","PROGRAMA EMERGENCIA EMPRESARIAL - MYPES REACTIVADAS - ALTERNATIVA 1",2022,"461-PROINNOVATE-EER1-2022","RECUPERACIÓN DE LAS VENTAS PREVIAS AL 2020 MEDIANTE UNA ESTRATEGIA COMERCIAL INTEGRAL APOYADA EN EL USO DE CANALES DIGITALES QUE PERMITA RECUPERAR EL MERCADO B2B PERDIDO POR LA CRISIS SANITARIA.",20221206,20230906,"EDITORA INDUSTRIA AL DIA S.A.C.","JESUS MARIA","LIMA","LIMA",150113,35000.0000,7066.6700,4600.0000,"SOLES",20230706
"MIPYME Emprendedor","PROGRAMA DE APOYO A LA INTERNACIONALIZACIÓN MODALIDAD III - CONSOLIDACIÓN DE LA ACTIVIDAD EXPORTADORA",2022,"462-PROINNOVATE-PAIM3-2022","FORTALECER E INCREMENTAR LA OFERTA EXPORTABLE DE LA MARCA AGUACLARA EN SUDAFRICA\, MEDIANTE EL DISEÑO E IMPLEMENTACIÓN DE UN PLAN DE INTERNACIONALIZACIÓN",20230116,20240716,"APPLAUZI S A","SURQUILLO","LIMA","LIMA",150141,150000.0000,37500.0000,0.0000,"SOLES",20230706
"MIPYME Emprendedor","PROGRAMA DE APOYO A LA INTERNACIONALIZACIÓN MODALIDAD I - EMPRENDEDOR EXPORTADOR",2022,"463-PROINNOVATE-PAIM1-2022","INTERNACIONALIZACIÓN DE HAMBURGUESAS PLANT BASED DE SABORES VARIADOS AL MERCADO CHILENO",20221128,20240228,"POSTDATA S.A.C.","CHORRILLOS","LIMA","LIMA",150108,69995.0000,7803.0000,0.0000,"SOLES",20230706
"MIPYME Emprendedor","PROGRAMA EMERGENCIA EMPRESARIAL - MYPES REACTIVADAS - ALTERNATIVA 1",2022,"464-PROINNOVATE-EER1-2022","DIGITALIZACIÓN DE LOS SISTEMAS DE SEGUIMIENTO DE PROCESOS DE PRODUCCIÓN\, CONTROL DE COSTOS\, GESTIÓN DE PEDIDOS Y VENTAS Y MARKETING POR PLATAFORMAS VIRTUALES EN LA EMPRESA \"LA CASA DEL PANADERO INDUSTRIAL EIRL.\"",20221205,20231205,"LA CASA DEL PANADERO INDUSTRIAL E.I.R.L.","PIURA","PIURA","PIURA",200101,34995.0000,4465.0000,7200.0000,"SOLES",20230706
"FINCYT III","PROYECTOS DE INNOVACIÓN EMPRESARIAL",2022,"465-PROINNOVATE-PIEC1-2022","DESARROLLO DE UN DISPOSITIVO AUTOMÁTICO INTELIGENTE PARA EL ANÁLISIS MICROHISTOLÓGICO DE MUESTRAS FECALES PARA DETERMINAR LA DIETA DE HERBÍVOROS (ALPACAS Y LLAMAS) DE MANERA NO INVASIVA.",20221207,20230907,"NEURAL X SOCIEDAD ANONIMA CERRADA","SANTA ANITA","LIMA","LIMA",150137,150000.0000,17824.0000,25477.0000,"SOLES",20230706
"FINCYT III","PROYECTOS DE INNOVACIÓN EMPRESARIAL",2022,"466-PROINNOVATE-PIEC1-2022","DESARROLLO DE UNA \"MALTA BASE\" UTILIZANDO CEBADAS NACIONALES DE LA VARIEDAD CENTENARIO Y UNA  80\, QUE ASEGURE LA CALIDAD EN TÉRMINOS DE CUERPO Y SABOR DE LA CERVEZA ARTESANAL PRODUCIDA POR LA EMPRESA LECKER PREMIUN BIER SAC",20221207,20230807,"LECKER PREMIUM BIER SOCIEDAD ANONIMA CERRADA","JAUJA","JAUJA","JUNIN",120401,133520.3300,17889.6700,24970.0000,"SOLES",20230706
"FINCYT III","PROYECTOS DE INNOVACIÓN EMPRESARIAL",2022,"468-PROINNOVATE-PIEC1-2022","DESARROLLO DE UNA BEBIDA NUTRACÉUTICA (RTD) CON EFECTO GASTROPROTECTOR A PARTIR DE ALOE VERA Y FRACCIONES NO APROVECHADAS DE TOCOSH\, MINTHOSTACHYS MOLLIS (MUÑA) Y CLINOPODIUM BOLIVIANUM (INKA MUÑA) DERIVADOS DE LA PRODUCCIÓN DE TOCOSH COMPLEX  - BIOSANA",20221202,20230802,"LABORATORIOS BIOSANA S.A.C.","SAN JUAN DE LURIGANCHO","LIMA","LIMA",150132,299520.3200,31601.2800,38450.0000,"SOLES",20230706
"MIPYME Emprendedor","PROGRAMA EMERGENCIA EMPRESARIAL - MYPES REACTIVADAS - ALTERNATIVA 1",2022,"469-PROINNOVATE-EER1-2022","MARKETING DIGITAL COMO HERRAMIENTA DE REACTIVACIÓN DE LA MARCA EL ESCONDITE",20221129,20231029,"DL VARKOO E.I.R.L","SAN ISIDRO","LIMA","LIMA",150131,35000.0000,7066.6700,4600.0000,"SOLES",20230706
"FINCYT III","PROYECTOS DE INNOVACIÓN EMPRESARIAL",2022,"470-PROINNOVATE-PIEC1-2022","DISEÑO Y FABRICACIÓN DE PANELES SOLARES REPLEGABLES PARA APLICACIONES EN EL SECTOR NAVAL Y MINERO",20221124,20230824,"DINAMO TECNOLOGÍAS S.A.C.","SAN BORJA","LIMA","LIMA",150130,300000.0000,38660.4000,48000.0000,"SOLES",20230706
"FINCYT III","Startup Perú PLUG - Atracción de Emprendedores extranjeros",2022,"471-PROINNOVATE-INS-2022","ACOMPAÑAMIENTO A PROYECTOS DE PLUG2G Y PLUG3G",20230109,20230809,"ENDEAVOR PERU","SAN ISIDRO","LIMA","LIMA",150131,24000.0000,0.0000,0.0000,"DOLARES",20230706
"FINCYT III","Startup Perú PLUG - Atracción de Emprendedores extranjeros",2022,"472-PROINNOVATE-INS-2022","ACOMPAÑAMIENTO A PROYECTOS DE PLUG2G Y PLUG3G",20230109,20230809,"UNIVERSIDAD DE INGENIERIA Y TECNOLOGIA","LIMA","LIMA","LIMA",150101,27000.0000,0.0000,0.0000,"DOLARES",20230706
"MIPYME Emprendedor","PROGRAMA EMERGENCIA EMPRESARIAL - MYPES REACTIVADAS - ALTERNATIVA 1",2022,"473-PROINNOVATE-EER1-2022","IMPLEMENTACIÓN DE PLATAFORMA Y PROMOCIONES FOCALIZADAS EN EL AMBITO DIGITAL\, PARA LA CAPTACIÓN DE PÚBLICO DE PERFIL JUVENIL Y ADULTOS JOVENES POR PARTE DE PANADERÍA Y CAFETERÍA EDELWEISS.",20221227,20231227,"EDELWAIS BAGUETERIA\, PASTELERIA EIRL","MAGDALENA DEL MAR","LIMA","LIMA",150120,34995.0000,4465.0000,7200.0000,"SOLES",20230706
"FINCYT III","PROYECTOS DE INNOVACIÓN EMPRESARIAL",2022,"474-PROINNOVATE-PIEC1-2022","DESARROLLO DE UN ABONO ORGÁNICO LÍQUIDO A PARTIR DE RESIDUOS GENERADOS DURANTE LA PRODUCCIÓN DEL SUERO FETAL BOVINO CRUDO (SFBC) PARA SU USO COMO BIOESTIMULANTE AGRÍCOLA COMO ALTERNATIVA DE VALOR AGREGADO EN LA EMPRESA PROTENAPE S.A.C. - LIMA\, PERÚ.",20221213,20230813,"PROTEINAS NATURALES DEL PERU S.A.C. - PROTENAPE S.A.C.","LA VICTORIA","LIMA","LIMA",150115,153879.9800,22380.0200,21800.0000,"SOLES",20230706
"MIPYME Emprendedor","PROGRAMA DE APOYO A LA INTERNACIONALIZACIÓN MODALIDAD II - POTENCIAMIENTO DE LAS EXPORTACIONES",2022,"475-PROINNOVATE-PAIM2-2022","PROCESO DE INTERNACIONALIZACION Y POTENCIAMIENTO  DE NUESTRAS EXPORTACIONES DE CHIFLES SALADOS AMAZONICOS PARA EL MERCADO DE ESTADOS UNIDOS DE NORTEAMERICA.",20221206,20240606,"AGROINDUSTRIAS E INVERSIONES DARVIGIEL E.I.R.L.","TARAPOTO","SAN MARTIN","SAN MARTIN",220901,89998.2000,9999.8000,0.0000,"SOLES",20230706
"FINCYT III","PROYECTOS DE INNOVACIÓN EMPRESARIAL",2022,"476-PROINNOVATE-PIEC1-2022","CONFORMACIÓN DE UN PLANTEL DE REPRODUCTORES DE TILAPIA LÍNEA CHITRALADA DE GENÉTICA PURA PARA PRODUCIR SEMILLA TRAZABLE Y DE ALTA CALIDAD PRODUCTIVA BAJO CONDICIONES AMBIENTALES EN LA REGIÓN SAN MARTÍN.",20221227,20230727,"ASOCIACIÓN DE PRODUCTORES AGRO-ACUÍCOLA DE DIFERENTES ESPECIES DE SAN MARCOS - APADESM","SORITOR","MOYOBAMBA","SAN MARTIN",220105,149996.4500,54520.8500,34560.0000,"SOLES",20230706
"FINCYT III","CONCURSO DE PROYECTOS COLABORATIVOS DE INNOVACIÓN ABIERTA",2022,"477-PROINNOVATE-CPCC2-2022","TRANSICIÓN CIRCULAR EN LA INDUSTRIA DEL RETAIL: TECNOLOGÍA PARA IMPULSAR CADENAS DE VALOR SOSTENIBLES MEDIANTE UNA ESTRATEGIA DE INNOVACIÓN ABIERTA.",20221222,20230722,"CENCOSUD RETAIL PERU S.A.","MIRAFLORES","LIMA","LIMA",150122,300000.0000,48600.0000,155000.0000,"SOLES",20230706
"MIPYME Emprendedor","PROGRAMA DE APOYO A LA INTERNACIONALIZACIÓN MODALIDAD III - CONSOLIDACIÓN DE LA ACTIVIDAD EXPORTADORA",2022,"478-PROINNOVATE-PAIM3-2022","CONSOLIDACION COMERCIAL DEL CAFE GOURMET EN EL MERCADO JAPONES",20230303,20240603,"COOPERATIVA AGRARIA DE CAFICULTORES ALTO CAJAMARCA","JAEN","JAEN","CAJAMARCA",060801,150000.0000,37500.0000,0.0000,"SOLES",20230706
"MIPYME Emprendedor","PROGRAMA DE APOYO A LA INTERNACIONALIZACIÓN MODALIDAD III - CONSOLIDACIÓN DE LA ACTIVIDAD EXPORTADORA",2022,"479-PROINNOVATE-PAIM3-2022","PIEDRA ANDINA EN EL MERCADO FRANCES: DIVERSIFICACION DE NUESTRA CARTERA",20221229,20240429,"ESTUDIO FLYER PERU SOCIEDAD ANONIMA CERRADA - E FLYER PERU S.A.C.","PACASMAYO","PACASMAYO","LA LIBERTAD",130704,150000.0000,37500.0000,0.0000,"SOLES",20230706
"FINCYT III","PROYECTOS DE INNOVACIÓN EMPRESARIAL",2022,"480-PROINNOVATE-PIEC1-2022","CREACIÓN DE UN SISTEMA REPLICABLE DE ÓPTIMA PRODUCCIÓN PARA LA REDUCCIÓN DE TIEMPOS DE COCINA EN LA CEVICHERÍA PUERTO 92 (AREQUIPA).",20221207,20230707,"GRUPO CRECIMIENTO S.A.C.","JOSE LUIS BUSTAMANTE Y RIVERO","AREQUIPA","AREQUIPA",040129,76911.4100,35005.1900,41955.6400,"SOLES",20230706
"MIPYME Emprendedor","PROGRAMA DE APOYO A LA INTERNACIONALIZACIÓN MODALIDAD III - CONSOLIDACIÓN DE LA ACTIVIDAD EXPORTADORA",2022,"482-PROINNOVATE-PAIM3-2022","CONSOLIDACIÓN DE LAS EXPORTACIONES  DE LA EMPRESA OLIAMERICA SAC PARA EL PRODUCTO DE ACEITUNAS DE MESA  HACIA EL MERCADO DE ITALIA",20230120,20240620,"OLIAMERICA SOCIEDAD ANONIMA CERRADA -OLI.S.A.C.","TACNA","TACNA","TACNA",230101,150000.0000,37500.0000,0.0000,"SOLES",20230706
"MIPYME Emprendedor","PROGRAMA DE APOYO A LA INTERNACIONALIZACIÓN MODALIDAD I - EMPRENDEDOR EXPORTADOR",2022,"483-PROINNOVATE-PAIM1-2022","COMAPE EN BUSCA DE SU INTERNACIONALIZACIÓN CON GRANALLAS Y MARMOLINAS EN EL MERCADO CHILENO",20221222,20240622,"CONCRETOS Y MARMOLES PERALTA CONSTRUCTORA EMPRESA INDIVIDUAL DE RESPONSABILIDAD LIMITADA","EL TAMBO","HUANCAYO","JUNIN",120114,70000.0000,7777.7700,0.0000,"SOLES",20230706
"MIPYME Emprendedor","PROGRAMA EMERGENCIA EMPRESARIAL - MYPES REACTIVADAS - ALTERNATIVA 1",2022,"484-PROINNOVATE-EER1-2022","REACTIVACION EMPRESARIAL DE LA MARCA DE MODA SOSTENIBLE VAGRANT",20221123,20230723,"VGNT SOCIEDAD ANONIMA CERRADA - VGNT S.A.C.","SANTIAGO DE SURCO","LIMA","LIMA",150140,35000.0000,7066.6700,7200.0000,"SOLES",20230706
"MIPYME Emprendedor","PROGRAMA EMERGENCIA EMPRESARIAL - MYPES REACTIVADAS - ALTERNATIVA 1",2022,"485-PROINNOVATE-EER1-2022","IMPLEMENTACIÓN DE UNA ESTRATEGIA DIGITAL PARA EL FORTALECIMIENTO COMERCIAL DE LA EMPRESA",20230106,20240106,"501 PASTELERIA ARTESANAL S.A.C.","SAN BORJA","LIMA","LIMA",150130,35000.0000,7066.6700,4600.0000,"SOLES",20230706
"MIPYME Emprendedor","PROGRAMA EMERGENCIA EMPRESARIAL - MYPES REACTIVADAS - ALTERNATIVA 1",2022,"486-PROINNOVATE-EER1-2022","IMPLEMENTACIÓN DE E-COMMERCE\, ESTRATEGIA DE MARKETING DIGITAL Y SISTEMA DE GESTIÓN BASE PARA APERTURA DE LÍNEAS DE COLECCIÓN BAJO ENFOQUE DE EDICIÓN LIMITADA; Y PROMOCIÓN\, VENTA DE ENTRADAS A EXPOSICIONES DE ESTATUAS HIPERREALISTAS DEL ARTISTA WALT WIZARD",20221212,20231212,"ALMACENES ESPECIALIZADOS S.A.C.","SANTIAGO DE SURCO","LIMA","LIMA",150140,34995.0000,7065.0000,7200.0000,"SOLES",20230706
"MIPYME Emprendedor","PROGRAMA EMERGENCIA EMPRESARIAL - MYPES REACTIVADAS - ALTERNATIVA 1",2022,"487-PROINNOVATE-EER1-2022","PROMOCIÓN DEL SEGMENTO B2C EN LA ADQUISICIÓN DE LOS PRODUCTOS ELABORADOS POR SEGURBLOCK\, MEDIANTE LA IMPLEMENTACIÓN DE MARKETING Y TIENDA VIRTUAL ENLAZADA CON SISTEMA DE FACTURACIÓN ELECTRÓNICA Y CRM.",20221223,20231223,"INDUSTRIAS METALICAS OFICERVITECMER SOCIEDAD ANONIMA CERRADA","SURQUILLO","LIMA","LIMA",150141,34995.0000,4465.0000,7200.0000,"SOLES",20230706
"FINCYT III","Startup Perú PLUG - Atracción de Emprendedores extranjeros",2022,"488-PROINNOVATE-INS-2022","UALABEE\, UNA PLATAFORMA DE SOLUCIONES DE MOVILIDAD URBANA.",20230109,20230809,"UALABEE S.A.C.","","","","",38000.0000,11000.0000,5286.0000,"DOLARES",20230706
"MIPYME Emprendedor","PROGRAMA DE APOYO A LA INTERNACIONALIZACIÓN MODALIDAD III - CONSOLIDACIÓN DE LA ACTIVIDAD EXPORTADORA",2022,"489-PROINNOVATE-PAIM3-2022","AMPLIAR EL MERCADO DE PRENDAS DE ALPACA : ACCESORIOS DE ALPACA EN AUSTRIA",20230110,20240510,"RAYMISA S.A.C","LURIN","LIMA","LIMA",150119,150000.0000,37500.0000,0.0000,"SOLES",20230706
"MIPYME Emprendedor","PROGRAMA DE APOYO A LA INTERNACIONALIZACIÓN MODALIDAD III - CONSOLIDACIÓN DE LA ACTIVIDAD EXPORTADORA",2022,"491-PROINNOVATE-PAIM3-2022","CONSOLIDACIÓN DE LAS EXPORTACIONES DE LA COOPERATIVA ALLIMA CACAO\, BUSCANDO ABASTECER DE CACAO EN GRANO FERMENTADO SECO Y SELECCIONADO AL MERCADO SUIZO",20230227,20240527,"COOPERATIVA AGRARIA ALLIMA CACAO LTDA.","CHAZUTA","SAN MARTIN","SAN MARTIN",220904,150000.0000,37500.0000,0.0000,"SOLES",20230706
"FINCYT III","PROYECTOS DE INNOVACIÓN EMPRESARIAL",2022,"492-PROINNOVATE-PIEC1-2022","DESARROLLO DE VIDEOJUEGO NARRATIVO \"THE CALLING\"\, QUE POR MEDIO DE UN ALGORITMO DESARROLLADO BAJO LA METODOLOGÍA MOVE Y DE UNA BASE DE DATOS DE CARRERAS Y MALLAS CURRICULARES EXISTENTES EN PERÚ\, PERMITA BRINDAR ORIENTACIÓN VOCACIONAL Y PROFESIONAL A JÓVENES.",20221207,20230707,"JEC PERU E.I.R.L.","MIRAFLORES","LIMA","LIMA",150122,201694.9200,172025.0800,41360.0000,"SOLES",20230706
"MIPYME Emprendedor","FORTALECIMIENTO DE ENTIDADES DE SOPORTE AL EMPRENDIMIENTO - INCUBADORAS Y ACELERADORAS DE NEGOCIOS",2022,"493-PROINNOVATE-IAN-2022","CAJAMARCA INCUBA - FORTALECIMIENTO DE LA CÁMARA DE COMERCIO Y PRODUCCIÓN DE CAJAMARCA COMO INCUBADORA DE NEGOCIOS",20221201,20251201,"CAMARA DE COMERCIO Y PRODUCCION DE CAJAMARCA","CAJAMARCA","CAJAMARCA","CAJAMARCA",060101,642000.0000,221025.9200,4900.0000,"SOLES",20230706
"MIPYME Emprendedor","PROGRAMA EMERGENCIA EMPRESARIAL - MYPES REACTIVADAS - ALTERNATIVA 1",2022,"494-PROINNOVATE-EER1-2022","OPTIMIZACIÓN Y DIGITALIZACIÓN DE LOS PROCESOS INTERNOS DE LA EMPRESA CON MIRAS A UNA FUTURA CERTIFICACIÓN DE CALIDAD; DISEÑO E IMPLEMENTACIÓN DE UN PLAN INTEGRAL DE MARKETING DIGITAL Y VENTAS; E IMPLEMENTACIÓN DE UNA PLATAFORMA DE GESTIÓN DE CURSOS VIRTUALES",20230221,20240121,"MCJ OPEN TRAINING E.I.R.L.","SAN MIGUEL","LIMA","LIMA",150136,35000.0000,4466.6700,7200.0000,"SOLES",20230706
"MIPYME Emprendedor","PROGRAMA DE APOYO A LA INTERNACIONALIZACIÓN MODALIDAD III - CONSOLIDACIÓN DE LA ACTIVIDAD EXPORTADORA",2022,"495-PROINNOVATE-PAIM3-2022","CONSOLIDACIÓN DE LA ACTIVIDAD EXPORTADORA DE LA EMPRESA HAMILLTON FARM PERU S.A.C. EN CANADÁ DE JENGIBRE FRESCO PREMIUM CON SELLO DE PRODUCCIÓN ORGÁNICA",20221205,20240605,"HAMILLTON FARM PERU S.A.C.","PERENE","CHANCHAMAYO","JUNIN",120302,149886.0000,37516.9200,0.0000,"SOLES",20230706
"MIPYME Emprendedor","PROGRAMA DE APOYO A LA INTERNACIONALIZACIÓN MODALIDAD III - CONSOLIDACIÓN DE LA ACTIVIDAD EXPORTADORA",2022,"496-PROINNOVATE-PAIM3-2022","INTERNACIONALIZANDO LA CASTAÑA AMAZÓNICA AL MERCADO DEL REINO UNIDO - MANUTATA",20230116,20240716,"MANUTATA SOCIEDAD ANONIMA CERRADA","LAS PIEDRAS","TAMBOPATA","MADRE DE DIOS",170103,150000.0000,38500.0000,0.0000,"SOLES",20230706
"FINCYT III","Startup Perú PLUG - Atracción de Emprendedores extranjeros",2022,"497-PROINNOVATE-INS-2022","CÁRBULA: PLATAFORMA PARA VENDER AUTOS USADOS",20221125,20230725,"CARBULA PERU S.A.C.","","","","",37980.0000,12295.0000,4010.0000,"DOLARES",20230706
"MIPYME Emprendedor","PROGRAMA DE APOYO A LA INTERNACIONALIZACIÓN MODALIDAD III - CONSOLIDACIÓN DE LA ACTIVIDAD EXPORTADORA",2022,"498-PROINNOVATE-PAIM3-2022","CONSOLIDACIÓN DE LAS EXPORTACIONES DE PIJAMAS DE LA MARCA INBLOOM EN EL MERCADO FRANCÉS",20221221,20240621,"CATALOGO S.A.C","CHORRILLOS","LIMA","LIMA",150108,150000.0000,37500.0000,0.0000,"SOLES",20230706
"MIPYME Emprendedor","PROGRAMA DE APOYO A LA INTERNACIONALIZACIÓN MODALIDAD III - CONSOLIDACIÓN DE LA ACTIVIDAD EXPORTADORA",2022,"499-PROINNOVATE-PAIM3-2022","CONSOLIDACIÓN DE LA EXPORTACIÓN AL MERCADO COREANO CON JENGIBRE CONGELADO",20230120,20240520,"AGROQUISKAY S.A.C.","ISLAY","ISLAY","AREQUIPA",040704,150000.0000,37500.0000,0.0000,"SOLES",20230706
"MIPYME Emprendedor","PROGRAMA DE APOYO A LA INTERNACIONALIZACIÓN MODALIDAD III - CONSOLIDACIÓN DE LA ACTIVIDAD EXPORTADORA",2022,"500-PROINNOVATE-PAIM3-2022","CONSOLIDACIÓN EXPORTADORA DE CAFÉS ESPECIALES Y CERTIFICADOS EN GRANO VERDE DE LA ASOCIACIÓN ASPROCAFÉ DE LA REGIÓN DE CAJAMARCA AL MERCADO DE COREA DEL SUR",20230203,20240603,"ASOCIACION DE PRODUCTORES CAFETALEROS EL SANTUARIO","JAEN","JAEN","CAJAMARCA",060801,150000.0000,38000.0000,0.0000,"SOLES",20230706
"MIPYME Emprendedor","PROGRAMA DE APOYO A LA INTERNACIONALIZACIÓN MODALIDAD III - CONSOLIDACIÓN DE LA ACTIVIDAD EXPORTADORA",2022,"501-PROINNOVATE-PAIM3-2022","TEXTIALPACA PERU SAC\, HILANDO UN CAMINO  PARA LA INTERNACIONALIZACIÓN Y EXPORTACIÓN DE TEXTILES EN ALPACA A LOS ESTADOS UNIDOS",20230113,20240413,"TEXTIALPACA PERU SOCIEDAD ANONIMA CERRADA","YANAHUARA","AREQUIPA","AREQUIPA",040126,150000.0000,37500.0000,0.0000,"SOLES",20230706
"MIPYME Emprendedor","PROGRAMA DE APOYO A LA INTERNACIONALIZACIÓN MODALIDAD III - CONSOLIDACIÓN DE LA ACTIVIDAD EXPORTADORA",2022,"502-PROINNOVATE-PAIM3-2022","EXPORTACIÓN DE CAFÉ EN GRANO ORO VERDE DE TARAPOTO DE PUNTAJE ENTRE 81 Y 85 HACIA EL MERCADO DE AUSTRALIA.",20221221,20240621,"COOPERATIVA AGRARIA MONTE AZUL - MONTE AZUL COOP","TARAPOTO","SAN MARTIN","SAN MARTIN",220901,150000.0000,37500.0000,0.0000,"SOLES",20230706
"MIPYME Emprendedor","PROGRAMA EMERGENCIA EMPRESARIAL - MYPES REACTIVADAS - ALTERNATIVA 1",2022,"503-PROINNOVATE-EER1-2022","IMPLEMENTACIÓN DE UNA PLATAFORMA DE VENTAS ELECTRÓNICA ESPECIALIZADA EN PECES AMAZÓNICOS PARA REDUCIR LOS COSTOS LOGÍSTICOS E INGRESAR A NUEVOS MERCADOS.",20230206,20231006,"FARRO GUEVARA ELAR","NUEVA CAJAMARCA","RIOJA","SAN MARTIN",220804,33750.0000,4320.0000,6930.0000,"SOLES",20230706
"MIPYME Emprendedor","PROGRAMA DE APOYO A LA INTERNACIONALIZACIÓN MODALIDAD III - CONSOLIDACIÓN DE LA ACTIVIDAD EXPORTADORA",2022,"505-PROINNOVATE-PAIM3-2022","CONSOLIDACION DE LA EXPORTACION DE CAFÉ GRANO VERDE (COFFEA ARABICA) DIFERENCIADO\, DE LA ASOCIACION ALPES ANDINOS\, PARA EL MERCADO DE COREA DEL SUR",20230126,20240726,"ASOCIACION DE PRODUCTORES CAFETALEROS ALPES ANDINOS","JAEN","JAEN","CAJAMARCA",060801,150000.0000,37500.0000,0.0000,"SOLES",20230706
"MIPYME Emprendedor","PROGRAMA DE APOYO A LA INTERNACIONALIZACIÓN MODALIDAD II - POTENCIAMIENTO DE LAS EXPORTACIONES",2022,"506-PROINNOVATE-PAIM2-2022","POTENCIAMIENTO DE LA EXPORTACIÓN DE BABY BANANA ORGÁNICO FRESCO AL MERCADO DE ESTADOS UNIDOS POR LA EMPRESA PATT FRESH SAC - SEDE REGIÓN HUÁNUCO",20230110,20240710,"PATT FRESH S.A.C.","SAN LUIS","LIMA","LIMA",150134,89818.9900,16169.4100,0.0000,"SOLES",20230706
"MIPYME Emprendedor","PROGRAMA DE APOYO A LA INTERNACIONALIZACIÓN MODALIDAD III - CONSOLIDACIÓN DE LA ACTIVIDAD EXPORTADORA",2022,"507-PROINNOVATE-PAIM3-2022","CONSOLIDACION DEL JENGIBRE ORGANICO FRESCO MARCA AÑAWI PARA PAISES BAJOS",20221219,20240619,"ANAWI EXPORT S.A.C.","LA MOLINA","LIMA","LIMA",150114,150000.0000,37500.0000,0.0000,"SOLES",20230706
"MIPYME Emprendedor","PROGRAMA DE APOYO A LA INTERNACIONALIZACIÓN MODALIDAD III - CONSOLIDACIÓN DE LA ACTIVIDAD EXPORTADORA",2022,"509-PROINNOVATE-PAIM3-2022","EXPORTAR LA LÍNEA DE ROPA INFANTIL DE LA MARCA NUNA COTTON AL MERCADO DE BRASIL",20230202,20240702,"NUNA COTTON E.I.R.L.","PUENTE PIEDRA","LIMA","LIMA",150125,150000.0000,37500.0000,0.0000,"SOLES",20230706
"MIPYME Emprendedor","PROGRAMA DE APOYO A LA INTERNACIONALIZACIÓN MODALIDAD II - POTENCIAMIENTO DE LAS EXPORTACIONES",2022,"510-PROINNOVATE-PAIM2-2022","PLAN DE INTERNACIONALIZACIÓN PARA EL POTENCIAMIENTO DE NUESTRAS EXPORTACIONES EN EL MERCADO FRANCÉS.",20221229,20240629,"INNOVAYA S.A.C.","SAN ISIDRO","LIMA","LIMA",150131,89999.0000,10489.0000,0.0000,"SOLES",20230706
"FINCYT III","Startup Perú PLUG - Atracción de Emprendedores extranjeros",2022,"511-PROINNOVATE-INS-2022","ANCESTRAL TECH: IOT PARA AGRICULTURA EXTREMA",20221128,20230728,"ANCESTRAL TECHNOLOGIES PERU S.A.C.","","","","",38000.0000,10858.0000,5428.0000,"DOLARES",20230706
"MIPYME Emprendedor","PROGRAMA DE APOYO A LA INTERNACIONALIZACIÓN MODALIDAD III - CONSOLIDACIÓN DE LA ACTIVIDAD EXPORTADORA",2022,"513-PROINNOVATE-PAIM3-2022","EXPORTACIÓN DE CAFÉ GRANO VERDE ESPECIAL AL MERCADO AUSTRALIANO",20230201,20240701,"ASOCIACION DE PRODUCTORES CAFETALEROS ALTO SAN IGNACIO","SAN IGNACIO","SAN IGNACIO","CAJAMARCA",060901,150000.0000,37500.0000,0.0000,"SOLES",20230706
"FINCYT III","Startup Perú PLUG - Atracción de Emprendedores extranjeros",2022,"514-PROINNOVATE-INS-2022","CAREYOU: CUIDADO PREDICTIVO DE LA SALUD",20221125,20230725,"CAREYOU SAC","","","","",38000.0000,11288.0000,5000.0000,"DOLARES",20230706
"MIPYME Emprendedor","PROGRAMA DE APOYO A LA INTERNACIONALIZACIÓN MODALIDAD I - EMPRENDEDOR EXPORTADOR",2022,"515-PROINNOVATE-PAIM1-2022","DESPEGUE COMERCIAL DE LA EMPRESA BOH GROUP S.A.C. CON CALZADO PARA CABALLEROS AL MERCADO CHILENO BAJO ESTÁNDARES DE DISEÑO\, CALIDAD Y CONFORT.",20230714,20241014,"BOH GROUP S.A.C.","EL PORVENIR","TRUJILLO","LA LIBERTAD",130102,69238.4000,8500.0000,0.0000,"SOLES",20230706
"FINCYT III","PROYECTOS DE INNOVACIÓN EMPRESARIAL",2022,"516-PROINNOVATE-PIEC1-2022","DESARROLLO DE UN PROCESO DE TEXTURIZADO DE GERMEN DE TARA DESTANIFICADA REFORZADA CON COLORANTES NATURALES O HIERRO HEMO\, COMO SUSTITUTO CÁRNICO ORIENTADA A UN MERCADO DE CONSUMIDORES VEGANOS O FLEXIVEGANOS ELABORADO POR LA EMPRESA EXANDAL",20221221,20230921,"EXANDAL S.A.","PUENTE PIEDRA","LIMA","LIMA",150125,266589.7500,79998.2500,57940.0000,"SOLES",20230706
"MIPYME Emprendedor","PROGRAMA DE APOYO A LA INTERNACIONALIZACIÓN MODALIDAD II - POTENCIAMIENTO DE LAS EXPORTACIONES",2022,"517-PROINNOVATE-PAIM2-2022","INTERNACIONALIZACIÓN DEL CAFÉ ORO DE LA COOPERATIVA AGRARIA CAFETALERA PERÚ ANDINO A ESTADOS UNIDOS",20221222,20240322,"COOPERATIVA AGRARIA CAFETALERA PERÚ ANDINO","JAEN","JAEN","CAJAMARCA",060801,89999.9000,10000.1000,0.0000,"SOLES",20230706
"MIPYME Emprendedor","PROGRAMA DE APOYO A LA INTERNACIONALIZACIÓN MODALIDAD II - POTENCIAMIENTO DE LAS EXPORTACIONES",2022,"518-PROINNOVATE-PAIM2-2022","PLAN DE INTERNACIONALIZACIÓN DE POLVO DEL TARWI EN DIFERENTES PRESENTACIONES PARA EL MERCADO ESTADOUNIDENSE",20230201,20240601,"TARWICORP SAC","SAN MIGUEL","LIMA","LIMA",150136,90000.0000,10804.5300,0.0000,"SOLES",20230706
"MIPYME Emprendedor","PROGRAMA DE APOYO A LA INTERNACIONALIZACIÓN MODALIDAD II - POTENCIAMIENTO DE LAS EXPORTACIONES",2022,"519-PROINNOVATE-PAIM2-2022","INCREMENTO DE LA OFERTA EXPORTABLE DE CAFÉS ESPECIALES CON CERTIFICACIÓN ORGÁNICA DE LA ASOCIACIÓN DE PRODUCTORES AGROPECUARIOS CAFÉ SOLIDARIO HACIA EL MERCADO DE ESTADOS UNIDOS",20230408,20240708,"ASOCIACION DE PRODUCTORES AGROPECUARIOS CAFE SOLIDARIO","JAEN","JAEN","CAJAMARCA",060801,89910.0000,9990.0000,0.0000,"SOLES",20230706
"MIPYME Emprendedor","PROGRAMA DE APOYO A LA INTERNACIONALIZACIÓN MODALIDAD I - EMPRENDEDOR EXPORTADOR",2022,"521-PROINNOVATE-PAIM1-2022","EXPORTACIÓN DE SOFTWARE PARA SISTEMAS INTEGRADOS DE GESTIÓN PARA EMPRESAS PYMES EN EL MERCADO ECUATORIANO.",20221223,20240623,"IM & RA CORE BUSINESS S.A.C.","SAN BORJA","LIMA","LIMA",150130,69966.0000,7774.0000,0.0000,"SOLES",20230706
"MIPYME Emprendedor","PROGRAMA DE APOYO A LA INTERNACIONALIZACIÓN MODALIDAD III - CONSOLIDACIÓN DE LA ACTIVIDAD EXPORTADORA",2022,"523-PROINNOVATE-PAIM3-2022","IMPLEMENTACIÓN DE ESTRATEGIAS DE INTERNACIONALIZACIÓN EN LA CADENA DE CACAOS FINOS Y DE AROMA SOSTENIBLES AL MERCADO DE ESTADOS UNIDOS",20230216,20240716,"INVERSIONES CAMPO VERDE SAC","LA MOLINA","LIMA","LIMA",150114,150000.0000,37500.0000,0.0000,"SOLES",20230706
"MIPYME Emprendedor","PROGRAMA EMERGENCIA EMPRESARIAL - MYPES REACTIVADAS - ALTERNATIVA 1",2022,"524-PROINNOVATE-EER1-2022","REORIENTACIÓN  DE NUESTROS PROCESOS PARA LA REACTIVACIÓN DE NUESTRA EMPRESA CONSTRUCTORA",20221212,20231212,"GIL SEVILLANO JANETH PAOLA","VICTOR LARCO HERRERA","TRUJILLO","LA LIBERTAD",130111,34999.5000,4466.5000,7200.0000,"SOLES",20230706
"MIPYME Emprendedor","PROGRAMA EMERGENCIA EMPRESARIAL - MYPES REACTIVADAS - ALTERNATIVA 1",2022,"525-PROINNOVATE-EER1-2022","REINGENIERIA DIGITAL ENFOCADA EN CAPTAR NUEVOS CLIENTES CORPORATIVOS",20221228,20230928,"BLUBRAND SAC","SANTIAGO DE SURCO","LIMA","LIMA",150140,35000.0000,7066.6700,4600.0000,"SOLES",20230706
"MIPYME Emprendedor","PROGRAMA EMERGENCIA EMPRESARIAL - MYPES REACTIVADAS - ALTERNATIVA 1",2022,"526-PROINNOVATE-EER1-2022","INCREMENTAR LAS VENTAS DE IDEAS CAMPUS S.A.C. MEDIANTE LA IMPLEMENTACIÓN DE UN CRM\, REESTRUCTURACIÓN DE NUESTRA PÁGINA WEB Y APLICACIÓN DE ESTRATEGIAS SEO Y SEM",20221223,20231223,"IDEAS CAMPUS S.A.C.","AREQUIPA","AREQUIPA","AREQUIPA",040101,35000.0000,4466.6700,7200.0000,"SOLES",20230706
"MIPYME Emprendedor","PROGRAMA EMERGENCIA EMPRESARIAL - MYPES REACTIVADAS - ALTERNATIVA 1",2022,"527-PROINNOVATE-EER1-2022","APLICACIÓN DE HERRAMIENTAS VIRTUALES\, ESTRATEGIAS DE MARKETING Y COSTEO PARA POTENCIAR LA CALIDAD EDUCATIVA E INCREMENTAR LA CANTIDAD DE ESTUDIANTES DEL INSTITUTO SUPERIOR STENDHAL",20230206,20240206,"STENDHAL CENTRO DE HOSTELERIA Y TURISMO E.I.R.L.","AREQUIPA","AREQUIPA","AREQUIPA",040101,35000.0000,4466.6700,7200.0000,"SOLES",20230706
"MIPYME Emprendedor","PROGRAMA EMERGENCIA EMPRESARIAL - MYPES REACTIVADAS - ALTERNATIVA 1",2022,"528-PROINNOVATE-EER1-2022","GENERACIÓN Y COMERCIALIZACIÓN DE NUEVOS PRODUCTOS DE CUERO CON ECONOMÍA CIRCULAR.",20221206,20231006,"CURTIDURIA INDUSTRIAL MORILLO HERMANOS S.R.L.","LA ESPERANZA","TRUJILLO","LA LIBERTAD",130105,33000.0000,3800.0000,7200.0000,"SOLES",20230706
"MIPYME Emprendedor","PROGRAMA EMERGENCIA EMPRESARIAL - MYPES REACTIVADAS - ALTERNATIVA 1",2022,"529-PROINNOVATE-EER1-2022","CAPTACIÓN DE MERCADO  Y DESARROLLO DE TALENTO: CAPTACIÓN DE NUEVOS CLIENTES A TRAVÉS DE LA IMPLEMENTACIÓN DE UN PLAN DE MARKETING\, HERRAMIENTAS DIGITALES Y LA CAPACITACIÓN DE NUESTRO TALENTO HUMANO.",20221205,20231205,"TACTICAL SERVICES GROUP CONSULTING SOCIEDAD ANONIMA CERRADA - TSG CONSULTING S.A.C.","YANAHUARA","AREQUIPA","AREQUIPA",040126,35000.0000,7066.6700,4600.0000,"SOLES",20230706
"MIPYME Emprendedor","PROGRAMA EMERGENCIA EMPRESARIAL - MYPES REACTIVADAS - ALTERNATIVA 1",2022,"530-PROINNOVATE-EER1-2022","POSICIONAMIENTO Y EXPANSIÓN COMERCIAL DEL SUPLEMENTO FERRÍCO ?FERROQUINUA? QUE CONTRIBUYA A LA SOSTENIBILIDAD DE LA EMPRESA ABC SUPPLY SAC",20221201,20231201,"ABC SUPPLY S.A.C.","MIRAFLORES","LIMA","LIMA",150122,33750.0000,4050.0000,7200.0000,"SOLES",20230706
"FINCYT III","PROYECTOS DE INNOVACIÓN EMPRESARIAL",2022,"531-PROINNOVATE-PIEC1-2022","DESARROLLO DE BIOMANTOS ORGÁNICOS BIODEGRADABLES PARA MEJORAR RETENCIÓN DE HUMEDAD Y LAS PROPIEDADES FÍSICAS DEL SUELO INCREMENTANDO LOS NIVELES DE PRODUCTIVIDAD EN EL CULTIVO DE BANANO ORGÁNICO EN LA REGIÓN PIURA",20221221,20230821,"ASOCIACION DE PRODUCTORES ORGANICOS SAN VICENTE SANTA ROSA - APOSAVSAR","SULLANA","SULLANA","PIURA",200601,299999.7600,30310.2400,52049.9900,"SOLES",20230706
"FINCYT III","Startup Perú PLUG - Atracción de Emprendedores extranjeros",2022,"533-PROINNOVATE-INS-2022","TRANSATUAUTO",20230106,20230706,"ENOLA PE S.A.C.","","","","",38000.0000,10858.0000,5428.0000,"DOLARES",20230706
"FINCYT III","CONCURSO DE PROYECTOS COLABORATIVOS DE INNOVACIÓN ABIERTA",2022,"534-PROINNOVATE-CPCC2-2022","IDENTIFICACIÓN Y SELECCIÓN CON INNOVACIÓN ABIERTA\, DE SOLUCIONES INNOVADORAS PARA APOYAR LA RECUPERACIÓN DEL AGUA PURGADA Y EL VAPOR QUE SE PIERDE EN LA TORRE DE ENFRIAMIENTO DE LA CENTRAL TÉRMICA EN ENEL GENERACION PERU S.A.A.",20230111,20231011,"ENEL GENERACION PERU S.A.A.","SAN BORJA","LIMA","LIMA",150130,74523.3900,13414.2100,19200.0000,"SOLES",20230706
"FINCYT III","CONCURSO DE PROYECTOS COLABORATIVOS DE INNOVACIÓN ABIERTA",2022,"535-PROINNOVATE-CPCC2-2022","EVALUACIÓN Y SELECCIÓN CON INNOVACIÓN ABIERTA\, DE POTENCIALES SOLUCIONES DE ECONOMÍA CIRCULAR PARA REDUCIR Y/O REUTILIZAR LOS RELAVES MINEROS\, NEUMÁTICOS Y EFLUENTES PARA OPTIMIZAR LAS OPERACIONES DE MINERA PODEROSA\, CON IMPACTO AMBIENTAL-SOCIAL FAVORABLE.",20221230,20230930,"CIA MINERA PODEROSA S A","SANTIAGO DE SURCO","LIMA","LIMA",150140,289516.1000,96206.9400,93780.0000,"SOLES",20230706
"FINCYT III","CONCURSO DE PROYECTOS COLABORATIVOS DE INNOVACIÓN ABIERTA",2022,"536-PROINNOVATE-CPCC2-2022","IDENTIFICACIÓN Y SELECCIÓN CON INNOVACIÓN ABIERTA\, DE SOLUCIONES INNOVADORAS PARA EVITAR ACCIDENTES DE TERCEROS EN LA VÍA PÚBLICA Y PARA EL MANTENIMIENTO PREVENTIVO EN LA RED ELÉCTRICA DE ENEL DISTRIBUCION PERU S.A.A.",20230111,20231011,"ENEL DISTRIBUCION PERU S.A.A.","SAN BORJA","LIMA","LIMA",150130,77012.8800,13862.3200,23400.0000,"SOLES",20230706
"MIPYME Emprendedor","PROGRAMA DE APOYO A LA INTERNACIONALIZACIÓN MODALIDAD III - CONSOLIDACIÓN DE LA ACTIVIDAD EXPORTADORA",2022,"540-PROINNOVATE-PAIM3-2022","CONSOLIDACIÓN DE LAS EXPORTACIONES DE CAFÉ ORGÁNICO PRODUCIDO POR LA COOPERATIVA AGRARIA LA PROSPERIDAD DE CHIRINOS EN EL MERCADO DE JAPÓN.",20230714,20241014,"COOPERATIVA AGRARIA CAFETALERA ","CHIRINOS","SAN IGNACIO","CAJAMARCA",060902,150000.0000,40500.0000,0.0000,"SOLES",20230706
"FINCYT III","PROYECTOS DE INNOVACIÓN EMPRESARIAL",2022,"541-PROINNOVATE-PIEC1-2022","DESARROLLO DE UN SISTEMA DE CULTIVO DE AJÍES NATIVOS DE VARIEDADES CAPSICUM BACCATUM (AJÍ AMARILLO) Y CAPSICUM CHINENSE (AJÍ PANCA) EN CONDICIONES CONTROLADAS BAJO UN SISTEMA DE INVERNADERO CON REDUCCIÓN DE APLICACIÓN DE PESTICIDAS.",20221228,20230928,"AVO HASS PERU S.A.C.","SANTIAGO DE SURCO","LIMA","LIMA",150140,299999.6600,108349.3400,192294.0000,"SOLES",20230706
"FINCYT III","Startup Perú PLUG - Atracción de Emprendedores extranjeros",2022,"542-PROINNOVATE-INS-2022","MECUBRO\,  INSURTECH  PARA DEMOCRATIZAR EL ACCESO AL SEGURO PARA PERSONAS.",20230106,20230806,"MECUBRO S.A.C.","","","","",38000.0000,11400.0000,5000.0000,"DOLARES",20230706
"FINCYT III","PROYECTOS DE INNOVACIÓN EMPRESARIAL",2022,"545-PROINNOVATE-PIEC1-2022","DESARROLLO DE UN PORTAL WEB INMOBILIARIO QUE PERMITA A CLIENTES EMPRESARIALES BUSCAR INMUEBLES PARA ALQUILER/COMPRA EN BASE A SUS REQUERIMIENTOS\, EN UN MODELO BAJO DEMANDA\, SEMIAUTOMATIZADO\, QUE FACILITA LA INTERACCIÓN\, PERSONALIZACIÓN Y CONFIANZA DEL SERVICIO",20230124,20230824,"GESTIONES Y SOLUCIONES SOCIEDAD ANONIMA CERRADA","SANTIAGO DE SURCO","LIMA","LIMA",150140,150000.0000,24750.0000,26400.0000,"SOLES",20230706
"FINCYT III","Startup Perú PLUG - Atracción de Emprendedores extranjeros",2022,"546-PROINNOVATE-INS-2022","EVERWOOD: TRANSFORMA RESIDUOS PLÁSTICOS EN MADERA",20230113,20230713,"DESAFIO AMBIENTE S.A.C.","","","","",38000.0000,5428.5700,10857.1400,"DOLARES",20230706
"FINCYT III","Startup Perú PLUG - Atracción de Emprendedores extranjeros",2022,"547-PROINNOVATE-INS-2022","PROSPERAS: PLATAFORMA DE HISTORIAL CREDITICIO PARA",20230106,20230706,"ROCHA NUÑEZ DAVID CONRAD","","","","",38000.0000,10857.2000,5428.5800,"DOLARES",20230706
"FINCYT III","Startup Perú PLUG - Atracción de Emprendedores extranjeros",2022,"549-PROINNOVATE-INS-2022","TUCUOTA: PASARELA DE PAGOS",20230109,20230809,"FLEXXA S.A.C.","","","","",38000.0000,16286.0000,0.0000,"DOLARES",20230706
"FINCYT III","Startup Perú PLUG - Atracción de Emprendedores extranjeros",2022,"550-PROINNOVATE-INS-2022","HUB UDEP\, ACOMPAÑAMIENTO A PROYECTOS DE PLUG2G Y PLUG3G",20230202,20240202,"UNIVERSIDAD DE PIURA","PIURA","PIURA","PIURA",200101,39000.0000,0.0000,0.0000,"DOLARES",20230706
"FINCYT III","Startup Perú PLUG - Atracción de Emprendedores extranjeros",2022,"551-PROINNOVATE-INS-2022","RECYLINK: PLATAFORMA DE GESTIÓN DE RESIDUOS",20221227,20230727,"RECYLINK S.A.C.","","","","",38000.0000,10858.0000,5428.0000,"DOLARES",20230706
"FINCYT III","Startup Perú PLUG - Atracción de Emprendedores extranjeros",2022,"553-PROINNOVATE-INS-2022","YAKUPURA: PRODUCTOS QUE TE PROVEEN AGUA PURA.",20230106,20230706,"YAKUPURA PERU S.A.C. BIC","","","","",37998.0000,10858.0000,5428.0000,"DOLARES",20230706
"FINCYT III","Startup Perú PLUG - Atracción de Emprendedores extranjeros",2022,"554-PROINNOVATE-INS-2022","FORCAST SUIT PROCESAMIENTO INTELIGENTE DE IMAGENES",20230215,20230815,"FORCAST PERU S.A.C.","","","","",38000.0000,10857.1400,5428.5700,"DOLARES",20230706
"FINCYT III","Startup Perú PLUG - Atracción de Emprendedores extranjeros",2022,"555-PROINNOVATE-INS-2022","VIGALAB SPA: IOT DE PRODUCTIVIDAD EN IND. MINERA",20221221,20230721,"VIGALAB S.A.C.","","","","",38000.0000,10857.1500,5428.5700,"DOLARES",20230706
"FINCYT III","Startup Perú PLUG - Atracción de Emprendedores extranjeros",2022,"556-PROINNOVATE-INS-2022","WUMBOX PLATAFORMA EDUCATIVA DE INT. ARTIFICIAL.",20221220,20230820,"WUMBOX S.A.C.","","","","",38000.0000,10980.0000,5440.0000,"DOLARES",20230706
"FINCYT III","PROYECTOS DE INNOVACIÓN EMPRESARIAL",2022,"557-PROINNOVATE-PIEC1-2022","DISEÑO E IMPLEMENTACIÓN DE UN MODELO DE PRODUCCIÓN CIRCULAR UTILIZANDO TECNOLOGÍAS LIMPIAS PARA LA OPTIMIZACIÓN Y REUTILIZACIÓN DE  AGUAS RESIDUALES Y RESIDUOS ORGÁNICOS EN EL PROCESAMIENTO DE CONCHA DE ABANICO EN LA EMPRESA DISMAR\, EN SECHURA-PIURA.",20230106,20230806,"SERVICIOS PESQUEROS DISMAR SOCIEDAD ANONIMA CERRADA","SECHURA","SECHURA","PIURA",200801,299998.4100,110924.5900,339073.8000,"SOLES",20230706
"FINCYT III","PROYECTOS DE INNOVACIÓN EMPRESARIAL",2022,"559-PROINNOVATE-PIEC1-2022","DISEÑO E IMPLEMENTACIÓN DE UNA CABINA INMERSIVA PORTÁTIL QUE INCORPORA REALIDAD EXTENDIDA XR (RV 360 + REALIDAD AUMENTADA) Y SENSORES HÁPTICOS\, PARA EL ENTRENAMIENTO DE PERSONAL EN SSOMA\, DE EMPRESAS DEL SECTOR MINERO E INDUSTRIAL PERUANO",20221227,20230727,"ARTEMAR GROUP EIRL","CALLAO","PROV. CONST. DEL CALLAO","CALLAO",070101,148432.2000,17567.8000,27100.0000,"SOLES",20230706
"FINCYT III","Startup Perú PLUG - Atracción de Emprendedores extranjeros",2022,"560-PROINNOVATE-INS-2022","WIDERGY\, COMPAÑÍA QUE BRINDA TECNOLOGÍA DE ALTO IMPACTO PARA LA INDUSTRIA DE SERVICIOS PÚBLICOS (UTILITIES) A TRAVÉS DE HERRAMIENTAS QUE CONTRIBUYEN A TRANSFORMAR LA MANERA EN LA QUE LAS PERSONAS SE RELACIONAN CON LA GESTIÓN DE LA ELECTRICIDAD\, EL GAS Y EL AGUA.",20230106,20230806,"WIDERGY SAC","","","","",38000.0000,11000.0000,5400.0000,"DOLARES",20230706
"FINCYT III","Startup Perú PLUG - Atracción de Emprendedores extranjeros",2022,"563-PROINNOVATE-INS-2022","TUGERENTE SOFTWARE DE GESTIÓN FINANCIERA PARA PYME",20221228,20230928,"NETBITS PERU S.A.C.","","","","",38000.0000,11250.0000,5300.0000,"DOLARES",20230706
"FINCYT III","Startup Perú PLUG - Atracción de Emprendedores extranjeros",2022,"564-PROINNOVATE-INS-2022","CODING DOJO LATAM: COLLEGE DE PROGRAMACIÓN Y FORMA",20230118,20230718,"CODING DOJO CAPACITACIONES S.A.C.","","","","",38000.0000,11300.0000,5000.0000,"DOLARES",20230706
"MIPYME Emprendedor","PROGRAMA DE APOYO A LA INTERNACIONALIZACIÓN MODALIDAD III - CONSOLIDACIÓN DE LA ACTIVIDAD EXPORTADORA",2022,"565-PROINNOVATE-PAIM3-2022","EXPORTACIÓN DEL SERVICIO DE CONSULTORÍA Y DISEÑO DE BRANDING AL MERCADO ESPAÑOL",20230308,20240708,"INFINITO CONSULTORES DE IMAGEN Y ESTRATEGIA SAC","MIRAFLORES","LIMA","LIMA",150122,150000.0000,37500.0000,0.0000,"SOLES",20230706
"FINCYT III","Startup Perú PLUG - Atracción de Emprendedores extranjeros",2022,"566-PROINNOVATE-INS-2022","PARALED: SISTEMA ILUMINACIÓN LED INTELIGENTE",20230109,20230809,"CIENCIA PURA PERU S.A.C.","","","","",38000.0000,10900.0000,5433.0000,"DOLARES",20230706
"BID 4","CONCURSO FORTALECIMIENTO ESTRATÉGICO DE CENTROS DE EXTENSIÓN Y TRANSFERENCIA TECNOLÓGICA (CET) - SEGUNDA FASE",2022,"569-PROINNOVATE-CETF2-2022","IMPLEMENTACIÓN DEL PLAN ESTRATÉGICO DEL CITE PESQUERO AMAZÓNICO PUCALLPA CON NUEVOS SERVICIOS PARA EL SECTOR PESCA Y ACUICULTURA DE LA REGIÓN UCAYALI",20230110,20250510,"INSTITUTO TECNOLOGICO DE LA PRODUCCION","CALLERIA","CORONEL PORTILLO","UCAYALI",250101,1165912.5000,0.0000,381100.0000,"SOLES",20230706
"BID 4","CONCURSO FORTALECIMIENTO ESTRATÉGICO DE CENTROS DE EXTENSIÓN Y TRANSFERENCIA TECNOLÓGICA (CET) - SEGUNDA FASE",2022,"570-PROINNOVATE-CETF2-2022","FORTALECIMIENTO ESTRATÉGICO DEL CITEACUÍCOLA PESQUERO AHUASHIYACU DE LA REGIÓN SAN MARTÍN",20230110,20250810,"INSTITUTO TECNOLOGICO DE LA PRODUCCION","LA BANDA DE SHILCAYO","SAN MARTIN","SAN MARTIN",220909,4800000.0000,0.0000,1534000.0000,"SOLES",20230706
"BID 4","CONCURSO FORTALECIMIENTO ESTRATÉGICO DE CENTROS DE EXTENSIÓN Y TRANSFERENCIA TECNOLÓGICA (CET) - SEGUNDA FASE",2022,"571-PROINNOVATE-CETF2-2022","\"FORTALECER EL CENTRO DE EXTENSIONISMO TECNOLÓGICO DE CUERO\, CALZADO E INDUSTRIAS CONEXAS DE AREQUIPA Y  LA REGIÓN SUR DEL PERÚ PARA ARTICULAR LA OFERTA DE SERVICIOS CON LA DEMANDA DEL SECTOR\"",20230110,20250510,"INSTITUTO TECNOLOGICO DE LA PRODUCCION","CERRO COLORADO","AREQUIPA","AREQUIPA",040104,1690815.0000,0.0000,508921.6700,"SOLES",20230706
"FINCYT III","CONCURSO FORTALECIMIENTO ESTRATÉGICO DE CENTROS DE EXTENSIÓN Y TRANSFERENCIA TECNOLÓGICA (CET) - SEGUNDA FASE",2022,"573-PROINNOVATE-CETF2-2022","FORTALECIMIENTO DE CITE OPERACIONES PRIVADO (MRT) PARA LA INDUSTRIA MINERA\, PETROLERA Y CONEXAS (METS) PROMOVIENDO ACCESO DE MYPES A TECNOLOGÍA DE DIAGNÓSTICO\, MONITOREO PREDICTIVO Y PREVENTIVO\, ENTRENAMIENTO VIRTUAL Y DIGITAL CON ALCANCE NACIONAL. ",20230109,20231109,"MATERIALS RESEARCH & TECHNOLOGY S.A.C.","PACHACAMAC","LIMA","LIMA",150123,3182768.2500,636722.7500,424200.0000,"SOLES",20230706
"FINCYT III","PROYECTOS DE VALIDACIÓN DE LA INNOVACIÓN: SEGURIDAD ALIMENTARIA",2022,"574-PROINNOVATE-PIEC2SA-2022","VALIDACIÓN TÉCNICO - COMERCIAL Y EMPAQUETAMIENTO DE PRODUCTOS PROTEICOS EN BASE A GERMEN DE TARA (CAESALPINIA SPINOSA) EN EL MARCO DE SEGURIDAD ALIMENTARIA.",20230109,20230709,"MOLINOS ASOCIADOS SOCIEDAD ANONIMA CERRADA","VILLA EL SALVADOR","LIMA","LIMA",150142,449847.4600,75152.5400,222500.0000,"SOLES",20230706
"MIPYME","PROGRAMA DE APOYO A CLUSTERS",2022,"575-PROINNOVATE-PAC-2022","INICIATIVA DE APOYO AL CLÚSTER AGROEXPORTADOR DE MANGO DE PIURA",20230106,20260106,"CLUSTER DEL MANGO DE PIURA","PIURA","PIURA","PIURA",200101,1350000.0000,400000.0000,250000.0000,"SOLES",20230706
"FINCYT III","PROYECTOS DE VALIDACIÓN DE LA INNOVACIÓN: SEGURIDAD ALIMENTARIA",2022,"576-PROINNOVATE-PIEC2SA-2022","VALIDACIÓN TÉCNICA-COMERCIAL DE THIKA THANI MARKETPLACE\, PRIMER ECOSISTEMA REGIONAL\, SALUDABLE Y SOSTENIBLE DE PRODUCTOS PERUANOS QUE PROMUEVE UNA ALIMENTACIÓN SALUDABLE E IMPULSA EL DESARROLLO DE UNA CADENA DE COMERCIO JUSTO Y SOSTENIBLE ENTRE CLIENTES Y PRODUCTORES.",20230110,20230710,"VE7 AGRONEGOCIOS SAC","SAN BORJA","LIMA","LIMA",150130,450000.0000,71600.0000,92999.6000,"SOLES",20230706
"MIPYME Emprendedor","PROGRAMA DE APOYO A LA INTERNACIONALIZACIÓN MODALIDAD I - EMPRENDEDOR EXPORTADOR",2023,"001-2023-PRODUCE/PROINNOVATE","EXPORTACIÓN DIRECTA DE BANANO ORGÁNICO DE CAFOM CYDEX HACIA EL MERCADO DE ALEMANIA",20230517,20240817,"COOPERATIVA AGRARIA DE FRUTAS ORGANICAS MALLARES CYDEX","MARCAVELICA","SULLANA","PIURA",200605,70000.0000,7777.3400,0.0000,"SOLES",20230706
"FINCYT III","PROYECTOS DE VALIDACIÓN DE LA INNOVACIÓN: SEGURIDAD ALIMENTARIA",2023,"003-PROINNOVATE-PIEC2SA-2023","VALIDACIÓN TÉCNICO-COMERCIAL Y EMPAQUETAMIENTO DE BERRYCOOKIES: GALLETA LIBRE DE OCTÓGONOS CON ARÁNDANOS DESHIDRATADOS APTA PARA CELIACOS\, DIABÉTICOS Y VEGANOS REALIZADO POR FRESH FARMING E.I.R.L.",20230116,20230916,"FRESH FARMING E.I.R.L.","TRUJILLO","TRUJILLO","LA LIBERTAD",130101,385581.0300,67244.5700,67000.0000,"SOLES",20230706
"FINCYT III","PROYECTOS DE VALIDACIÓN DE LA INNOVACIÓN: SEGURIDAD ALIMENTARIA",2023,"006-PROINNOVATE-PIEC2SA-2023","VALIDACIÓN TÉCNICA Y COMERCIAL DE GALLETAS\, DESAYUNO INSTANTÁNEO Y PAN DE MOLDE ENRIQUECIDAS CON HIERRO MICROENCAPSULADO",20230203,20230803,"AGROINDUSTRIAS GARAY S.A.C.","SAN JUAN BAUTISTA","HUAMANGA","AYACUCHO",050110,450000.0000,117000.0000,333000.0000,"SOLES",20230706
"FINCYT III","PROYECTOS DE INNOVACIÓN EMPRESARIAL",2023,"009-PROINNOVATE-PIEC1-2023","MEJORA DE PROCESO DE PRODUCCIÓN DE BIO FERTILIZANTE ORGÁNICO\, DE ORIGEN MINERAL COMPATIBLE CON TODO TIPO DE CULTIVO\, PARA SU ALTA INDUSTRIALIZACIÓN A NIVEL NACIONAL E INTERNACIONAL ELABORADO POR INKA GREEN SAC.",20230131,20230731,"INKA GREEN SAC","CALLAO","PROV. CONST. DEL CALLAO","CALLAO",070101,141469.4100,22757.3000,25600.0000,"SOLES",20230706
"FINCYT III","CONCURSO DE PROYECTOS COLABORATIVOS DE INNOVACIÓN ABIERTA",2023,"010-PROINNOVATE-CPCC2-2023","PROYECTO DE INNOVACIÓN ABIERTA PARA APROVECHAR DE MANERA COLABORATIVA OPORTUNIDADES EN EL SECTOR SALUD QUE PERMITAN DESARROLLAR PROYECTOS EFICIENTES Y CON ALTOS ESTÁNDARES DE CALIDAD.",20230203,20230803,"VITALTEC S.A.C.","SANTIAGO DE SURCO","LIMA","LIMA",150140,297593.2200,52906.7800,124800.0000,"SOLES",20230706
"FINCYT III","PROYECTOS DE VALIDACIÓN DE LA INNOVACIÓN: SEGURIDAD ALIMENTARIA",2023,"012-PROINNOVATE-PIEC2SA-2023","VALIDACIÓN TÉCNICO-COMERCIAL DE LÍNEA DE PIADINAS PLANT-BASED CON SUPERFOODS APTAS PARA PERSONAS CON LAS PRINCIPALES INTOLERANCIAS ALIMENTICIAS (LECHE Y GLUTEN)\, DESARROLLADA Y PRODUCIDA EN PERÚ\, PARA COMERCIALIZAR CON LA MARCA LIFT SMART EATS.",20230206,20230806,"LIFT LIMA SOCIEDAD ANONIMA CERRADA - LIFT S.A.C.","SAN ISIDRO","LIMA","LIMA",150131,450000.0000,47111.0500,95696.0000,"SOLES",20230706
"FINCYT III","Startup Perú PLUG - Atracción de Emprendedores extranjeros",2023,"013-PROINNOVATE-INS-2023","GOP\, PLATAFORMA ONLINE DE GESTIÓN DE OPERACIONES Y PROCESOS ",20230208,20230808,"KAFE SISTEMAS PERÚ SAC","","","","",38000.0000,11100.0000,5200.0000,"DOLARES",20230706
"FINCYT III","Startup Perú PLUG - Atracción de Emprendedores extranjeros",2023,"014-PROINNOVATE-INS-2023","SOFI: PLATAFORMA DIGITAL DE GESTIÓN DE DEUDA",20230126,20230826,"HISOFI S.A.C.","","","","",38000.0000,10857.1500,5428.5700,"DOLARES",20230706
"FINCYT III","Startup Perú PLUG - Atracción de Emprendedores extranjeros",2023,"015-PROINNOVATE-INS-2023","PRO INDIE MUSIC\,  SAAS PARA EL CRECIMIENTO DE ARTISTAS EN LA INDUSTRIA MUSICAL",20230202,20230802,"PRO INDIE MUSIC PERU S.A.C.","","","","",38000.0000,10800.0000,5600.0000,"DOLARES",20230706
"FINCYT III","CONCURSO DE PROYECTOS COLABORATIVOS DE INNOVACIÓN ABIERTA",2023,"016-PROINNOVATE-CPCC2-2023","IDENTIFICACIÓN DE DESAFÍOS Y SELECCIÓN DE SOLUCIONES INNOVADORAS CON INNOVACIÓN ABIERTA PARA LA PREVENCIÓN\, DETECCIÓN TEMPRANA\, TRATAMIENTO Y MONITOREO DE CÁNCER DE PULMÓN POR LA EMPRESA ONCOSALUD",20230201,20230801,"ONCOSALUD S.A.C.","SAN ISIDRO","LIMA","LIMA",150131,299922.8900,48598.7200,100000.0000,"SOLES",20230706
"FINCYT III","PROYECTOS DE VALIDACIÓN DE LA INNOVACIÓN: SEGURIDAD ALIMENTARIA",2023,"017-PROINNOVATE-PIEC2SA-2023","VALIDACIÓN TÉCNICA Y COMERCIAL\, CON ENFOQUE EN SEGURIDAD ALIMENTARIA\, DEL PROCESO PRODUCTIVO DE BANANO ORGÁNICO DESHIDRATADO PARA EL MERCADO MASIVO NACIONAL\, CON CALIDAD DE EXPORTACIÓN\, BASADO EN UN DESHIDRATADOR SOLAR DE TIPO MIXTO\, EN LA SIERRA DE PIURA.",20230316,20230816,"BANANICA  S.A.C.","ATE","LIMA","LIMA",150103,449630.5100,62153.4900,103800.0000,"SOLES",20230706
"FINCYT III","PROYECTOS DE VALIDACIÓN DE LA INNOVACIÓN: SEGURIDAD ALIMENTARIA",2023,"018-PROINNOVATE-PIEC2SA-2023","VALIDACIÓN TÉCNICA Y COMERCIAL DE EMPAQUES DE CARTÓN CLAMSHELL PARA BERRIES FRESCOS.",20230203,20230703,"IMPRENTA EDITORA GRAFICA REAL S.A.C.","TRUJILLO","TRUJILLO","LA LIBERTAD",130101,449372.8800,62887.1200,93000.0000,"SOLES",20230706
"FINCYT III","Startup Perú PLUG - Atracción de Emprendedores extranjeros",2023,"019-PROINNOVATE-INS-2023","NOW APP: TRANSFORMANDO USUARIOS RRSS EN VENDEDORES",20230303,20230803,"FRANCISCO JAVIER CATALDO MIRANDA","","","","",33100.0000,14380.0000,0.0000,"DOLARES",20230706
"FINCYT III","PROYECTOS DE VALIDACIÓN DE LA INNOVACIÓN: SEGURIDAD ALIMENTARIA",2023,"021-PROINNOVATE-PIEC2SA-2023","VALIDACIÓN TÉCNICA Y COMERCIAL DE LA SALCHICHA NATURAL DE ALPACA EN LA COOPERATIVA AGROVAS - CUSCO\, PARA CONTRIBUIR A LA SEGURIDAD ALIMENTARIA PERUANA.",20230125,20230725,"COOPERATIVA AGROINDUSTRIAL VALLE SAGRADO LTDA - AGROVAS","CALCA","CALCA","CUSCO",080401,275796.6600,48023.3400,37800.0000,"SOLES",20230706
"FINCYT III","Startup Perú PLUG - Atracción de Emprendedores extranjeros",2023,"022-PROINNOVATE-INS-2023","MERCADO BICI: MARKETPLACE COMPRA Y VENTA DE BICI",20230222,20230722,"MERCADO BICI S.A.C.","","","","",38000.0000,10858.0000,5428.0000,"DOLARES",20230706
"FINCYT III","PROYECTOS DE INNOVACIÓN EMPRESARIAL",2023,"023-PROINNOVATE-PIEC1-2023","DESARROLLO DE UN COMPUESTO LUBRICANTE BIODEGRADABLE A PARTIR DE LOS RESIDUOS DE CURTIEMBRE",20230306,20231006,"CURTIEMBRE SANTA ROSA SAC","LA ESPERANZA","TRUJILLO","LA LIBERTAD",130105,150000.0000,27793.1900,8000.0000,"SOLES",20230706
"FINCYT III","Startup Perú PLUG - Atracción de Emprendedores extranjeros",2023,"024-PROINNOVATE-INS-2023","RECIVECI: CONECTA ACTORES DE RESIDUOS RECICLABLES",20230222,20230822,"RECIVECI PERU S.A.C. BIC","","","","",38000.0000,12000.0000,5300.0000,"DOLARES",20230706
"FINCYT III","PROYECTOS DE VALIDACIÓN DE LA INNOVACIÓN: SEGURIDAD ALIMENTARIA",2023,"026-PROINNOVATE-PIEC2SA-2023","VALIDACIÓN DE BIOHUERTO ALTOANDINO DE VALOR NUTRICIONAL Y CULINARIO COMO EXPERIENCIA DE INMERSIÓN GASTRONÓMICA EN MORAY\, DISTRITO DE MARAS\, CUSCO",20230222,20230822,"TERMAIN S.A.C.","BARRANCO","LIMA","LIMA",150104,172500.0000,16100.0000,32400.0000,"SOLES",20230706
"FINCYT III","Startup Perú PLUG - Atracción de Emprendedores extranjeros",2023,"027-PROINNOVATE-INS-2023","VMOVE B2B\, UNA PLATAFORMA \"SMART MOVILITY\" DE  INTELIGENCIA ARTIFICIAL Y MACHINE LEARNING PARA TRASLADO DE PERSONAL.",20230303,20230803,"VMOVE LATAM S.A.C.","","","","",38000.0000,11100.0000,5200.0000,"DOLARES",20230706
"FINCYT III","Startup Perú PLUG - Atracción de Emprendedores extranjeros",2023,"028-PROINNOVATE-INS-2023","PACKSA PERÚ",20230303,20230803,"CIPACK SAC","","","","",37800.0000,10800.0000,5400.0000,"DOLARES",20230706
"MIPYME Emprendedor","PROGRAMA EMERGENCIA EMPRESARIAL - MYPES REACTIVADAS - ALTERNATIVA 1",2023,"031-PROINNOVATE-EER1-2023","PROYECTO PARA ATRAER PROSPECTOS CON MARKETING DIGITAL",20230515,20240215,"AXATEK S.A.C","MIRAFLORES","LIMA","LIMA",150122,35000.0000,7066.6700,4600.0000,"SOLES",20230706
"FINCYT III","MISIONES TECNOLÓGICAS",2023,"036-PROINNOVATE-MT-2023","MISIÓN TECNOLOGICA A LA FERIA IFE LONDRES 2023\, EVENTO INTERNACIONAL DE ALIMENTOS Y BEBIDAS\, QUE NOS PERMITA CONOCER Y RECIBIR FORMACIÓN DE LAS TENDENCIAS DE SEGURIDAD ALIMENTARIA\, CALIDAD E INOCUIDAD\, PARA ASÍ CUMPLIR CON LAS NUEVAS EXIGENCIAS Y REGLAMENTACIONES DEL MERCADO DE REINO UNIDO\, FACILITANDO EN EL CORTO Y MEDIANO PLAZO CONSTRUIR RELACIONES COMERCIALES DURADERAS",20230518,20230718,"COOPERATIVA AGRARIA ACUICOLA CAMPOVIDA H I II IV","TAMBO GRANDE","PIURA","PIURA",200114,29500.0000,3200.0000,2000.0000,"DOLARES",20230706
"BID 4","PROGRAMA DE INNOVACIÓN MODERNIZACIÓN TECNOLÓGICA Y EMPRENDIMIENTO - MIPYMES DE CALIDAD",2023,"038-PROINNOVATE-IMTEMC-2023","IMPLEMENTAR\, ESTABLECER\, MANTENER\, MEJORAR Y CERTIFICAR EL SISTEMA DE GESTIÓN DE LA CALIDAD ISO 9001:2015",20230526,20231226,"INSPECCIONES\, ENSAYOS\, SUPERVISION Y CERTIFICACIONES OPERATIVAS S.A.C -IESCO S.A.C","SAN JUAN DE MIRAFLORES","LIMA","LIMA",150133,45000.0000,10285.7100,6857.1400,"SOLES",20230706
"BID 4","PROGRAMA DE INNOVACIÓN MODERNIZACIÓN TECNOLÓGICA Y EMPRENDIMIENTO - MIPYMES DE CALIDAD",2023,"039-PROINNOVATE-IMTEMC-2023","IMPLEMENTACIÓN Y CERTIFICACIÓN DE LA NORMA ISO 45001 PARA CUMPLIR CON LOS OBJETIVOS SIG DE LA EMPRESA HISPE SAC",20230511,20240611,"HISPE S.A.C.","LURIN","LIMA","LIMA",150119,45000.0000,14400.0000,25600.0000,"SOLES",20230706
"BID 4","PROGRAMA DE INNOVACIÓN MODERNIZACIÓN TECNOLÓGICA Y EMPRENDIMIENTO - MIPYMES DE CALIDAD",2023,"040-PROINNOVATE-IMTEMC-2023","DIAGNÓSTICO\, IMPLEMENTACIÓN Y CERTIFICACIÓN DEL SISTEMA DE GESTIÓN DE SEGURIDAD Y SALUD DE LOS TRABAJADORES APLICABLE EN LOS SERVICIOS Y TODOS LOS PROCESOS INTERNOS DE EDITORA Y COMERCIALIZADORA CARTOLAN E.I.R.L.",20230414,20240214,"EDITORA Y COMERCIALIZADORA CARTOLAN E.I.R.L.","LIMA","LIMA","LIMA",150101,39900.0000,12600.0000,22400.0000,"SOLES",20230706
"MIPYME","PROGRAMA DE APOYO A CLUSTERS",2023,"041-PROINNOVATE-PAC-2023","FASE II - FORTALECIMIENTO DE LA ASOCIACION CLUSTER DE QUINUA EN APURIMAC ",20230516,20250516,"CLUSTER DE QUINUA Y PRODUCTOS ANDINOS DEL PERU","TAMBURCO","ABANCAY","APURIMAC",030109,1349459.9950,478023.0900,96840.0000,"SOLES",20230706
"BID 4","PROGRAMA DE INNOVACIÓN MODERNIZACIÓN TECNOLÓGICA Y EMPRENDIMIENTO - MIPYMES DE CALIDAD",2023,"043-PROINNOVATE-IMTEMC-2023","IMPLEMENTACIÓN Y CERTIFICACIÓN DE UN SISTEMA DE GESTIÓN DE CALIDAD SEGÚN LA NORMA ISO 9001",20230523,20240623,"WELDING TECH CONSULTING S.A.C.","COMAS","LIMA","LIMA",150110,39500.0000,9000.0000,6000.0000,"SOLES",20230706
"BID 4","PROGRAMA DE INNOVACIÓN MODERNIZACIÓN TECNOLÓGICA Y EMPRENDIMIENTO - MIPYMES DE CALIDAD",2023,"044-PROINNOVATE-IMTEMC-2023","OBTENCION DE LA CERTIFICACION EN EL SISTEMA DE GESTION DE CALIDAD ISO 9001:2015 EN LA EMPRESA MATCH POINT PUBLICIDAD Y EVENTOS E.I.R.L.",20230504,20240604,"MATCH POINT PUBLICIDAD Y EVENTOS E.I.R.L.","SACHACA","AREQUIPA","AREQUIPA",040117,45000.0000,10285.7200,6857.1400,"SOLES",20230706
"BID 4","PROGRAMA DE INNOVACIÓN MODERNIZACIÓN TECNOLÓGICA Y EMPRENDIMIENTO - MIPYMES DE CALIDAD",2023,"045-PROINNOVATE-IMTEMC-2023","IMPLEMENTACIÓN Y CERTIFICACIÓN DE LA NORMA ISO 45001:2018 EN LA EMPRESA NEXOS ESTRATEGIAS & NEGOCIOS S.A.C.",20230508,20240608,"NEXOS ESTRATEGIAS & NEGOCIOS S.A.C.","SANTA ANITA","LIMA","LIMA",150137,45000.0000,10285.7200,6857.1400,"SOLES",20230706
"BID 4","PROGRAMA DE INNOVACIÓN MODERNIZACIÓN TECNOLÓGICA Y EMPRENDIMIENTO - MIPYMES DE CALIDAD",2023,"046-PROINNOVATE-IMTEMC-2023","IMPLEMENTACIÓN Y CERTIFICACIÓN DEL SISTEMA INTEGRADO DE GESTIÓN SEGÚN LAS NORMAS ISO 9001:2015 E ISO 45001:2018 EN LOS SERVICIOS DE FABRICACIÓN Y MONTAJE DE ESTRUCTURAS METÁLICAS EN LA EMPRESA PROMAP S.A.C.",20230529,20240629,"PROYECTOS DE OPTIMIZACION PARA MANTENIMIENTO Y PROCESOS S.A.C. - PROMAP S.A.C.","CERRO COLORADO","AREQUIPA","AREQUIPA",040104,45000.0000,10286.0000,6857.0000,"SOLES",20230706
"BID 4","PROGRAMA DE INNOVACIÓN MODERNIZACIÓN TECNOLÓGICA Y EMPRENDIMIENTO - MIPYMES DE CALIDAD",2023,"047-PROINNOVATE-IMTEMC-2023","IMPLEMENTACIÓN Y CERTIFICACIÓN DEL SISTEMA DE GESTIÓN DE SEGURIDAD Y SALUD EN EL TRABAJO BASADO EN LA NORMA ISO 45001:2018 EN LA EMPRESA JD INGENIEROS CONTRATISTAS S.A.C.",20230517,20240117,"JD INGENIEROS CONTRATISTAS S.A.C.","EL TAMBO","HUANCAYO","JUNIN",120114,45000.0000,14400.0000,25600.0000,"SOLES",20230706
"BID 4","PROGRAMA DE INNOVACIÓN MODERNIZACIÓN TECNOLÓGICA Y EMPRENDIMIENTO - MIPYMES DE CALIDAD",2023,"048-PROINNOVATE-IMTEMC-2023","IMPLEMENTACIÓN DE LAS NORMAS ISO45001 E ISO9001 PARA LA MEJORA DE LOS PROCESOS DE SERVICIO DE TRANSPORTE DE PERSONAL",20230523,20240623,"SERVICIOS LOGISTICOS NURA S.R.L","SAN MIGUEL","LIMA","LIMA",150136,45000.0000,10720.5000,6857.1400,"SOLES",20230706
"BID 4","PROGRAMA DE INNOVACIÓN MODERNIZACIÓN TECNOLÓGICA Y EMPRENDIMIENTO - MIPYMES DE CALIDAD",2023,"049-PROINNOVATE-IMTEMC-2023","?IMPLEMENTACIÓN Y CERTIFICACIÓN DEL SISTEMA INTEGRADO DE GESTIÓN BAJO LAS  NORMAS ISO 9001:2015 E ISO 45001:2018",20230508,20240608,"INMOBILIARIA ALPAMAYO S.A.","SANTIAGO DE SURCO","LIMA","LIMA",150140,44747.0000,10283.4000,6855.6000,"SOLES",20230706
"BID 4","PROGRAMA DE INNOVACIÓN MODERNIZACIÓN TECNOLÓGICA Y EMPRENDIMIENTO - MIPYMES DE CALIDAD",2023,"050-PROINNOVATE-IMTEMC-2023","OBTENCION DE LA CERTIFICACION EN SISTEMAS DE GESTION DE CALIDAD ISO 9001 PARA LA EMPRESA V & M MARKETING CREATIVO E.I.R.L.",20230427,20240527,"V & M MARKETING CREATIVO E.I.R.L.","CAYMA","AREQUIPA","AREQUIPA",040103,45000.0000,10285.7200,6857.1400,"SOLES",20230706
"BID 4","PROGRAMA DE INNOVACIÓN MODERNIZACIÓN TECNOLÓGICA Y EMPRENDIMIENTO - MIPYMES DE CALIDAD",2023,"051-PROINNOVATE-IMTEMC-2023","IMPLEMENTACION Y CERTIFICACION DEL SISTEMA DE GESTION DE CALIDAD EN BASE A LA NORMA ISO 9001:2015\, EN LA EMPRESA PEOPLE DEVELOPMENT & INNOVATION CONSULTING S.A.C.",20230508,20240608,"PEOPLE DEVELOPMENT & INNOVATION CONSULTING S.A.C.","VILLA EL SALVADOR","LIMA","LIMA",150142,35500.0000,9100.0000,5400.0000,"SOLES",20230706
"BID 4","PROGRAMA DE INNOVACIÓN MODERNIZACIÓN TECNOLÓGICA Y EMPRENDIMIENTO - MIPYMES DIGITALES",2023,"053-PROINNOVATE-IMTEMD-2023","OPTIMIZACIÓN DE LOS SERVICIOS DE CONSULTORÍA DE RRHH Y DE SEGURIDAD Y SALUD EN EL TRABAJO A TRAVÉS DE LA DIGITALIZACIÓN DE LOS PROCESOS COMERCIALES/OPERATIVOS.",20230425,20240125,"GAMA CONSULTING E.I.R.L.","MIRAFLORES","LIMA","LIMA",150122,45000.0000,10720.4900,6857.1400,"SOLES",20230706
"BID 4","PROGRAMA DE INNOVACIÓN MODERNIZACIÓN TECNOLÓGICA Y EMPRENDIMIENTO - MIPYMES DE CALIDAD",2023,"054-PROINNOVATE-IMTEMC-2023","OBTENCION DE LA CERTIFICACION DE UN SISTEMA DE GESTION DE CALIDAD BAJO LA NORMA ISO 9001 PARA LA EMPRESA RYD SERVICIOS GENERALES",20230425,20240525,"INNOVA VISION R&D SERVICIOS GENERALES S.A.C.","MARIANO MELGAR","AREQUIPA","AREQUIPA",040109,45000.0000,10285.7200,6857.1400,"SOLES",20230706
"BID 4","PROGRAMA DE INNOVACIÓN MODERNIZACIÓN TECNOLÓGICA Y EMPRENDIMIENTO - MIPYMES DIGITALES",2023,"055-PROINNOVATE-IMTEMD-2023","DISEÑO E IMPLEMENTACIÓN DE CAMPAÑA DE MARKETING MULTICANAL EN LA EMPRESA INVESTIGACION Y TECNOLOGIA PARA LA SALUD Y EL AMBIENTE S.A.C.",20230523,20240423,"INVESTIGACION Y TECNOLOGIA PARA LA SALUD Y EL AMBIENTE S.A.C.","RIOJA","RIOJA","SAN MARTIN",220801,45000.0000,10285.7200,6857.1400,"SOLES",20230706
"BID 4","PROGRAMA DE INNOVACIÓN MODERNIZACIÓN TECNOLÓGICA Y EMPRENDIMIENTO - MIPYMES DIGITALES",2023,"056-PROINNOVATE-IMTEMD-2023","DESARROLLO UN SISTEMA INTEGRADO QUE PERMITA POTENCIAR LA GESTIÓN\, EL SEGUIMIENTO Y CONTROL DE LOS PROYECTOS QUE LA EMPRESA DCS PERU SE ADJUDICA DE LA EMPRESA DCS PERU E.I.R.L",20230607,20240407,"DCS PERU E.I.R.L","LURIGANCHO","LIMA","LIMA",150118,45000.0000,10285.7200,6857.1400,"SOLES",20230706
"BID 4","PROGRAMA DE INNOVACIÓN MODERNIZACIÓN TECNOLÓGICA Y EMPRENDIMIENTO - MIPYMES DE CALIDAD",2023,"057-PROINNOVATE-IMTEMC-2023","IMPLEMENTACION Y CERTIFICACION DE UN SISTEMA DE GESTION AMBIENTAL ISO 14001:2015",20230508,20240508,"RETOR S.A.","SURQUILLO","LIMA","LIMA",150141,43730.0000,9990.0000,6660.0000,"SOLES",20230706
"BID 4","PROGRAMA DE INNOVACIÓN MODERNIZACIÓN TECNOLÓGICA Y EMPRENDIMIENTO - MIPYMES DIGITALES",2023,"058-PROINNOVATE-IMTEMD-2023","IMPLEMENTACIÓN DE UN ERP PARA LA OPTIMIZACIÓN Y DIGITALIZACIÓN DE LOS PROCESOS EN LA EMPRESA CMIT INGENIEROS SAC",20230504,20240204,"CMIT INGENIEROS S.A.C.","SURQUILLO","LIMA","LIMA",150141,45000.0000,10720.4900,6857.1400,"SOLES",20230706
"BID 4","PROGRAMA DE INNOVACIÓN MODERNIZACIÓN TECNOLÓGICA Y EMPRENDIMIENTO - MIPYMES DE CALIDAD",2023,"059-PROINNOVATE-IMTEMC-2023","IMPLEMENTACION Y CERTIFICACIÓN DEL SISTEMA DE GESTIÓN INTEGRADO BASADO EN LAS NORMAS ISO 9001:2015 E ISO 37001:2016 PARA LA EMPRESA CORPORACION MEDICA DE SERVICIOS INTEGRALES S.A.C.",20230523,20240523,"CORPORACION MEDICA DE SERVICIOS INTEGRALES S.A.C.  - CORMESEIN S.A.C.","TRUJILLO","TRUJILLO","LA LIBERTAD",130101,45000.0000,10285.7100,6857.1400,"SOLES",20230706
"BID 4","PROGRAMA DE INNOVACIÓN MODERNIZACIÓN TECNOLÓGICA Y EMPRENDIMIENTO - MIPYMES DE CALIDAD",2023,"060-PROINNOVATE-IMTEMC-2023","OBTENCION DE LA CERTIFICACION ISO 45001 PARA EL SERVICIO DE LIMPIEZA INDUSTRIAL Y SANEAMIENTO AMBIENTAL",20230428,20240528,"ARUY S.A.C.","LA MOLINA","LIMA","LIMA",150114,43990.0000,10026.0000,6684.0000,"SOLES",20230706
"BID 4","PROGRAMA DE INNOVACIÓN MODERNIZACIÓN TECNOLÓGICA Y EMPRENDIMIENTO - MIPYMES DIGITALES",2023,"061-PROINNOVATE-IMTEMD-2023","IMPLEMENTAR ESTRATEGIAS Y HERRAMIENTAS DE MARKETING DIGITAL 2.0 PARA EL CRECIMIENTO SOSTENIBLE DE MINDQUBE",20230426,20240326,"MINDQUBE PERU S.A.C.","MIRAFLORES","LIMA","LIMA",150122,45000.0000,10285.7100,6857.1400,"SOLES",20230706
"BID 4","PROGRAMA DE INNOVACIÓN MODERNIZACIÓN TECNOLÓGICA Y EMPRENDIMIENTO - MIPYMES DE CALIDAD",2023,"062-PROINNOVATE-IMTEMC-2023","IMPLEMENTACIÓN Y CERTIFICACIÓN DE UN SISTEMA DE GESTIÓN DE CALIDAD ISO 9001:2015 ? UNIREF",20230508,20240508,"UNIREF SOCIEDAD ANONIMA CERRADA","MAGDALENA DEL MAR","LIMA","LIMA",150120,40091.2400,9049.9500,6033.3000,"SOLES",20230706
"BID 4","PROGRAMA DE INNOVACIÓN MODERNIZACIÓN TECNOLÓGICA Y EMPRENDIMIENTO - MIPYMES DE CALIDAD",2023,"063-PROINNOVATE-IMTEMC-2023","IMPLEMENTACIÓN Y CERTIFICACIÓN DEL SISTEMA DE GESTIÓN DE CALIDAD Y ANTI-SOBORNO\, SEGÚN LAS NORMAS ISO 9001:2015 E ISO 37001:2016\,  EN LA EMPRESA \"BKR GERENCIA E INSPECCIÓN TÉCNICA DE OBRA S.A.C.\"",20230508,20240608,"BKR GERENCIA E INSPECCION  TECNICA DE OBRA S.A.C.  BKR GITO S.A.C","MAGDALENA DEL MAR","LIMA","LIMA",150120,45000.0000,10285.7100,6857.1400,"SOLES",20230706
"BID 4","PROGRAMA DE INNOVACIÓN MODERNIZACIÓN TECNOLÓGICA Y EMPRENDIMIENTO - MIPYMES DE CALIDAD",2023,"064-PROINNOVATE-IMTEMC-2023","IMPLEMENTACIÓN Y CERTIFICACIÓN DEL SISTEMA DE GESTIÓN DE CALIDAD\, BAJO LA NORMA ISO 9001:2015\, EN LA EMPRESA \"LABORATORIO AGRICOLA BIASTER S.A.C.\"",20230428,20240528,"LABORATORIO AGRICOLA BIASTER S.A.C","PARCONA","ICA","ICA",110106,29500.0000,9000.0000,1500.0000,"SOLES",20230706
"BID 4","PROGRAMA DE INNOVACIÓN MODERNIZACIÓN TECNOLÓGICA Y EMPRENDIMIENTO - MIPYMES DIGITALES",2023,"065-PROINNOVATE-IMTEMD-2023","GESTIÓN COMERCIAL 4.0 DE DISTRIBUIDORES E INTEGRADORES PARA MEJORAR LA COMPETITIVIDAD EN DOMÓTICA\, EN LA EMPRESA \"B-MATIC GROUP S.A.C.\".",20230428,20240228,"B-MATIC GROUP S.A.C.-B-MATIC S.A.C.","SAN ISIDRO","LIMA","LIMA",150131,45000.0000,10285.7200,6857.1300,"SOLES",20230706
"BID 4","PROGRAMA DE INNOVACIÓN MODERNIZACIÓN TECNOLÓGICA Y EMPRENDIMIENTO - MIPYMES DE CALIDAD",2023,"066-PROINNOVATE-IMTEMC-2023","IMPLEMENTACIÓN Y CERTIFICACIÓN DE UN SISTEMA INTEGRADO DE GESTIÓN\, SEGÚN LAS NORMAS ISO 9001:2015\, ISO 14001:2015 E ISO 45001:2018\, EN LA EMPRESA \"SERVICIOS METAL MECÁNICOS PERUANOS S.A.\"",20230508,20240308,"SERVICIOS METAL MECANICOS PERUANOS S.A.","TRUJILLO","TRUJILLO","LA LIBERTAD",130101,44900.0000,10992.0000,6900.0000,"SOLES",20230706
"BID 4","PROGRAMA DE INNOVACIÓN MODERNIZACIÓN TECNOLÓGICA Y EMPRENDIMIENTO - MIPYMES DE CALIDAD",2023,"067-PROINNOVATE-IMTEMC-2023","OBTENCIÓN DE LA CERTIFICACIÓN DEL SISTEMA DE GESTIÓN DE SEGURIDAD Y SALUD EN TRABAJO EN CUMPLIMIENTO DE LA NORMA ISO 45001:2018\, EN LA EMPRESA \"CONNECTAB E.I.R.L.\"",20230425,20240425,"CONNECTAB E.I.R.L.","SACHACA","AREQUIPA","AREQUIPA",040117,45000.0000,10285.7200,6857.1400,"SOLES",20230706
"BID 4","PROGRAMA DE INNOVACIÓN MODERNIZACIÓN TECNOLÓGICA Y EMPRENDIMIENTO - MIPYMES DE CALIDAD",2023,"068-PROINNOVATE-IMTEMC-2023","IMPLEMENTACIÓN Y CERTIFICACIÓN DEL SISTEMA INTEGRADO DE GESTIÓN\, BAJO LAS NORMAS ISO 14001:2015\, ISO 45001:2018 E ISO 39001:2012 EN LA EMPRESA \"INTERNATIONAL FIRE\, SAFETY & ENVIRONMENT CONSULTING DEL PERÚ S.A.C.\" - \"IFSEC PERÚ S.A.C.\"",20230509,20240309,"INTERNATIONAL FIRE\, SAFETY & ENVIRONMENT CONSULTING DEL PERU S.A.C.-IFSEC PERU S.A.C.","BELLAVISTA","PROV. CONST. DEL CALLAO","CALLAO",070102,44900.0000,10514.0000,6720.0000,"SOLES",20230706
"BID 4","PROGRAMA DE INNOVACIÓN MODERNIZACIÓN TECNOLÓGICA Y EMPRENDIMIENTO - MIPYMES DE CALIDAD",2023,"069-PROINNOVATE-IMTEMC-2023","IMPLEMENTACIÓN Y CERTIFICACIÓN DE LA NORMA ISO 27001 PARA BESTSOL PERU S.A.C.",20230509,20240609,"BESTSOL PERU S.A.C.","LINCE","LIMA","LIMA",150116,44900.0000,10260.0000,6840.0000,"SOLES",20230706
"BID 4","PROGRAMA DE INNOVACIÓN MODERNIZACIÓN TECNOLÓGICA Y EMPRENDIMIENTO - MIPYMES DE CALIDAD",2023,"070-PROINNOVATE-IMTEMC-2023","IMPLEMENTACIÓN Y CERTIFICACIÓN DEL SISTEMA DE GESTIÓN DE SEGURIDAD Y SALUD EN EL TRABAJO  BASADO EN LA NORMA ISO 45001:2018 EN LA EMPRESA LGM ASOCIADOS S.A.",20230526,20240126,"LGM ASOCIADOS SOCIEDAD ANONIMA","HUANCAYO","HUANCAYO","JUNIN",120101,45000.0000,10294.8500,6848.0000,"SOLES",20230706
"BID 4","PROGRAMA DE INNOVACIÓN MODERNIZACIÓN TECNOLÓGICA Y EMPRENDIMIENTO - MIPYMES DE CALIDAD",2023,"071-PROINNOVATE-IMTEMC-2023","IMPLEMENTACIÓN Y CERTIFICACIÓN DE UN SISTEMA  PREVENTIVO PARA GARANTIZAR LA INOCUIDAD ALIMENTARIA BASADA EN LA NORMA HACCP EN LA EMPRESA ENVASAL SUR PERU S.A.C.",20230526,20240626,"ENVASAL SUR PERU S.A.C.","YURA","AREQUIPA","AREQUIPA",040128,45000.0000,10285.7100,6857.1400,"SOLES",20230706
"BID 4","PROGRAMA DE INNOVACIÓN MODERNIZACIÓN TECNOLÓGICA Y EMPRENDIMIENTO - MIPYMES DIGITALES",2023,"072-PROINNOVATE-IMTEMD-2023","MEJORAR LA EXPERIENCIA DIGITAL DE NUESTROS CLIENTES POR MEDIO DE LA INCORPORACIÓN DE TECNOLOGÍAS DIGITALES\, LA INGENIERÍA DE DATOS Y LA INTEGRACIÓN DE LA DEMANDA DE NUESTRAS TIENDAS A NIVEL LOCAL Y REGIONAL",20230508,20240408,"TRANSFORMADORA DE ALIMENTOS AMERICA S.A.C.","AREQUIPA","AREQUIPA","AREQUIPA",040101,45000.0000,14400.0000,25600.0000,"SOLES",20230706
"BID 4","PROGRAMA DE INNOVACIÓN MODERNIZACIÓN TECNOLÓGICA Y EMPRENDIMIENTO - MIPYMES DIGITALES",2023,"073-PROINNOVATE-IMTEMD-2023","DIGITALIZACIÓN DE NUESTROS PROCESOS TEXTILES",20230428,20240328,"FABRICA DE CONFECCIONES PARETTO SOCIEDAD ANONIMA CERRADA","AREQUIPA","AREQUIPA","AREQUIPA",040101,45000.0000,10285.7100,6857.1400,"SOLES",20230706
"BID 4","PROGRAMA DE INNOVACIÓN MODERNIZACIÓN TECNOLÓGICA Y EMPRENDIMIENTO - MIPYMES DE CALIDAD",2023,"074-PROINNOVATE-IMTEMC-2023","IMPLEMENTACIÓN Y CERTIFICACIÓN DEL SISTEMA HACCP PARA LA LINEA DE PROCESAMIENTO Y ENVASADO DE AGUA DE MESA SIN GAS DE LA EMPRESA AQUALIGHT SAC",20230523,20240623,"AQUALIGHT S.A.C.","LA MOLINA","LIMA","LIMA",150114,45000.0000,10285.7200,6857.1400,"SOLES",20230706
"BID 4","PROGRAMA DE INNOVACIÓN MODERNIZACIÓN TECNOLÓGICA Y EMPRENDIMIENTO - MIPYMES DE CALIDAD",2023,"075-PROINNOVATE-IMTEMC-2023","IMPLEMENTACIÓN Y CERTIFICACIÓN EN LA TRI NORMA ISO 9001:2015 SISTEMA DE GESTIÓN DE CALIDAD\, ISO 45001:2018 SISTEMA DE GESTIÓN DE LA SEGURIDAD Y SALUD EN EL TRABAJO Y LA ISO 14001:2015 SISTEMA DE GESTIÓN AMBIENTAL  PARA LA EMPRESA CERTIMET S.A.C",20230529,20240629,"CERTIMET S.A.C.","SANTIAGO DE SURCO","LIMA","LIMA",150140,45000.0000,10285.7100,6857.1400,"SOLES",20230706
"BID 4","PROGRAMA DE INNOVACIÓN MODERNIZACIÓN TECNOLÓGICA Y EMPRENDIMIENTO - MIPYMES DE CALIDAD",2023,"077-PROINNOVATE-IMTEMC-2023","IMPLEMENTACIÓN Y CERTIFICACIÓN DEL SISTEMA HACCP EN LA LÍNEA DE PROCESAMIENTO\, ENVASADO Y DISTRIBUCION DE PALMITOS EN CONSERVA PARA LA EMPRESA AGROINDUSTRIAL SAN PEDRO",20230523,20240623,"AGRO INDUSTRIAL SAN PEDRO S.A.C.","TARAPOTO","SAN MARTIN","SAN MARTIN",220901,45000.0000,10285.7100,6857.1400,"SOLES",20230706
"BID 4","PROGRAMA DE INNOVACIÓN MODERNIZACIÓN TECNOLÓGICA Y EMPRENDIMIENTO - MIPYMES DE CALIDAD",2023,"078-PROINNOVATE-IMTEMC-2023","IMPLEMENTACIÓN Y CERTIFICACIÓN DEL SISTEMA DE GESTIÓN DE LA CALIDAD  BASADO EN LA NORMA ISO 9001:2015 EN LA EMPRESA 7 BIM CONSTRUCTORES S.A.C.",20230517,20240117,"7 BIM CONSTRUCTORES SOCIEDAD ANÓNIMA CERRADA","EL TAMBO","HUANCAYO","JUNIN",120114,45000.0000,10285.7100,6857.1400,"SOLES",20230706
"BID 4","PROGRAMA DE INNOVACIÓN MODERNIZACIÓN TECNOLÓGICA Y EMPRENDIMIENTO - MIPYMES DE CALIDAD",2023,"079-PROINNOVATE-IMTEMC-2023","IMPLEMENTACIÓN Y CERTIFICACIÓN DE LA VALIDACIÓN TÉCNICA DEL PLAN HACCP PARA LA EMPRESA PALETAS FACTORY ARTESANAL S.A.C PARA EL CUMPLIMIENTO DE REQUISITOS DE CLIENTES DEL MERCADO INTERNACIONAL",20230605,20240605,"PALETAS FACTORY ARTESANAL S.A.C","SAN LUIS","LIMA","LIMA",150134,45000.0000,10286.0000,6857.0000,"SOLES",20230706
"BID 4","PROGRAMA DE INNOVACIÓN MODERNIZACIÓN TECNOLÓGICA Y EMPRENDIMIENTO - MIPYMES DE CALIDAD",2023,"080-PROINNOVATE-IMTEMC-2023","CONSOLIDACIÓN DEL SISTEMA INTEGRADO DE GESTIÓN COMO PARTE DEL OBJETIVO DE SOSTENIBILIDAD DE LA EMPRESA JJ GUILLEN SERVICIOS GENERALES S.A.C. CON LA NORMA ISO 37001 Y LA ISO 14001",20230523,20240623,"JJ GUILLEN SERVICIOS GENERALES S.A.C.","SAN MARTIN DE PORRES","LIMA","LIMA",150135,45000.0000,10285.7100,6857.1400,"SOLES",20230706
"BID 4","PROGRAMA DE INNOVACIÓN MODERNIZACIÓN TECNOLÓGICA Y EMPRENDIMIENTO - MIPYMES DIGITALES",2023,"081-PROINNOVATE-IMTEMD-2023","DISEÑO Y DESPLIEGUE DE UNA ESTRATEGIA DE MARKETING DIGITAL\, PARA EL DESARROLLO DE NUEVOS CANALES DE VENTA Y FIDELIZACIÓN EN CORPORACIÓN ABC LOGISTICS S.A.C.",20230508,20240408,"CORPORACIÓN ABC LOGISTICS S.A.C.","LA VICTORIA","LIMA","LIMA",150115,45000.0000,10285.7100,6857.1400,"SOLES",20230706
"BID 4","PROGRAMA DE INNOVACIÓN MODERNIZACIÓN TECNOLÓGICA Y EMPRENDIMIENTO - MIPYMES DE CALIDAD",2023,"082-PROINNOVATE-IMTEMC-2023","IMPLEMENTACIÓN Y CERTIFICACIÓN DE LA NORMA ISO 9001:2015 PARA LA MEJORA Y ESTANDARIZACIÓN DE SUS PROCESOS OPERATIVOS\, EN LA VENTA DE MATERIALES DE CONSTRUCCIÓN Y OTROS EN LA EMPRESA DISTRIBUIDORA CASANORTE SRL",20230524,20240524,"DISTRIBUIDORA CASANORTE SOCIEDAD COMERCIAL DE RESPONSABILIDAD LIMITADA- DISTRIBUIDORA CASANORTE SRL","CERRO COLORADO","AREQUIPA","AREQUIPA",040104,45000.0000,10285.7200,6857.1400,"SOLES",20230706
"BID 4","PROGRAMA DE INNOVACIÓN MODERNIZACIÓN TECNOLÓGICA Y EMPRENDIMIENTO - MIPYMES DE CALIDAD",2023,"083-PROINNOVATE-IMTEMC-2023","IMPLEMENTACION Y CERTIFICACION DEL SISTEMA DE GESTION DE AMBIENTAL EN BASE A LA NORMA ISO 14001:2015 EN IDIMA SAC",20230526,20240626,"IMPORTADORA DISTRIBUIDORA MABEL ANDREA SOCIEDAD ANONIMA CERRADA - IDIMA SAC.","EL TAMBO","HUANCAYO","JUNIN",120114,29900.0000,7660.0000,4440.0000,"SOLES",20230706
"BID 4","PROGRAMA DE INNOVACIÓN MODERNIZACIÓN TECNOLÓGICA Y EMPRENDIMIENTO - MIPYMES DE CALIDAD",2023,"084-PROINNOVATE-IMTEMC-2023","PROPUESTA PARA LA IMPLEMENTACION DE UN SISTEMA DE GESTION DE SEGURIDAD DE LA INFORMACION ISO 27001: 2022 PARA LA EMPRESA: CONSULTORES EN TECNOLOGIA DE INFORMACION Y COMUNICACIONES S.A.C.",20230523,20240523,"CONSULTORES EN TECNOLOGIA DE INFORMACION Y COMUNICACIONES S.A.C.","LINCE","LIMA","LIMA",150116,45000.0000,10500.0000,6727.0000,"SOLES",20230706
"BID 4","PROGRAMA DE INNOVACIÓN MODERNIZACIÓN TECNOLÓGICA Y EMPRENDIMIENTO - MIPYMES DE CALIDAD",2023,"085-PROINNOVATE-IMTEMC-2023","IMPLEMENTACIÓN Y CERTIFICACIÓN DEL SISTEMA DE GESTIÓN DE CALIDAD BASADO EN LA NORMA ISO: 9001:2015 EN LA EMPRESA ALFA MEDICA SM S.A.C.",20230509,20240609,"ALFA MEDICA SM S.A.C.","CAYMA","AREQUIPA","AREQUIPA",040103,45000.0000,10285.7300,6857.1400,"SOLES",20230706
"BID 4","PROGRAMA DE INNOVACIÓN MODERNIZACIÓN TECNOLÓGICA Y EMPRENDIMIENTO - MIPYMES DIGITALES",2023,"086-PROINNOVATE-IMTEMD-2023","AUTOMATIZACIÓN DE LOS PROCESOS DE GESTIÓN Y CONTROL DE SERVICIOS DE TRANSPORTE\, MANTENIMIENTO DE FLOTA Y SOPORTE ADMINISTRATIVO BROKMAR TRANSPORT S.A.C.",20230606,20240506,"BROKMAR TRANSPORT S.A.C.","CALLAO","PROV. CONST. DEL CALLAO","CALLAO",070101,45000.0000,10285.7100,6857.1400,"SOLES",20230706
"BID 4","PROGRAMA DE INNOVACIÓN MODERNIZACIÓN TECNOLÓGICA Y EMPRENDIMIENTO - MIPYMES DE CALIDAD",2023,"087-PROINNOVATE-IMTEMC-2023","IMPLEMENTACIÓN Y CERTIFICACIÓN DEL SISTEMA INTEGRADO DE GESTION SEGÚN LAS NORMAS ISO 9001 E ISO 27001 EN LOS SERVICIOS INFORMÁTICOS BRINDADOS POR LA EMPRESA DOMINIOTECH SAC",20230526,20240626,"DOMINIOTECH SOCIEDAD ANONIMA CERRADA","LINCE","LIMA","LIMA",150116,45000.0000,10286.0000,6857.0000,"SOLES",20230706
"BID 4","PROGRAMA DE INNOVACIÓN MODERNIZACIÓN TECNOLÓGICA Y EMPRENDIMIENTO - MIPYMES DE CALIDAD",2023,"088-PROINNOVATE-IMTEMC-2023","IMPLEMENTACIÓN DE LA NORMA  ISO 9001 SISTEMA DE GESTIÓN DE CALIDAD PARA LA ENTIDAD INFORMÁTICA PERUANA COMERCIAL E INDUSTRIAL EIRL",20230427,20240427,"INFORMATICA PERUANA COMERCIAL E INDUSTRIAL E.I.R.L.","SAN MIGUEL","LIMA","LIMA",150136,40000.0000,9000.0000,6000.0000,"SOLES",20230706
"BID 4","PROGRAMA DE INNOVACIÓN MODERNIZACIÓN TECNOLÓGICA Y EMPRENDIMIENTO - MIPYMES DE CALIDAD",2023,"089-PROINNOVATE-IMTEMC-2023","CONSOLIDACIÓN DE MYRSA SAC EN EL MERCADO A TRAVÉS DE LA CERTIFICACIÓN DEL SISTEMA DE GESTIÓN DE CALIDAD ISO 9001:2015",20230526,20240326,"ALMACENES MYRSA SAC","CHORRILLOS","LIMA","LIMA",150108,45000.0000,10285.7100,6857.1400,"SOLES",20230706
"BID 4","PROGRAMA DE INNOVACIÓN MODERNIZACIÓN TECNOLÓGICA Y EMPRENDIMIENTO - MIPYMES DIGITALES",2023,"090-PROINNOVATE-IMTEMD-2023","DESARROLLO Y PROMOCIÓN DE MULTIPLATAFORMA FINTECH PARA EXPANSIÓN OPERATIVA DE SHARE INTERACTIVE SAC. EN EL SECTOR DE INTERMEDIACIÓN FINANCIERA.",20230518,20240418,"SHARE INTERACTIVE S.A.C.","SAN ISIDRO","LIMA","LIMA",150131,45000.0000,10285.7100,6857.1400,"SOLES",20230706
"BID 4","PROGRAMA DE INNOVACIÓN MODERNIZACIÓN TECNOLÓGICA Y EMPRENDIMIENTO - MIPYMES DIGITALES",2023,"091-PROINNOVATE-IMTEMD-2023","IMPLEMENTACIÓN Y EJECUCIÓN DE UN PLAN DE MARKETING DIGITAL Y OPTIMIZACIÓN DE LA COMERCIALIZACIÓN A TRAVÉS DE NUEVOS CANALES Y REDES SOCIALES.",20230428,20240128,"RUQU S.A.C.","SAN JUAN DE MIRAFLORES","LIMA","LIMA",150133,45000.0000,10720.4900,6857.1400,"SOLES",20230706
"BID 4","PROGRAMA DE INNOVACIÓN MODERNIZACIÓN TECNOLÓGICA Y EMPRENDIMIENTO - MIPYMES DIGITALES",2023,"092-PROINNOVATE-IMTEMD-2023","DIGITALIZAR Y AUTOMATIZAR LA GESTIÓN DOCUMENTARIA EN LA EMPRESA SEGUROS VIP PARA BRINDAR UN MEJOR SERVICIO Y CONTAR CON UNA MAYOR CAPACIDAD OPERATIVA",20230512,20240312,"CORREDORES DE SEGUROS VIP S.A.C","SANTIAGO DE SURCO","LIMA","LIMA",150140,45000.0000,10286.0000,6857.0000,"SOLES",20230706
"BID 4","PROGRAMA DE INNOVACIÓN MODERNIZACIÓN TECNOLÓGICA Y EMPRENDIMIENTO - MIPYMES DE CALIDAD",2023,"093-PROINNOVATE-IMTEMC-2023","IMPLEMENTACIÓN DEL SISTEMA DE GESTIÓN DE LA CALIDAD BAJO LA NORMA ISO 9001:2015 EN LA EMPRESA INGENIERIA\, MANTENIMIENTO Y CALIBRACION SOCIEDAD ANONIMA CERRADA- INGEMCAL S.A.C.",20230428,20240428,"INGENIERIA\, MANTENIMIENTO Y CALIBRACION SOCIEDAD ANONIMA CERRADA - INGEMCAL S.A.C.","CARABAYLLO","LIMA","LIMA",150106,44145.0000,10089.0000,6726.0000,"SOLES",20230706
"BID 4","PROGRAMA DE INNOVACIÓN MODERNIZACIÓN TECNOLÓGICA Y EMPRENDIMIENTO - MIPYMES DIGITALES",2023,"094-PROINNOVATE-IMTEMD-2023","DISEÑO E IMPLEMENTACIÓN DE ECOMMERCE PARA LA COMERCIALIZACIÓN DE EXPERIENCIAS TURISTICAS SOSTENIBLES Y NO TRADICIONALES ENFOCADO EN MUJERES VIAJERAS LOCALES Y EXTRANJERAS PARA LA EMPRESA INVERSIONES TURISTICAS ITUR SOCIEDAD ANONIMA CERRADA",20230508,20240408,"INVERSIONES TURISTICAS ITUR SOCIEDAD ANONIMA CERRADA","CUSCO","CUSCO","CUSCO",080101,45000.0000,10285.7200,6857.1400,"SOLES",20230706
"BID 4","PROGRAMA DE INNOVACIÓN MODERNIZACIÓN TECNOLÓGICA Y EMPRENDIMIENTO - MIPYMES DE CALIDAD",2023,"095-PROINNOVATE-IMTEMC-2023","POTENCIAMIENTO DE LAS LÍNEAS DE NEGOCIO DE LA EMPRESA SEQUITECSA S.R.L. MEDIANTE LA CERTIFICACIÓN EN LA NORMA ISO 9001 Y LA NORMA ISO 45001",20230509,20240609,"SERVICIOS QUIMICO TECNICO SOCIEDAD COMERCIAL DE RESPONSABILIDAD LIMITADA - SEQUITECSA S.R.L.","CERRO COLORADO","AREQUIPA","AREQUIPA",040104,45000.0000,10308.0000,6835.7000,"SOLES",20230706
"BID 4","PROGRAMA DE INNOVACIÓN MODERNIZACIÓN TECNOLÓGICA Y EMPRENDIMIENTO - MIPYMES DIGITALES",2023,"096-PROINNOVATE-IMTEMD-2023","IMPLEMENTACIÓN DE UNA PLATAFORMA E-COMMERCE MODELO B2C ESPECIALIZADO EN SUBPRODUCTOS AGRICOLAS CON ENFOQUE EN UNA ECONOMIA CIRCULAR.",20230508,20240208,"AGROTECH PARTNER S.A.C.","MORALES","SAN MARTIN","SAN MARTIN",220910,43530.0000,10158.0000,6617.0000,"SOLES",20230706
"BID 4","PROGRAMA DE INNOVACIÓN MODERNIZACIÓN TECNOLÓGICA Y EMPRENDIMIENTO - MIPYMES DE CALIDAD",2023,"097-PROINNOVATE-IMTEMC-2023","IMPLEMENTACIÓN Y CERTIFICACIÓN DEL SISTEMA DE GESTIÓN DE LA CALIDAD ISO 9001:2015",20230428,20240428,"CENTRO MEDICO SANTA ANITA SAC","SANTA ANITA","LIMA","LIMA",150137,44226.0000,10258.2000,6838.8000,"SOLES",20230706
"BID 4","PROGRAMA DE INNOVACIÓN MODERNIZACIÓN TECNOLÓGICA Y EMPRENDIMIENTO - MIPYMES DE CALIDAD",2023,"098-PROINNOVATE-IMTEMC-2023","IMPLEMENTACIÓN Y CERTIFICACIÓN DEL SISTEMA DE GESTIÓN DE SEGURIDAD Y SALUD EN EL TRABAJO ISO 45001:2018 EN LA EMPRESA INDUSTRIAS ANGULO BURGOS S.A.C.",20230428,20240428,"INDUSTRIAS ANGULO BURGOS S.A.C. - INDUSTRIAS ANBURGOS S.A.C.","SANTIAGO DE SURCO","LIMA","LIMA",150140,44549.8700,10280.7200,6853.8100,"SOLES",20230706
"BID 4","PROGRAMA DE INNOVACIÓN MODERNIZACIÓN TECNOLÓGICA Y EMPRENDIMIENTO - MIPYMES DE CALIDAD",2023,"099-PROINNOVATE-IMTEMC-2023","IMPLEMENTACIÓN Y CERTIFICACIÓN DE LA TRI NORMA\, EN LA EMPRESA SERGESSA INGENIEROS S.R.L.",20230523,20240623,"SERGESSA INGENIEROS S.R.L.","VILLA MARIA DEL TRIUNFO","LIMA","LIMA",150143,45000.0000,10285.7300,6857.1400,"SOLES",20230706
"BID 4","PROGRAMA DE INNOVACIÓN MODERNIZACIÓN TECNOLÓGICA Y EMPRENDIMIENTO - MIPYMES DIGITALES",2023,"100-PROINNOVATE-IMTEMD-2023","IMPLEMENTACIÓN DE TECNOLOGÍAS DIGITALES QUE PERMITAN AUMENTAR LA SATISFACCIÓN Y FIDELIZACIÓN DEL CLIENTE ASÍ COMO\, MEJORAR LA TOMA DE DECISIONES ESTRATÉGICAS PARA EL CRECIMIENTO SOSTENIBLE Y ESCALABLE DE LA EMPRESA TEA4ALL S.A.C.",20230526,20240426,"TEA4ALL S.A.C.","MIRAFLORES","LIMA","LIMA",150122,45000.0000,10285.7200,6857.1400,"SOLES",20230706
"BID 4","PROGRAMA DE INNOVACIÓN MODERNIZACIÓN TECNOLÓGICA Y EMPRENDIMIENTO - MIPYMES DE CALIDAD",2023,"101-PROINNOVATE-IMTEMC-2023","IMPLEMENTACIÓN Y CERTIFICACIÓN DE UN SISTEMA DE GESTIÓN DE LA CALIDAD CON LA NORMA ISO 9001:2015 EN LOS PROCESOS DE PRODUCCIÓN DE CONTEX FYG",20230509,20240609,"CONTEX F Y G S.A.C.","SAN LUIS","LIMA","LIMA",150134,45000.0000,10285.7100,6857.1400,"SOLES",20230706
"BID 4","PROGRAMA DE INNOVACIÓN MODERNIZACIÓN TECNOLÓGICA Y EMPRENDIMIENTO - MIPYMES DIGITALES",2023,"103-PROINNOVATE-IMTEMD-2023","\"IMPLEMENTACIÓN DE SOLUCIONES DIGITALES PARA FORTALECER LAS FUNCIONALIDADES DEL SISTEMA DE GESTIÓN DE CONTRATISTAS ADPROV\, Y SU REFORZAMIENTO COMERCIAL PARA CAPTAR NUEVOS CLIENTES\"",20230523,20240223,"PARCONSIL CONSULTORES S.A.C.","SAN BORJA","LIMA","LIMA",150130,45000.0000,10720.4900,6857.1400,"SOLES",20230706
"BID 4","PROGRAMA DE INNOVACIÓN MODERNIZACIÓN TECNOLÓGICA Y EMPRENDIMIENTO - MIPYMES DE CALIDAD",2023,"104-PROINNOVATE-IMTEMC-2023","IMPLEMENTAR LA CERTIFICACIÓN FAIRTRADE EN LA ASOCIACIÓN APAGRO\, PARA MARCAR UN DIFERENCIAL FRENTE A NUESTRA COMPETENCIA\, A LA VEZ TAMBIEN LA ASOCIACIÓN RECIBE LA \"PRIMA DE COMERCIO JUSTO\"\, PARA DESARROLLAR ACTIVIDADES DE BENEFICIO COLECTIVO DE LOS SOCIOS.",20230515,20240315,"ASOCIACION DE PRODUCTORES AGROPECUARIOS DE LA ZONA DE HUALTACO DEL VALLE DE SAN LORENZO TAMBOGRANDE-","TAMBO GRANDE","PIURA","PIURA",200114,45000.0000,10286.0000,6857.0000,"SOLES",20230706
"BID 4","PROGRAMA DE INNOVACIÓN MODERNIZACIÓN TECNOLÓGICA Y EMPRENDIMIENTO - MIPYMES DE CALIDAD",2023,"105-PROINNOVATE-IMTEMC-2023","IMPLEMENTACIÓN Y CERTIFICACIÓN HACCP PARA GARANTIZAR LA INOCUIDAD ALIMENTARIA EN MUKI RESTOBAR MARISQUERÍA",20230523,20240623,"GRUPO MUKI E.I.R.L.","KIMBIRI","LA CONVENCION","CUSCO",080907,45000.0000,10285.7200,6857.1400,"SOLES",20230706
"BID 4","PROGRAMA DE INNOVACIÓN MODERNIZACIÓN TECNOLÓGICA Y EMPRENDIMIENTO - MIPYMES DE CALIDAD",2023,"106-PROINNOVATE-IMTEMC-2023","IMPLEMENTACIÓN Y CERTIFICACIÓN DEL SISTEMA HACCP EN LA LÍNEA DE PROCESAMIENTO\, ENVASADO Y DISTRIBUCIÓN DEL ALFAJOR GIGANTE LAMBAYECANO DE TRES SABORES DE LA EMPRESA \"INDUSTRIA MOCHICA S.A.C.\"",20230509,20240609,"INDUSTRIA MOCHICA S.A.C","LAMBAYEQUE","LAMBAYEQUE","LAMBAYEQUE",140301,45000.0000,10285.7100,6857.1400,"SOLES",20230706
"BID 4","PROGRAMA DE INNOVACIÓN MODERNIZACIÓN TECNOLÓGICA Y EMPRENDIMIENTO - MIPYMES DE CALIDAD",2023,"107-PROINNOVATE-IMTEMC-2023","IMPLEMENTACIÓN Y CERTIFICACIÓN DE UN SISTEMA DE GESTIÓN DE CALIDAD SEGÚN LA NORMA ISO 9001:2015\, EN LA EMPRESA \"PYG SOLUCIONES MEDICAS S.A.C.\"\, PARA MEJORAR LA PRESTACIÓN DE LOS SERVICIOS DE SALUD BAJO ESTÁNDARES INTERNACIONALES.",20230523,20240523,"PYG SOLUCIONES MEDICAS S.A.C.","CHANCAY","HUARAL","LIMA",150605,44950.0000,10275.2100,6848.8900,"SOLES",20230706
"BID 4","PROGRAMA DE INNOVACIÓN MODERNIZACIÓN TECNOLÓGICA Y EMPRENDIMIENTO - MIPYMES DE CALIDAD",2023,"108-PROINNOVATE-IMTEMC-2023","IMPLEMENTACIÓN Y CERTIFICACIÓN DEL SISTEMA INTEGRADO DE GESTIÓN SEGÚN LAS NORMAS ISO 9001:2015 E ISO 45001:2018\, EN LA EMPRESA \"CONSULTANCY AND MANUFACTURING ENGINEERS S.R.L.\"",20230523,20240423,"CONSULTANCY AND MANUFACTURING ENGINEERS SRL","CHICLAYO","CHICLAYO","LAMBAYEQUE",140101,44908.0000,11733.4400,6560.0000,"SOLES",20230706
"BID 4","PROGRAMA DE INNOVACIÓN MODERNIZACIÓN TECNOLÓGICA Y EMPRENDIMIENTO - MIPYMES DE CALIDAD",2023,"109-PROINNOVATE-IMTEMC-2023","IMPLEMENTACIÓN Y CERTIFICACIÓN DEL SISTEMA DE GESTIÓN DE CALIDAD BAJO LA NORMA ISO 9001:2015 EN LA EMPRESA \"SISTEMAS TERMODINAMICOS E INSTRUMENTACION INDUSTRIAL S.R.L. LTD\" PARA LA COMERCIALIZACIÓN DE VÁLVULAS Y SERVICIOS DE MANTENIMIENTO A NIVEL NACIONAL.",20230505,20240605,"SISTEMAS TERMODINAMICOS E INSTRUMENTACION INDUSTRIAL CORPORATION S.R.LTDA.","LURIGANCHO","LIMA","LIMA",150118,45000.0000,10720.5000,6857.1400,"SOLES",20230706
"BID 4","PROGRAMA DE INNOVACIÓN MODERNIZACIÓN TECNOLÓGICA Y EMPRENDIMIENTO - MIPYMES DE CALIDAD",2023,"110-PROINNOVATE-IMTEMC-2023","IMPLEMENTACIÓN Y CERTIFICACIÓN DE LAS NORMAS ISO 9001:2015 E ISO 45001:2018\, PARA LA MEJORA DE LOS PROCESOS EN LA EMPRESA \"PROCESADORA DE ACEITES Y PIENSOS S.A.C.\"",20230508,20240308,"PROCESADORA DE ACEITES Y PIENSOS S.A.C.","HUANCHACO","TRUJILLO","LA LIBERTAD",130104,45000.0000,10300.0000,6857.0000,"SOLES",20230706
"BID 4","PROGRAMA DE INNOVACIÓN MODERNIZACIÓN TECNOLÓGICA Y EMPRENDIMIENTO - MIPYMES DE CALIDAD",2023,"111-PROINNOVATE-IMTEMC-2023","IMPLEMENTACIÓN Y CERTIFICACIÓN DEL SISTEMA DE GESTIÓN DE CALIDAD BAJO LA NORMA ISO 9001:2015\, EN LA EMPRESA \"JR TOPOGRAFÍA Y GEODESIA E.I.R.L.\"",20230523,20240523,"JR TOPOGRAFIA Y GEODESIA E.I.R.L.","PAUCARPATA","AREQUIPA","AREQUIPA",040112,33000.0000,7200.0000,4800.0000,"SOLES",20230706
"BID 4","PROGRAMA DE INNOVACIÓN MODERNIZACIÓN TECNOLÓGICA Y EMPRENDIMIENTO - MIPYMES DE CALIDAD",2023,"112-PROINNOVATE-IMTEMC-2023","IMPLEMENTACIÓN Y CERTIFICACIÓN DEL SISTEMA DE GESTIÓN DE LA CALIDAD Y AMBIENTAL BAJO LAS NORMAS ISO 9001:2015 E ISO 14001:2015 EN LA EMPRESA AZL CONTRATISTAS GENERALES S.A.C.",20230609,20240609,"AZL CONTRATISTAS GENERALES SAC","ASCENSION","HUANCAVELICA","HUANCAVELICA",090118,43575.4000,10047.9600,6698.6400,"SOLES",20230706
"BID 4","PROGRAMA DE INNOVACIÓN MODERNIZACIÓN TECNOLÓGICA Y EMPRENDIMIENTO - MIPYMES DE CALIDAD",2023,"113-PROINNOVATE-IMTEMC-2023","IMPLEMENTACION Y CERTIFICACION DEL SISTEMA DE GESTIÓN DE CALIDAD\, SEGÚN LA NORMA ISO 9001:2015  Y EL SISTEMA DE GESTIÓN DE SEGURIDAD Y SALUD EN EL TRABAJO EN BASE A LA NORMA ISO 45001: 2018 EN LA EMPRESA O&T ENERGY SRL",20230508,20240108,"O & T  ENERGY  S.R.L.","CHILCA","HUANCAYO","JUNIN",120107,40000.0000,10000.0000,6000.0000,"SOLES",20230706
"BID 4","PROGRAMA DE INNOVACIÓN MODERNIZACIÓN TECNOLÓGICA Y EMPRENDIMIENTO - MIPYMES DE CALIDAD",2023,"114-PROINNOVATE-IMTEMC-2023","IMPLEMENTACIÓN Y CERTIFICACIÓN DEL SISTEMA DE GESTIÓN DE CALIDAD ISO 9001:2015\, DEL SISTEMA DE GESTIÓN AMBIENTAL ISO 14001:2015 Y DEL SISTEMA DE GESTIÓN DE SEGURIDAD Y SALUD EN EL TRABAJO ISO 45001:2018\, DE LA EMPRESA INVERSIONES VARTEX S.A.C.",20230508,20240608,"INVERSIONES VARTEX S.A.C.","LURIGANCHO","LIMA","LIMA",150118,44950.1000,10275.1100,6848.8900,"SOLES",20230706
"BID 4","PROGRAMA DE INNOVACIÓN MODERNIZACIÓN TECNOLÓGICA Y EMPRENDIMIENTO - MIPYMES DIGITALES",2023,"115-PROINNOVATE-IMTEMD-2023","DESARROLLO DE UN SISTEMA DE INTEGRACIÓN Y TRAZABILIDAD DE AUTORÍA ACADÉMICA PARA LOS SERVICIOS DE ASESORÍA ACADÉMICA EN LA EMPRESA GREAT INVESTIGACION & ASESORIA S.R.L",20230523,20240423,"GREAT INVESTIGACION & ASESORIA S.R.L.","AREQUIPA","AREQUIPA","AREQUIPA",040101,45000.0000,10285.7200,6857.1400,"SOLES",20230706
"BID 4","PROGRAMA DE INNOVACIÓN MODERNIZACIÓN TECNOLÓGICA Y EMPRENDIMIENTO - MIPYMES DE CALIDAD",2023,"116-PROINNOVATE-IMTEMC-2023","IMPLEMENTACIÓN Y CERTIFICACIÓN DEL SISTEMA DE GESTIÓN ANTISOBORNO BASADO EN LA NORMA ISO 37001:2016 EN LA EMPRESA E.L. TAXI 24 HORAS E.I.R.L.",20230508,20240508,"E.L. TAXI 24 HORAS E.I.R.L.","LA MOLINA","LIMA","LIMA",150114,45000.0000,10285.7100,6857.1400,"SOLES",20230706
"BID 4","PROGRAMA DE INNOVACIÓN MODERNIZACIÓN TECNOLÓGICA Y EMPRENDIMIENTO - MIPYMES DE CALIDAD",2023,"117-PROINNOVATE-IMTEMC-2023","IMPLEMENTACIÓN Y CERTIFICACIÓN DE UN SISTEMA INTEGRADO DE GESTIÓN EN BASE A LAS NORMAS INTERNACIONALES ISO 45001:2018 E ISO 14001:2015 EN LA EMPRESA  RED TOURS E.I.R.L.",20230601,20240701,"RED TOURS E.I.R.L.","PACHANGARA","OYON","LIMA",150906,44900.0000,10260.0000,6840.0000,"SOLES",20230706
"BID 4","PROGRAMA DE INNOVACIÓN MODERNIZACIÓN TECNOLÓGICA Y EMPRENDIMIENTO - MIPYMES DE CALIDAD",2023,"118-PROINNOVATE-IMTEMC-2023","IMPLEMENTACIÓN DE SISTEMA DE GESTIÓN DE CALIDAD Y CERTIFICACIÓN PARA EL INCREMENTO DE NUESTRA COMPETITIVIDAD",20230508,20240608,"SISCOG INGENIEROS E.I.R.L.","PUENTE PIEDRA","LIMA","LIMA",150125,45000.0000,10285.7100,6857.1400,"SOLES",20230706
"BID 4","PROGRAMA DE INNOVACIÓN MODERNIZACIÓN TECNOLÓGICA Y EMPRENDIMIENTO - MIPYMES DIGITALES",2023,"119-PROINNOVATE-IMTEMD-2023","DESARROLLO E IMPLEMENTACIÓN DE ESTRATEGIAS DE MARKETING DIGITAL PARA MEJORAR EL POSICIONAMIENTO EN EL MERCADO DE LA EMPRESA LADRICORP",20230508,20240408,"LADRICORP NORTE S.A.C.","TRUJILLO","TRUJILLO","LA LIBERTAD",130101,45000.0000,10285.7100,6857.1400,"SOLES",20230706
"BID 4","PROGRAMA DE INNOVACIÓN MODERNIZACIÓN TECNOLÓGICA Y EMPRENDIMIENTO - MIPYMES DE CALIDAD",2023,"120-PROINNOVATE-IMTEMC-2023","CERTIFICACIÓN DE LA NORMA ISO 9001:2015 COMO ESTRATEGIA PARA LA REACTIVACIÓN Y DIFERENCIACIÓN DE NUESTROS SERVICIOS  EN LA EMPRESA GRUPO ALPAMAYO PERU S.R.L.",20230601,20240701,"GRUPO ALPAMAYO PERU S.R.L.","HUARAZ","HUARAZ","ANCASH",020101,45000.0000,10285.7100,6857.1400,"SOLES",20230706
"FINCYT III","PASANTIAS TECNOLÓGICAS",2023,"121-PROINNOVATE-PT-2023","PASANTÍA TECNOLÓGICA AL CENTRO DE AGRONEGOCIOS DE LA UNIVERSIDAD AUSTRAL DE ARGENTINA\, PARA QUE NUESTRO RECURSO HUMANO FORTALEZCA Y ADOPTE TECNICAS\, CONOCIMIENTOS \, METODOLOGIAS Y TECNOLOGIAS EN AGRONEGOCIOS\, Y ASI  MEJORAR LA CALIDAD DE NUESTROS SERVICIOS.",20230417,20230617,"AGRICULTURAL SOLUTIONS SOCIEDAD COMERCIAL DE RESPONSABILIDAD LIMITADA","CASTILLA","PIURA","PIURA",200104,14200.0000,3950.0000,3800.0000,"DOLARES",20230706
"FINCYT III","MISIONES TECNOLÓGICAS",2023,"123-PROINNOVATE-MT-2023","MISIÓN TECNOLÓGICA PARA LA PROSPECCIÓN DE INICIATIVAS DE INNOVACIÓN E INTRODUCCIÓN DE PROCESOS DE MEJORA CONTINUA EN LAS MYPES.",20230411,20230711,"FEDERACION MYPE DEL PERU - FEMYPE","JESUS MARIA","LIMA","LIMA",150113,30000.0000,0.0000,0.0000,"DOLARES",20230706
"BID 4","PROGRAMA DE INNOVACIÓN MODERNIZACIÓN TECNOLÓGICA Y EMPRENDIMIENTO - MIPYMES DE CALIDAD",2023,"125-PROINNOVATE-IMTEMC-2023","IMPLEMENTACIÓN Y CERTIFICACIÓN DEL SISTEMA DE GESTIÓN AMBIENTAL ISO 14001:2015",20230508,20240508,"SAFETY-CAR SOCIEDAD ANONIMA CERRADA SAFETY-CAR SAC","SANTA ANITA","LIMA","LIMA",150137,43941.4000,10058.7600,6705.8400,"SOLES",20230706
"FINCYT III","PASANTIAS TECNOLÓGICAS",2023,"126-PROINNOVATE-PT-2023","PASANTÍA TECNOLÓGICA EN EL DEPARTAMENTO DE MICROBIOLOGÍA E INMUNOLOGÍA DE LA U. DE KASETSART PARA LA TRANSFERENCIA DE CONOCIMIENTO EN TÉCNICAS DE DIAGNÓSTICO MOLECULAR DE ENFERMEDADES VIRALES EN TILAPIA",20230426,20230826,"PEZBIOTEC S.A.C","PIURA","PIURA","PIURA",200101,7425.0000,2300.0000,1700.0000,"DOLARES",20230706
"BID 4","PROGRAMA DE INNOVACIÓN MODERNIZACIÓN TECNOLÓGICA Y EMPRENDIMIENTO - MIPYMES DIGITALES",2023,"127-PROINNOVATE-IMTEMD-2023","INCURSIÓN EN EL COMERCIO ELECTRÓNICO JUNTO CON UNA MEJORA EN LAS RELACIONES CON LOS CLIENTES PARA PERMITIR EL CRECIMIENTO Y FIDELIZACIÓN DEL MERCADO OBJETIVO DE LA EMPRESA G&S COMEX S.A.C.",20230523,20240423,"G&S COMEX S.A.C.","AREQUIPA","AREQUIPA","AREQUIPA",040101,45000.0000,14400.0000,25600.0000,"SOLES",20230706
"BID 4","PROGRAMA DE INNOVACIÓN MODERNIZACIÓN TECNOLÓGICA Y EMPRENDIMIENTO - MIPYMES DE CALIDAD",2023,"128-PROINNOVATE-IMTEMC-2023","IMPLEMENTACIÓN Y CERTIFICACIÓN DEL SISTEMA DE ANÁLISIS DE PELIGROS Y PUNTOS CRÍTICOS DE CONTROL - HACCP PARA EL PROCESAMIENTO DE AGUA DE MESA SIN GAS DE LA EMPRESA CORBAX SAC",20230601,20240701,"CORBAX S.A.C.","CHICLAYO","CHICLAYO","LAMBAYEQUE",140101,45000.0000,10285.7100,6857.1400,"SOLES",20230706
"BID 4","PROGRAMA DE INNOVACIÓN MODERNIZACIÓN TECNOLÓGICA Y EMPRENDIMIENTO - MIPYMES DE CALIDAD",2023,"130-PROINNOVATE-IMTEMC-2023","IMPLEMENTACIÓN Y CERTIFICACIÓN DE LA NORMA DE ASEGURAMIENTO INTEGRADO DE FINCAS - GLOBAL GAP PARA LA SIEMBRA\, COSECHA Y DISTRIBUCIÓN DE PALTA HASS DE LA EMPRESA AGRICULTORES DEL PERÚ",20230518,20240618,"AGRICULTORES DEL PERU S.A.C.","MOTUPE","LAMBAYEQUE","LAMBAYEQUE",140307,45000.0000,10285.7100,6857.1400,"SOLES",20230706
"BID 4","PROGRAMA DE INNOVACIÓN MODERNIZACIÓN TECNOLÓGICA Y EMPRENDIMIENTO - MIPYMES DIGITALES",2023,"131-PROINNOVATE-IMTEMD-2023","DESARROLLO DE ESTRATEGIAS DE MARKETING DIGITAL PARA EL FORTALECIMIENTO DE LOS CANALES DE VENTA QUE PERMITA A LA EMPRESA FSA COSMETICS SAC DIFUNDIR LA ANCESTRALIDAD DE LOS INSUMOS PERUANOS POR MEDIO DE LA COSMÉTICA NATURAL EN LA MARCA NAGHAB.",20230526,20240426,"FSA COSMETICS SOCIEDAD ANONIMA CERRADA","MAGDALENA DEL MAR","LIMA","LIMA",150120,45000.0000,10285.7200,6857.1400,"SOLES",20230706
"BID 4","PROGRAMA DE INNOVACIÓN MODERNIZACIÓN TECNOLÓGICA Y EMPRENDIMIENTO - MIPYMES DIGITALES",2023,"132-PROINNOVATE-IMTEMD-2023","DESARROLLO DE UN ECOSISTEMA DE TRABAJO DIGITAL QUE OPTIMICE LOS PROCESOS ORIENTADOS A MEJORAR EL SERVICIO QUE OFRECE LA EMPRESA POLIGONNUS CORPORATION S.A.C.",20230523,20240423,"POLIGONNUS CORPORATION S.A.C. - POLIGONNUS CORP","CERRO COLORADO","AREQUIPA","AREQUIPA",040104,45000.0000,10285.7100,6857.1400,"SOLES",20230706
"BID 4","PROGRAMA DE INNOVACIÓN MODERNIZACIÓN TECNOLÓGICA Y EMPRENDIMIENTO - MIPYMES DIGITALES",2023,"133-PROINNOVATE-IMTEMD-2023","OPTIMIZACIÓN DEL CICLO DE VENTAS MEDIANTE LA IMPLEMENTACIÓN DE UN CANAL DIGITAL DE VENTAS DE TABLEROS ELÉCTRICOS EN EYLEEN",20230417,20240317,"EYLEEN ELECTRIC S.A.C.","CALLAO","PROV. CONST. DEL CALLAO","CALLAO",070101,45000.0000,10285.7100,6857.1400,"SOLES",20230706
"BID 4","PROGRAMA DE INNOVACIÓN MODERNIZACIÓN TECNOLÓGICA Y EMPRENDIMIENTO - MIPYMES DE CALIDAD",2023,"134-PROINNOVATE-IMTEMC-2023","DIAGNÓSTICO\, IMPLEMENTACIÓN Y CERTIFICACIÓN DEL SISTEMA DE GESTIÓN DE LA CALIDAD (ISO 9001:2015) EN LA EMPRESA R&S TEXTIL S.A.C. CON LA FINALIDAD DE OPTIMIZAR SUS PROCESOS Y RECURSOS EN LAS ACTIVIDADES DE FABRICACIÓN DE PRODUCTOS QUÍMICOS",20230602,20240702,"R & S TEXTIL S.A.C.","SAN JUAN DE LURIGANCHO","LIMA","LIMA",150132,34000.0000,7560.0000,5040.0000,"SOLES",20230706
"BID 4","PROGRAMA DE INNOVACIÓN MODERNIZACIÓN TECNOLÓGICA Y EMPRENDIMIENTO - MIPYMES DIGITALES",2023,"136-PROINNOVATE-IMTEMD-2023","IMPLEMENTACIÓN DE UNA ESTRATEGIA DIGITAL DE INBOUND MARKETING PARA LA ATRACCIÓN Y FIDELIZACIÓN DE CLIENTES EN LA EMPRESA DE CONSULTORÍA INNPACTO S.A.C",20230523,20240423,"INNPACTO S.A.C.","BARRANCO","LIMA","LIMA",150104,45000.0000,10300.0000,6858.0000,"SOLES",20230706
"BID 4","PROGRAMA DE INNOVACIÓN MODERNIZACIÓN TECNOLÓGICA Y EMPRENDIMIENTO - MIPYMES DIGITALES",2023,"137-PROINNOVATE-IMTEMD-2023","IMPLEMENTACIÓN DE UN ERP PARA LA EMPRESA MATTS MINA SAC PARA OPTIMIZAR PROCESOS Y POSICIONARNOS EN LA INDUSTRIA.",20230523,20240423,"MATTS MINA SOCIEDAD ANONIMA CERRADA","SANTIAGO DE SURCO","LIMA","LIMA",150140,45000.0000,10285.7100,6857.1400,"SOLES",20230706
"BID 4","PROGRAMA DE INNOVACIÓN MODERNIZACIÓN TECNOLÓGICA Y EMPRENDIMIENTO - MIPYMES DE CALIDAD",2023,"138-PROINNOVATE-IMTEMC-2023","IMPLEMENTACIÓN Y CERTIFICACIÓN DEL SISTEMA DE GESTIÓN DE SEGURIDAD Y SALUD EN EL TRABAJO ISO 45001:2018",20230523,20240623,"ECOLOGY YASJOMI E.I.R.L.","TRUJILLO","TRUJILLO","LA LIBERTAD",130101,39407.5500,10245.0000,6088.9800,"SOLES",20230706
"BID 4","PROGRAMA DE INNOVACIÓN MODERNIZACIÓN TECNOLÓGICA Y EMPRENDIMIENTO - MIPYMES DE CALIDAD",2023,"139-PROINNOVATE-IMTEMC-2023","IMPLEMENTACIÓN Y CERTIFICACIÓN DEL SISTEMA DE GESTIÓN DE CALIDAD\, SEGÚN LA NORMA ISO 9001:2015 EN LA EMPRESA \"INSTRUMENTATION VALVE & FITTING S.A.\" PARA INCREMENTAR LAS VENTAS A NIVEL NACIONAL.",20230505,20240505,"INSTRUMENTATION VALVE & FITTING SOCIEDAD ANONIMA","LURIGANCHO","LIMA","LIMA",150118,45000.0000,10720.5000,6857.1400,"SOLES",20230706
"BID 4","PROGRAMA DE INNOVACIÓN MODERNIZACIÓN TECNOLÓGICA Y EMPRENDIMIENTO - MIPYMES DE CALIDAD",2023,"140-PROINNOVATE-IMTEMC-2023","IMPLEMENTACIÓN Y CERTIFICACIÓN DEL SISTEMA DE GESTIÓN DE SEGURIDAD Y SALUD EN EL TRABAJO ISO 45001:2018 EN LA EMPRESA SYSPRO SOLUCIONES INTEGRALES S.A.C.",20230609,20240609,"SYSPRO SOLUCIONES INTEGRALES S.A.C.","ATE","LIMA","LIMA",150103,44952.0000,10278.0000,6852.0000,"SOLES",20230706
"BID 4","PROGRAMA DE INNOVACIÓN MODERNIZACIÓN TECNOLÓGICA Y EMPRENDIMIENTO - MIPYMES DIGITALES",2023,"141-PROINNOVATE-IMTEMD-2023","DISEÑO E IMPLEMENTACIÓN DE SOLUCIONES BASADAS EN TECNOLOGÍAS DE LA INFORMACIÓN QUE PERMITAN MEJORAR LOS PROCESOS COMERCIALES Y OPERATIVOS DE LA EMPRESA \"HIDROPONICA S.A.C.\"",20230508,20240208,"HIDROPONIKA S.A.C.","LA MOLINA","LIMA","LIMA",150114,45000.0000,10720.4900,6857.1400,"SOLES",20230706
"BID 4","PROGRAMA DE INNOVACIÓN MODERNIZACIÓN TECNOLÓGICA Y EMPRENDIMIENTO - MIPYMES DE CALIDAD",2023,"142-PROINNOVATE-IMTEMC-2023","OBTENCIÓN DE LA CERTIFICACIÓN DEL SISTEMA DE GESTIÓN DE CALIDAD SEGÚN LA NORMA ISO 9001:2015\, PARA EL DESARROLLO\, IMPLEMENTACIÓN\, MANTENIMIENTO Y SOPORTE DE SOFTWARE EN LA EMPRESA \"NISIRA SYSTEMS S.A.C\"",20230525,20240525,"NISIRA SYSTEMS S.A.C","VICTOR LARCO HERRERA","TRUJILLO","LA LIBERTAD",130111,40000.0000,9000.0000,6000.0000,"SOLES",20230706
"BID 4","PROGRAMA DE INNOVACIÓN MODERNIZACIÓN TECNOLÓGICA Y EMPRENDIMIENTO - MIPYMES DE CALIDAD",2023,"143-PROINNOVATE-IMTEMC-2023","IMPLEMENTACIÓN Y CERTIFICACIÓN DEL SISTEMA HACCP EN LA LÍNEA DE PROCESAMIENTO\, ENVASADO Y DISTRIBUCION DE AGUA DE MESA SIN GAS \"MONASTERIO\" DE LA EMPRESA \"GRUPO FOSATI S.A.C.\"",20230523,20240523,"GRUPO FOSATI S.A.C.","PIMENTEL","CHICLAYO","LAMBAYEQUE",140112,45000.0000,10285.7100,6857.1400,"SOLES",20230706
"BID 4","PROGRAMA DE INNOVACIÓN MODERNIZACIÓN TECNOLÓGICA Y EMPRENDIMIENTO - MIPYMES DE CALIDAD",2023,"144-PROINNOVATE-IMTEMC-2023","IMPLEMENTACIÓN  Y CERTIFICACIÓN DE LOS ESTÁNDARES DE LA CADENA DE CUSTODIA FORESTAL (F.S.C. Y P.E.F.C.) EN LA EMPRESA \"REMUGRAF S.A.C.\"",20230530,20240530,"REMUGRAF SAC","ATE","LIMA","LIMA",150103,25000.0000,15200.0000,4800.0000,"SOLES",20230706
"BID 4","PROGRAMA DE INNOVACIÓN MODERNIZACIÓN TECNOLÓGICA Y EMPRENDIMIENTO - MIPYMES DE CALIDAD",2023,"145-PROINNOVATE-IMTEMC-2023","CERTIFICACIÓN DE LOS PROCESOS EN LA EMPRESA \"GRUPO INOXIFER E.I.R.L.\" SEGÚN LAS NORMAS ISO 9001: 2015 E ISO 45001:2018 PARA LA MEJORA DEL SISTEMA DE GESTIÓN DE CALIDAD Y DE LA SEGURIDAD Y SALUD EN EL TRABAJO.",20230524,20240324,"GRUPO INOXIFER E.I.R.L.","HUANCHACO","TRUJILLO","LA LIBERTAD",130104,45000.0000,10450.0000,6843.0000,"SOLES",20230706
"BID 4","PROGRAMA DE INNOVACIÓN MODERNIZACIÓN TECNOLÓGICA Y EMPRENDIMIENTO - MIPYMES DIGITALES",2023,"146-PROINNOVATE-IMTEMD-2023","IMPLEMENTACIÓN DE TECNOLOGIAS DIGITALES PARA MEJORAR LA EFICIENCIA DE LOS PROCESOS PRODUCTIVOS Y COMERCIALES EN CONSORCIO TEXTIL BAGS & FITS S.A.C.",20230606,20240506,"CONSORCIO TEXTIL BAGS & FITS SOCIEDAD ANONIMA CERRADA-CONSORCIO TEXTIL BAGS & FITS S.A.C.","PUENTE PIEDRA","LIMA","LIMA",150125,45000.0000,10285.7200,6857.1400,"SOLES",20230706
"BID 4","PROGRAMA DE INNOVACIÓN MODERNIZACIÓN TECNOLÓGICA Y EMPRENDIMIENTO - MIPYMES DIGITALES",2023,"147-PROINNOVATE-IMTEMD-2023","POSICIONAMIENTO DIGITAL DE LA MARCA ENSUEÑOS A TRAVÉS DEL MEJORAMIENTO DEL ECOMMERCE DE LA MARCA (EN RENDIMIENTO\, UX Y UI) Y DE LA IMPLEMENTACIÓN DE UNA ESTRATEGIA INTEGRAL DE MARKETING DIGITAL (SEO\, PUBLICIDAD EN REDES SOCIALES\, GENERACIÓN DE CONTENIDO)",20230508,20240408,"H.L ENSUEÑOS EMPRESA INDIVIDUAL DE RESPONSABILIDAD LIMITADA","LA VICTORIA","LIMA","LIMA",150115,45000.0000,10286.0000,6857.0000,"SOLES",20230706
"BID 4","PROGRAMA DE INNOVACIÓN MODERNIZACIÓN TECNOLÓGICA Y EMPRENDIMIENTO - MIPYMES DE CALIDAD",2023,"148-PROINNOVATE-IMTEMC-2023","PROPUESTA DE MODELO PARA UN SISTEMA DE GESTIÓN AMBIENTAL CON NORMA ISO 14001:2015 Y SISTEMA DE GESTIÓN DE CALIDAD SEGÚN LA NORMA ISO 9001:2015 PARA LA EMPRESA S&B SERVICIOS GENERALES S.R.L.",20230523,20240423,"S & B SERVICIOS GENERALES S.R.L","LOS BAÑOS DEL INCA","CAJAMARCA","CAJAMARCA",060108,45000.0000,10404.0000,6830.0000,"SOLES",20230706
"BID 4","PROGRAMA DE INNOVACIÓN MODERNIZACIÓN TECNOLÓGICA Y EMPRENDIMIENTO - MIPYMES DE CALIDAD",2023,"149-PROINNOVATE-IMTEMC-2023","IMPLEMENTACIÓN Y CERTIFICACIÓN DEL SISTEMA DE GESTIÓN DE SEGURIDAD DE LA INFORMACIÓN SEGÚN ISO 27001:2013 EN LA EMPRESA CLEVER TECNOLOGÍA PERÚ S.A.C.",20230524,20240124,"CLEVER TECNOLOGIA PERU S.A.C.","MIRAFLORES","LIMA","LIMA",150122,44900.0000,10610.0000,6560.0000,"SOLES",20230706
"FINCYT III","DINAMIZACIÓN DE ECOSISTEMAS REGIONALES DE INNOVACIÓN Y EMPRENDIMIENTO 2.0",2023,"150-PROINNOVATE-DER-2023","FORTALECIMIENTO Y DINAMIZACIÓN DEL ECOSISTEMA DE INNOVACIÓN Y EMPRENDIMIENTO DE LA REGIÓN TACNA",20230420,20230920,"MODULO DE SERVICIOS TACNA - MS TACNA INNOVA","TACNA","TACNA","TACNA",230101,1799648.0000,0.0000,772000.0000,"SOLES",20230706
"BID 4","PROGRAMA DE INNOVACIÓN MODERNIZACIÓN TECNOLÓGICA Y EMPRENDIMIENTO - MIPYMES DE CALIDAD",2023,"151-PROINNOVATE-IMTEMC-2023","IMPLEMENTACIÓN Y CERTIFICACIÓN DEL SISTEMA HACCP PARA EL PROCESAMIENTO DE HELADOS DE LA EMPRESA INDUSTRIAS APAKORI EIRL",20230427,20240527,"INDUSTRIAS APAKORI E.I.R.L.","SANTIAGO DE SURCO","LIMA","LIMA",150140,45000.0000,10285.7100,6857.1400,"SOLES",20230706
"BID 4","PROGRAMA DE INNOVACIÓN MODERNIZACIÓN TECNOLÓGICA Y EMPRENDIMIENTO - MIPYMES DE CALIDAD",2023,"153-PROINNOVATE-IMTEMC-2023","IMPLEMENTACIÓN Y CERTIFICACION DEL SISTEMA DE GESTION SEGURIDAD Y SALUD EN EL TRABAJO BASADO EN LA ISO 45001: 2018 EN LA EMPRESA   FMP INGENIEROS E.I.R.L.",20230524,20240524,"FMP INGENIEROS EIRL","SAN MARTIN DE PORRES","LIMA","LIMA",150135,45000.0000,10285.7100,6857.1400,"SOLES",20230706
"BID 4","PROGRAMA DE INNOVACIÓN MODERNIZACIÓN TECNOLÓGICA Y EMPRENDIMIENTO - MIPYMES DIGITALES",2023,"154-PROINNOVATE-IMTEMD-2023","IMPLEMENTACIÓN DE UNA SOLUCIÓN DIGITAL PARA LA OPTIMIZACIÓN DE LOS PROCESOS OPERATIVOS DE MANTENIMIENTO DE MERCURY FM",20230524,20240324,"MERCURY FACILITIES MANAGEMENT S.A.C.","MIRAFLORES","LIMA","LIMA",150122,45000.0000,10720.7100,6857.1400,"SOLES",20230706
"BID 4","PROGRAMA DE INNOVACIÓN MODERNIZACIÓN TECNOLÓGICA Y EMPRENDIMIENTO - MIPYMES DIGITALES",2023,"155-PROINNOVATE-IMTEMD-2023","DISEÑO E IMPLEMENTACIÓN DEL SISTEMA ERP PARA LA DIGITALIZACIÓN Y OPTIMIZACIÓN DE LOS PROCESOS COMERCIALES Y OPERATIVOS DE LA EMPRESA DE TRANSPORTE VERTICAL ENGINEERING AND INNOVATION SAC.",20230426,20240326,"ENGINEERING AND INNOVATION SOCIEDAD ANONIMA CERRADA","SANTA ANA","LA CONVENCION","CUSCO",080901,45000.0000,10285.7200,6857.1400,"SOLES",20230706
"BID 4","PROGRAMA DE INNOVACIÓN MODERNIZACIÓN TECNOLÓGICA Y EMPRENDIMIENTO - MIPYMES DIGITALES",2023,"156-PROINNOVATE-IMTEMD-2023","DESARROLLO Y EJECUCIÓN DE UNA ESTRATEGIA DE MARKETING DIGITAL UTILIZANDO METODOLOGÍA ASIS TOBE Y SCRUM QUE CONLLEVE AL POSICIONAMIENTO DE NUESTRAS MARCAS DE ROPA PARA BEBÉS MODAS KAYITA Y MK-MARCAS  EN EL EXTRANJERO.",20230524,20240324,"NEGOCIOS Y EMPRENDIMIENTOS DEL PERU S.A.C.","COMAS","LIMA","LIMA",150110,38075.0000,8505.0000,5670.0000,"SOLES",20230706
"BID 4","PROGRAMA DE INNOVACIÓN MODERNIZACIÓN TECNOLÓGICA Y EMPRENDIMIENTO - MIPYMES DIGITALES",2023,"157-PROINNOVATE-IMTEMD-2023","DIGITALIZACIÓN DE PROCESOS PARA OPTIMIZAR LOS SERVICIOS DE GESTIÓN LOGÍSTICA DE LA EMPRESA MSS INGENIEROS SOLUCIONES QUIMICAS E.I.R.L. E IMPLEMENTACIÓN DE MARKETING DIGITAL PARA POTENCIAR EL PROCESO DE CAPTACIÓN DE CLIENTES E INCREMENTAR LAS VENTAS",20230511,20240411,"MSS INGENIEROS SOLUCIONES QUIMICAS E.I.R.L.","SAN LUIS","LIMA","LIMA",150134,45000.0000,10285.7100,6857.1400,"SOLES",20230706
"BID 4","PROGRAMA DE INNOVACIÓN MODERNIZACIÓN TECNOLÓGICA Y EMPRENDIMIENTO - MIPYMES DE CALIDAD",2023,"158-PROINNOVATE-IMTEMC-2023","IMPLEMENTACIÓN Y CERTIFICACIÓN DE BUENAS PRÁCTICAS DE MANUFACTURA (BPM) PARA LA ELABORACIÓN DE DESTILADO DE QUINUA ? VODKA DE QUINUA\, GINEBRA Y DESTILADO DE ALCOHOL EXTRA NEUTRO DE CAÑA DE AZÚCAR.",20230524,20240624,"BOOZIOS LIQUORS SOCIEDAD ANONIMA CERRADA - BOOZIOS LIQUORS S.A.C.","ATE","LIMA","LIMA",150103,45000.0000,10285.7200,6857.1400,"SOLES",20230706
"BID 4","PROGRAMA DE INNOVACIÓN MODERNIZACIÓN TECNOLÓGICA Y EMPRENDIMIENTO - MIPYMES DIGITALES",2023,"159-PROINNOVATE-IMTEMD-2023","IMPLEMENTACIÓN DE ESTRATEGIAS DIGITALES PARA LA PROMOCIÓN DE DONCA SOFTWARE ERP DE LA EMPRESA LEAD WORKING PARTNER",20230518,20240418,"LEAD WORKING PARTNER SAC","RUPA-RUPA","LEONCIO PRADO","HUANUCO",100601,45000.0000,10285.7100,6857.1400,"SOLES",20230706
"BID 4","PROGRAMA DE INNOVACIÓN MODERNIZACIÓN TECNOLÓGICA Y EMPRENDIMIENTO - MIPYMES DE CALIDAD",2023,"160-PROINNOVATE-IMTEMC-2023","IMPLEMENTACIÓN Y CERTIFICACIÓN DE UN SISTEMA DE GESTIÓN DE CALIDAD ISO 9001:2015 EN LA EMPRESA DATHELH SERVICIOS DE INGENIERIA S.R.L.",20230526,20231226,"DATHELH SERVICIOS DE INGENIERIA S.R.L.","LOS BAÑOS DEL INCA","CAJAMARCA","CAJAMARCA",060108,43730.0000,9990.0000,6660.0000,"SOLES",20230706
"BID 4","PROGRAMA DE INNOVACIÓN MODERNIZACIÓN TECNOLÓGICA Y EMPRENDIMIENTO - MIPYMES DE CALIDAD",2023,"161-PROINNOVATE-IMTEMC-2023","CERTIFICACIÓN DEL SISTEMA HACCP EN LA LÍNEA DE PRODUCCIÓN DE  DESTILADOS \"DON FITO\" PARA SU CONSOLIDACIÓN EN EL MERCADO NACIONAL\, EL CURAL AREQUIPA PERÚ",20230517,20240317,"CACETEJ S.R.L.","UCHUMAYO","AREQUIPA","AREQUIPA",040124,45000.0000,10285.7100,6857.1400,"SOLES",20230706
"BID 4","PROGRAMA DE INNOVACIÓN MODERNIZACIÓN TECNOLÓGICA Y EMPRENDIMIENTO - MIPYMES DE CALIDAD",2023,"162-PROINNOVATE-IMTEMC-2023","IMPLEMENTACIÓN Y CERTIFICACIÓN DEL SISTEMA DE GESTIÓN DE CALIDAD ISO 9001:2015 Y EL SISTEMA DE GESTIÓN AMBIENTAL ISO 14001:2015 PARA INVERSIONES BERMARC E.I.R.L.",20230524,20240624,"INVERSIONES BERMARC E.I.R.L.","ATE","LIMA","LIMA",150103,45000.0000,10285.7100,6857.1400,"SOLES",20230706
"BID 4","PROGRAMA DE INNOVACIÓN MODERNIZACIÓN TECNOLÓGICA Y EMPRENDIMIENTO - MIPYMES DE CALIDAD",2023,"163-PROINNOVATE-IMTEMC-2023","IMPLEMENTACIÓN Y CERTIFICACIÓN DEL SISTEMA INTEGRADO DE GESTIÓN BASADO EN LAS NORMAS ISO 9001:2015 E ISO 45001:2018 EN LA EMPRESA GRUPO SEIL E.I.R.L.",20230524,20240124,"GRUPO SEIL E.I.R.L.","ATE","LIMA","LIMA",150103,45000.0000,10294.8500,6848.0000,"SOLES",20230706
"BID 4","PROGRAMA DE INNOVACIÓN MODERNIZACIÓN TECNOLÓGICA Y EMPRENDIMIENTO - MIPYMES DIGITALES",2023,"164-PROINNOVATE-IMTEMD-2023","DIGITALIZACIÓN DEL PROCESO COMERCIAL DE LA EMPRESA TELLA CORP SAC",20230524,20231224,"TELLA CORP S.A.C.","NUEVO CHIMBOTE","SANTA","ANCASH",021809,45000.0000,10285.7100,6857.1400,"SOLES",20230706
"BID 4","PROGRAMA DE INNOVACIÓN MODERNIZACIÓN TECNOLÓGICA Y EMPRENDIMIENTO - MIPYMES DE CALIDAD",2023,"166-PROINNOVATE-IMTEMC-2023","IMPLEMENTACIÓN Y CERTIFICACIÓN DE UN SISTEMA DE GESTIÓN DE LA CALIDAD ISO 9001:2015 EN LOS PROCESOS OPERATIVOS DE E & S ASESORES ASOCIADOS SAC",20230508,20240608,"E & S ASESORES ASOCIADOS SAC","SANTIAGO DE SURCO","LIMA","LIMA",150140,45000.0000,10285.7100,6857.1400,"SOLES",20230706
"BID 4","PROGRAMA DE INNOVACIÓN MODERNIZACIÓN TECNOLÓGICA Y EMPRENDIMIENTO - MIPYMES DE CALIDAD",2023,"167-PROINNOVATE-IMTEMC-2023","IMPLEMENTACIÓN Y CERTIFICACIÓN FSC CADENA DE CUSTODIA PARA LA EMPRESA JK MADEXPORT S.A.C",20230524,20240224,"JK MADEXPORT S.A.C","CALLERIA","CORONEL PORTILLO","UCAYALI",250101,45000.0000,10285.7200,6857.1400,"SOLES",20230706
"BID 4","PROGRAMA DE INNOVACIÓN MODERNIZACIÓN TECNOLÓGICA Y EMPRENDIMIENTO - MIPYMES DE CALIDAD",2023,"168-PROINNOVATE-IMTEMC-2023","IMPLEMENTACIÓN Y CERTIFICACIÓN DEL SISTEMA DE GESTIÓN DE CALIDAD BASADA EN LA NORMA ISO 9001:2015 EN PERUCONTROL\, GARANTIZANDO EL CUMPLIMIENTO DE ESTÁNDARES ENFOCADOS EN LA MEJORA DEL CONTROL DE LOS PROCESOS\, LOGRANDO LA SATISFACCIÓN DEL CLIENTE",20230531,20240630,"PERUCONTROL.COM E.I.R.L.","JOSE LUIS BUSTAMANTE Y RIVERO","AREQUIPA","AREQUIPA",040129,44995.0000,10290.0000,6857.0000,"SOLES",20230706
"BID 4","PROGRAMA DE INNOVACIÓN MODERNIZACIÓN TECNOLÓGICA Y EMPRENDIMIENTO - MIPYMES DE CALIDAD",2023,"169-PROINNOVATE-IMTEMC-2023","POSICIONAMIENTO EN EL MERCADO DE LA EMPRESA FACMEC INGENIERIA MEDIANTE LA CERTIFICACION ISO 9001:2015\, EN LA REGION AREQUIPA",20230508,20240608,"FACMEC AVG EMPRESA INDIVIDUAL DE RESPONSABILIDAD LIMITADA - FACMEC AVG E.I.R.L.","MOQUEGUA","MARISCAL NIETO","MOQUEGUA",180101,45000.0000,10308.0000,6835.7000,"SOLES",20230706
"BID 4","PROGRAMA DE INNOVACIÓN MODERNIZACIÓN TECNOLÓGICA Y EMPRENDIMIENTO - MIPYMES DE CALIDAD",2023,"170-PROINNOVATE-IMTEMC-2023","IMPLEMENTACIÓN Y CERTIFICACIÓN DEL SISTEMA DE GESTIÓN DE CALIDAD EN BASE A LA NORMA ISO 9001 EN LA EMPRESA CCV IMPORTACIONES GENERALES S.A.C. (NORBLOCK)",20230531,20240630,"CCV IMPORTACIONES GENERALES S.A.C.","HUANCHACO","TRUJILLO","LA LIBERTAD",130104,44997.9600,11941.5300,6690.0000,"SOLES",20230706
"BID 4","PROGRAMA DE INNOVACIÓN MODERNIZACIÓN TECNOLÓGICA Y EMPRENDIMIENTO - MIPYMES DE CALIDAD",2023,"171-PROINNOVATE-IMTEMC-2023","IMPLEMENTACIÓN Y CERTIFICACIÓN DEL SISTEMA DE GESTIÓN DE LA CALIDAD BASADO EN LA NORMA ISO 9001:2015 EN LA EMPRESA IMPLEMENTACIÓN SANITARIA Y SANEAMIENTO AMBIENTAL INTEGRAL S.A.",20230526,20240126,"IMPLEMENTACIÓN  SANITARIA Y SANEAMIENTO AMBIENTAL INTEGRAL S.A.","PICHANAQUI","CHANCHAMAYO","JUNIN",120303,45000.0000,10294.8500,6848.0000,"SOLES",20230706
"BID 4","PROGRAMA DE INNOVACIÓN MODERNIZACIÓN TECNOLÓGICA Y EMPRENDIMIENTO - MIPYMES DE CALIDAD",2023,"172-PROINNOVATE-IMTEMC-2023","IMPLEMENTACIÓN Y CERTIFICACIÓN DEL SISTEMA DE GESTIÓN DE LA CALIDAD BASADO EN LA NORMA ISO 9001:2015 PARA ILUMINACION ELC SAC",20230526,20240326,"ILUMINACION ELC S.A.C.","LIMA","LIMA","LIMA",150101,43000.0000,10072.0000,6500.0000,"SOLES",20230706
"BID 4","PROGRAMA DE INNOVACIÓN MODERNIZACIÓN TECNOLÓGICA Y EMPRENDIMIENTO - MIPYMES DE CALIDAD",2023,"173-PROINNOVATE-IMTEMC-2023","IMPLEMENTACIÓN Y CERTIFICACIÓN DE UN SISTEMA DE GESTIÓN DE CALIDAD EN LA EMPRESA ?GENERA SOPORTE Y SOLUCIONES SAC?\, EN BASE AL ESTÁNDAR INTERNACIONAL ISO 9001:2015\, PARA MEJORAR LA CALIDAD DE LOS SERVICIOS Y LA SATISFACCIÓN DEL CLIENTE",20230509,20240609,"GENERA SOPORTE Y SOLUCIONES S.A.C.","AREQUIPA","AREQUIPA","AREQUIPA",040101,44900.0000,10260.0000,6840.0000,"SOLES",20230706
"BID 4","PROGRAMA DE INNOVACIÓN MODERNIZACIÓN TECNOLÓGICA Y EMPRENDIMIENTO - MIPYMES DE CALIDAD",2023,"174-PROINNOVATE-IMTEMC-2023","DIAGNÓSTICO\, IMPLEMENTACIÓN Y CERTIFICACIÓN DE TERCERA PARTE DE LAS NORMAS: ISO 45001:2018 SISTEMA DE GESTIÓN DE SEGURIDAD Y SALUD EN EL TRABAJO",20230525,20240525,"C & S IMPLEMENTA S.A.C.","SURQUILLO","LIMA","LIMA",150141,42000.0000,13300.0000,6850.0000,"SOLES",20230706
"BID 4","PROGRAMA DE INNOVACIÓN MODERNIZACIÓN TECNOLÓGICA Y EMPRENDIMIENTO - MIPYMES DIGITALES",2023,"175-PROINNOVATE-IMTEMD-2023","IMPLEMENTACIÓN DE LA PLATAFORMA ECOMMERCE PARA LA VENTA DE ACCESORIOS NUPCIALES A NIVEL NACIONAL",20230525,20240225,"EBETH CORP S.A.C.","NUEVO CHIMBOTE","SANTA","ANCASH",021809,45000.0000,10285.7100,6857.1400,"SOLES",20230706
"BID 4","PROGRAMA DE INNOVACIÓN MODERNIZACIÓN TECNOLÓGICA Y EMPRENDIMIENTO - MIPYMES DE CALIDAD",2023,"177-PROINNOVATE-IMTEMC-2023","IMPLEMENTACIÓN DE UN SISTEMA DE GESTIÓN DE CALIDAD EN BASE A LA NORMA ISO 9001 ESENCIAL PARA LA MEJORA CONTINUA DE LA EMPRESA BROKK S.A.C.",20230609,20240709,"BROKK SOCIEDAD ANONIMA CERRADA - BROKK S.A.C","CERRO COLORADO","AREQUIPA","AREQUIPA",040104,45000.0000,14400.0000,25600.0000,"SOLES",20230706
"FINCYT III","MISIONES TECNOLÓGICAS",2023,"178-PROINNOVATE-MT-2023","MISIÓN TECNOLÓGICA A ITALIA PARA PARTICIPAR EN LAS FERIAS INTERNACIONALES DE ALIMENTOS FRESCOS \"TUTTO FOOD Y MACFRUT 2023\"\, CON EL FIN DE EXPLORAR NUEVAS TECNOLOGÍAS Y TENDENCIAS ENFOCADAS A MEJORAR LA CADENA DE VALOR DE LAS FRUTAS DE EXPORTACIÓN DEL PERÚ.",20230418,20230618,"BIO NATURAL SOLUTIONS S.A.C.","MIRAFLORES","LIMA","LIMA",150122,22371.0000,0.0000,0.0000,"DOLARES",20230706
"BID 4","PROGRAMA DE INNOVACIÓN MODERNIZACIÓN TECNOLÓGICA Y EMPRENDIMIENTO - MIPYMES DIGITALES",2023,"179-PROINNOVATE-IMTEMD-2023","DISEÑO E IMPLEMENTACIÓN DE UN MÓDULO DE RECURSOS HUMANOS PARA ERP EN LA EMPRESA CTIC SAC.",20230525,20240425,"CTIC S.A.C.","JESUS MARIA","LIMA","LIMA",150113,45000.0000,10285.7100,6857.1400,"SOLES",20230706
"BID 4","PROGRAMA DE INNOVACIÓN MODERNIZACIÓN TECNOLÓGICA Y EMPRENDIMIENTO - MIPYMES DE CALIDAD",2023,"180-PROINNOVATE-IMTEMC-2023","IMPLEMENTACIÓN Y CERTIFICACIÓN DE UN SISTEMA DE GESTIÓN DE CALIDAD BASADO EN LA NORMA ISO 9001: 2015 PARA LA EMPRESA QOQAW QUE BRINDA SERVICIOS DE CONSULTORIA",20230602,20240702,"QOQAW SOCIEDAD ANONIMA CERRADA - QOQAW S.A.C.","CAYMA","AREQUIPA","AREQUIPA",040103,44990.0000,10295.0000,6857.0000,"SOLES",20230706
"BID 4","PROGRAMA DE INNOVACIÓN MODERNIZACIÓN TECNOLÓGICA Y EMPRENDIMIENTO - MIPYMES DE CALIDAD",2023,"181-PROINNOVATE-IMTEMC-2023","IMPLEMENTACIÓN Y CERTIFICACIÓN DEL SISTEMA HACCP EN LA PRODUCCIÓN EN LA LÍNEA DE MERMELADAS Y FRUTAS EN ALMIBAR EN LA EMPRESA SILVIA SRL.",20230508,20240508,"SILVIA S.R.L.","CAYMA","AREQUIPA","AREQUIPA",040103,45000.0000,10500.0000,6800.0000,"SOLES",20230706
"BID 4","PROGRAMA DE INNOVACIÓN MODERNIZACIÓN TECNOLÓGICA Y EMPRENDIMIENTO - MIPYMES DE CALIDAD",2023,"182-PROINNOVATE-IMTEMC-2023","IMPLEMENTACIÓN DE UN SISTEMA DE GESTIÓN DE CALIDAD EN BASE A LA ISO 9001:2015 PARA LA EMPRESA VENTA DE SUMINISTROS Y MATERIALES ELÉCTRICOS S.R.L. - VESUMELEC S.R.L.",20230622,20240622,"VENTA DE SUMINISTROS Y MATERIALES ELÉCTRICOS S.R.L. - VESUMELEC S.R.L.","SAN MARTIN DE PORRES","LIMA","LIMA",150135,45000.0000,11941.5300,7050.0000,"SOLES",20230706
"BID 4","PROGRAMA DE INNOVACIÓN MODERNIZACIÓN TECNOLÓGICA Y EMPRENDIMIENTO - MIPYMES DIGITALES",2023,"184-PROINNOVATE-IMTEMD-2023","IMPLEMENTAR UN PLAN DE MEJORA EN LA EMPRESA PROTECPACK QUE CONTEMPLE EL USO DE NUEVOS CANALES DE VENTAS Y FIDELIZACIÓN\, PARA AUMENTAR LA PRODUCTIVIDAD Y EFICIENCIA EN NUESTRO PROCESOS COMERCIALES.",20230526,20240426,"PROTECPACK S.A.C.","MIRAFLORES","LIMA","LIMA",150122,45000.0000,10286.0000,6857.0000,"SOLES",20230706
"BID 4","PROGRAMA DE INNOVACIÓN MODERNIZACIÓN TECNOLÓGICA Y EMPRENDIMIENTO - MIPYMES DE CALIDAD",2023,"185-PROINNOVATE-IMTEMC-2023","IMPLEMENTACIÓN DE UN SISTEMA DE GESTIÓN ANTISOBORNO SEGÚN ISO 37001:2016 PARA LA EMPRESA  ADMINISTRADORA DE SERVICIOS EN SALUD OCUPACIONAL S.A.C",20230525,20240625,"ADMINISTRADORA DE SERVICIOS EN SALUD OCUPACIONAL S.A.C","LINCE","LIMA","LIMA",150116,45000.0000,15017.4600,7502.3800,"SOLES",20230706
"BID 4","PROYECTOS DE VALIDACIÓN DE LA INNOVACIÓN",2023,"186-PROINNOVATE-PIEC2-2023","VALIDACIÓN TÉCNICO COMERCIAL DE AVANZADO PURIFICADOR DE DIESEL POR MEDIOS FÍSICOS Y QUÍMICOS SEGÚN PATENTE 002219-2019/DIN PARA SU COMERCIALIZACIÓN EN MERCADO DE VEHÍCULOS COMERCIALES CON MOTORIZACIÓN DIESEL.",20230509,20240509,"GREENTECH INNOVATIONS S.A.C.","SANTIAGO DE SURCO","LIMA","LIMA",150140,298100.0000,51583.1700,133700.0000,"SOLES",20230706
"BID 4","PROGRAMA DE INNOVACIÓN MODERNIZACIÓN TECNOLÓGICA Y EMPRENDIMIENTO - MIPYMES DE CALIDAD",2023,"187-PROINNOVATE-IMTEMC-2023","IMPLEMENTACIÓN Y CERTIFICACIÓN DEL SISTEMA HACCP EN LA LÍNEA DE PROCESAMIENTO\, ENVASADO Y DISTRIBUCION DEL AGUA DE MESA SIN GAS ?BARI? DE LA EMPRESA PROCESOS Y DISTRIBUCIONES E.I.R.L.",20230530,20240630,"PROCESOS Y DISTRIBUCIONES E.I.R.L.","CHICLAYO","CHICLAYO","LAMBAYEQUE",140101,45000.0000,10285.7100,6857.1400,"SOLES",20230706
"BID 4","PROGRAMA DE INNOVACIÓN MODERNIZACIÓN TECNOLÓGICA Y EMPRENDIMIENTO - MIPYMES DE CALIDAD",2023,"188-PROINNOVATE-IMTEMC-2023","IMPLEMENTACIÓN Y CERTIFICACIÓN DE LA NORMA HACCP PARA LA LÍNEA DE BOCADITOS FRITOS EN LA EMPRESA \"PROCESADORA SAN JUAN E.I.R.L.\"",20230616,20240716,"PROCESADORA SAN JUAN E.I.R.L.","SAN JUAN DE LURIGANCHO","LIMA","LIMA",150132,45000.0000,10285.7200,6857.1400,"SOLES",20230706
"BID 4","PROGRAMA DE INNOVACIÓN MODERNIZACIÓN TECNOLÓGICA Y EMPRENDIMIENTO - MIPYMES DE CALIDAD",2023,"189-PROINNOVATE-IMTEMC-2023","IMPLEMENTACIÓN Y CERTIFICACIÓN DEL SISTEMA DE GESTIÓN ANTISOBORNO BASADO EN LA NORMA ISO 37001:2016 EN LA EMPRESA MANAGE YOUR PROCESS S.A.C.",20230531,20231130,"MANAGE YOUR PROCESS S.A.C.","HUANCAYO","HUANCAYO","JUNIN",120101,29500.0000,7300.0000,4200.0000,"SOLES",20230706
"BID 4","PROGRAMA DE INNOVACIÓN MODERNIZACIÓN TECNOLÓGICA Y EMPRENDIMIENTO - MIPYMES DE CALIDAD",2023,"190-PROINNOVATE-IMTEMC-2023","IMPLEMENTACIÓN Y CERTIFICACIÓN DEL SISTEMA DE GESTIÓN DE LA CALIDAD BASADO EN LA NORMA ISO 9001:2015\, EN LA EMPRESA \"EL IDOLO LUBRICENTRO S.A.C.\"",20230530,20240330,"EL IDOLO LUBRICENTRO S.A.C.","LIMA","LIMA","LIMA",150101,43000.0000,10072.0000,6500.0000,"SOLES",20230706
"BID 4","PROGRAMA DE INNOVACIÓN MODERNIZACIÓN TECNOLÓGICA Y EMPRENDIMIENTO - MIPYMES DIGITALES",2023,"191-PROINNOVATE-IMTEMD-2023","IMPLEMENTACIÓN DE E-COMMERCE Y MARKETING DIGITAL CON CONTENIDO BASE Y PUBLICIDAD AUTOMATIZADA\, EN LA EMPRESA \"PROYECTA AMASISA S.A.C.\" PARA MEJORAR LAS VENTAS EN CLIENTES CON PERFIL TURÍSTICO EN LA CIUDAD DE MOYOBAMBA.",20230613,20240513,"PROYECTA AMASISA S.A.C","MOYOBAMBA","MOYOBAMBA","SAN MARTIN",220101,41400.0000,9360.0000,6240.0000,"SOLES",20230706
"BID 4","PROGRAMA DE INNOVACIÓN MODERNIZACIÓN TECNOLÓGICA Y EMPRENDIMIENTO - MIPYMES DIGITALES",2023,"192-PROINNOVATE-IMTEMD-2023","IMPLEMENTACIÓN DEL SOFTWARE DE GESTIÓN E.R.P. PARA LA MEJORA DE LOS PROCESOS DE PRODUCCIÓN\, VENTAS Y DE CONTROL DE INVENTARIOS EN LA EMPRESA \"RESTAURANT CRIOLLO Y CEVICHERIA EL CARIBE S.C.R.L.\"",20230525,20240325,"RESTAURANT CRIOLLO Y CEVICHERIA  EL CARIBE SOCIEDAD COMERCIAL DE RESPONSABILIDAD LIMITADA","JULIACA","SAN ROMAN","PUNO",211101,45000.0000,10285.7100,6857.1400,"SOLES",20230706
"BID 4","PROGRAMA DE INNOVACIÓN MODERNIZACIÓN TECNOLÓGICA Y EMPRENDIMIENTO - MIPYMES DE CALIDAD",2023,"193-PROINNOVATE-IMTEMC-2023","IMPLEMENTACIÓN Y CERTIFICACIÓN DE LA NORMA ISO 45001:2018 EN LA EMPRESA \"F&A GEOINGENIERÍA S.A.C.\"\, PARA MEJORAR LAS CONDICIONES DE SEGURIDAD Y SALUD EN EL TRABAJO.",20230531,20240531,"F & A GEOINGENIERIA S.A.C.","MAGDALENA DEL MAR","LIMA","LIMA",150120,45000.0000,10285.7200,6857.1400,"SOLES",20230706
"BID 4","PROGRAMA DE INNOVACIÓN MODERNIZACIÓN TECNOLÓGICA Y EMPRENDIMIENTO - MIPYMES DE CALIDAD",2023,"194-PROINNOVATE-IMTEMC-2023","IMPLEMENTACIÓN Y CERTIFICACIÓN DEL SISTEMA DE GESTIÓN DE CALIDAD BAJO LA NORMA ISO 9001:2015\, PARA EL POSICIONAMIENTO EN EL MERCADO DE LA EMPRESA \"AUTO PARTS MARZA SRLTDA.\" EN LA REGIÓN MOQUEGUA.",20230525,20240525,"AUTO PARTS MARZA SRLTDA","PACOCHA","ILO","MOQUEGUA",180303,45000.0000,10285.7100,6857.1400,"SOLES",20230706
"BID 4","PROGRAMA DE INNOVACIÓN MODERNIZACIÓN TECNOLÓGICA Y EMPRENDIMIENTO - MIPYMES DE CALIDAD",2023,"196-PROINNOVATE-IMTEMC-2023","IMPLEMENTACIÓN Y CERTIFICACIÓN DE LA TRINORMA (ISO 9001:2015\, ISO 14001:2015 E ISO 45001:2018) PARA EL SERVICIO DE INGENIERÍA Y CONSTRUCCIÓN ELECTROMECÁNICA DE LA EMPRESA ORANGE ENGINEERING SAC.",20230526,20240626,"ORANGE ENGINEERING S.A.C.","ILO","ILO","MOQUEGUA",180301,45000.0000,10286.0000,6857.0000,"SOLES",20230706
"BID 4","PROGRAMA DE INNOVACIÓN MODERNIZACIÓN TECNOLÓGICA Y EMPRENDIMIENTO - MIPYMES DE CALIDAD",2023,"197-PROINNOVATE-IMTEMC-2023","IMPLEMENTACIÓN Y CERTIFICACIÓN DEL SISTEMA DE GESTIÓN INTEGRADO ISO 9001:2015\, ISO 14001:2015 E ISO 45001:2018\, EN LA EMPRESA CARYMA SAC\, CON EL FIN DE GESTIONAR E INTEGRAR LOS PROCESOS INTERNOS\, QUE PERMITA GARANTIZAR SERVICIOS DE CALIDAD A NUESTROS CLIENTES.",20230525,20240625,"CARGAS Y MANIOBRAS S.A.C. - CARYMA S.A.C.","LIMA","LIMA","LIMA",150101,44950.1000,10275.1100,6848.8900,"SOLES",20230706
"BID 4","PROGRAMA DE INNOVACIÓN MODERNIZACIÓN TECNOLÓGICA Y EMPRENDIMIENTO - MIPYMES DE CALIDAD",2023,"198-PROINNOVATE-IMTEMC-2023","IMPLEMENTACIÓN Y CERTIFICACIÓN DE UN SISTEMA INTEGRADO DE GESTIÓN ISO 9001 Y 45001 EN LA EMPRESA AQP PERU DATA S.R.L.\, CON LA FINALIDAD DE MEJORAR SU DESEMPEÑO DE CALIDAD Y LA SEGURIDAD PARA ASI INGRESAR A NUEVOS MERCADOS.",20230525,20240625,"AQP-PERU DATA S.R.L.","MIRAFLORES","AREQUIPA","AREQUIPA",040110,44995.0000,10290.0000,6857.0000,"SOLES",20230706
"BID 4","PROGRAMA DE INNOVACIÓN MODERNIZACIÓN TECNOLÓGICA Y EMPRENDIMIENTO - MIPYMES DE CALIDAD",2023,"199-PROINNOVATE-IMTEMC-2023","IMPLEMENTACIÓN Y CERTIFICACIÓN DE UN SISTEMA DE PESCA SOSTENIBLE Y TRAZABILIDAD DE PESCADOS Y MARISCOS EN BASE A LA NORMA ASC EN LA EMPRESA MAYLOP SAC",20230525,20240625,"INVERSIONES MAYLOP SOCIEDAD ANONIMA CERRADA","SECHURA","SECHURA","PIURA",200801,45000.0000,10286.0000,6857.0000,"SOLES",20230706
"BID 4","PROGRAMA DE INNOVACIÓN MODERNIZACIÓN TECNOLÓGICA Y EMPRENDIMIENTO - MIPYMES DIGITALES",2023,"200-PROINNOVATE-IMTEMD-2023","POTENCIAR EL CANAL DE VENTAS DE ECOMMERCE DE LA MARCA \"D'VIDALE\" A TRAVÉS DIFERENTES ESTRATEGIAS DIGITALES PARA INCREMENTAR EL POSICIONAMIENTO Y LAS VENTAS",20230530,20240430,"CALZATURE D'VIDALE E.I.R.L. - D'VIDALE E.I.R.L.","CAJAMARCA","CAJAMARCA","CAJAMARCA",060101,45000.0000,10286.0000,6857.0000,"SOLES",20230706
"BID 4","PROGRAMA DE INNOVACIÓN MODERNIZACIÓN TECNOLÓGICA Y EMPRENDIMIENTO - MIPYMES DE CALIDAD",2023,"201-PROINNOVATE-IMTEMC-2023","IMPLEMENTACIÓN Y CERTIFICACIÓN DEL SISTEMA DE GESTIÓN DE CALIDAD BASADO EN LA NORMA ISO 9001:2015 EN LA EMPRESA VHOPLAST S.A.C",20230526,20240526,"VHOPLAST S.A.C.","INDEPENDENCIA","LIMA","LIMA",150112,45000.0000,10285.7200,6857.1400,"SOLES",20230706
"BID 4","PROYECTOS DE VALIDACIÓN DE LA INNOVACIÓN",2023,"202-PROINNOVATE-PIEC2-2023","VALIDACIÓN TÉCNICA Y COMERCIAL DE COJINES ELABORADOS CON FIELTRO NUNO ARTESANAL DESARROLLADOS CON PROCESOS SOSTENIBLES ORIENTADOS AL MERCADO EXTERIOR.",20230509,20241109,"NEGOCIOS N & V S.A.C.","SAN BORJA","LIMA","LIMA",150130,390577.7500,67968.2500,178701.3500,"SOLES",20230706
"FINCYT III","MISIONES TECNOLÓGICAS",2023,"203-PROINNOVATE-MT-2023","MISIÓN TECNOLÓGICA A LA SPECIALTY COFFEE EXPO 2023 EN PORTLAND - ESTADOS UNIDOS\, PARA ACCEDER AL KNOW-HOW EN INNOVACIÓN DE PRODUCTOS\, PROCESAMIENTO Y MODELOS DE NEGOCIO\, CON EMPRESAS Y ORGANIZACIONES CAFETALERAS DEL VALLE ALTO MAYO\, REGIÓN SAN MARTÍN.",20230417,20230617,"PERUVIAN HARVEST AGRONEGOCIOS SOCIEDAD ANONIMA CERRADA","MOYOBAMBA","MOYOBAMBA","SAN MARTIN",220101,11300.0000,0.0000,0.0000,"DOLARES",20230706
"BID 4","PROGRAMA DE INNOVACIÓN MODERNIZACIÓN TECNOLÓGICA Y EMPRENDIMIENTO - MIPYMES DE CALIDAD",2023,"204-PROINNOVATE-IMTEMC-2023","IMPLEMENTACIÓN Y CERTIFICACIÓN DEL SISTEMA DE GESTIÓN INTEGRADO SEGÚN ISO 9001:2015 E ISO 45001:2018 EN LA EMPRESA EX TRABAJADORES ESTILSA S.R.L",20230531,20240531,"EX - TRABAJADORES ESTILSA S.R.L.","EL AGUSTINO","LIMA","LIMA",150111,45000.0000,10285.7100,6857.1400,"SOLES",20230706
"BID 4","PROGRAMA DE INNOVACIÓN MODERNIZACIÓN TECNOLÓGICA Y EMPRENDIMIENTO - MIPYMES DE CALIDAD",2023,"205-PROINNOVATE-IMTEMC-2023","IMPLEMENTACIÓN Y CERTIFICACIÓN DEL SISTEMA DE GESTIÓN DE CALIDAD ISO 9001:2015.",20230622,20240622,"INSPER S.A.C.","LOS OLIVOS","LIMA","LIMA",150117,45000.0000,10285.7200,6857.1400,"SOLES",20230706
"BID 4","PROGRAMA DE INNOVACIÓN MODERNIZACIÓN TECNOLÓGICA Y EMPRENDIMIENTO - MIPYMES DE CALIDAD",2023,"206-PROINNOVATE-IMTEMC-2023","CERTIFICACIÓN DE UN SISTEMA DE GESTIÓN AMBIENTAL BAJO LOS LINEAMIENTOS DE LA NORMA ISO 14001:2015 EN LA EMPRESA CORPHA JEANS E.I.R.L.",20230531,20240630,"CORPHA JEANS E.I.R.L.","ALTO SELVA ALEGRE","AREQUIPA","AREQUIPA",040102,44990.0000,10295.0000,6857.0000,"SOLES",20230706
"BID 4","PROGRAMA DE INNOVACIÓN MODERNIZACIÓN TECNOLÓGICA Y EMPRENDIMIENTO - MIPYMES DIGITALES",2023,"207-PROINNOVATE-IMTEMD-2023","DESARROLLO DE UNA ESTRATEGIA Y PUESTA EN MARCHA DE UN SISTEMA DE MARKETING DIGITAL",20230508,20240208,"LOGINET S.A.C.","SAN ISIDRO","LIMA","LIMA",150131,45000.0000,10720.4900,6857.1400,"SOLES",20230706
"BID 4","PROGRAMA DE INNOVACIÓN MODERNIZACIÓN TECNOLÓGICA Y EMPRENDIMIENTO - MIPYMES DE CALIDAD",2023,"208-PROINNOVATE-IMTEMC-2023","CERTIFICACIÓN DE LA NORMA ISO 9001:2015 Y LA NORMA ISO 45001:2018 PARA IMPLEMENTAR UN SITEMA INTEGRADO DE GESTIÓN EN LA EMPRESA JL SEGURIDAD ELÉCTRICA S.A.C.",20230524,20240624,"JL SEGURIDAD ELECTRICA COMERCIAL SOCIEDAD ANONIMA CERRADA - JL SEC S.A.C.","CHARACATO","AREQUIPA","AREQUIPA",040105,45000.0000,10308.0000,6835.7000,"SOLES",20230706
"BID 4","PROGRAMA DE INNOVACIÓN MODERNIZACIÓN TECNOLÓGICA Y EMPRENDIMIENTO - MIPYMES DIGITALES",2023,"209-PROINNOVATE-IMTEMD-2023","FORTALECIMIENTO DE LA GESTIÓN LOGÍSTICA\, TÉCNICA Y COMERCIAL DE LA EMPRESA EST EMPRESA DE SERVICIOS TRANSITORIOS S.A.C. A TRAVÉS DE LA IMPLEMENTACIÓN DE UN SISTEMA ERP.",20230613,20240513,"EST EMPRESA DE SERVICIOS TRANSITORIOS S.A.C.","SAN ISIDRO","LIMA","LIMA",150131,45000.0000,10285.7200,6857.1400,"SOLES",20230706
"BID 4","PROGRAMA DE INNOVACIÓN MODERNIZACIÓN TECNOLÓGICA Y EMPRENDIMIENTO - MIPYMES DE CALIDAD",2023,"210-PROINNOVATE-IMTEMC-2023","IMPLEMENTACIÓN Y CERTIFICACIÓN DE UN SISTEMA DE GESTIÓN DE CALIDAD BASADO EN LA NORMA ISO 9001:2015 EN LOS PROCESOS DE PLANIFICACIÓN\, COMERCIALIZACIÓN Y EJECUCIÓN DE ACTIVIDADES INTERNAS DE CONSULTORÍA Y GESTIÓN INFORMÁTICA DE LA EMPRESA IDETEC S.R.L",20230531,20240630,"INSTITUTO PARA EL DESARROLLO EDUCATIVO TECNICO EMPRESARIAL Y CIENTIFICO (IDETEC) S.R.L.","AREQUIPA","AREQUIPA","AREQUIPA",040101,44990.0000,10295.0000,6857.0000,"SOLES",20230706
"BID 4","PROGRAMA DE INNOVACIÓN MODERNIZACIÓN TECNOLÓGICA Y EMPRENDIMIENTO - MIPYMES DIGITALES",2023,"211-PROINNOVATE-IMTEMD-2023","DISEÑO E IMPLEMENTACIÓN DE UN SISTEMA CRM PARA MEJORAR LA RELACIÓN CON LOS CLIENTES EN LA EMPRESA FEDSEG SAC",20230508,20240408,"FEDSEG S.A.C.","LA VICTORIA","LIMA","LIMA",150115,45000.0000,10285.7100,6857.1400,"SOLES",20230706
"BID 4","PROGRAMA DE INNOVACIÓN MODERNIZACIÓN TECNOLÓGICA Y EMPRENDIMIENTO - MIPYMES DE CALIDAD",2023,"212-PROINNOVATE-IMTEMC-2023","IMPLEMENTACIÓN Y CERTIFICACIÓN DEL SISTEMA INTEGRADO DE GESTIÓN  BASADO EN LAS NORMAS ISO 9001:2015 E ISO 45001:2018   EN LA EMPRESA GAVTEC S.A.C.",20230524,20240524,"GAVTEC SOCIEDAD ANONIMA CERRADA - GAVTEC S.A.C.","SANTIAGO DE SURCO","LIMA","LIMA",150140,45000.0000,10285.7100,6857.1400,"SOLES",20230706
"BID 4","PROGRAMA DE INNOVACIÓN MODERNIZACIÓN TECNOLÓGICA Y EMPRENDIMIENTO - MIPYMES DIGITALES",2023,"214-PROINNOVATE-IMTEMD-2023","DIGITALIZAR LA INFORMACIÓN DE LOS PROCESOS PRODUCTIVOS DE LA EMPRESA AGRONEGOCIOS BRISAM PARA RESPONDER MEJOR A LOS CAMBIOS DEL MERCADO",20230524,20240424,"AGRONEGOCIOS BRISAM EMPRESA INDIVIDUAL DE RESPONSABILIDAD LIMITADA","VEINTISEIS DE OCTUBRE","PIURA","PIURA",200115,45000.0000,10286.0000,6857.0000,"SOLES",20230706
"BID 4","PROGRAMA DE INNOVACIÓN MODERNIZACIÓN TECNOLÓGICA Y EMPRENDIMIENTO - MIPYMES DE CALIDAD",2023,"215-PROINNOVATE-IMTEMC-2023","IMPLEMENTACION Y CERTIFICACION DEL SISTEMA DE GESTION DE SEGURIDAD Y SALUD EN EL TRABAJO ISO 45001:2018 EN LA EMPRESA PALOMA NIDITO DE AMOR EIRL",20230526,20240526,"PALOMA NIDITO DE AMOR E.I.R.L.","LOS OLIVOS","LIMA","LIMA",150117,33400.0000,8560.0000,5040.0000,"SOLES",20230706
"BID 4","PROGRAMA DE INNOVACIÓN MODERNIZACIÓN TECNOLÓGICA Y EMPRENDIMIENTO - MIPYMES DE CALIDAD",2023,"216-PROINNOVATE-IMTEMC-2023","IMPLEMENTACIÓN Y CERTIFICACIÓN DE LA NORMA ISO 14001 EN LA EMPRESA VISEPRO S.R.L. COMO INTEGRACIÓN AL MEDIO AMBIENTE EN LA GESTIÓN GLOBAL DE LA EMPRESA",20230519,20240619,"VISION EMPRESARIAL Y PROYECTOS S.R.L.","MARIANO MELGAR","AREQUIPA","AREQUIPA",040109,44990.0000,10295.0000,6857.0000,"SOLES",20230706
"BID 4","PROGRAMA DE INNOVACIÓN MODERNIZACIÓN TECNOLÓGICA Y EMPRENDIMIENTO - MIPYMES DE CALIDAD",2023,"217-PROINNOVATE-IMTEMC-2023","?IMPLEMENTACIÓN Y CERTIFICACIÓN DEL SISTEMA DE GESTIÓN DE SEGURIDAD Y SALUD EN EL TRABAJO ISO 45001:2018?",20230612,20240612,"SIFALMIN SOCIEDAD ANONIMA CERADA","ATE","LIMA","LIMA",150103,44761.2500,10272.8700,6848.5800,"SOLES",20230706
"FINCYT III","MISIONES TECNOLÓGICAS",2023,"218-PROINNOVATE-MT-2023","MISION TECNOLÓGICA A LA FERIA \"SPECIALTY COFFEE EXPO 2023\" EN PORTLAND - EEUU\,  PARA EL FORTALECIMIENTO COMERCIAL Y TÉCNICO DE LOS PRODUCTORES DE LA \"COOPERATIVA AGRARIA INTERCULTURAL CAFE Y CACAO DE RIO TAMBO - VRAEM\" Y ENTIDADES BENEFICIARIAS.",20230417,20230617,"COOPERATIVA AGRARIA INTERCULTURAL CAFE Y CACAO DE RIO TAMBO - VRAEM","RIO NEGRO","SATIPO","JUNIN",120607,26000.0000,0.0000,0.0000,"DOLARES",20230706
"FINCYT III","MISIONES TECNOLÓGICAS",2023,"219-PROINNOVATE-MT-2023","MISIÓN TECNOLÓGICA A ESPAÑA Y PORTUGAL PARA PARTICIPAR EN LA FERIA DEL \"SALÓN GOURMETS 2023\" Y VISITAR A EMPRESAS E INSTITUCIONES DEDICADAS A LA VITIVINICULTURA Y EL ENOTURISMO.",20230424,20230624,"GLOBAL CROWD SOLUTIONS","ICA","ICA","ICA",110101,29400.0000,0.0000,0.0000,"DOLARES",20230706
"BID 4","PROGRAMA DE INNOVACIÓN MODERNIZACIÓN TECNOLÓGICA Y EMPRENDIMIENTO - MIPYMES DIGITALES",2023,"220-PROINNOVATE-IMTEMD-2023","DISEÑO E IMPLEMENTACIÓN DE UN PLAN DE MARKETING DIGITAL CON LA INTEGRACIÓN DE CANALES EN EL PROCESO DE VENTAS Y ATENCIÓN AL CLIENTE\, PARA FORTALECER LA COMPETITIVIDAD DE LA MARCA TEXTIL EN LA EMPRESA \"GRUPO CRISANDAL E.I.R.L.\"",20230524,20240324,"GRUPO  CRISANDAL  E.I.R.L.","LA VICTORIA","LIMA","LIMA",150115,36500.0000,8100.0000,5400.0000,"SOLES",20230706
"BID 4","PROGRAMA DE INNOVACIÓN MODERNIZACIÓN TECNOLÓGICA Y EMPRENDIMIENTO - MIPYMES DE CALIDAD",2023,"221-PROINNOVATE-IMTEMC-2023","IMPLEMENTACIÓN Y CERTIFICACIÓN DE LA NORMA GLOBAL GAP\, PARA ASEGURAR LA INOCUIDAD DE LOS PRODUCTOS EN LA EMPRESA \"VIVERO FRUTOS DEL ASIA E.I.R.L.\" EN LA JOYA  - AREQUIPA.",20230526,20240526,"VIVERO FRUTOS DEL ASIA E.I.R.L.","LA JOYA","AREQUIPA","AREQUIPA",040108,45000.0000,10400.0000,6800.0000,"SOLES",20230706
"BID 4","PROGRAMA DE INNOVACIÓN MODERNIZACIÓN TECNOLÓGICA Y EMPRENDIMIENTO - MIPYMES DE CALIDAD",2023,"222-PROINNOVATE-IMTEMC-2023","IMPLEMENTACIÓN Y CERTIFICACIÓN DEL SISTEMA DE GESTIÓN DE CALIDAD Y DE SEGURIDAD DE LA INFORMACIÓN\, SEGÚN LAS NORMAS ISO 9001:2015 E ISO 27001:2013 EN LA EMPRESA \"SISTEMAS Y SOLUCIONES EMPRESARIALES S.A.C.\"",20230530,20240530,"SISTEMAS Y SOLUCIONES EMPRESARIALES S.A.C.","LIMA","LIMA","LIMA",150101,45000.0000,10286.0000,6857.0000,"SOLES",20230706
"BID 4","PROGRAMA DE INNOVACIÓN MODERNIZACIÓN TECNOLÓGICA Y EMPRENDIMIENTO - MIPYMES DE CALIDAD",2023,"223-PROINNOVATE-IMTEMC-2023","IMPLEMENTACIÓN Y CERTIFICACIÓN DE LA NORMA ISO 14001:2015\, PARA MEJORAR EL SISTEMA DE GESTIÓN AMBIENTAL EN LAS ACTIVIDADES DE LA EMPRESA \"CONSORCIO LOJAS S.A.C.\".",20230522,20240522,"CONSORCIO LOJAS SOCIEDAD ANONIMA CERRADA - CONSORCIO LOJAS S.A.C.","LOS OLIVOS","LIMA","LIMA",150117,44990.0000,10295.0000,6857.0000,"SOLES",20230706
"BID 4","PROGRAMA DE INNOVACIÓN MODERNIZACIÓN TECNOLÓGICA Y EMPRENDIMIENTO - MIPYMES DE CALIDAD",2023,"224-PROINNOVATE-IMTEMC-2023","IMPLEMENTACIÓN Y CERTIFICACIÓN DE LA NORMAS ISO37001:2016 E ISO45001:2018\, EN LA EMPRESA \"INVERSIONES EN ENERGÍAS RENOVABLES HIDROELECTROMECANICAS E.I.R.L.\"\, PARA LA MEJORA DEL SISTEMA DE GESTIÓN ANTISOBORNO Y DE SEGURIDAD Y SALUD EN EL TRABAJO.",20230616,20240616,"INVERSIONES EN ENERGIAS RENOVABLES HIDROELECTROMECANICAS E.I.R.L.","SAN MIGUEL","LIMA","LIMA",150136,45000.0000,10285.7200,6857.1400,"SOLES",20230706
"BID 4","PROGRAMA DE INNOVACIÓN MODERNIZACIÓN TECNOLÓGICA Y EMPRENDIMIENTO - MIPYMES DE CALIDAD",2023,"225-PROINNOVATE-IMTEMC-2023","CERTIFICACIÓN FSC EN CADENA DE CUSTODIA PARA LA EMPRESA  MADERAS & LAMINADAS PREISING E.I.R.L",20230508,20240208,"MADERAS & LAMINADAS PREISING E.I.R.L.","CALLERIA","CORONEL PORTILLO","UCAYALI",250101,45000.0000,10286.0000,6857.0000,"SOLES",20230706
"BID 4","PROGRAMA DE INNOVACIÓN MODERNIZACIÓN TECNOLÓGICA Y EMPRENDIMIENTO - MIPYMES DIGITALES",2023,"226-PROINNOVATE-IMTEMD-2023","IMPLEMENTAR UNA ESTRATEGIA DE DESARROLLO ITERATIVO E INCREMENTAL EN LOS PROCESOS DE DESARROLLO DE SOFTWARE Y COMERCIALES DE LA EMPRESA E&G GRUPO\, BASADO EN METODOLOGÍAS ÁGILES\, PARA GENERAR VALOR Y OPTIMIZAR RECURSOS.",20230524,20240424,"E & G GRUPO S.A.C","PIURA","PIURA","PIURA",200101,45000.0000,10286.0000,6857.0000,"SOLES",20230706
"BID 4","PROGRAMA DE INNOVACIÓN MODERNIZACIÓN TECNOLÓGICA Y EMPRENDIMIENTO - MIPYMES DE CALIDAD",2023,"227-PROINNOVATE-IMTEMC-2023","IMPLEMENTACIÓN DEL SISTEMA DE GESTIÓN DE CALIDAD ISO 9001 EN LA EMPRESA DOS GARDENIAS SAC",20230602,20240702,"DOS GARDENIAS SOCIEDAD ANONIMA CERRADA - DOS GARDENIAS S.A.C.","MAGDALENA DEL MAR","LIMA","LIMA",150120,40000.0000,9000.0000,6000.0000,"SOLES",20230706
"BID 4","PROGRAMA DE INNOVACIÓN MODERNIZACIÓN TECNOLÓGICA Y EMPRENDIMIENTO - MIPYMES DE CALIDAD",2023,"229-PROINNOVATE-IMTEMC-2023","IMPLEMENTACIÓN Y CERTIFICACIÓN DEL SISTEMA DE GESTIÓN DE CALIDAD BASADO EN LA NORMA ISO 9001:2015 EN LA EMPRESA GRUPO HELVETIKA S.A.C.",20230529,20231229,"GRUPO HELVETIKA SOCIEDAD ANONIMA CERRADA","HUANCAYO","HUANCAYO","JUNIN",120101,33000.0000,7200.0000,4800.0000,"SOLES",20230706
"BID 4","PROGRAMA DE INNOVACIÓN MODERNIZACIÓN TECNOLÓGICA Y EMPRENDIMIENTO - MIPYMES DE CALIDAD",2023,"232-PROINNOVATE-IMTEMC-2023","IMPLEMENTACIÓN Y CERTIFICACIÓN DE LA NORMA \"ISO 45001:2018 SISTEMA DE GESTIÓN DE LA SEGURIDAD Y SALUD\" EN LA EMPRESA INGEOTECON E.I.R.L. PARA ASEGURAR UN AMBIENTE DE TRABAJO SEGURO PARA LOS EMPLEADOS Y CUALQUIER PERSONA PRESENTE EN EL LUGAR DE TRABAJO",20230606,20240706,"INGEOTECON CONTRATISTAS Y EJECUTORES E.I.R.L.","AYACUCHO","HUAMANGA","AYACUCHO",050101,44910.0000,10262.5700,6841.7100,"SOLES",20230706
"BID 4","PROGRAMA DE INNOVACIÓN MODERNIZACIÓN TECNOLÓGICA Y EMPRENDIMIENTO - MIPYMES DE CALIDAD",2023,"233-PROINNOVATE-IMTEMC-2023","IMPLEMENTACIÓN DEL SISTEMA DE GESTIÓN DE LA CALIDAD ISO 9001 PARA MEJORAR LOS PROCESOS DE LA COMPAÑÍA Y ACCEDER A MEJORES OPORTUNIDADES Y NUEVOS MERCADOS.",20230526,20240226,"FEELINGBOARD CO S.A.C.","PUNTA HERMOSA","LIMA","LIMA",150126,45000.0000,10720.5000,6857.1400,"SOLES",20230706
"BID 4","PROGRAMA DE INNOVACIÓN MODERNIZACIÓN TECNOLÓGICA Y EMPRENDIMIENTO - MIPYMES DE CALIDAD",2023,"234-PROINNOVATE-IMTEMC-2023","IMPLEMENTACIÓN Y CERTIFICACIÓN DEL SISTEMA DE GESTIÓN DE LA CALIDAD ISO 9001:2015 EN LA EMPRESA OPCION HOGAR S.A.C. PARA MEJORAR EL SEGUIMIENTO Y CONTROL DE NUESTROS SERVICIOS INMOBILIARIOS.",20230605,20240705,"OPCION HOGAR S.A.C.","AREQUIPA","AREQUIPA","AREQUIPA",040101,44995.0000,10290.0000,6857.0000,"SOLES",20230706
"BID 4","PROGRAMA DE INNOVACIÓN MODERNIZACIÓN TECNOLÓGICA Y EMPRENDIMIENTO - MIPYMES DE CALIDAD",2023,"235-PROINNOVATE-IMTEMC-2023","IMPLEMENTACIÓN DE LA NORMA ISO 9001DE LA EMPRESA GINNICO INGENIEROS CONTRATISTAS E.I.R.L.\, PARA LA MAXIMIZACIÓN DE USO DE RECURSOS Y HERRAMIENTAS DE GESTIÓN EN LOS PROCESOS\, CON EL FIN\, DE PARTICIPAR EN PROYECTOS DE MAYOR ENVERGADURA Y LOGRO DE UN MEJOR POSICI",20230524,20240324,"GINNICO INGENIEROS CONTRATISTAS  E.I.R.L.","CALLERIA","CORONEL PORTILLO","UCAYALI",250101,44530.0000,10242.0000,6828.0000,"SOLES",20230706
"BID 4","PROGRAMA DE INNOVACIÓN MODERNIZACIÓN TECNOLÓGICA Y EMPRENDIMIENTO - MIPYMES DE CALIDAD",2023,"237-PROINNOVATE-IMTEMC-2023","MEJORA CONTINUA Y GENERACIÓN DE CONFIANZA ANTE PARTES INTERESADAS EN BASE A LA IMPLEMENTACIÓN Y LOGRO DE CERTIFICACIÓN DE LA ISO 37001:2016 EN LA EMPRESA CIVELMEC S.A.C",20230529,20240529,"CIVELMEC S.A.C.","MAGDALENA DEL MAR","LIMA","LIMA",150120,45000.0000,10285.7200,6857.1400,"SOLES",20230706
"BID 4","PROGRAMA DE INNOVACIÓN MODERNIZACIÓN TECNOLÓGICA Y EMPRENDIMIENTO - MIPYMES DIGITALES",2023,"238-PROINNOVATE-IMTEMD-2023","IMPLEMENTACION DE ESTRATEGIAS DE MARKETING DIGITAL PARA ATRACCIÓN DE NUEVOS CLIENTES Y RECUPERACIÓN DE LAS VENTAS",20230519,20240219,"VITINAS S.A","SAN BORJA","LIMA","LIMA",150130,45000.0000,10720.4900,6857.1400,"SOLES",20230706
"BID 4","PROYECTOS DE VALIDACIÓN DE LA INNOVACIÓN",2023,"239-PROINNOVATE-PIEC2-2023","VALIDACIÓN TÉCNICA\, COMERCIAL Y EMPAQUETAMIENTO DE UNA MÁQUINA CNC FABRICADA POR LA EMPRESA MAKCROMF QUE CORTA Y HABILITA TUBOS Y PERFILES POLIFÓRMICOS METÁLICOS REQUERIDOS EN EL DISEÑO DE CONSTRUCCIÓN ARQUITECTÓNICO\, METALMECÁNICA E INDUSTRIA 4.0",20230420,20240620,"MAKCROMF S.A.C.","EL TAMBO","HUANCAYO","JUNIN",120114,273372.8900,84627.1100,81000.0000,"SOLES",20230706
"BID 4","PROGRAMA DE INNOVACIÓN MODERNIZACIÓN TECNOLÓGICA Y EMPRENDIMIENTO - MIPYMES DIGITALES",2023,"240-PROINNOVATE-IMTEMD-2023","IMPLEMENTAR Y DIGITALIZAR EL SERVICIO DE MODELADO EN 3D BAJO LA METODOLOGÍA BIM PARA LOS PROYECTOS DE EDIFICACIONES EN LA EMPRESA C&V INGENIEROS SAC QUE PERMITA OPTIMIZAR LA PLANEACIÓN\, GESTIÓN Y SUPERVISIÓN DE OBRAS DE CONSTRUCCIÓN",20230526,20240326,"CAVERO & VILLANUEVA INGENIEROS S.A.C.","SANTIAGO DE SURCO","LIMA","LIMA",150140,45000.0000,10285.7100,6857.1400,"SOLES",20230706
"FINCYT III","PASANTIAS TECNOLÓGICAS",2023,"241-PROINNOVATE-PT-2023","PASANTIA TECNOLOGICA EN PRODUCCIÓN Y COMERCIALIZACIÓN APÍCOLA A LA EMPRESA \"BIOANDEN E INVERSIONES E.I.R.L.\" - EN HUARAL\,  PARA GENERAR TRIPLE IMPACTO EN LA CIUDAD DE JAÉN.",20230420,20230620,"KIRI HAMPI S.A.C.","JAEN","JAEN","CAJAMARCA",060801,7950.0000,2360.0000,1950.0000,"DOLARES",20230706
"FINCYT III","PASANTIAS TECNOLÓGICAS",2023,"242-PROINNOVATE-PT-2023","PASANTÍA TECNOLÓGIA A LA EMPRESA \"CUBA BIOTEC\" EN COLOMBIA\, PARA LA CAPACITACIÓN EN TÉCNICAS DE FERMENTACIÓN CONTROLADA PARA LA PRODUCCIÓN DE CAFÉS ESPECIALES Y PUESTA EN PRÁCTICA EN LA ENTIDAD \"AGROINDUSTRIAS MOGOI E.I.R.L.\" EN BAGUA GRANDE.",20230421,20230621,"AGROINDUSTRIAS MOGOI E.I.R.L.","BAGUA GRANDE","UTCUBAMBA","AMAZONAS",010701,11400.0000,4100.0000,2100.0000,"DOLARES",20230706
"BID 4","PROYECTOS DE VALIDACIÓN DE LA INNOVACIÓN",2023,"243-PROINNOVATE-PIEC2-2023","VALIDACIÓN DE ATRIBUTOS TECNOLÓGICOS Y COMERCIALES DE SILICONAS DE ALTA PERFORMANCE CON ADITIVOS ANTIFLAMA PARA EL SECTOR DE ESPUMAS DE POLIURETANO ELABORADO POR LA EMPRESA USB LATINO S.A.C.",20230524,20241124,"USB LATINO S.A.C.","SANTIAGO DE SURCO","LIMA","LIMA",150140,399507.2900,68662.3100,96390.0000,"SOLES",20230706
"BID 4","PROGRAMA DE INNOVACIÓN MODERNIZACIÓN TECNOLÓGICA Y EMPRENDIMIENTO - MIPYMES DE CALIDAD",2023,"244-PROINNOVATE-IMTEMC-2023","IMPLEMENTACIÓN DE UN SISTEMA DE GESTIÓN DE CALIDAD EN BASE A LA ISO 9001:2015 PARA LA EMPRESA ALMA FOODS S.A.C.",20230616,20240616,"ALMA FOODS S.A.C.","SANTIAGO DE SURCO","LIMA","LIMA",150140,44997.9600,11941.5300,7050.0000,"SOLES",20230706
"BID 4","PROGRAMA DE INNOVACIÓN MODERNIZACIÓN TECNOLÓGICA Y EMPRENDIMIENTO - MIPYMES DE CALIDAD",2023,"245-PROINNOVATE-IMTEMC-2023","IMPLEMENTACIÓN Y CERTIFICACIÓN DEL SISTEMA DE GESTIÓN DE LA CALIDAD SEGÚN ISO 9001:2015 EN LA EMPRESA X DIEZ INGENIEROS S.A.C.",20230519,20240219,"X DIEZ INGENIEROS SOCIEDAD ANONIMA CERRADA","LA VICTORIA","LIMA","LIMA",150115,44900.0000,10582.0000,6560.0000,"SOLES",20230706
"FINCYT III","PASANTIAS TECNOLÓGICAS",2023,"246-PROINNOVATE-PT-2023","PASANTÍA TECNOLÓGICA INTERNACIONAL A UNIDAD PRODUCTIVA \"HACIENDA LA HILDA\"\, COSTA RICA\, PARA LA ADOPCIÓN DE CONOCIMIENTOS Y TECNOLOGÍAS PARA EL CULTIVO SOSTENIBLE DE CAFÉ EN LA CENTRAL DE PRODUCTORES AGROECOLÓGICO SINCHIRI PANGOA",20230511,20230711,"CENTRAL DE PRODUCTORES AGROECOLOGICO SINCHIRI-PANGOA","PANGOA","SATIPO","JUNIN",120606,8471.0000,3200.0000,750.0000,"DOLARES",20230706
"BID 4","PROGRAMA DE INNOVACIÓN MODERNIZACIÓN TECNOLÓGICA Y EMPRENDIMIENTO - MIPYMES DE CALIDAD",2023,"247-PROINNOVATE-IMTEMC-2023","CERTIFICACIÓN EN LA NORMA ISO 9001:2015 PARA CUMPLIR CON OBJETIVOS DE CRECIMIENTO DE ASOCIADOS HYJ E.I.R.L.",20230605,20240705,"ASOCIADOS H Y J E.I.R.L.","MOQUEGUA","MARISCAL NIETO","MOQUEGUA",180101,45000.0000,10285.7100,6857.1400,"SOLES",20230706
"FINCYT III","MISIONES TECNOLÓGICAS",2023,"248-PROINNOVATE-MT-2023","MISIÓN TECNOLÓGICA A LOS ESTADOS UNIDOS DE AMÉRICA: PROSPECCIÓN  COMERCIAL Y ADAPTACIÓN TECNOLÓGICA PARA INNOVAR Y DESARROLLAR PERFILES EN CAFÉS DE ALTA SOFISTICACIÓN.",20230419,20230819,"COOPERATIVA DE PRODUCCION ESPECIAL DE LA SELVA CENTRAL DEL PERU  - COOPERU","CHANCHAMAYO","CHANCHAMAYO","JUNIN",120301,29089.2600,0.0000,0.0000,"DOLARES",20230706
"BID 4","PROGRAMA DE INNOVACIÓN MODERNIZACIÓN TECNOLÓGICA Y EMPRENDIMIENTO - MIPYMES DIGITALES",2023,"249-PROINNOVATE-IMTEMD-2023","IMPLEMENTACIÓN DE POSICIONAMIENTO ORGÁNICO EN BUSCADORES (SEO) Y DESARROLLO DE MEJORAS E-COMMERCE PARA EL INGRESO AL MERCADO NORTE AMERICANO DE LA VENTA DE PAQUETES TURÍSTICOS DE LA AGENCIA MACHUPICCHUPERUTOURS.COM",20230524,20240424,"MACHUPICCHU PERU TOURS TRAVEL AGENCY E.I.R.L.","WANCHAQ","CUSCO","CUSCO",080108,45000.0000,10285.7200,6857.1400,"SOLES",20230706
"BID 4","PROGRAMA DE INNOVACIÓN MODERNIZACIÓN TECNOLÓGICA Y EMPRENDIMIENTO - MIPYMES DIGITALES",2023,"251-PROINNOVATE-IMTEMD-2023","IMPLEMENTACIÓN DE UN SISTEMA DE GESTIÓN Y CONTROL DE PROYECTOS ON LINE DESARROLLADO CON HERRAMIENTAS DE SOFTWARE LIBRE UTILIZANDO METODOLOGÍAS ÁGILES",20230526,20240326,"INSTITUTO DE CONSULTORIA S.A.","SANTIAGO DE SURCO","LIMA","LIMA",150140,44900.0000,10260.0000,6840.0000,"SOLES",20230706
"BID 4","PROGRAMA DE INNOVACIÓN MODERNIZACIÓN TECNOLÓGICA Y EMPRENDIMIENTO - MIPYMES DIGITALES",2023,"252-PROINNOVATE-IMTEMD-2023","DESARROLLO DE UN SISTEMA DE GESTIÓN BAJO MODELO SAAS PARA LA EMPRESA RECURSOS GERENCIALES & TECNOLOGÍA S.A.C. QUE BRINDA A ORGANIZACIONES DE SANEAMIENTO BÁSICO MUNICIPALES EN PEQUEÑAS LOCALIDADES DEL PERÚ.",20230607,20240207,"RECURSOS GERENCIALES & TECNOLOGIA SOCIEDAD ANONIMA CERRADA","PUNO","PUNO","PUNO",210101,45000.0000,10408.0000,6840.0000,"SOLES",20230706
"BID 4","PROGRAMA DE INNOVACIÓN MODERNIZACIÓN TECNOLÓGICA Y EMPRENDIMIENTO - MIPYMES DIGITALES",2023,"253-PROINNOVATE-IMTEMD-2023","IMPLEMENTACIÓN DE UNA ESTRATEGIA DE MARKETING DIGITAL PARA MEJORAR Y DESARROLLAR EL POTENCIAL DE VENTAS DE LOS CANALES DIGITALES DE EASY OPTICAS SAC",20230616,20240316,"EASY OPTICAS S.A.C.","MIRAFLORES","LIMA","LIMA",150122,45000.0000,10720.4900,6857.1400,"SOLES",20230706
"BID 4","PROGRAMA DE INNOVACIÓN MODERNIZACIÓN TECNOLÓGICA Y EMPRENDIMIENTO - MIPYMES DE CALIDAD",2023,"254-PROINNOVATE-IMTEMC-2023","IMPLEMENTACION Y CERTIFICACION DEL SISTEMA DE GESTION DE CALIDAD BASADO EN LA NORMA ISO 9001:2015 EN LA EMPRESA BRAIN SERVICE S.A.C",20230519,20240519,"BRAIN SERVICE SOCIEDAD ANONIMA CERRADA","EL TAMBO","HUANCAYO","JUNIN",120114,36900.0000,9460.0000,5640.0000,"SOLES",20230706
"BID 4","PROGRAMA DE INNOVACIÓN MODERNIZACIÓN TECNOLÓGICA Y EMPRENDIMIENTO - MIPYMES DE CALIDAD",2023,"255-PROINNOVATE-IMTEMC-2023","IMPLEMENTACIÓN Y CERTIFICACIÓN DEL SISTEMA DE GESTIÓN DE LA SEGURIDAD Y SALUD EN EL TRABAJO BASADO EN LA NORMA ISO 45001:2018 EN LA EMPRESA REPRESENTACIONES E INVERSIONES SPARKLEN S.A.C.",20230622,20240222,"REPRESENTACIONES E INVERSIONES SPARKLEN SOCIEDAD ANONIMA CERRADA","HUANCAYO","HUANCAYO","JUNIN",120101,45000.0000,10294.8500,6848.0000,"SOLES",20230706
"BID 4","PROGRAMA DE INNOVACIÓN MODERNIZACIÓN TECNOLÓGICA Y EMPRENDIMIENTO - MIPYMES DE CALIDAD",2023,"256-PROINNOVATE-IMTEMC-2023","IMPLEMENTACION Y CERTIFICACION DEL ESTANDAR CAFÉ PRACTICES EN LAS FINCAS DE LOS PRODUCTORES DE CAFÉ DE LA ASOCIACION DE AGRICULTORES CAFETALEROS SAN IGNACIO - AACSI DEL DISTRITO DE PERENE.",20230424,20240424,"ASOCIACION DE AGRICULTORES CAFETALEROS SAN IGNACIO","PICHANAQUI","CHANCHAMAYO","JUNIN",120303,40000.0000,9000.0000,6000.0000,"SOLES",20230706
"FINCYT III","MISIONES TECNOLÓGICAS",2023,"257-PROINNOVATE-MT-2023","FORTALECER Y MEJORAR LAS CAPACIDADES DE GESTIÓN EN AGRONEGOCIOS DE LOS DIRECTIVOS Y LIDERES DE ORGANIZACIONES DE PRODUCTORES Y EMPRESAS\, EN EL CENTRO DE ESPECIALIZADO DE AGRONEGOCIOS DE LA UNIVERSIDAD AUSTRAL DE ARGENTINA\, PARA MEJORAR SUS CAPACIDADES Y RESPONDER MEJOR A LAS TENDECIAS DEL MERCADO Y EXIGENCIA DE CLIENTES",20230415,20230715,"ASOCIACION DE PRODUCTORES AGROPECUARIOS DE LA ZONA DE HUALTACO DEL VALLE DE SAN LORENZO TAMBOGRANDE-","TAMBO GRANDE","PIURA","PIURA",200114,25900.0000,0.0000,0.0000,"DOLARES",20230706
"BID 4","PROGRAMA DE INNOVACIÓN MODERNIZACIÓN TECNOLÓGICA Y EMPRENDIMIENTO - MIPYMES DE CALIDAD",2023,"258-PROINNOVATE-IMTEMC-2023","OBTENCIÓN DE LA CERTIFICACIÓN ISO 9001:2015 SISTEMA DE GESTIÓN DE CALIDAD EN LA EMPRESA ROLO'Z SECURITY SERVICE S.A.C.",20230524,20240524,"ROLO'Z SECURITY SERVICE S.A.C","COMAS","LIMA","LIMA",150110,44900.0000,10260.0000,6840.0000,"SOLES",20230706
"BID 4","PROGRAMA DE INNOVACIÓN MODERNIZACIÓN TECNOLÓGICA Y EMPRENDIMIENTO - MIPYMES DE CALIDAD",2023,"260-PROINNOVATE-IMTEMC-2023","IMPLEMENTACIÓN Y CERTIFICACIÓN DEL SISTEMA HACCP PARA EL RESTAURANTE DOÑA ZULLY",20230524,20240624,"RESTAURANT'S TURÍSTICO AMAZÓNICO DOÑA ZULLY S.A.C.","MORALES","SAN MARTIN","SAN MARTIN",220910,45000.0000,10285.7200,6857.1400,"SOLES",20230706
"BID 4","PROGRAMA DE INNOVACIÓN MODERNIZACIÓN TECNOLÓGICA Y EMPRENDIMIENTO - MIPYMES DE CALIDAD",2023,"262-PROINNOVATE-IMTEMC-2023","CERTIFICACIÓN FSC EN CADENA DE CUSTODIA PARA LA EMPRESA FORESTAL GIL SOC. COMER. RESPONS. LTDA.",20230503,20240203,"FORESTAL GIL SOC. COMER. RESPONS. LTDA.","MANANTAY","CORONEL PORTILLO","UCAYALI",250107,45000.0000,10286.0000,6857.0000,"SOLES",20230706
"BID 4","PROGRAMA DE INNOVACIÓN MODERNIZACIÓN TECNOLÓGICA Y EMPRENDIMIENTO - MIPYMES DE CALIDAD",2023,"263-PROINNOVATE-IMTEMC-2023","IMPLEMENTACIÓN Y CERTIFICACIÓN DEL SISTEMA DE GESTIÓN AMBIENTAL SEGÚN LA NORMA ISO 14001:2015 EN LA EMPRESA TESUCSA E.I.R.L.",20230601,20240701,"TESUCSA EMPRESA INDIVIDUAL DE RESPONSABILIDAD LIMITADA","JULIACA","SAN ROMAN","PUNO",211101,45000.0000,10285.7200,6857.1400,"SOLES",20230706
"BID 4","PROYECTOS DE VALIDACIÓN DE LA INNOVACIÓN",2023,"265-PROINNOVATE-PIEC2-2023","VALIDACIÓN Y EMPAQUETAMIENTO DEL SERVICIO DE COTIZACIONES ROBOTIZADAS PARA EL SECTOR CONSTRUCCIÓN EN PERU Y COLOMBIA.",20230524,20240124,"ENDUSTRIA S.A.C.","SANTIAGO DE SURCO","LIMA","LIMA",150140,389372.2100,72206.9900,131875.0000,"SOLES",20230706
"BID 4","PROGRAMA DE INNOVACIÓN MODERNIZACIÓN TECNOLÓGICA Y EMPRENDIMIENTO - MIPYMES DE CALIDAD",2023,"266-PROINNOVATE-IMTEMC-2023","IMPLEMENTACIÓN Y CERTIFICACIÓN DEL SISTEMA DE GESTIÓN DE LA CALIDAD  BASADO EN LA NORMA ISO 9001:2015 EN LA EMPRESA INSTALACION MANTENIMIENTO SUMINISTROS ELECTRICOS Y CONTRATISTAS GENERALES E.I.R.L.",20230603,20240203,"INSTALACION MANTENIMIENTO SUMINISTROS ELECTRICOS Y CONTRATISTAS GENERALES EMPRESA INDIVIDUAL DE RESP","JESUS MARIA","LIMA","LIMA",150113,45000.0000,10285.7100,6857.1400,"SOLES",20230706
"BID 4","PROGRAMA DE INNOVACIÓN MODERNIZACIÓN TECNOLÓGICA Y EMPRENDIMIENTO - MIPYMES DE CALIDAD",2023,"267-PROINNOVATE-IMTEMC-2023","IMPLEMENTACION Y CERTIFICACION DEL SISTEMA DE GESTION DE CALIDAD BASADO EN LA NORMA ISO 9001:2015.",20230605,20240605,"COMPAÑIA DE REPUESTOS Y SERVICIOS GENERALES TRACKLAYER S.R.L.","EL TAMBO","HUANCAYO","JUNIN",120114,32000.0000,8200.0000,4800.0000,"SOLES",20230706
"BID 4","PROGRAMA DE INNOVACIÓN MODERNIZACIÓN TECNOLÓGICA Y EMPRENDIMIENTO - MIPYMES DIGITALES",2023,"268-PROINNOVATE-IMTEMD-2023","SISTEMA CLOUD CON CÓDIGO ABIERTO DE GESTIÓN Y CONTROL DE LA  PRODUCCIÓN  Y MOBILE QUE CONLLEVE AL INCREMENTO DE LA PRODUCTIVIDAD GESTIONANDO BAJO ESTÁNDAR DE METODOLOGÍAS ÁGILES SCRUM\, LEAN Y KANBAN EN LA EMPRESA AQP KNITS S.A.C..",20230525,20240325,"AQP KNITS S.A.C.","MIRAFLORES","AREQUIPA","AREQUIPA",040110,35100.0000,7740.0000,5160.0000,"SOLES",20230706
"BID 4","PROGRAMA DE INNOVACIÓN MODERNIZACIÓN TECNOLÓGICA Y EMPRENDIMIENTO - MIPYMES DIGITALES",2023,"269-PROINNOVATE-IMTEMD-2023","DESARROLLO DE ESTRATEGIAS DE MARKETING DIGITAL Y UNA PLATAFORMA DE SOFTWARE EN LA EMPRESA CONSORCIO SÁNCHEZ & RODRÍGUEZ S.A.C. PARA OPTIMIZAR LA GESTIÓN FINANCIERA Y CONTABLE DE LA EMPRESA.",20230519,20240419,"CONSORCIO SANCHEZ & RODRIGUEZ S.A.C.","VICTOR LARCO HERRERA","TRUJILLO","LA LIBERTAD",130111,45000.0000,10285.7100,6857.1400,"SOLES",20230706
"FINCYT III","DINAMIZACIÓN DE ECOSISTEMAS REGIONALES DE INNOVACIÓN Y EMPRENDIMIENTO 2.0",2023,"270-PROINNOVATE-DER-2023","ECOSISTEMA DE INVESTIGACIÓN\, INNOVACIÓN Y EMPRENDIMIENTO EIIE REGIÓN ICA 2.0 - CAMARA DE COMERCIO INDUSTRIA Y TURISMO",20230427,20230927,"CAMARA DE COMERCIO INDUSTRIA Y TURISMO","ICA","ICA","ICA",110101,1800000.0000,0.0000,771500.0000,"SOLES",20230706
"FINCYT III","DINAMIZACIÓN DE ECOSISTEMAS REGIONALES DE INNOVACIÓN Y EMPRENDIMIENTO 2.0",2023,"271-PROINNOVATE-DER-2023","DINAMIZACIÓN DEL ECOSISTEMA REGIONAL DE INVESTIGACIÓN\, INNOVACIÓN Y EMPRENDIMIENTO DE PIURA 2.0",20230426,20230926,"UNIVERSIDAD DE PIURA","PIURA","PIURA","PIURA",200101,1798000.0000,0.0000,771428.5700,"SOLES",20230706
"BID 4","PROYECTOS DE VALIDACIÓN DE LA INNOVACIÓN",2023,"272-PROINNOVATE-PIEC2-2023","VALIDACIÓN TÉCNICA Y COMERCIAL DEL SERVICIO DE MASTERIZACIÓN IMF EN HDR Y SDR PARA PELÍCULAS Y SERIES DE PRODUCTORES Y DISTRIBUIDORES NACIONALES E INTERNACIONALES CUMPLIENDO CON LAS ACTUALES ESPECIFICACIONES TÉCNICAS DE ACCESO AL MERCADO GLOBAL.",20230525,20240425,"ASOCIACION GUARANGO CINE Y VIDEO","JESUS MARIA","LIMA","LIMA",150113,375169.4900,118596.0100,258353.5900,"SOLES",20230706
"FINCYT III","PASANTIAS TECNOLÓGICAS",2023,"274-PROINNOVATE-PT-2023","TECNOLOGÍA BIOFLOC PARA UNA PRODUCCIÓN ACUÍCOLA SOSTENIBLE Y AMIGABLE CON EL MEDIO AMBIENTE",20230502,20230802,"JOINGREEN SAC","SAN IGNACIO","SAN IGNACIO","CAJAMARCA",060901,15000.0000,6880.0000,1250.0000,"DOLARES",20230706
"BID 4","PROGRAMA DE INNOVACIÓN MODERNIZACIÓN TECNOLÓGICA Y EMPRENDIMIENTO - MIPYMES DE CALIDAD",2023,"275-PROINNOVATE-IMTEMC-2023","PROYECTO DE IMPLEMENTACIÓN Y CERTIFICACIÓN DE UN SISTEMA DE GESTION DE CALIDAD BASADO EN LA NORMA ISO 9001:2015 EN LA EMPRESA LC CONTRATISTAS GENERALES S.A.C",20230526,20240626,"LC CONTRATISTAS GENERALES S.A.C.","ANDAHUAYLAS","ANDAHUAYLAS","APURIMAC",030201,45000.0000,10285.7100,6857.1400,"SOLES",20230706
"BID 4","PROGRAMA DE INNOVACIÓN MODERNIZACIÓN TECNOLÓGICA Y EMPRENDIMIENTO - MIPYMES DE CALIDAD",2023,"276-PROINNOVATE-IMTEMC-2023","IMPLEMENTACIÓN Y CERTIFICACIÓN DEL SISTEMA  INTEGRADO DE GESTIÓN  BASADO EN LAS  NORMAS ISO 9001:2015 E ISO 45001:2018 EN LA EMPRESA  SMF SAGITARIO S.A.C.",20230519,20240519,"SMF SAGITARIO SAC","SAN MARTIN DE PORRES","LIMA","LIMA",150135,45000.0000,10285.7100,6857.1400,"SOLES",20230706
"BID 4","PROGRAMA DE INNOVACIÓN MODERNIZACIÓN TECNOLÓGICA Y EMPRENDIMIENTO - MIPYMES DIGITALES",2023,"278-PROINNOVATE-IMTEMD-2023","DESARROLLO E IMPLEMENTACIÓN DE UN PROCESO DE TRANSFORMACIÓN DIGITAL PARA MEJORAR LA GESTIÓN COMERCIAL DE LA EMPRESA Y ASEGURAR UN RELANZAMIENTO EXITOSO DE LA UNIDAD \"RESTAURANTE\" DE LA EMPRESA INVERSIONES VELASQUEZ.S.A.C.",20230524,20240424,"INVERSIONES VELASQUEZ SAC","HUANCAYO","HUANCAYO","JUNIN",120101,45000.0000,10286.8600,6856.0000,"SOLES",20230706
"BID 4","PROGRAMA DE INNOVACIÓN MODERNIZACIÓN TECNOLÓGICA Y EMPRENDIMIENTO - MIPYMES DE CALIDAD",2023,"279-PROINNOVATE-IMTEMC-2023","IMPLEMENTACIÓN Y CERTIFICACIÓN DE UN SISTEMA DE GESTIÓN INTEGRADO ISO 9001:2015\, ISO 14001:2015 E ISO 45001:2018 EN INVERGEP S.A.C\, QUE PERMITA CAPTAR NUEVOS CLIENTES Y MERCADOS\, ASÍ COMO\, PROPORCIONAR SERVICIOS QUE SATISFAGAN LOS REQUISITOS DEL CLIENTE.",20230519,20240619,"INVERGEP S.A.C.","VILLA EL SALVADOR","LIMA","LIMA",150142,44950.1000,10275.1100,6848.8900,"SOLES",20230706
"BID 4","PROGRAMA DE INNOVACIÓN MODERNIZACIÓN TECNOLÓGICA Y EMPRENDIMIENTO - MIPYMES DE CALIDAD",2023,"280-PROINNOVATE-IMTEMC-2023","IMPLEMENTACIÓN Y CERTIFICACIÓN DEL SISTEMA DE GESTIÓN DE LA CALIDAD BASADO EN LA NORMA ISO 9001:2015 PARA BOXA SAC",20230525,20240325,"BOXA S.A.C.","SAN JUAN DE LURIGANCHO","LIMA","LIMA",150132,43000.0000,10000.0000,6500.0000,"SOLES",20230706
"BID 4","PROGRAMA DE INNOVACIÓN MODERNIZACIÓN TECNOLÓGICA Y EMPRENDIMIENTO - MIPYMES DE CALIDAD",2023,"281-PROINNOVATE-IMTEMC-2023","CERTIFICACIÓN ISO 9001 EN LA EMPRESA AMERICA LOGÍSTICA INVESTMENT SA CON ALCANCE EN LOS PROCESOS DE ALMACENAMIENTO\, TRANSPORTE Y COMERCIO EXTERIOR.",20230613,20240413,"AMERICA LOGISTICA INVESTMENT S.A.","LIMA","LIMA","LIMA",150101,44900.0000,10300.0000,6800.0000,"SOLES",20230706
"BID 4","PROGRAMA DE INNOVACIÓN MODERNIZACIÓN TECNOLÓGICA Y EMPRENDIMIENTO - MIPYMES DIGITALES",2023,"282-PROINNOVATE-IMTEMD-2023","DIGITALIZACIÓN DE LAS OPERACIONES CONTABLES Y ADMINISTRATIVAS DE LA EMPRESA C & C AUDITORES Y CONSULTORES ASOCIADOS S.A.C. A TRAVÉS UN SISTEMA DE GESTIÓN QUE PERMITA AUTOMATIZAR SUS PROCESOS DE GESTIÓN OPERATIVA INTERNA Y GESTIÓN DE CLIENTES",20230524,20240324,"C & C AUDITORES Y CONTADORES ASOCIADOS S.A.C.","TARAPOTO","SAN MARTIN","SAN MARTIN",220901,33000.0000,7800.0000,4200.0000,"SOLES",20230706
"BID 4","PROGRAMA DE INNOVACIÓN MODERNIZACIÓN TECNOLÓGICA Y EMPRENDIMIENTO - MIPYMES DIGITALES",2023,"283-PROINNOVATE-IMTEMD-2023","DIFERENCIACIÓN DE LA EMPRESA INTIQA HOTEL E.I.R.L. APLICANDO ESTRATEGIAS DE MARKETING DIGITAL Y UNA PASARELA DE COMPRAS EN UNA RENOVADA PÁGINA WEB.",20230607,20240507,"INTIQA HOTEL EMPRESA INDIVIDUAL DE RESPONSABILIDAD LIMITADA","PUNO","PUNO","PUNO",210101,45000.0000,10285.7100,6857.1400,"SOLES",20230706
"BID 4","PROGRAMA DE INNOVACIÓN MODERNIZACIÓN TECNOLÓGICA Y EMPRENDIMIENTO - MIPYMES DE CALIDAD",2023,"284-PROINNOVATE-IMTEMC-2023","IMPLEMENTACIÓN Y CERTIFICACIÓN FSC CADENA DE CUSTODIA PARA LA EMPRESA NEGOCIACIONES FORESTALES OSTUA E.I.R.L.",20230519,20240219,"NEGOCIACIONES FORESTALES OSTUA E.I.R.L.","MANANTAY","CORONEL PORTILLO","UCAYALI",250107,45000.0000,10285.7100,6857.1400,"SOLES",20230706
"FINCYT III","DINAMIZACIÓN DE ECOSISTEMAS REGIONALES DE INNOVACIÓN Y EMPRENDIMIENTO 2.0",2023,"285-PROINNOVATE-DER-2023","DINAMIZACIÓN DEL ECOSISTEMA REGIONAL DE INNOVACIÓN Y EMPRENDIMIENTO DE LA REGIÓN CUSCO 2.0",20230518,20231018,"UNIVERSIDAD ANDINA DEL CUSCO","SAN JERONIMO","CUSCO","CUSCO",080104,1799999.9000,0.0000,772000.0000,"SOLES",20230706
"BID 4","PROGRAMA DE INNOVACIÓN MODERNIZACIÓN TECNOLÓGICA Y EMPRENDIMIENTO - MIPYMES DE CALIDAD",2023,"286-PROINNOVATE-IMTEMC-2023","IMPLEMENTACIÓN DE UN SISTEMA DE GESTION DE CALIDAD PARA LA EMPRESA FRESOMAC SAC -CERTIFICACION ISO 9001:2015",20230601,20240201,"FRESOMAC  S.A.C.","LURIGANCHO","LIMA","LIMA",150118,43500.0000,9900.0000,6600.0000,"SOLES",20230706
"BID 4","PROGRAMA DE INNOVACIÓN MODERNIZACIÓN TECNOLÓGICA Y EMPRENDIMIENTO - MIPYMES DIGITALES",2023,"287-PROINNOVATE-IMTEMD-2023","IMPLEMENTACIÓN DE HERRAMIENTAS Y SISTEMAS TECNOLÓGICOS PARA MARKETING DIGITAL EN LA EMPRESA GESTREM IDI CONSULTING",20230524,20240424,"GESTREM IDI CONSULTING S.A.C.","CAYMA","AREQUIPA","AREQUIPA",040103,45000.0000,10285.7100,6857.1400,"SOLES",20230706
"BID 4","PROGRAMA DE INNOVACIÓN MODERNIZACIÓN TECNOLÓGICA Y EMPRENDIMIENTO - MIPYMES DIGITALES",2023,"288-PROINNOVATE-IMTEMD-2023","IMPLEMENTACIÓN DE UN CRM Y DESARROLLO DE UN E-COMMERCE INTEGRADO A PLATAFORMAS COMERCIALES INTERNACIONALES PARA INGRESAR AL MERCADO EXTRANJERO Y MEJORAR LA PRODUCTIVIDAD COMERCIAL DE LA EMPRESA CORPORACIÓN STEALTH",20230607,20240507,"CORPORACION STEALTH S.A.C.","SAN MARTIN DE PORRES","LIMA","LIMA",150135,45000.0000,10286.0000,6857.0000,"SOLES",20230706
"FINCYT III","PASANTIAS TECNOLÓGICAS",2023,"289-PROINNOVATE-PT-2023","PASANTÍA EN LA UNIVERSIDAD FEDERAL DE VICOSA ? BRASIL PARA LA TRANSFERENCIA DE CONOCIMIENTOS DEL SISTEMA DE PRODUCCIÓN Y PROCESAMIENTO DEL LIQUIDO PIROLEÑOSO Y BIOCHAR APLICADO A LA AGRICULTURA PARA LA APERTURA DE NUEVAS LINEAS DE PRODUCTOS.",20230426,20230726,"BIO ENERGY INGENIEROS E.I.R.L.","MAZAMARI","SATIPO","JUNIN",120604,9300.0000,3100.0000,2100.0000,"DOLARES",20230706
"BID 4","PROGRAMA DE INNOVACIÓN MODERNIZACIÓN TECNOLÓGICA Y EMPRENDIMIENTO - MIPYMES DE CALIDAD",2023,"290-PROINNOVATE-IMTEMC-2023","IMPLEMENTACIÓN DEL SISTEMA DE GESTIÓN AMBIENTAL ISO 14001:2015 PARA FORTALECER EL SISTEMA INTEGRADO DE GESTIÓN Y LOGRAR LA SOSTENIBILIDAD DE NUESTRAS ACTIVIDADES",20230605,20240705,"GRUPO RUFASTO S.A.C. - RUFASTO S.A.C.","SOCABAYA","AREQUIPA","AREQUIPA",040122,45000.0000,10285.7100,6857.1400,"SOLES",20230706
"FINCYT III","PASANTIAS TECNOLÓGICAS",2023,"291-PROINNOVATE-PT-2023","PASANTÍA TECNOLOGICA EN COLOMBIA PARA ADQUIRIR INFORMACIÓN\, CONOCIMIENTO\, PRÁCTICAS\, TÉCNICAS EN PROCESOS DE CAFÉ DESDE EL TOSTADO\, MOLIENDA\, CATA\, EMPACADO Y BARISMO\, QUE CONTRIBUYA A LA MODERNIZACIÓN TECNOLÓGICA Y COMPETITIVIDAD DE SUCHICHE SAC.",20230427,20230627,"SUCHICHE S.A.C.","TARAPOTO","SAN MARTIN","SAN MARTIN",220901,9675.0000,2925.0000,2400.0000,"DOLARES",20230706
"FINCYT III","PASANTIAS TECNOLÓGICAS",2023,"292-PROINNOVATE-PT-2023","PASANTÍA A LA PLANTA DE JOFEMAR CORPORACION PARA PERFECCIONAMIENTO TÉCNICO ESPECIALIZADO\, PARA APLICARLO EN NUESTRA MAQUINA VENDING RETRATAFE DE DESARROLLO PROPIO",20230426,20230826,"CAMICAN'S GROUP S.A.C.","LIMA","LIMA","LIMA",150101,10898.0000,2942.0000,2930.0000,"DOLARES",20230706
"BID 4","PROGRAMA DE INNOVACIÓN MODERNIZACIÓN TECNOLÓGICA Y EMPRENDIMIENTO - MIPYMES DIGITALES",2023,"294-PROINNOVATE-IMTEMD-2023","OPTIMIZACIÓN DE NUEVOS LOCALES DE VENTA DIGITALES Y DESPLIEGUE DE UNA ESTRATEGIA DE MARKETING DIGITAL EN LA EMPRESA DAMACRO",20230524,20240424,"DAMACRO GROUP SOCIEDAD ANONIMA CERRADA","SURQUILLO","LIMA","LIMA",150141,45000.0000,10285.7100,6857.1400,"SOLES",20230706
"BID 4","PROGRAMA DE INNOVACIÓN MODERNIZACIÓN TECNOLÓGICA Y EMPRENDIMIENTO - MIPYMES DE CALIDAD",2023,"295-PROINNOVATE-IMTEMC-2023","IMPLEMENTACIÓN Y CERTIFICACIÓN DEL SISTEMA DE GESTIÓN DE LA CALIDAD DE KC MULTIDESTINOS S.A.C. SEGÚN LA NORMA ISO 9001:2015",20230519,20240519,"KC MULTIDESTINOS S.A.C.","COMAS","LIMA","LIMA",150110,44900.0000,10260.0000,6840.0000,"SOLES",20230706
"BID 4","PROGRAMA DE INNOVACIÓN MODERNIZACIÓN TECNOLÓGICA Y EMPRENDIMIENTO - MIPYMES DIGITALES",2023,"296-PROINNOVATE-IMTEMD-2023","DIGITALIZACIÓN DE LOS PROCESOS OPERATIVOS/COMERCIALES DE LA EMPRESA PARA INCREMENTAR LA PRODUCTIVIDAD\, COMPETITIVIDAD Y EFICIENCIA DE IMPULSA SERVICIOS GLOBALES S.A.C.",20230524,20240324,"IMPULSA SERVICIOS GLOBALES S.A.C.","MIRAFLORES","LIMA","LIMA",150122,45000.0000,10720.7100,6857.1400,"SOLES",20230706
"BID 4","PROGRAMA DE INNOVACIÓN MODERNIZACIÓN TECNOLÓGICA Y EMPRENDIMIENTO - MIPYMES DIGITALES",2023,"297-PROINNOVATE-IMTEMD-2023","DIGITALIZACIÓN Y OPTIMIZACIÓN DE LAS ACTIVIDADES COMERCIALES DE LA EMPRESA MEDCORP",20230526,20240426,"CLINICA OCUPACIONAL MEDCORP S.A.C.","LINCE","LIMA","LIMA",150116,45000.0000,10285.8000,6857.1000,"SOLES",20230706
"BID 4","PROGRAMA DE INNOVACIÓN MODERNIZACIÓN TECNOLÓGICA Y EMPRENDIMIENTO - MIPYMES DE CALIDAD",2023,"298-PROINNOVATE-IMTEMC-2023","IMPLEMENTACIÓN Y CERTIFICACIÓN DEL SISTEMA INTEGRADO DE GESTIÓN ISO 9001:2015 E ISO 45001:2018 EN LA EMPRESA SERVICIOS GENERALES JANNET Y DANIEL SAC - S.G.J & D S.A.C.",20230622,20240622,"SERVICIOS GENERALES JANNET Y DANIEL S.A.C. - S.G.J. & D S.A.C.","LURIGANCHO","LIMA","LIMA",150118,44725.7800,10215.2000,6810.1300,"SOLES",20230706
"BID 4","PROGRAMA DE INNOVACIÓN MODERNIZACIÓN TECNOLÓGICA Y EMPRENDIMIENTO - MIPYMES DE CALIDAD",2023,"301-PROINNOVATE-IMTEMC-2023","IMPLEMENTACIÓN Y CERTIFICACIÓN DE UN SISTEMA DE GESTIÓN DE CALIDAD EN EL GRUPO SISCOG BAJO LA NORMA ISO 9001:2015 PARA UNA MAYOR COMPETITIVIDAD EN EL MERCADO NACIONAL.",20230622,20240722,"GRUPO SISCOG S.A.C.","PUENTE PIEDRA","LIMA","LIMA",150125,45000.0000,10285.7100,6857.1400,"SOLES",20230706
"BID 4","PROGRAMA DE INNOVACIÓN MODERNIZACIÓN TECNOLÓGICA Y EMPRENDIMIENTO - MIPYMES DIGITALES",2023,"302-PROINNOVATE-IMTEMD-2023","IMPLEMENTACIÓN DE TECNOLOGÍAS PARA LA DIGITALIZACIÓN DE LA COMERCIALIZACIÓN ELECTRÓNICA DE CALZADO",20230606,20240506,"SERVICIOS DELIVERY E.I.R.L.","TRUJILLO","TRUJILLO","LA LIBERTAD",130101,45000.0000,10285.9600,6857.0400,"SOLES",20230706
"BID 4","PROGRAMA DE INNOVACIÓN MODERNIZACIÓN TECNOLÓGICA Y EMPRENDIMIENTO - MIPYMES DE CALIDAD",2023,"303-PROINNOVATE-IMTEMC-2023","IMPLEMENTACIÓN DE UN SISTEMA DE GESTIÓN DE CALIDAD EN BASE A LA NORMA ISO 9001:2015 EN LA EMPRESA LEARNING & LANGUAGE SERVICES SOCIEDAD COMERCIAL DE RESPONSABILIDAD LIMITADA - LLS S.R.L.",20230526,20240526,"LEARNING & LANGUAGE SERVICES SOCIEDAD COMERCIAL DE RESPONSABILIDAD LIMITADA - LLS S.R.L.","MIRAFLORES","LIMA","LIMA",150122,44663.8100,16446.1900,7050.0000,"SOLES",20230706
"BID 4","PROGRAMA DE INNOVACIÓN MODERNIZACIÓN TECNOLÓGICA Y EMPRENDIMIENTO - MIPYMES DE CALIDAD",2023,"304-PROINNOVATE-IMTEMC-2023","IMPLEMENTACIÓN Y CERTIFICACIÓN DEL SISTEMA DE GESTIÓN DE CALIDAD BASADO EN LA NORMA ISO 9001:2015 PARA LOGRAR LA ESTANDARIZACIÓN DEL PROCESO DE PRODUCCIÓN DE LA EMPRESA FILAM S.A",20230622,20240622,"FILAM S.A.","HUALHUAS","HUANCAYO","JUNIN",120117,45000.0000,10286.0000,6857.0000,"SOLES",20230706
"BID 4","PROGRAMA DE INNOVACIÓN MODERNIZACIÓN TECNOLÓGICA Y EMPRENDIMIENTO - MIPYMES DE CALIDAD",2023,"305-PROINNOVATE-IMTEMC-2023","MEJORA CONTINUA Y GENERACIÓN DE CONFIANZA ANTE PARTES INTERESADAS EN BASE A LA IMPLEMENTACIÓN Y LOGRO DE CERTIFICACIÓN DE LA ISO 37001:2016 EN LA EMPRESA JP GERENCIA Y SUPERVISIÓN DE OBRAS CIVILES S.A.C.",20230616,20240616,"JP GERENCIA Y SUPERVISION DE OBRAS CIVILES S.A.C. - JP GYSOC S.A.C.","MIRAFLORES","LIMA","LIMA",150122,45000.0000,10285.7200,6857.1400,"SOLES",20230706
"BID 4","PROGRAMA DE INNOVACIÓN MODERNIZACIÓN TECNOLÓGICA Y EMPRENDIMIENTO - MIPYMES DIGITALES",2023,"306-PROINNOVATE-IMTEMD-2023","OPTIMIZAR EL MODELO DE NEGOCIO TRADICIONAL A TRAVÉS DE LA POTENCIACIÓN DE LAS ESTRATEGIAS DE GROWTH HACKING Y LA DIGITALIZACIÓN DE LOS PROCESOS COMERCIALES (INTELIGENCIA DE NEGOCIOS) Y OPERATIVOS PARA LOGRAR LA SOSTENIBILIDAD EMPRESARIAL A LARGO PLAZO.",20230616,20240516,"SEGURIX S.A.C","SAN BORJA","LIMA","LIMA",150130,45000.0000,10286.0000,6857.0000,"SOLES",20230706
"BID 4","PROGRAMA DE INNOVACIÓN MODERNIZACIÓN TECNOLÓGICA Y EMPRENDIMIENTO - MIPYMES DE CALIDAD",2023,"307-PROINNOVATE-IMTEMC-2023","ADOPTAR LA NORMATIVA GLOBAL GAP EN LA COOPERATIVA AGROVIDA\, PARA GARANTIZAR A NUESTROS CLIENTES BUENAS PRÁCTICAS AGRÍCOLAS EN LA PRODUCCIÓN DE MANGO ORGÁNICO",20230616,20240616,"COOPERATIVA AGRARIA DE PRODUCTORES DE MANGO ORGANICO AGRO VIDA","TAMBO GRANDE","PIURA","PIURA",200114,45000.0000,10286.0000,6857.0000,"SOLES",20230706
"BID 4","PROGRAMA DE INNOVACIÓN MODERNIZACIÓN TECNOLÓGICA Y EMPRENDIMIENTO - MIPYMES DE CALIDAD",2023,"308-PROINNOVATE-IMTEMC-2023","IMPLEMENTACIÓN Y CERTIFICACIÓN DE UN SISTEMA DE GESTIÓN DE CALIDAD ISO 9001:2015 EN LA EMPRESA PROINAM S.A.C",20230526,20240626,"CONSTRUCTORA PROINAM SOCIEDAD ANONIMA CERRADA - CONSTRUCTORA PROINAM S.A.C.","SACHACA","AREQUIPA","AREQUIPA",040117,45000.0000,10285.7100,6857.1400,"SOLES",20230706
"BID 4","PROGRAMA DE INNOVACIÓN MODERNIZACIÓN TECNOLÓGICA Y EMPRENDIMIENTO - MIPYMES DE CALIDAD",2023,"309-PROINNOVATE-IMTEMC-2023","DIAGNÓSTICO\, IMPLEMENTACIÓN Y CERTIFICACIÓN DE LA NORMA ISO 45001: 2018 EN LA EMPRESA CARGO Y SERVICIOS RENPA E.I.R.L.\, PARA ESTABLECER UNA CULTURA DE PREVENCIÓN DE ACCIDENTES E INCIDENTES LABORALES",20230526,20240626,"CARGO Y SERVICIOS RENPA E.I.R.L.","LA VICTORIA","LIMA","LIMA",150115,38900.0000,9900.0000,6000.0000,"SOLES",20230706
"BID 4","PROGRAMA DE INNOVACIÓN MODERNIZACIÓN TECNOLÓGICA Y EMPRENDIMIENTO - MIPYMES DE CALIDAD",2023,"310-PROINNOVATE-IMTEMC-2023","CERTIFICACIÓN DE LA NORMA ISO 9001:2015 SISTEMAS DE GESTIÓN DE CALIDAD EN 3G IT CONSULTING S.A.C.",20230519,20240519,"3G IT CONSULTING S.A.C.","MAGDALENA DEL MAR","LIMA","LIMA",150120,44900.0000,10260.0000,6840.0000,"SOLES",20230706
"BID 4","PROGRAMA DE INNOVACIÓN MODERNIZACIÓN TECNOLÓGICA Y EMPRENDIMIENTO - MIPYMES DIGITALES",2023,"312-PROINNOVATE-IMTEMD-2023","IMPLEMENTACIÓN DE HERRAMIENTAS DE MARKETING DIGITAL Y DE GESTIÓN DEL CONOCIMIENTO PARA LA EMPRESA DIGITO",20230601,20240501,"DIGITO PERU S.A.C.","SAN MIGUEL","LIMA","LIMA",150136,45000.0000,10285.7100,6857.1400,"SOLES",20230706
"BID 4","PROGRAMA DE INNOVACIÓN MODERNIZACIÓN TECNOLÓGICA Y EMPRENDIMIENTO - MIPYMES DIGITALES",2023,"314-PROINNOVATE-IMTEMD-2023","IMPLEMENTACIÓN DE UN ERP PARA LA MEJORA DEL PROCESAMIENTO Y FLUJO DE LA INFORMACIÓN MEDIANTE LOS MÓDULOS DE PROCESOS COMERCIALES\, LOGÍSTICOS Y DE OPERACIONES EN LA EMPRESA H&B SUPPLY SOLUTIONS",20230524,20240424,"H&B SUPPLY SOLUTIONS S.A.C.","LURIN","LIMA","LIMA",150119,45000.0000,10285.7100,6857.1400,"SOLES",20230706
"BID 4","PROGRAMA DE INNOVACIÓN MODERNIZACIÓN TECNOLÓGICA Y EMPRENDIMIENTO - MIPYMES DE CALIDAD",2023,"315-PROINNOVATE-IMTEMC-2023","MEJORA DE CALIDAD Y GESTIÓN POR PROCESOS EN BASE A LA IMPLEMENTACIÓN Y LOGRO DE CERTIFICACIÓN DE LA ISO 9001:2015 EN LA EMPRESA POLICE ALERTS S.A.C",20230515,20240515,"POLICE ALERTS SOCIEDAD ANONIMA CERRADA","ATE","LIMA","LIMA",150103,45000.0000,10285.7200,6857.1400,"SOLES",20230706
"BID 4","PROGRAMA DE INNOVACIÓN MODERNIZACIÓN TECNOLÓGICA Y EMPRENDIMIENTO - MIPYMES DIGITALES",2023,"316-PROINNOVATE-IMTEMD-2023","IMPLEMENTAR UN ERP INTEGRADO CON TECNOLOGÍAS DE INFORMACIÓN Y LA IMPLEMENTACIÓN DE UN MARKETING DIGITAL EN LA EMPRESA INVERSIONES MIKUNA SRL.\, CON LA FINALIDAD DE INCREMENTAR SU COMPETITIVIDAD Y MEJORAR SU PRODUCTIVIDAD EMPRESARIAL",20230508,20240408,"INVERSIONES MIKUNA S.R.L.","POCOLLAY","TACNA","TACNA",230108,45000.0000,10289.0000,6856.0000,"SOLES",20230706
"BID 4","PROGRAMA DE INNOVACIÓN MODERNIZACIÓN TECNOLÓGICA Y EMPRENDIMIENTO - MIPYMES DE CALIDAD",2023,"317-PROINNOVATE-IMTEMC-2023","IMPLEMENTACIÓN Y CERTIFICACIÓN DEL SISTEMA DE GESTIÓN DE CALIDAD BASADO EN LA NORMA ISO 9001:2015 EN LA EMPRESA ORGANIZACION MEGA CORREDORES DE SEGUROS S.A.C.",20230616,20240616,"ORGANIZACION MEGA CORREDORES DE SEGUROS S.A.C.","TRUJILLO","TRUJILLO","LA LIBERTAD",130101,45000.0000,10285.7100,6857.1400,"SOLES",20230706
"BID 4","PROGRAMA DE INNOVACIÓN MODERNIZACIÓN TECNOLÓGICA Y EMPRENDIMIENTO - MIPYMES DE CALIDAD",2023,"318-PROINNOVATE-IMTEMC-2023","IMPLEMENTACIÓN  Y CERTIFICACIÓN DE LA NORMA ISO 9001:2015 EN LA EMPRESA REEUSA FVL E.I.R.L.",20230630,20240229,"REEUSA FVL EMPRESA INDIVIDUAL DE RESPONSABILIDAD LIMITADA - REEUSA FVL E.I.R.L.","MOQUEGUA","MARISCAL NIETO","MOQUEGUA",180101,44900.0000,10548.0000,6560.0000,"SOLES",20230706
"BID 4","PROGRAMA DE INNOVACIÓN MODERNIZACIÓN TECNOLÓGICA Y EMPRENDIMIENTO - MIPYMES DIGITALES",2023,"319-PROINNOVATE-IMTEMD-2023","DISEÑO E IMPLEMENTACIÓN DE UNA WEB Y ESTRATEGIA DE MARKETING DIGITAL ENFOCADAS A INCREMENTAR LOS CANALES DE VENTA\, LA CARTERA DE CLIENTES MAYORISTAS Y MINORISTAS A NIVEL NACIONAL E INTERNACIONAL EN DENNIS CAR S.A.C.",20230515,20240315,"DENNIS CAR S.A.C.","ATE","LIMA","LIMA",150103,45000.0000,10285.7100,6857.1400,"SOLES",20230706
"BID 4","PROGRAMA DE INNOVACIÓN MODERNIZACIÓN TECNOLÓGICA Y EMPRENDIMIENTO - MIPYMES DE CALIDAD",2023,"320-PROINNOVATE-IMTEMC-2023","MEJORA DE CALIDAD Y GESTIÓN POR PROCESOS EN BASE A LA IMPLEMENTACIÓN Y LOGRO DE CERTIFICACIÓN DE LA NORMA ISO 9001:2015 DENTRO DE LA EMPRESA COSECO JM SAC",20230613,20240613,"CONSTRUCTORA SERVICIOS Y CONSULTORA JM S.A.C.","NUEVO CHIMBOTE","SANTA","ANCASH",021809,45000.0000,10285.7200,6857.1400,"SOLES",20230706
"FINCYT III","MISIONES TECNOLÓGICAS",2023,"321-PROINNOVATE-MT-2023","MISIÓN TECNOLÓGICA A LA FERIA TUTTOFOOD MILANO 2023\, PARA CONOCER LAS NUEVAS TENDENCIAS  DE CONSUMO Y DINÁMICAS DEL MERCADO EN EL ECOSISTEMA AGROALIMENTARIO DE ITALIA; QUE PERMITA A LAS ORGANIZACIONES AGRÍCOLAS MOSTRAR SUS CAPACIDAD EXPORTABLE Y FORTALECER LA RELACIONES COMERCIALES",20230503,20230703,"COOPERATIVA AGRARIA VICUS CHULUCANAS","CASTILLA","PIURA","PIURA",200104,29600.0000,0.0000,0.0000,"DOLARES",20230706
"FINCYT III","DINAMIZACIÓN DE ECOSISTEMAS REGIONALES DE INNOVACIÓN Y EMPRENDIMIENTO 2.0",2023,"322-PROINNOVATE-DER-2023","LA LIBERTAD INNOVA 2.0: INNOVACIÓN Y EMPRENDIMIENTO\, MOTORES DE CAMBIO",20230516,20231016,"CAMARA DE COMERCIO Y PRODUCCION DE LA LI BERTAD","TRUJILLO","TRUJILLO","LA LIBERTAD",130101,1800000.0000,0.0000,792000.0000,"SOLES",20230706
"BID 4","PROGRAMA DE INNOVACIÓN MODERNIZACIÓN TECNOLÓGICA Y EMPRENDIMIENTO - MIPYMES DE CALIDAD",2023,"323-PROINNOVATE-IMTEMC-2023","MEJORA EN LA SEGURIDAD Y SALUD EN EL TRABAJO Y GESTIONES DE TRABAJO EN BASE A LA IMPLEMENTACIÓN Y LOGRO DE CERTIFICACIÓN DE LA ISO 45001:2018 DENTRO DE LA EMPRESA CIPRE S.A.",20230605,20240605,"COMPAÑIA INDUSTRIAL PROYECTOS Y EVENTOS SOCIEDAD ANONIMA - CIPRE S.A.","CHORRILLOS","LIMA","LIMA",150108,45000.0000,10285.7200,6857.1400,"SOLES",20230706
"FINCYT III","MISIONES TECNOLÓGICAS",2023,"324-PROINNOVATE-MT-2023","MISIÓN TECNOLOGICA A ECOSISTEMAS DE INNOVACIÓN Y EMPRENDIMIENTO DE MEDELLIN Y BOGOTA.",20230509,20230909,"INNO TECH B & E PERU S.A.C.","CHICLAYO","CHICLAYO","LAMBAYEQUE",140101,29900.0000,0.0000,0.0000,"DOLARES",20230706
"FINCYT III","MISIONES TECNOLÓGICAS",2023,"325-PROINNOVATE-MT-2023","MISIÓN TECNOLÓGICA A MÉXICO PARA PARTICIPAR DE LA FERIA ANPIC 2023\, CON EL APOYO DE CIATEC Y ADQUIRIR CONOCIMIENTOS\, TÉCNICAS\, TECNOLOGÍAS Y TENDENCIAS VIGENTES EN EL SECTOR\, QUE PUEDEN ADAPTARSE A LAS EMPRESAS DE CUERO\, CALZADO Y  CONEXAS DE AREQUIPA.",20230427,20230627,"TRADE SANDDER GROUP S.A.C.","CERRO COLORADO","AREQUIPA","AREQUIPA",040104,19344.0000,0.0000,0.0000,"DOLARES",20230706
"FINCYT III","PASANTIAS TECNOLÓGICAS",2023,"326-PROINNOVATE-PT-2023","PASANTIA TECNOLÓGICA A LA EMPRESA CROPCELL EN MAYORCA Y PARTICIPACIÓN EN FERIA DE INTERNACIONAL DE EMPRESAS SMART STARUPS AGRARIOS INFOAGRO EXHIBITION ESPAÑA 2023 - ALMERIA",20230505,20230805,"ASOCIACION DE PROCESADORES ARTESANALES DE PRODUCTOS HIDROBIOLOGICOS DEL CENTRO PESQUERO APAPHCEPES","SANTA ROSA","CHICLAYO","LAMBAYEQUE",140114,7700.0000,1450.0000,1150.0000,"DOLARES",20230706
"BID 4","PROGRAMA DE INNOVACIÓN MODERNIZACIÓN TECNOLÓGICA Y EMPRENDIMIENTO - MIPYMES DE CALIDAD",2023,"327-PROINNOVATE-IMTEMC-2023","IMPLEMENTACIÓN DE UN SISTEMA DE GESTION AMBIENTAL BAJO LA NORMA ISO 14001:2015 PARA LA POTENCIACIÓN DE LA EMPRESA GROUP QHALI KAY C & O SAC\, DE LA REGIÓN AREQUIPA.",20230601,20240701,"GROUP QHALI KAY CORNEJO & OJEDA SAC","CAYMA","AREQUIPA","AREQUIPA",040103,45000.0000,10285.7100,6857.1400,"SOLES",20230706
"BID 4","PROGRAMA DE INNOVACIÓN MODERNIZACIÓN TECNOLÓGICA Y EMPRENDIMIENTO - MIPYMES DE CALIDAD",2023,"328-PROINNOVATE-IMTEMC-2023","IMPLEMENTAR Y CERTIFICAR UN SISTEMA DE GESTIÓN DE LA CALIDAD ISO 9001:2015 EN LA EMPRESA ETESIR S.R.L. PARA AUMENTAR LA SATISFACCIÓN DE LOS CLIENTES\, MEJORAR LA TRAZABILIDAD DE LAS OPERACIONES Y MINIMIZAR LOS RIESGOS EN LOS PROCESOS OPERATIVOS.",20230526,20240626,"EMPRESA TEXTIL SIRIAN SOCIEDAD COMERCIAL DE RESPONSABILIDAD LIMITADA","WANCHAQ","CUSCO","CUSCO",080108,44995.0000,10290.0000,6857.0000,"SOLES",20230706
"BID 4","PROGRAMA DE INNOVACIÓN MODERNIZACIÓN TECNOLÓGICA Y EMPRENDIMIENTO - MIPYMES DE CALIDAD",2023,"329-PROINNOVATE-IMTEMC-2023","IMPLEMENTACIÓN DE SISTEMA DE GESTIÓN DE CALIDAD ISO 9001 Y SEGURIDAD DE LA INFORMACIÓN ISO 27001 EN LA EMPRESA NEXTCODE SAC CON LA FINALIDAD DE ESTANDARIZAR NUESTROS PROCESOS Y MEJORAR NUESTRA COMPETITIVIDAD ANTE LA EXIGENCIA DE CLIENTES EN TODA LATINOAMÉRICA",20230526,20240626,"NEXTCODE SAC","PUEBLO LIBRE","LIMA","LIMA",150121,45000.0000,10286.0000,6857.0000,"SOLES",20230706
"BID 4","PROGRAMA DE INNOVACIÓN MODERNIZACIÓN TECNOLÓGICA Y EMPRENDIMIENTO - MIPYMES DIGITALES",2023,"330-PROINNOVATE-IMTEMD-2023","IMPLEMENTACIÓN DE LA ESTRATEGIA DE MARKETING DIGITAL PARA LA MARCA MADRE SELVA DE LA EMPRESA ACEITES Y DERIVADOS AMAZÓNICOS S.A.C.",20230526,20240226,"ACEITES Y DERIVADOS AMAZONICOS SOCIEDAD ANONIMA CERRADA","TAMBOPATA","TAMBOPATA","MADRE DE DIOS",170101,45000.0000,10720.4900,6857.1400,"SOLES",20230706
"BID 4","PROGRAMA DE INNOVACIÓN MODERNIZACIÓN TECNOLÓGICA Y EMPRENDIMIENTO - MIPYMES DIGITALES",2023,"331-PROINNOVATE-IMTEMD-2023","IMPLEMENTACIÓN DE TECNOLOGÍAS PARA PLATAFORMA EDUCATIVA PARA MEJORAR LA GESTIÓN DE CURSOS Y LA EXPERIENCIA DE LOS USUARIOS",20230529,20240429,"BLINGE ONLINE E.I.R.L.","TRUJILLO","TRUJILLO","LA LIBERTAD",130101,44999.4000,10285.5600,6857.0400,"SOLES",20230706
"BID 4","PROGRAMA DE INNOVACIÓN MODERNIZACIÓN TECNOLÓGICA Y EMPRENDIMIENTO - MIPYMES DE CALIDAD",2023,"332-PROINNOVATE-IMTEMC-2023","IMPLEMENTACION Y CERTIFICACIÓN DE LOS ESTÁNDARES F.S.C. EN LA CADENA DE CUSTODIA FORESTAL DE LA EMPRESA \"INSPIRADOOR S.A.C.\"",20230601,20240301,"INSPIRADOOR S.A.C.","MANANTAY","CORONEL PORTILLO","UCAYALI",250107,45000.0000,10286.0000,6857.0000,"SOLES",20230706
"BID 4","PROGRAMA DE INNOVACIÓN MODERNIZACIÓN TECNOLÓGICA Y EMPRENDIMIENTO - MIPYMES DE CALIDAD",2023,"333-PROINNOVATE-IMTEMC-2023","IMPLEMENTACIÓN Y CERTIFICACIÓN DE LA NORMA GLOBAL GAP\, PARA LAS BUENAS PRÁCTICAS DEL PROCESO PRODUCTIVO DE MANGO EN LA \"COOPERATIVA AGRARIA ACUICOLA CAMPOVIDA H I II IV\" EN LA CIUDAD DE PIURA.",20230530,20240530,"COOPERATIVA AGRARIA ACUICOLA CAMPOVIDA H I II IV","TAMBO GRANDE","PIURA","PIURA",200114,45000.0000,10286.0000,6857.0000,"SOLES",20230706
"BID 4","PROGRAMA DE INNOVACIÓN MODERNIZACIÓN TECNOLÓGICA Y EMPRENDIMIENTO - MIPYMES DE CALIDAD",2023,"334-PROINNOVATE-IMTEMC-2023","DISEÑO\, IMPLEMENTACIÓN Y CERTIFICACIÓN DE UN SISTEMA DE GESTIÓN DE CALIDAD\, BAJO LA NORMA ISO 9001:2015 PARA LOGRAR UNA MAYOR EFICIENCIA Y RENTABILIDAD EN LOS PROCESOS QUE REALIZA LA EMPRESA \"MULTILLANTAS PEÑALOZA E.I.R.L.\"",20230616,20240716,"MULTILLANTAS PEÑALOZA E.I.R.L.","AREQUIPA","AREQUIPA","AREQUIPA",040101,45000.0000,10285.7100,6857.1400,"SOLES",20230706
"BID 4","PROGRAMA DE INNOVACIÓN MODERNIZACIÓN TECNOLÓGICA Y EMPRENDIMIENTO - MIPYMES DE CALIDAD",2023,"335-PROINNOVATE-IMTEMC-2023","IMPLEMENTACIÓN Y CERTIFICACIÓN DE LA NORMA ISO 37001:2016\, PARA GARANTIZAR UNA CULTURA DE INTEGRIDAD Y ÉTICA EN LA EMPRESA \"SI CONSULTORES E.I.R.L.\".",20230530,20240530,"SI CONSULTORES E.I.R.L.","CAYMA","AREQUIPA","AREQUIPA",040103,32600.0000,7200.0000,4800.0000,"SOLES",20230706
"BID 4","PROGRAMA DE INNOVACIÓN MODERNIZACIÓN TECNOLÓGICA Y EMPRENDIMIENTO - MIPYMES DE CALIDAD",2023,"337-PROINNOVATE-IMTEMC-2023","IMPLEMENTACIÓN Y CERTIFICACIÓN DE UN SISTEMA DE GESTIÓN DE CALIDAD\, SEGÚN LA NORMA ISO 9001:2015\, EN LA EMPRESA \"AXIS GROUND SERVICES E.I.R.L.\"",20230616,20240316,"AXIS GROUND SERVICES EMPRESA INDIVIDUAL DE RESPONSABILIDAD LIMITADA","SAN MIGUEL","LIMA","LIMA",150136,45000.0000,10285.7100,6857.1400,"SOLES",20230706
"BID 4","PROGRAMA DE INNOVACIÓN MODERNIZACIÓN TECNOLÓGICA Y EMPRENDIMIENTO - MIPYMES DE CALIDAD",2023,"338-PROINNOVATE-IMTEMC-2023","CERTIFICACIÓN DE LA NORMA GLOBAL GAP\, EN LOS PROCESOS DE SIEMBRA\, COSECHA Y POSTCOSECHA DE LA \"COOPERATIVA AGRARIA VICUS CHULUCANAS\"\, PARA GARANTIZAR EL CUMPLIMIENTO DE BUENAS PRACTICAS AGRÍCOLAS Y PODER ACCEDER A NUEVOS MERCADOS.",20230616,20240616,"COOPERATIVA AGRARIA VICUS CHULUCANAS","CASTILLA","PIURA","PIURA",200104,45000.0000,10286.0000,6857.0000,"SOLES",20230706
"BID 4","PROGRAMA DE INNOVACIÓN MODERNIZACIÓN TECNOLÓGICA Y EMPRENDIMIENTO - MIPYMES DIGITALES",2023,"339-PROINNOVATE-IMTEMD-2023","CREAR Y DESARROLLAR UN APP/WEB PARA MEJORAR LA UX Y UI DEL HUESPED DEL HOTEL \"PALACIO MANCO CÁPAC\"\, EN CUSCO.",20230613,20240113,"HACIENDA QOLQAMPATA S.A.C.","BARRANCO","LIMA","LIMA",150104,45000.0000,10285.7100,6857.1400,"SOLES",20230706
"BID 4","PROGRAMA DE INNOVACIÓN MODERNIZACIÓN TECNOLÓGICA Y EMPRENDIMIENTO - MIPYMES DE CALIDAD",2023,"340-PROINNOVATE-IMTEMC-2023","IMPLEMENTACIÓN Y CERTIFICACIÓN DE LA NORMA ISO 9001:2015\, PARA LA MEJORA DE LA CALIDAD EN LA GESTIÓN DE LOS PROCESOS DE LA EMPRESA \"COTERA CARGO S.A.C.\"",20230616,20240616,"COTERA CARGO S.A.C.","SANTA ANITA","LIMA","LIMA",150137,45000.0000,14400.0000,25600.0000,"SOLES",20230706
"BID 4","PROGRAMA DE INNOVACIÓN MODERNIZACIÓN TECNOLÓGICA Y EMPRENDIMIENTO - MIPYMES DE CALIDAD",2023,"341-PROINNOVATE-IMTEMC-2023","IMPLEMENTACIÓN Y CERTIFICACIÓN DE UN SISTEMA DE GESTIÓN DE CALIDAD EN BASE A LA NORMA ISO 9001:2015\, EN LA EMPRESA \"GLOBAL SUPPORT SYSTEMS S.A.\"",20230525,20240625,"GLOBAL SUPPORT SYSTEMS S.A","PACHACAMAC","LIMA","LIMA",150123,44997.9600,12171.5300,7050.0000,"SOLES",20230706
"BID 4","PROGRAMA DE INNOVACIÓN MODERNIZACIÓN TECNOLÓGICA Y EMPRENDIMIENTO - MIPYMES DE CALIDAD",2023,"342-PROINNOVATE-IMTEMC-2023","IMPLEMENTACIÓN DE UN SISTEMA INTEGRADO DE GESTIÓN\, SEGÚN LAS NORMAS ISO 9001:2015\, ISO 14001:2015 E ISO 45001:2018\, PARA MEJORAR LA EFICACIA Y PRODUCTIVIDAD DE LOS PROCESOS EN LA EMPRESA \"CODE SYSTEMS S.A.C.\"",20230525,20240225,"CODE SYSTEMS SAC","SAN LUIS","LIMA","LIMA",150134,45000.0000,10720.5000,6857.1400,"SOLES",20230706
"BID 4","PROGRAMA DE INNOVACIÓN MODERNIZACIÓN TECNOLÓGICA Y EMPRENDIMIENTO - MIPYMES DIGITALES",2023,"343-PROINNOVATE-IMTEMD-2023","IMPLEMENTAR UN PLAN DE MEJORA EN LA EMPRESA CRECIENDO PIURA\, QUE ACORTE LAS BRECHAS DIGITALES DE GESTIÓN DE DATOS Y DOCUMENTOS\, PARA TENER INFORMACIÓN DE CALIDAD Y TOMAR MEJORES DECISIONES\, MEJORANDO LA EFICIENCIA DE NUESTROS PROCESOS PRODUCTIVOS.",20230526,20240426,"CRECIENDO PIURA S.A.C.","PIURA","PIURA","PIURA",200101,45000.0000,10286.0000,6857.0000,"SOLES",20230706
"FINCYT III","PASANTIAS TECNOLÓGICAS",2023,"344-PROINNOVATE-PT-2023","MEJORA DE LA CALIDAD PARA FORTALECER LA PARTICIPACIÓN EN EL MERCADO LATINOAMERICANO DE LA EMPRESA ESENCIAS QUÍMICAS S.A.C.",20230503,20240703,"ESENCIAS QUIMICAS S A C","LIMA","LIMA","LIMA",150101,7007.0000,2722.1000,1050.9000,"DOLARES",20230706
"BID 4","PROGRAMA DE INNOVACIÓN MODERNIZACIÓN TECNOLÓGICA Y EMPRENDIMIENTO - MIPYMES DE CALIDAD",2023,"345-PROINNOVATE-IMTEMC-2023","IMPLEMENTACIÓN Y CERTIFICACIÓN DEL SISTEMA DE GESTIÓN SEGÚN LA NORMA ISO 9001:2015 EN LOS SERVICIOS DE AUDITORÍA DE SISTEMAS DE GESTIÓN",20230613,20240713,"ISO SURE CERTIFICACIONES E.I.R.L.","SAN ISIDRO","LIMA","LIMA",150131,45000.0000,10286.0000,6857.0000,"SOLES",20230706
"FINCYT III","PASANTIAS TECNOLÓGICAS",2023,"347-PROINNOVATE-PT-2023","APLICACIÓN DE LOS PRINCIPIOS DE ECONOMÍA CIRCULAR\, EN LA GESTIÓN Y REVALORIZACIÓN DE RESIDUOS ORGÁNICOS Y AGUAS RESIDUALES PARA LA PRODUCCIÓN DE ABONOS",20230509,20230909,"ASOCIACION DE PRODUCTORES AGROINDUSTRIALES DE LA MARGEN IZQUIERDA DEL RIO PERENE - APAMIRPE","PICHANAQUI","CHANCHAMAYO","JUNIN",120303,15000.0000,2710.0000,2470.0000,"DOLARES",20230706
"BID 4","PROGRAMA DE INNOVACIÓN MODERNIZACIÓN TECNOLÓGICA Y EMPRENDIMIENTO - MIPYMES DIGITALES",2023,"348-PROINNOVATE-IMTEMD-2023","IMPLEMENTACIÓN DE UN SISTEMA CRM PARA MEJORAR LA GESTIÓN DE ATENCIÓN AL CLIENTE EN QA CERTIFICATION SERVICES LATAM S.A.C.",20230606,20240506,"QA CERTIFICATION SERVICES LATAM S.A.C.","MIRAFLORES","LIMA","LIMA",150122,45000.0000,10285.7100,6857.1400,"SOLES",20230706
"FINCYT III","PASANTIAS TECNOLÓGICAS",2023,"351-PROINNOVATE-PT-2023","PASANTÍA TECNOLÓGICA EN EL INSTITUTO DE INVESTIGACIONES AGRARIAS CHILE PARA LA TRANSFERENCIA DE CONOCIMIENTOS SOBRE EVALUACIÓN IN VITRO Y ANÁLISIS POSTCOSECHA PARA VALIDAR DESINFECCIÓN DEL OZONO GASEOSO EN ARÁNDANOS POSTCOSECHA.",20230512,20230712,"BLUE SHARK CONSTRUCCIONES S.A.C.","CHORRILLOS","LIMA","LIMA",150108,5800.0000,2405.0000,720.0000,"DOLARES",20230706
"BID 4","PROGRAMA DE INNOVACIÓN MODERNIZACIÓN TECNOLÓGICA Y EMPRENDIMIENTO - MIPYMES DIGITALES",2023,"353-PROINNOVATE-IMTEMD-2023","IMPLEMENTACIÓN DE UN ERP EN FORMATO SAAS Y UN PLAN DE MARKETING DIGITAL CON LA FINALIDAD DE DAR SEGUIMIENTO Y CONTROL (TRAZABILIDAD) A LA PRODUCCIÓN DE CAFÉ PARA MERCADOS DE ORIGENES DE CAFÉDEESPECIALIDAD",20230526,20240326,"HELOVA S.A.C.","SAN NICOLAS","RODRIGUEZ DE MENDOZA","AMAZONAS",010601,45000.0000,10286.0000,6857.0000,"SOLES",20230706
"BID 4","PROGRAMA DE INNOVACIÓN MODERNIZACIÓN TECNOLÓGICA Y EMPRENDIMIENTO - MIPYMES DIGITALES",2023,"355-PROINNOVATE-IMTEMD-2023","IMPLEMENTACIÓN DE UN CRM Y UN SISTEMA DE COBRANZA AUTOMATIZADO PARA INCREMENTAR LA PRODUCTIVIDAD COMERCIAL DE LA EMPRESA INTICAP S.R.L.",20230601,20240501,"INTICAP S.R.L.","CHICLAYO","CHICLAYO","LAMBAYEQUE",140101,45000.0000,10286.0000,6857.0000,"SOLES",20230706
"BID 4","PROGRAMA DE INNOVACIÓN MODERNIZACIÓN TECNOLÓGICA Y EMPRENDIMIENTO - MIPYMES DE CALIDAD",2023,"357-PROINNOVATE-IMTEMC-2023","CERTIFICACIÓN DE LA NORMA ISO 9001:2015 PARA LA OPTIMIZACIÓN DE LOS PROCESOS DE LA EMPRESA NOVILU SERVICIOS GENERALES EIRL DE LA REGIÓN MOQUEGUA.",20230623,20240723,"NOVILU SERVICIOS GENERALES E.I.R.L.","MOQUEGUA","MARISCAL NIETO","MOQUEGUA",180101,45000.0000,10285.7100,6857.1400,"SOLES",20230706
"BID 4","PROGRAMA DE INNOVACIÓN MODERNIZACIÓN TECNOLÓGICA Y EMPRENDIMIENTO - MIPYMES DE CALIDAD",2023,"358-PROINNOVATE-IMTEMC-2023","IMPLEMENTACIÓN Y CERTIFICACIÓN DE UN SISTEMA DE GESTIÓN DE LA CALIDAD ISO 9001:2015",20230526,20240226,"TECSEL S.R.L.","ATE","LIMA","LIMA",150103,43730.0000,9990.0000,6660.0000,"SOLES",20230706
"BID 4","PROGRAMA DE INNOVACIÓN MODERNIZACIÓN TECNOLÓGICA Y EMPRENDIMIENTO - MIPYMES DE CALIDAD",2023,"359-PROINNOVATE-IMTEMC-2023","IMPLEMENTACIÓN Y CERTIFICACIÓN DEL SISTEMA DE GESTIÓN DE CALIDAD BASADO EN LA NORMA ISO 9001:2015 EN LA EMPRESA DIZAC INGENIEROS ASOCIADOS S.A.C",20230605,20240605,"DIZAC INGENIEROS ASOCIADOS S.A.C.","CHIMBOTE","SANTA","ANCASH",021801,45000.0000,10285.7100,6857.1400,"SOLES",20230706
"FINCYT III","MISIONES TECNOLÓGICAS",2023,"360-PROINNOVATE-MT-2023","MISIÓN INTERNACIONAL DE INNOVACIÓN TECNOLÓGICA ESPAÑA 2023 PARA VALIDAR PROPUESTA DESARROLLADA EN EL MÉTODO NEUROINNOVACIÓN",20230504,20230904,"ESCUELA DE INNOVADORES DEL PERU S.A.C.","SAN ISIDRO","LIMA","LIMA",150131,17775.0000,0.0000,0.0000,"DOLARES",20230706
"BID 4","PROGRAMA DE INNOVACIÓN MODERNIZACIÓN TECNOLÓGICA Y EMPRENDIMIENTO - MIPYMES DE CALIDAD",2023,"361-PROINNOVATE-IMTEMC-2023","ACCEDER A CONDICIONES JUSTAS DE COMERCIO Y PRECIOS JUSTOS\, MEDIANTE LA IMPLEMENTACIÓN DE LA CERTIFICACIÓN FAIRTRADE EN LAS ASOCIACION APAGAM",20230613,20240613,"ASOCIACION DE PEQUEÑOS AGRICULTORES Y GANADEROS DEL SECTOR MALINGAS - APAGAM","TAMBO GRANDE","PIURA","PIURA",200114,45000.0000,10286.0000,6857.0000,"SOLES",20230706
"BID 4","PROGRAMA DE INNOVACIÓN MODERNIZACIÓN TECNOLÓGICA Y EMPRENDIMIENTO - MIPYMES DE CALIDAD",2023,"362-PROINNOVATE-IMTEMC-2023","IMPLEMENTACIÓN DEL SISTEMA INTEGRADO DE GESTIÓN DE CALIDAD\, SEGURIDAD Y SALUD EN EL TRABAJO Y MEDIO AMBIENTE BASADO EN LAS NORMAS ISO 9001\, ISO 45001 E ISO 14001 EN LA EMPRESA ASSOA PARA MEJORAR LA CALIDAD DEL SERVICIO Y LLEGAR A NUEVOS CLIENTES.",20230605,20240705,"ASESORES DE SEGURIDAD Y SALUD OCUPACIONAL ASOCIADOS S.A.C.","PUEBLO LIBRE","LIMA","LIMA",150121,45000.0000,10286.0000,6857.0000,"SOLES",20230706
"FINCYT III","PASANTIAS TECNOLÓGICAS",2023,"363-PROINNOVATE-PT-2023","ESTUDIO E INVESTIGACIÓN TECNOLÓGICA DE DISEÑO DE AMBIENTES SOSTENIBLES EN LA VIVIENDA: SALUD\, EFICIENCIA ENERGÉTICA Y CONFORT ADAPTATIVO",20230504,20230704,"GESTOR INMOBILIARIO INVENTA S.A.C.","YANAHUARA","AREQUIPA","AREQUIPA",040126,6500.0000,1755.0000,1749.0000,"DOLARES",20230706
"BID 4","PROGRAMA DE INNOVACIÓN MODERNIZACIÓN TECNOLÓGICA Y EMPRENDIMIENTO - MIPYMES DE CALIDAD",2023,"364-PROINNOVATE-IMTEMC-2023","CERTIFICACIÓN EN BINORMA ISO 9001:2015 E ISO 45001:2018 PARA LA EMPRESA CONSTRUCTORAS GENERALES DYL DE LA REGIÓN MOQUEGUA",20230524,20240624,"CONSTRUCTORAS GENERALES DYL E.I.R.L","MOQUEGUA","MARISCAL NIETO","MOQUEGUA",180101,45000.0000,10285.7100,6857.1400,"SOLES",20230706
"BID 4","PROGRAMA DE INNOVACIÓN MODERNIZACIÓN TECNOLÓGICA Y EMPRENDIMIENTO - MIPYMES DIGITALES",2023,"365-PROINNOVATE-IMTEMD-2023","TRANSFORMACIÓN DIGITAL EN LOS PROCESOS COMERCIALES Y GESTIÓN OPERATIVA A TRAVÉS DE LA SISTEMATIZACIÓN DE TICS EN LA AGENCIA DE VIAJES EXPERIENCIAS & DESTINOS DEL PERÚ S.A.C",20230530,20240229,"EXPERIENCIAS & DESTINOS DEL PERU S.A.C.","URUBAMBA","URUBAMBA","CUSCO",081301,45000.0000,10285.7100,6857.1400,"SOLES",20230706
"FINCYT III","MISIONES TECNOLÓGICAS",2023,"366-PROINNOVATE-MT-2023","MISIÓN TECNOLÓGICA DE EMPRESAS PERUANAS EN ITALIA ENFOCADA EN ADQUIRIR CONOCIMIENTO\,  TÉCNICAS\, METODOLOGÍAS Y TECNOLOGÍAS DE MARROQUINERÍA PARA MARCAS DE LUJO.",20230504,20230704,"GMBTMALTESE S.A.C.","LA MOLINA","LIMA","LIMA",150114,14122.5000,0.0000,0.0000,"DOLARES",20230706
"BID 4","PROGRAMA DE INNOVACIÓN MODERNIZACIÓN TECNOLÓGICA Y EMPRENDIMIENTO - MIPYMES DE CALIDAD",2023,"367-PROINNOVATE-IMTEMC-2023","GARANTIZAR A NUESTROS CLIENTES Y FUTUROS CLIENTES QUE NUESTRA PRODUCCIÓN DE BANANO ORGÁNICO EN LA COOPERATIVA AGROBANANERA\, CUMPLE CON LAS BUENAS PRÁCTICAS AGRÍCOLAS MEDIANTE LA IMPLEMENTACIÓN DE LA CERTIFICACIÓN GLOBAL GAP.",20230615,20240615,"COOPERATIVA DE USUARIOS AGRO BANANERA SAN LORENZO","TAMBO GRANDE","PIURA","PIURA",200114,45000.0000,10286.0000,6857.0000,"SOLES",20230706
"FINCYT III","DINAMIZACIÓN DE ECOSISTEMAS REGIONALES DE INNOVACIÓN Y EMPRENDIMIENTO 2.0",2023,"368-PROINNOVATE-DER-2023","FORTALECIMIENTO Y ARTICULACIÓN DE LOS ACTORES DEL ECOSISTEMA DE INNOVACIÓN Y EMPRENDIMIENTO DE AREQUIPA PARA LA COMPETITIVIDAD REGIONAL",20230526,20231026,"UNIVERSIDAD CATOLICA DE SANTA MARIA","AREQUIPA","AREQUIPA","AREQUIPA",040101,1800000.0000,100000.0000,679500.0000,"SOLES",20230706
"BID 4","PROGRAMA DE INNOVACIÓN MODERNIZACIÓN TECNOLÓGICA Y EMPRENDIMIENTO - MIPYMES DIGITALES",2023,"369-PROINNOVATE-IMTEMD-2023","IMPLEMENTACIÓN DE LA PLATAFORMA E-LEARNING INNSER DE CURSOS BASADOS EN MICROLEARNING (ESPAÑOL Y PORTUGUÉS) CON CERTIFICACIÓN DE HABILIDADES PROFESIONALES EN INNOVACIÓN Y TECNOLOGÍA DIGITAL PARA EL MERCADO LABORAL.",20230619,20240519,"INNSER SOLUTIONS S.A.C.","COMAS","LIMA","LIMA",150110,45000.0000,10285.7100,6857.1400,"SOLES",20230706
"BID 4","PROGRAMA DE INNOVACIÓN MODERNIZACIÓN TECNOLÓGICA Y EMPRENDIMIENTO - MIPYMES DIGITALES",2023,"370-PROINNOVATE-IMTEMD-2023","APLICACIÓN DE NUEVAS HERRAMIENTAS TECNOLÓGICAS PARA MEJORAR LA EXPERIENCIA DE USUARIO",20230519,20240419,"PERUVIAN SERVICES & INVESTMENTS E.I.R.L.","VICTOR LARCO HERRERA","TRUJILLO","LA LIBERTAD",130111,44999.4000,10285.5600,6857.0400,"SOLES",20230706
"BID 4","PROGRAMA DE INNOVACIÓN MODERNIZACIÓN TECNOLÓGICA Y EMPRENDIMIENTO - MIPYMES DE CALIDAD",2023,"371-PROINNOVATE-IMTEMC-2023","IMPLEMENTACIÓN Y CERTIFICACIÓN DEL SISTEMA DE BUENAS PRÁCTICAS DE MANUFACTURA (BPM) EN WAYA LOOKOUT S.R.L.\, A FIN DE MEJORAR SU COMPETITIVIDAD EN EL MERCADO E INCREMENTAR LA PRODUCTIVIDAD EN SUS PROCESOS PRODUCTIVOS.",20230530,20240630,"WAYA LOOKOUT S.R.L.","AREQUIPA","AREQUIPA","AREQUIPA",040101,44999.0000,10286.0000,6857.0000,"SOLES",20230706
"BID 4","PROGRAMA DE INNOVACIÓN MODERNIZACIÓN TECNOLÓGICA Y EMPRENDIMIENTO - MIPYMES DIGITALES",2023,"372-PROINNOVATE-IMTEMD-2023","DIGITALIZACIÓN Y SISTEMATIZACIÓN DE LOS PROCESOS  PRODUCTIVOS DE LA EMPRESA ADRICAMI NEGOCIOS\, PARA SIMPLIFICAR LOS FLUJOS DE TRABAJO Y AUMENTAR LA EFICIENCIA Y PRODUCTIVIDAD.",20230526,20240426,"ADRICAMI NEGOCIOS SOCIEDAD ANONIMA CERRADA","CASTILLA","PIURA","PIURA",200104,45000.0000,10286.0000,6857.0000,"SOLES",20230706
"BID 4","PROGRAMA DE INNOVACIÓN MODERNIZACIÓN TECNOLÓGICA Y EMPRENDIMIENTO - MIPYMES DIGITALES",2023,"373-PROINNOVATE-IMTEMD-2023","DESARROLLO E IMPLEMENTACIÓN DE UNA PLATAFORMA DIGITAL PARA UNIFICAR LA GESTIÓN DE ALMACÉN DE LAS DIFERENTES TIENDAS COMERCIALES PARA LA EMPRESA LAMINADOS Y PERFILES FLORES SAC.",20230619,20240519,"LAMINADOS Y PERFILES  FLORES SOCIEDAD ANONIMA CERRADA","CHEPEN","CHEPEN","LA LIBERTAD",130401,45000.0000,10285.7100,6857.1400,"SOLES",20230706
"BID 4","PROGRAMA DE INNOVACIÓN MODERNIZACIÓN TECNOLÓGICA Y EMPRENDIMIENTO - MIPYMES DIGITALES",2023,"374-PROINNOVATE-IMTEMD-2023","DESARROLLO DE SISTEMAS DE PRODUCCIÓN\, COSTOS\, INVENTARIOS\, INTEGRADO CON CRM\, SISTEMA DE COTIZACIONES Y FACTURACIÓN PARA OPTIMIZACIÓN DE ACTIVIDADES Y PROCESOS DE INDUSTRIAS ROMASA SAC.",20230605,20240505,"INDUSTRIAS ROMASA S.A.C.","VILLA EL SALVADOR","LIMA","LIMA",150142,41400.0000,9360.0000,6240.0000,"SOLES",20230706
"BID 4","PROGRAMA DE INNOVACIÓN MODERNIZACIÓN TECNOLÓGICA Y EMPRENDIMIENTO - MIPYMES DIGITALES",2023,"375-PROINNOVATE-IMTEMD-2023","IMPLEMENTACIÓN DEL SISTEMA DE GESTIÓN EMPRESARIAL (ERP) PARA QATARI COMPANY SAC QUE PERMITA LA GESTIÓN INTEGRAL DE LOS PROCESOS: COMERCIAL\, RECURSOS HUMANOS\, LOGÍSTICA\, CONTABILIDAD\, FINANZAS Y OPERACIONES",20230530,20240330,"QATARI COMPANY S.A.C.","EL TAMBO","HUANCAYO","JUNIN",120114,45000.0000,10285.7100,6857.1400,"SOLES",20230706
"BID 4","PROGRAMA DE INNOVACIÓN MODERNIZACIÓN TECNOLÓGICA Y EMPRENDIMIENTO - MIPYMES DE CALIDAD",2023,"376-PROINNOVATE-IMTEMC-2023","MEJORA DE PROCESOS EN BASE A LA IMPLEMENTACION Y CERTIFICACION DEL SISTEMA DE GESTION DE CALIDAD\, SEGÚN LA NORMA ISO 9001:2015 EN LA EMPRESA SOCIO CONSTRUCTOR SAC",20230411,20240411,"SOCIO CONSTRUCTOR SOCIEDAD ANÓNIMA CERRADA","EL TAMBO","HUANCAYO","JUNIN",120114,33750.0000,8650.0000,5100.0000,"SOLES",20230706
"FINCYT III","MISIONES TECNOLÓGICAS",2023,"377-PROINNOVATE-MT-2023","VISITAS A LA EMPRESA BELMEX CHOCOLATES S.A. CON SU MARCA LE CAMÉLÉON CHOCOLATES\, ESCUELA AGROECOLÓGICA DE CACAO\, FINCA CHOLULA\, HACIENDA Y CHOCOLATERÍA JESÚS MARÍA\, CASA CHONTAL\, UNIVERSIDAD AUTÓNOMA BENITO JUÁREZ DE TABASCO\, MÉXICO.",20230510,20230810,"EMPRESA DE SERVICIOS GENERALES CONSULTORES E INVERSIONES ESAING S.A.C. - ESAING S.A.C.","CHOLON","MARAÑON","HUANUCO",100702,30000.0000,0.0000,0.0000,"DOLARES",20230706
"FINCYT III","MISIONES TECNOLÓGICAS",2023,"378-PROINNOVATE-MT-2023","MISIÓN TECNOLÓGICA DE EMPRESAS DEL SECTOR ALPACA A ITALIA\, PARA MEJORAR LA CAPACIDAD DE INNOVACIÓN DEL SECTOR ALPAQUERO DEL PERÚ",20230511,20230911,"OL & VA S.R.L.","ALTO SELVA ALEGRE","AREQUIPA","AREQUIPA",040102,17864.7500,0.0000,0.0000,"DOLARES",20230706
"BID 4","PROGRAMA DE INNOVACIÓN MODERNIZACIÓN TECNOLÓGICA Y EMPRENDIMIENTO - MIPYMES DE CALIDAD",2023,"379-PROINNOVATE-IMTEMC-2023","IMPLEMENTACION Y CERTIFICACIÓN DEL SISTEMA DE GESTIÓN DE CALIDAD BASADO EN LA NORMA ISO 9001:2015 PARA LA EMPRESA IMEQSA S.A.C.",20230530,20240530,"IMEQSA S.A.C.","TRUJILLO","TRUJILLO","LA LIBERTAD",130101,45000.0000,10285.7100,6857.1400,"SOLES",20230706
"BID 4","PROGRAMA DE INNOVACIÓN MODERNIZACIÓN TECNOLÓGICA Y EMPRENDIMIENTO - MIPYMES DIGITALES",2023,"380-PROINNOVATE-IMTEMD-2023","TRANSFORMAR LOS PROCESOS PRODUCTIVOS DE LA EMPRESA AGRONEGOCIOS HUAPALAS\, EN PROCESOS AUTOMATIZADOS\, PARA REDUCIR COSTOS TRANSACCIONES\, INCREMENTAR LA PRODUCTIVIDAD Y RESPONDER MEJOR AL MERCADO.",20230531,20240430,"AGRONEGOCIOS HUAPALAS E.I.R.L.","CHULUCANAS","MORROPON","PIURA",200401,45000.0000,10286.0000,6857.0000,"SOLES",20230706
"BID 4","PROGRAMA DE INNOVACIÓN MODERNIZACIÓN TECNOLÓGICA Y EMPRENDIMIENTO - MIPYMES DE CALIDAD",2023,"381-PROINNOVATE-IMTEMC-2023","MEJORA DE LOS SERVICIOS DE LOS ENSAYOS TÉCNICOS PARA LA SATISFACCIÓN DE LOS CLIENTES MEDIANTE IMPLEMENTACIÓN Y CERTIFICACIÓN DEL SISTEMA DE GESTIÓN DE CALIDAD BASADO EN LA NORMA ISO 9001:2015 PARA EL LABORATORIO GEOTECNIA & CONSTRUCCIÓN SERVICIOS GENERALES SAC",20230615,20240115,"GEOTECNIA & CONSTRUCCION SERVICIOS GENERALES S.A.C.","TRUJILLO","TRUJILLO","LA LIBERTAD",130101,30340.0000,6516.0000,4344.0000,"SOLES",20230706
"BID 4","PROGRAMA DE INNOVACIÓN MODERNIZACIÓN TECNOLÓGICA Y EMPRENDIMIENTO - MIPYMES DE CALIDAD",2023,"383-PROINNOVATE-IMTEMC-2023","IMPLEMENTACIÓN DE UN SISTEMA DE GESTIÓN DE CALIDAD EN BASE A LA NORMA ISO 9001:2015 E ISO 45001:2018 PARA LA EMPRESA GRUPO CUMA CM2 S.A.C.",20230612,20240712,"GRUPO CUMA CM2 S.A.C.","CHAVIN DE HUANTAR","HUARI","ANCASH",021004,45000.0000,15017.4600,7502.3800,"SOLES",20230706
"BID 4","PROGRAMA DE INNOVACIÓN MODERNIZACIÓN TECNOLÓGICA Y EMPRENDIMIENTO - MIPYMES DIGITALES",2023,"384-PROINNOVATE-IMTEMD-2023","IMPLEMENTACIÓN DE UN ERP PARA DIGITALIZAR\, AUTOMATIZAR E INTEGRAR LOS PROCESOS OPERATIVOS\, COMERCIALES Y DE SOPORTE DE LA EMPRESA TODO SURF PERÚ PARA EL INCREMENTO DE SU PRODUCTIVIDAD Y EFICIENCIA.",20230607,20240307,"TODO SURF SHOP S.A.C.","MIRAFLORES","LIMA","LIMA",150122,45000.0000,10720.4900,6857.1400,"SOLES",20230706
"FINCYT III","MISIONES TECNOLÓGICAS",2023,"385-PROINNOVATE-MT-2023","MISIÓN TECNOLÓGICA A ECUADOR SOBRE AGROFORESTERÍA SUCESIONAL PARA LA CADENA PRODUCTIVA DE CACAO - OBSERVACIÓN TECNOLÓGICA PROYECTO FINCA UNOCACE",20230510,20230710,"CENTRAL DE COOPERATIVAS AGRARIAS CACAO AROMA DE TOCACHE LTDA. (CECAT)","TOCACHE","TOCACHE","SAN MARTIN",221001,18360.0000,0.0000,0.0000,"DOLARES",20230706
"BID 4","PROGRAMA DE INNOVACIÓN MODERNIZACIÓN TECNOLÓGICA Y EMPRENDIMIENTO - MIPYMES DE CALIDAD",2023,"386-PROINNOVATE-IMTEMC-2023","PROYECTO PARA LA IMPLEMENTACIÓN DE UN SISTEMA DE GESTIÓN DE LA CALIDAD BASADO EN LA NORMA ISO 9001:2015 PARA EL POSICIONAMIENTO EN MERCADO DE LA EMPRESA SESAMAT EIRL DE LA REGIÓN  MOQUEGUA",20230612,20240712,"SESAMAT E.I.R.L.","PACOCHA","ILO","MOQUEGUA",180303,45000.0000,10308.0000,6835.7000,"SOLES",20230706
"BID 4","PROGRAMA DE INNOVACIÓN MODERNIZACIÓN TECNOLÓGICA Y EMPRENDIMIENTO - MIPYMES DE CALIDAD",2023,"387-PROINNOVATE-IMTEMC-2023","IMPLEMENTACION Y CERTIFICACION DE UN SISTEMA DE GESTION DE CALIDAD BAJO LA NORMA ISO 9001 EN LA EMPRESA SERVICIOS INTEGRALES PALOMINO EN SUS PROCESOS DE COMERCIALIZACIÓN DE PRODUCTOS Y SERVICIOS DE MANTENIMIENTO PARA VEHÍCULOS LIVIANOS",20230612,20240712,"SERVICIOS INTEGRALES PALOMINO E.I.R.L.","SAN SEBASTIAN","CUSCO","CUSCO",080105,44995.0000,10290.0000,6857.0000,"SOLES",20230706
"BID 4","PROGRAMA DE INNOVACIÓN MODERNIZACIÓN TECNOLÓGICA Y EMPRENDIMIENTO - MIPYMES DIGITALES",2023,"388-PROINNOVATE-IMTEMD-2023","INTEGRACIÓN DE LOS PROCESOS  DE GESTIÓN ESCOLAR  EN COMPLEJO EDUCATIVO PRIVADO LA CATÓLICA  GEM",20230609,20240109,"COMPLEJO EDUCATIVO PRIVADO LA CATOLICA - GEM S.A.C.","PILCOMAYO","HUANCAYO","JUNIN",120125,45000.0000,10285.7200,6857.1400,"SOLES",20230706
"BID 4","PROGRAMA DE INNOVACIÓN MODERNIZACIÓN TECNOLÓGICA Y EMPRENDIMIENTO - MIPYMES DE CALIDAD",2023,"389-PROINNOVATE-IMTEMC-2023","IMPLEMENTACIÓN Y CERTIFICACIÓN DE UN SISTEMA DE GESTIÓN DE LA CALIDAD DE ACUERDO AL ESTÁNDAR INTERNACIONAL ISO 9001:2015 EN LA EMPRESA STEC INGENIERIAPERUS.A.C.",20230530,20240530,"STEC INGENIERIA PERU S.A.C.","SAN ANDRES","PISCO","ICA",110506,44920.0000,10265.1400,6843.4300,"SOLES",20230706
"BID 4","PROGRAMA DE INNOVACIÓN MODERNIZACIÓN TECNOLÓGICA Y EMPRENDIMIENTO - MIPYMES DIGITALES",2023,"390-PROINNOVATE-IMTEMD-2023","IMPLEMENTACION DE MARKETING DIGITAL PARA ALCANZAR SEGMENTOS  DE  MERCADO  OBJETIVO  E  INCREMENTAR  LAS VENTAS",20230613,20240313,"PARKING SOLUTIONS S.A.C.","MIRAFLORES","LIMA","LIMA",150122,45000.0000,10720.4900,6857.1400,"SOLES",20230706
"BID 4","PROGRAMA DE INNOVACIÓN MODERNIZACIÓN TECNOLÓGICA Y EMPRENDIMIENTO - MIPYMES DIGITALES",2023,"391-PROINNOVATE-IMTEMD-2023","DIAGNÓSTICO E IMPLEMENTACIÓN DE SERVICIOS DIGITALES QUE OPTIMICEN LA GESTIÓN ADMINISTRATIVA Y FORTALEZCAN EL CANAL COMERCIAL DE BBG DIGITAL CONSULTING S.A.C.",20230525,20240525,"BBG DIGITAL CONSULTING S.A.C.","PUEBLO LIBRE","LIMA","LIMA",150121,44900.0000,10260.0000,6840.0000,"SOLES",20230706
"BID 4","PROYECTOS DE VALIDACIÓN DE LA INNOVACIÓN",2023,"392-PROINNOVATE-PIEC2-2023","VALIDACIÓN TÉCNICA\, COMERCIAL Y EMPAQUETAMIENTO DE WEEARE\, PLATAFORMA INNOVADORA DE BENEFICIOS/REGALOS CORPORATIVOS QUE PERMITE GESTIONAR Y COMUNICAR DE MANERA SEGMENTADA DESCUENTOS\, PROMOCIONES Y REGALOS CON CLIENTES Y/O COLABORADORES.",20230601,20240401,"TRADING TECH LAB SOCIEDAD ANONIMA CERRADA - TRADING TECH LAB S.A.C.","MIRAFLORES","LIMA","LIMA",150122,500000.0000,83335.0000,175800.0000,"SOLES",20230706
"BID 4","PROGRAMA DE INNOVACIÓN MODERNIZACIÓN TECNOLÓGICA Y EMPRENDIMIENTO - MIPYMES DE CALIDAD",2023,"393-PROINNOVATE-IMTEMC-2023","IMPLEMENTACION Y CERTIFICACION DEL SISTEMA DE GESTION DE SEGURIDAD Y SALUD EN EL TRABAJO EN LA EMPRESA VIDA &SEG S.A.C.",20230619,20240719,"VIDA & SEG S.A.C.","TRUJILLO","TRUJILLO","LA LIBERTAD",130101,45000.0000,10286.0000,6857.0000,"SOLES",20230706
"BID 4","PROGRAMA DE INNOVACIÓN MODERNIZACIÓN TECNOLÓGICA Y EMPRENDIMIENTO - MIPYMES DE CALIDAD",2023,"394-PROINNOVATE-IMTEMC-2023","IMPLEMENTACIÓN DEL SISTEMA INTEGRADO DE GESTIÓN DE CALIDAD\, SEGURIDAD Y SALUD EN EL TRABAJO Y MEDIO AMBIENTE BASADO EN LAS NORMAS ISO 9001\, ISO 45001 E ISO 14001 EN LA EMPRESA JUAN RUCOBA MINING PARA GARANTIZAR LA CALIDAD DE SERVICIO DE EXCAVACIÓN DE CHIMENEAS",20230613,20240713,"JUAN & RUCOBA MINING S.A.C.-J & R MINING S.A.C.","CARABAYLLO","LIMA","LIMA",150106,45000.0000,10286.0000,6857.0000,"SOLES",20230706
"BID 4","PROGRAMA DE INNOVACIÓN MODERNIZACIÓN TECNOLÓGICA Y EMPRENDIMIENTO - MIPYMES DE CALIDAD",2023,"396-PROINNOVATE-IMTEMC-2023","IMPLEMENTACIÓN Y CERTIFICACIÓN DE LA NORMA ISO 9001 PARA LA EMPRESA KOSKO PERU S.A.C. COMO PARTE DE LA PLANIFICACIÓN DE NUESTRO CRECIMIENTO.",20230518,20240618,"KOSKO PERU SOCIEDAD ANONIMA CERRADA - KOSKO PERU S.A.C.","CAYMA","AREQUIPA","AREQUIPA",040103,44995.0000,10290.0000,6857.0000,"SOLES",20230706
"BID 4","PROGRAMA DE INNOVACIÓN MODERNIZACIÓN TECNOLÓGICA Y EMPRENDIMIENTO - MIPYMES DIGITALES",2023,"397-PROINNOVATE-IMTEMD-2023","MEJORAR PROCESOS DE COMPRA\, FACTURACIÓN\, ALMACÉN\, RECURSOS HUMANOS E INTEGRARLOS A TRAVÉS DE UN SOFTWARE\, COMO UNA PRIMERA FASE DE UN SISTEMA DE TIPO PLANIFICACIÓN DE RECURSOS EMPRESARIALES (ERP) CON LA FINALIDAD DE LOGRAR LA EXCELENCIA OPERATIVA.",20230605,20240105,"TIP NETWORKS PERU S.A.C.","SANTIAGO DE SURCO","LIMA","LIMA",150140,45000.0000,10285.7200,6857.1400,"SOLES",20230706
"BID 4","PROGRAMA DE INNOVACIÓN MODERNIZACIÓN TECNOLÓGICA Y EMPRENDIMIENTO - MIPYMES DE CALIDAD",2023,"398-PROINNOVATE-IMTEMC-2023","PROYECTO DE IMPLEMENTACIÓN Y CERTIFICACIÓN DE UN SISTEMA DE GESTIÓN DE CALIDAD BASADO EN LA NORMA ISO 9001:2015 EN LA EMPRESA INVESTMENT GROUP S.A.C.",20230605,20240705,"INVESTMENT GROUP S.A.C.","SAN ISIDRO","LIMA","LIMA",150131,45000.0000,10285.7100,6857.1400,"SOLES",20230706
"FINCYT III","MISIONES TECNOLÓGICAS",2023,"400-PROINNOVATE-MT-2023","MISIÓN TECNOLÓGICA A LA FERIA INTERNACIONAL ITMA 2023 EN MILÁN - ITALIA\, PARA OBTENER CONOCIMIENTOS EN AVANCES EN MATERIAS PRIMAS INTELIGENTES\, AUTOMATIZACIÓN\, DIGITALIZACIÓN Y SOSTENIBILIDAD CIRCULAR EN EL SECTOR TEXTIL.",20230430,20230630,"FABRICA DE CONFECCIONES PARETTO SOCIEDAD ANONIMA CERRADA","AREQUIPA","AREQUIPA","AREQUIPA",040101,24880.0000,0.0000,0.0000,"DOLARES",20230706
"FINCYT III","MISIONES TECNOLÓGICAS",2023,"402-PROINNOVATE-MT-2023","MISIÓN TECNOLÓGICA A LA ESCOLA DO MAR - PROYECTO A MAR EN ILHA BELA - BRASIL\, PARA EL FORTALECIMIENTO DE LAS CAPACIDADES DE INNOVACIÓN EN CHARCUTERIA PARA LA ABSORCIÓN Y ADAPTACIÓN DE NUEVOS PROCESOS EN PRODUCTOS Y SUBPRODUCTOS DE PECES AMAZÓNICOS CON ENFOQUE DE ECONOMÍA CIRCULAR PARA LA PROMOCIÓN ESTRATÉGICA DEL SECTOR GASTRONÓMICO\, ACUÍCOLA Y PESCA EN LA REGIÓN SAN MARTIN.",20230430,20230630,"SIAMBA S.A.C.","TARAPOTO","SAN MARTIN","SAN MARTIN",220901,19350.0000,0.0000,0.0000,"DOLARES",20230706
"FINCYT III","MISIONES TECNOLÓGICAS",2023,"403-PROINNOVATE-MT-2023","MISIÓN TECNOLÓGICA AL 12VO SEMINARIO - TALLER \"PRODEM\" EN BOGOTÁ - COLOMBIA\, PARA EL DESARROLLO DE CAPACIDADES PROFESIONALES EN INICIATIVAS DE FOMENTO AL EMPRENDIMIENTO Y LA INNOVACIÓN EN AMÉRICA LATINA.",20230430,20230630,"SYSA INV S FINANZAS S.R.LTDA","PUEBLO LIBRE","LIMA","LIMA",150121,6480.0000,0.0000,0.0000,"DOLARES",20230706
"BID 4","PROYECTOS DE VALIDACIÓN DE LA INNOVACIÓN",2023,"406-PROINNOVATE-PIEC2-2023","PAGOSYA - EL EMARKETPLACE FINANCIERO PARA MYPES/PYMES DONDE FINANCIAN SUS FACTURAS CON DIFERENTES ENTIDADES FINANCIERAS",20230605,20240605,"BIZLINKS S.A.C.","MIRAFLORES","LIMA","LIMA",150122,190186.4500,40853.5500,86200.0000,"SOLES",20230706
"BID 4","PROGRAMA DE INNOVACIÓN MODERNIZACIÓN TECNOLÓGICA Y EMPRENDIMIENTO - MIPYMES DIGITALES",2023,"407-PROINNOVATE-IMTEMD-2023","POTENCIACION MEDIANTE LA IMPLEMENTACION DEL ECOMMERCE DE LA EMPRESA MALAK RESTO BAR S.A.C. DE LA REGION AREQUIPA",20230619,20240519,"MALAK RESTO - BAR SOCIEDAD ANONIMA CERRADA","SACHACA","AREQUIPA","AREQUIPA",040117,45000.0000,10285.7100,6857.1400,"SOLES",20230706
"BID 4","PROGRAMA DE INNOVACIÓN MODERNIZACIÓN TECNOLÓGICA Y EMPRENDIMIENTO - MIPYMES DE CALIDAD",2023,"408-PROINNOVATE-IMTEMC-2023","OBTENCIÓN DE LA CERTIFICACIÓN ISO 9001:2015 PARA EL SISTEMA DE GESTIÓN DE CALIDAD DE LA EMPRESA GREEN FIELDS COMPANY SAC",20230605,20240605,"GREEN FIELDS COMPANY S.A.C.","BREÑA","LIMA","LIMA",150105,44760.0000,10224.0000,6816.0000,"SOLES",20230706
"FINCYT III","MISIONES TECNOLÓGICAS",2023,"409-PROINNOVATE-MT-2023","MISIÓN TECNOLÓGICA A LA FERIA \"HOSPITALAR\" 2023 EN SAO PAULO - BRASIL\, PARA EL FORTALECIMIENTO PROFESIONAL Y TENDENCIAS EN TECNOLOGÍA DEL SECTOR SALUD PARA SU APLICACIÓN EN LA REGIÓN LA LIBERTAD.",20230430,20230630,"CAMARA DE COMERCIO Y PRODUCCION DE LA LI BERTAD","TRUJILLO","TRUJILLO","LA LIBERTAD",130101,9817.9900,0.0000,0.0000,"DOLARES",20230706
"FINCYT III","MISIONES TECNOLÓGICAS",2023,"410-PROINNOVATE-MT-2023","MISIÓN TECNOLÓGICA A LA FERIA ITMA 2023 EN MILÁN - ITALIA\, PARA EL FORTALECIMIENTO DE CAPACIDADES Y ACCESO A ÚLTIMAS INNOVACIONES DE LA INDUSTRIA TEXTIL PARA LA COMPETITIVIDAD DE LAS MYPES DEL SECTOR.",20230430,20230630,"FNX S.A.C.","PUEBLO LIBRE","LIMA","LIMA",150121,18130.0000,0.0000,0.0000,"DOLARES",20230706
"FINCYT III","PASANTIAS TECNOLÓGICAS",2023,"411-PROINNOVATE-PT-2023","ENTRENAMIENTO Y CAPACITACIÓN EN MEJORAMIENTO GENÉTICO Y MANEJO REPRODUCTIVO DE OVEJAS LECHERAS USANDO TÉCNICAS AVANZADAS DE REPRODUCCIÓN ASISTIDA",20230511,20230711,"VIVANCO INTERNATIONAL SOCIEDAD ANONIMA CERRADA - VIVANCO INTERNATIONAL S.A.C.","LA MOLINA","LIMA","LIMA",150114,11800.0000,3300.0000,3100.0000,"DOLARES",20230706
"BID 4","PROGRAMA DE INNOVACIÓN MODERNIZACIÓN TECNOLÓGICA Y EMPRENDIMIENTO - MIPYMES DE CALIDAD",2023,"412-PROINNOVATE-IMTEMC-2023","IMPLEMENTACIÓN Y CERTIFICACIÓN DEL SISTEMA DE GESTIÓN DE SEGURIDAD Y SALUD EN EL TRABAJO ISO 45001:2018",20230612,20240612,"AISLAMIENTO INKA S.A.C.","CALLAO","PROV. CONST. DEL CALLAO","CALLAO",070101,44684.8600,10258.3800,6838.9200,"SOLES",20230706
"BID 4","PROGRAMA DE INNOVACIÓN MODERNIZACIÓN TECNOLÓGICA Y EMPRENDIMIENTO - MIPYMES DIGITALES",2023,"415-PROINNOVATE-IMTEMD-2023","IMPLEMENTACIÓN DE ERP EN MODALIDAD SAAS\, PARA LA INTEGRACIÓN Y MEJORA DE LA PRODUCTIVIDAD DE LOS PROCESOS COMERCIALES\, OPERATIVOS Y ADMINISTRATIVOS DE LA EMPRESA INNOVALINK SAC",20230619,20240519,"INNOVALINK S.A.C.","MIRAFLORES","LIMA","LIMA",150122,45000.0000,10286.0000,6857.0000,"SOLES",20230706
"BID 4","PROGRAMA DE INNOVACIÓN MODERNIZACIÓN TECNOLÓGICA Y EMPRENDIMIENTO - MIPYMES DE CALIDAD",2023,"416-PROINNOVATE-IMTEMC-2023","IMPLEMENTACIÓN Y CERTIFICACIÓN DE UN SISTEMA DE GESTIÓN DE CALIDAD EN LA ISO 9001:2015 Y ISO 14001:2015\, PARA MEJORAR LA OFERTA DE SERVICIOS DE TRATAMIENTO DE AGUAS RESIDUALES DE LAS CURTIEMBRES DEL PIRS  DE AREQUIPA.",20230612,20240712,"ANDINA PIELES EXPORT S.A.C.","CERRO COLORADO","AREQUIPA","AREQUIPA",040104,45000.0000,10285.7200,6857.1400,"SOLES",20230706
"BID 4","PROGRAMA DE INNOVACIÓN MODERNIZACIÓN TECNOLÓGICA Y EMPRENDIMIENTO - MIPYMES DE CALIDAD",2023,"417-PROINNOVATE-IMTEMC-2023","DIAGNÓSTICO\, IMPLEMENTACIÓN Y CERTIFICACIÓN EN BUENAS PRÁCTICAS DE MANUFACTURA PARA EL PROCESO DE ACEITE DE OLIVA VIRGEN DE LA EMPRESA OLITAMBO",20230530,20240229,"OLITAMBO SOCIEDAD ANONIMA CERRADA - OLITAMBO S.A.C","LA YARADA LOS PALOS","TACNA","TACNA",230111,45000.0000,11001.0000,6142.0000,"SOLES",20230706
"BID 4","PROGRAMA DE INNOVACIÓN MODERNIZACIÓN TECNOLÓGICA Y EMPRENDIMIENTO - MIPYMES DE CALIDAD",2023,"418-PROINNOVATE-IMTEMC-2023","IMPLEMENTACIÓN Y CERTIFICACIÓN DEL SISTEMA DE GESTIÓN DE LA CALIDAD ISO 9001 EN LA EMPRESA AZL INGENIERIA & GESTION S.A.C.",20230530,20240630,"AZL INGENIERIA & GESTION S.A.C.","SAN JUAN DE LURIGANCHO","LIMA","LIMA",150132,45000.0000,10286.0000,6857.0000,"SOLES",20230706
"BID 4","PROYECTOS DE VALIDACIÓN DE LA INNOVACIÓN",2023,"419-PROINNOVATE-PIEC2-2023","VALIDACIÓN TÉCNICA-COMERCIAL DE UAYKI\, SISTEMA PORTÁTIL INNOVADOR DE BAJO COSTO PARA ACORTAR LA BRECHA DIGITAL DE COMUNIDADES SIN ACCESO A INTERNET.",20230606,20241206,"ÜAIKI S.A.C.","LURIGANCHO","LIMA","LIMA",150118,400000.0000,66675.2200,187399.5000,"SOLES",20230706
"BID 4","PROYECTOS DE VALIDACIÓN DE LA INNOVACIÓN",2023,"420-PROINNOVATE-PIEC2-2023","VALIDACIÓN TÉCNICA-COMERCIAL DE PLATAFORMA TECNOLÓGICA E INTELIGENTE DE FINANCIAMIENTO PARTICIPATIVO (CROWDLENDING\, CROWDFUNDING Y CROWDFUNDING INMOBILIARIO): INVERSIONES IO",20230529,20240329,"INVERSIONES.IO PERU SOCIEDAD ADMINISTRADORA DE PLATAFORMA DE FINANCIAMIENTO PARTICIPATIVO FINANCIER","MIRAFLORES","LIMA","LIMA",150122,399288.1500,69711.8500,122000.0000,"SOLES",20230706
"BID 4","PROGRAMA DE INNOVACIÓN MODERNIZACIÓN TECNOLÓGICA Y EMPRENDIMIENTO - MIPYMES DIGITALES",2023,"421-PROINNOVATE-IMTEMD-2023","REESTRUCTURACIÓN DE LA PLATAFORMA DIGITAL DE BIOACTIVA PARA OPTIMIZAR LA VENTA DEL PORTAFOLIO DE SERVICIOS Y EXPLORACIÓN DE NUEVAS LÍNEAS DE NEGOCIO",20230619,20240519,"BIOACTIVA  S.A.C","CHORRILLOS","LIMA","LIMA",150108,45000.0000,10285.8000,6857.1000,"SOLES",20230706
"BID 4","PROGRAMA DE INNOVACIÓN MODERNIZACIÓN TECNOLÓGICA Y EMPRENDIMIENTO - MIPYMES DIGITALES",2023,"423-PROINNOVATE-IMTEMD-2023","DIGITALIZAR Y OPTIMIZAR NUESTROS PROCESOS DE TRANSPORTE DE CARGA POR MEDIO DE LA APLICACIÓN DE HERRAMIENTAS COLABORATIVAS (ERP) Y EL USO DE LA TELEMETRÍA",20230609,20240509,"CORPORACION DE SERVICIOS MOQUEGUA EMPRESA INDIVIDUAL DE RESPONSABILIDAD LIMITADA-CORMOQUEGUA E.I.R.L","MOQUEGUA","MARISCAL NIETO","MOQUEGUA",180101,45000.0000,14400.0000,25600.0000,"SOLES",20230706
"BID 4","PROYECTOS DE VALIDACIÓN DE LA INNOVACIÓN",2023,"425-PROINNOVATE-PIEC2-2023","VALIDACIÓN DE LA INNOVACIÓN DE UN SISTEMA DE FABRICACIÓN DE GELPACKS ?KHUTU? QUE PERMITA REDUCIR DERRAMES POR FRICCIÓN\, DURANTE EL TRANSPORTE DE PRODUCTOS BIOLÓGICOS EN CADENAS DE FRÍO A NIVEL NACIONAL DESARROLLADO POR INTEGRACION LDCH SOCIEDAD ANONIMA CERRADA",20230529,20240529,"INTEGRACION LDCH SOCIEDAD ANONIMA CERRADA - ILDCH S.A.C.","AREQUIPA","AREQUIPA","AREQUIPA",040101,459185.5200,81847.8100,201000.0000,"SOLES",20230706
"BID 4","PROGRAMA DE INNOVACIÓN MODERNIZACIÓN TECNOLÓGICA Y EMPRENDIMIENTO - MIPYMES DE CALIDAD",2023,"426-PROINNOVATE-IMTEMC-2023","IMPLEMENTACIÓN Y CERTIFICACIÓN DE UN SISTEMA DE GESTIÓN DE CALIDAD BASADO EN LA NORMA ISO 9001:2015 EN LOS PROCESOS DE COMERCIALIZACIÓN\, OPERATIVA Y VENTA DE LA EMPRESA KJG SERVICIOS GENERALES E.I.R.L",20230518,20240618,"KJG SERVICIOS GENERALES E.I.R.L.","ALTO SELVA ALEGRE","AREQUIPA","AREQUIPA",040102,44999.0000,10286.0000,6857.0000,"SOLES",20230706
"BID 4","PROGRAMA DE INNOVACIÓN MODERNIZACIÓN TECNOLÓGICA Y EMPRENDIMIENTO - MIPYMES DE CALIDAD",2023,"427-PROINNOVATE-IMTEMC-2023","IMPLEMENTACIÓN Y CERTIFICACIÓN DE LA TRINORMA (ISO 9001:2015\, ISO 14001:2015 E ISO 45001:2018) PARA EL SERVICIO DE FABRICACIÓN Y MONTAJE DE ESTRUCTURAS METÁLICAS Y SERVICIOS METALMECÁNICOS\, CIVILES Y ELECTROMECÁNICOS.",20230529,20240629,"SERVICIOS MULTIPLES VEDD EMPRESA INDIVIDUAL DE RESP. LTDA. - SERVICIOS MULTIPLES VEDD E.I.R.L.","PISCO","PISCO","ICA",110501,45000.0000,10286.0000,6857.0000,"SOLES",20230706
"BID 4","PROGRAMA DE INNOVACIÓN MODERNIZACIÓN TECNOLÓGICA Y EMPRENDIMIENTO - MIPYMES DE CALIDAD",2023,"428-PROINNOVATE-IMTEMC-2023","IMPLEMENTACION Y CERTIFICACION DEL SISTEMA DE GESTION DE CALIDAD BASADO EN LA NORMA ISO 9001:2015",20230623,20231123,"OPEX BUSINESS PARTNER E.I.R.L.","LA MOLINA","LIMA","LIMA",150114,29500.0000,6300.0000,4200.0000,"SOLES",20230706
"BID 4","PROGRAMA DE INNOVACIÓN MODERNIZACIÓN TECNOLÓGICA Y EMPRENDIMIENTO - MIPYMES DE CALIDAD",2023,"429-PROINNOVATE-IMTEMC-2023","INCREMENTO DE LA PRODUCTIVIDAD EN LA EMPRESA BIOMAB E.I.R.L.MEDIANTE LA IMPLEMENTACION DE  UN ISO 9001",20230605,20240705,"BIOMAB E.I.R.L.","PAUCARPATA","AREQUIPA","AREQUIPA",040112,44998.0000,10287.0000,6857.0000,"SOLES",20230706
"BID 4","PROGRAMA DE INNOVACIÓN MODERNIZACIÓN TECNOLÓGICA Y EMPRENDIMIENTO - MIPYMES DE CALIDAD",2023,"430-PROINNOVATE-IMTEMC-2023","DIAGNOSTICO\, IMPLEMENTACION Y CERTIFICACION DE LA NORMA ORGANICA BIO SUISSE  EN LOS CAMPOS DE CAFÉ DE LA COOPERATIVA AGRARIA CAFETALERA CENTRAL ALTA MONTAÑA",20230612,20240712,"COOPERATIVA AGRARIA CAFETALERA CENTRAL ALTA MONTAÑA","PICHANAQUI","CHANCHAMAYO","JUNIN",120303,45000.0000,10285.7100,6857.1400,"SOLES",20230706
"BID 4","PROGRAMA DE INNOVACIÓN MODERNIZACIÓN TECNOLÓGICA Y EMPRENDIMIENTO - MIPYMES DE CALIDAD",2023,"432-PROINNOVATE-IMTEMC-2023","IMPLEMENTACIÓN Y CERTIFICACIÓN DE LA NORMA ISO 9001:2015 EN LA EMPRESA RHGO24 S.A.C.",20230328,20240428,"RHGO24 S.A.C.","SAN ISIDRO","LIMA","LIMA",150131,45000.0000,10285.7200,6857.1400,"SOLES",20230706
"BID 4","PROGRAMA DE INNOVACIÓN MODERNIZACIÓN TECNOLÓGICA Y EMPRENDIMIENTO - MIPYMES DE CALIDAD",2023,"434-PROINNOVATE-IMTEMC-2023","IMPLEMENTACIÓN DE UN SISTEMA DE GESTIÓN AMBIENTAL Y CERTIFICACIÓN DE  LA NORMA ISO 14001 PARA LA EMPRESA IMVERSO E.I.R.L.",20230616,20240716,"IMPULSA INVERSIONES Y SOLUCIONES E.I.R.L. - IMVERSO E.I.R.L.","JOSE LUIS BUSTAMANTE Y RIVERO","AREQUIPA","AREQUIPA",040129,44990.0000,10295.0000,6857.0000,"SOLES",20230706
"BID 4","EMPRENDIMIENTOS DINAMICOS",2023,"435-PROINNOVATE-EDI-2023","AINHOA BIO: DESARROLLO DE LÍNEA DE COSMÉTICA NATURAL LOWCOST CON PANTALLA SOLAR EXTRAÍDA DE RESIDUOS AGRÍCOLAS DE LA BIODIVERSIDAD PERUANA APLICANDO LA BIOTECNOLOGÍA PARA COMBATIR EL CÁNCER DE PIEL.",20230607,20240307,"AINHOA BIO PERU S.A.C.","ATE","LIMA","LIMA",150103,150000.0000,24843.8200,42857.1400,"SOLES",20230706
"BID 4","PROGRAMA DE INNOVACIÓN MODERNIZACIÓN TECNOLÓGICA Y EMPRENDIMIENTO - MIPYMES DIGITALES",2023,"438-PROINNOVATE-IMTEMD-2023","IMPULSO DEL CRECIMIENTO DE ACAPA ANDINA AGROMIN S.A.C. MEDIANTE E-COMMERCE Y ESTRATEGIAS DE MARKETING DIGITAL",20230530,20240430,"ACAPA ANDINA AGROMIN S.A.C.","MIRAFLORES","LIMA","LIMA",150122,45000.0000,10285.7100,6857.1400,"SOLES",20230706
"BID 4","PROGRAMA DE INNOVACIÓN MODERNIZACIÓN TECNOLÓGICA Y EMPRENDIMIENTO - MIPYMES DIGITALES",2023,"439-PROINNOVATE-IMTEMD-2023","IMPLEMENTACIÓN DE UN SISTEMA ERP INTEGRAL PARA LA MEJORA DE PROCESOS ADMINISTRATIVOS Y OPERATIVOS",20230601,20240501,"SCAF CONTROL SYSTEMS S.A.C.","LIMA","LIMA","LIMA",150101,45000.0000,10285.7100,6857.1400,"SOLES",20230706
"BID 4","PROGRAMA DE INNOVACIÓN MODERNIZACIÓN TECNOLÓGICA Y EMPRENDIMIENTO - MIPYMES DE CALIDAD",2023,"441-PROINNOVATE-IMTEMC-2023","CERTIFICACIÓN DE CALIDAD EN LOS SERVICIOS DE D&S MANTENIMIENTO Y SERVICIO S.A.C",20230627,20240627,"D & S MANTENIMIENTO Y SERVICIO SOCIEDAD ANONIMA CERRADA","CERRO COLORADO","AREQUIPA","AREQUIPA",040104,45000.0000,10285.7200,6857.1400,"SOLES",20230706
"BID 4","PROGRAMA DE INNOVACIÓN MODERNIZACIÓN TECNOLÓGICA Y EMPRENDIMIENTO - MIPYMES DIGITALES",2023,"445-PROINNOVATE-IMTEMD-2023","DISEÑO E IMPLEMENTACIÓN DE ESTRATEGIAS Y HERRAMIENTAS DIGITALES QUE PERMITAN EL DESARROLLO Y MEJORA DE NUESTROS PROCESOS COMERCIALES",20230601,20240301,"ISI GROUP S.A.C.","MIRAFLORES","LIMA","LIMA",150122,45000.0000,10720.4900,6857.1400,"SOLES",20230706
"BID 4","PROGRAMA DE INNOVACIÓN MODERNIZACIÓN TECNOLÓGICA Y EMPRENDIMIENTO - MIPYMES DIGITALES",2023,"446-PROINNOVATE-IMTEMD-2023","IMPLEMENTACIÓN DE ESTRATEGIAS DE MARKETING DIGITAL QUE INCREMENTEN LA EFECTIVIDAD DEL PROCESO DE VENTAS",20230613,20240313,"INVERSIONES OCEANO PACIFICO S.A.C.","BARRANCO","LIMA","LIMA",150104,45000.0000,10720.4900,6857.1400,"SOLES",20230706
"BID 4","PROYECTOS DE VALIDACIÓN DE LA INNOVACIÓN",2023,"447-PROINNOVATE-PIEC2-2023","VALIDACIÓN TÉCNICA COMERCIAL DE LATITUD: PLATAFORMA DIGITAL DE GESTIÓN INTEGRAL DE SERVICIOS INMOBILIARIOS QUE CONECTA A VENDEDORES CON CONSTRUCTORAS Y PROMOTORAS EN EL PERÚ.",20230613,20240513,"WASIIKI INVERSIONES S.A.C.","MIRAFLORES","LIMA","LIMA",150122,284701.7000,48559.3200,105500.0000,"SOLES",20230706
"BID 4","PROGRAMA DE INNOVACIÓN MODERNIZACIÓN TECNOLÓGICA Y EMPRENDIMIENTO - MIPYMES DE CALIDAD",2023,"448-PROINNOVATE-IMTEMC-2023","IMPLEMENTACION Y CERTIFICACION DE LAS NORMAS ORGANICAS PARA LA MEJORA DE LA COMERCIALIZACION EN LA COOPERATIVA AGROECOLICOS  MOUNTAIN FRUITS ORGANIC - VRAEM",20230630,20240730,"COOPERATIVA AGROECOLOGICOS MOUNTAIN FRUITS ORGANIC - VRAEM","PICHANAQUI","CHANCHAMAYO","JUNIN",120303,40000.0000,9000.0000,6000.0000,"SOLES",20230706
"BID 4","PROGRAMA DE INNOVACIÓN MODERNIZACIÓN TECNOLÓGICA Y EMPRENDIMIENTO - MIPYMES DE CALIDAD",2023,"449-PROINNOVATE-IMTEMC-2023","CONSOLIDACIÓN DE ECOINCA SAC EN EL MERCADO INTERNACIONAL A TRAVÉS DE LA CERTIFICACIÓN DEL SISTEMA HACCP EN LA LÍNEA DE FRACCIONAMIENTO DE GRANOS\, LEGUMINOSAS Y FRUTOS ANDINOS  - LIMA\, PERÚ",20230531,20240331,"ECOINCA S.A.C.","MIRAFLORES","LIMA","LIMA",150122,45000.0000,10285.7100,6857.1400,"SOLES",20230706
"BID 4","PROYECTOS DE VALIDACIÓN DE LA INNOVACIÓN",2023,"451-PROINNOVATE-PIEC2-2023","VALIDACIÓN TÉCNICA Y COMERCIAL DEL FIBER MED: MEDULÓMETRO INTELIGENTE PARA LA EVALUACIÓN DE LA CALIDAD DE FIBRAS DE DIVERSAS ESPECIES ANIMALES DESTINADAS A LA INDUSTRIA TEXTIL",20230619,20240819,"NATURAL FIBER'S TECH SOCIEDAD ANONIMA CERRADA","LA MOLINA","LIMA","LIMA",150114,339479.3300,71637.0000,63100.0000,"SOLES",20230706
"BID 4","PROGRAMA DE INNOVACIÓN MODERNIZACIÓN TECNOLÓGICA Y EMPRENDIMIENTO - MIPYMES DE CALIDAD",2023,"452-PROINNOVATE-IMTEMC-2023","CERTIFICACIÓN DEL SISTEMA DE GESTIÓN DE CALIDAD CON BASE EN LA NORMA ISO 9001:2015 EN LA EMPRESA LEANDRO IMANOL S.A.C.\, A FIN DE MEJORAR SUS PROCESOS OPERATIVOS Y SATISFACIENDO LAS NECESIDADES DE LOS CLIENTES",20230602,20240702,"LEANDRO IMANOL SOCIEDAD ANONIMA CERRADA - LEANDRO IMANOL S.A.C.","AREQUIPA","AREQUIPA","AREQUIPA",040101,44995.0000,10290.0000,6857.0000,"SOLES",20230706
"BID 4","EMPRENDIMIENTOS DINAMICOS",2023,"456-PROINNOVATE-EDI-2023","KASHIN PAY\, MEDIO DE PAGOS DIGITAL PARA MICROEMPRESARIOS",20230619,20240419,"TRUSTEK S.A.C.","PUNTA HERMOSA","LIMA","LIMA",150126,149966.1000,26993.9000,40500.0000,"SOLES",20230706
"BID 4","EMPRENDIMIENTOS DINAMICOS",2023,"459-PROINNOVATE-EDI-2023","ALTERA\, UNA FINANCIERA 100% DIGITAL PARA NEGOCIOS",20230614,20240414,"ALTERA FINANCE S.A.C.","LIMA","LIMA","LIMA",150101,146000.5200,21199.4600,41400.0000,"SOLES",20230706
"BID 4","EMPRENDIMIENTOS DINAMICOS",2023,"460-PROINNOVATE-EDI-2023","KARIN ECOFISH -  VENTA VIRTUAL DE PRODUCTOS MARINOS  CON SOSTENIBILIDAD AMBIENTAL-RESIDUOS CERO",20230607,20240307,"KARIN ECOFISH E.I.R.L","SANTIAGO DE SURCO","LIMA","LIMA",150140,146360.0000,23500.0000,39350.0000,"SOLES",20230706
"BID 4","EMPRENDIMIENTOS DINAMICOS",2023,"461-PROINNOVATE-EDI-2023","ENTO PIRUW: DESARROLLO DE PROTEÍNA UTILIZANDO 02  ESPECIES DE INSECTOS CON METODOLOGÍA PROPIA PARA LA ELABORACIÓN DE ALIMENTO BALANCEADO PARA ANIMALES.",20230622,20240322,"PROTEINA SOSTENIBLE S.A.C.","LIMA","LIMA","LIMA",150101,150000.0000,27387.8900,42857.1400,"SOLES",20230706
"BID 4","EMPRENDIMIENTOS DINAMICOS",2023,"462-PROINNOVATE-EDI-2023","PITUCA CHIPS PERÚ: EL PRIMER SNACK NATURAL A BASE DEL TUBÉRCULO \"PITUCA\" EN EL MERCADO SUDAMERICANO.",20230601,20240301,"LAVALLE COMPANY S.A.C.","PUEBLO LIBRE","LIMA","LIMA",150121,150000.0000,39499.9800,25500.0000,"SOLES",20230706
"BID 4","EMPRENDIMIENTOS DINAMICOS",2023,"463-PROINNOVATE-EDI-2023","LEGALY: E-COMMERCE DE SERVICIOS LEGALES PARA PYMES QUE OPERA CONECTANDO EMPRENDEDORES CON ABOGADOS DE DISTINTAS ESPECIALIDADES PARA CUMPLIR LOS SERVICIOS.",20230622,20240322,"LEGALTECH FACTORY S.A.C.","SURQUILLO","LIMA","LIMA",150141,146384.7600,23879.2400,42400.0000,"SOLES",20230706
"FINCYT III","MISIONES TECNOLÓGICAS",2023,"464-PROINNOVATE-MT-2023","MISIÓN TECNOLÓGICA PARA ADQUIRIR CONOCIMIENTO SOBRE TÉCNICAS\, TECNOLOGÍAS E INNOVACIONES EN EL PROCESAMIENTO DEL CAFÉ EN EL EJE CAFETERO DE COLOMBIA.",20230525,20230725,"JEYZAR S.A.C.","CHANCHAMAYO","CHANCHAMAYO","JUNIN",120301,24255.0000,0.0000,0.0000,"DOLARES",20230706
"BID 4","EMPRENDIMIENTOS DINAMICOS",2023,"465-PROINNOVATE-EDI-2023","GETT: PLATAFORMA DE RRHH CON IA Y MACHINE LEARNING DISEÑADA PARA AGILIZAR Y OPTIMIZAR EL PROCESO DE RECLUTAMIENTO E IDENTIFICAR EL TALENTO HUMANO AFÍN A LAS CARACTERÍSTICAS DEL PUESTO Y LA EMPRESA",20230622,20240322,"COFIT E.I.R.L.","SAN ISIDRO","LIMA","LIMA",150131,150000.0000,23039.0000,42120.0000,"SOLES",20230706
"BID 4","EMPRENDIMIENTOS DINAMICOS",2023,"467-PROINNOVATE-EDI-2023","ENTO GREEN: CREACIÓN DE FERTILIZANTE NITROGENADO ELABORADO A PARTIR DE QUITINA DE CRUSTÁCEOS E INSECTOS; USANDO LA BIOTECNOLOGÍA.",20230622,20240322,"ENTO GREEN S.A.C.","LA MOLINA","LIMA","LIMA",150114,150000.0000,21428.5700,42857.1400,"SOLES",20230706
"BID 4","PROGRAMA DE INNOVACIÓN MODERNIZACIÓN TECNOLÓGICA Y EMPRENDIMIENTO - MIPYMES DIGITALES",2023,"468-PROINNOVATE-IMTEMD-2023","\"DIGITALIZACIÓN Y AUTOMATIZACIÓN DEL PROCESO OPERATIVO A TRAVÉS DE LA IMPLEMENTACIÓN DE UN ERP EN LA EMPRESA   HAR ENGINNERING & CONSTRUCTION S.A.C.\"",20230620,20240520,"HAR E & C S.A.C.","AREQUIPA","AREQUIPA","AREQUIPA",040101,45000.0000,10285.7200,6857.1400,"SOLES",20230706
"BID 4","EMPRENDIMIENTOS DINAMICOS",2023,"469-PROINNOVATE-EDI-2023","AYNI: INCORPORACIÓN DE SOLUCIÓN TECNOLÓGICA PARA TRAZABILIDAD DE LA CADENA DE VALOR DE LAS PRENDAS DE VESTIR CON PASAPORTES DIGITALES\, CREACIÓN DE EXPERIENCIAS INMERSIVAS EN REALIDAD VIRTUAL Y METAVERSO",20230622,20240322,"AYNI LATAM S.A.C.","MIRAFLORES","LIMA","LIMA",150122,150000.0000,22473.0000,42689.0000,"SOLES",20230706
"FINCYT III","MISIONES TECNOLÓGICAS",2023,"471-PROINNOVATE-MT-2023","MT-ITMA23\, ACTUALIZACIÓN EN MATERIA DE INVESTIGACIÓN\, INNOVACIÓN Y DESARROLLO PARA EL SECTOR TEXTIL Y SU CADENA PRODUCTIVA",20230607,20230907,"SOCIEDAD NACIONAL DE INDUSTRIAS","SAN ISIDRO","LIMA","LIMA",150131,29460.0000,0.0000,0.0000,"DOLARES",20230706
"BID 4","PROGRAMA DE INNOVACIÓN MODERNIZACIÓN TECNOLÓGICA Y EMPRENDIMIENTO - MIPYMES DIGITALES",2023,"472-PROINNOVATE-IMTEMD-2023","IMPLEMENTACIÓN DE HERRAMIENTAS DIGITALES EN LA GESTIÓN Y  PLANIFICACIÓN DE RECURSOS PRODUCTIVOS Y COMERCIALES PARA LA REACTIVACIÓN ECONÓMICA Y EXPANSIÓN DE MERCADO DE LA EMPRESA MAXSEIN EIRL.",20230614,20240514,"MAXSEIN EIRL","CERRO COLORADO","AREQUIPA","AREQUIPA",040104,45000.0000,10285.7200,6857.1400,"SOLES",20230706
"BID 4","PROGRAMA DE INNOVACIÓN MODERNIZACIÓN TECNOLÓGICA Y EMPRENDIMIENTO - MIPYMES DIGITALES",2023,"473-PROINNOVATE-IMTEMD-2023","IMPLEMENTACIÓN DE UNA PÁGINA WEB Y REDES SOCIALES PARA MEJORAR LA EXPERIENCIA DE LOS CLIENTES DE LA EMPRESA CONSTRUCCIÓN E IMPLEMENTOS SAC",20230609,20240509,"CONSTRUCCION E IMPLEMENTOS SOCIEDAD ANONIMA CERRADA","SUYO","AYABACA","PIURA",200210,45000.0000,10285.7100,6857.1400,"SOLES",20230706
"BID 4","EMPRENDIMIENTOS DINAMICOS",2023,"474-PROINNOVATE-EDI-2023","SIMPPLEX\, PLATAFORMA DE SOLUCIONES MOBILIARIAS QUE ECONOMIZAN ESPACIOS",20230614,20240414,"SIMPPLEX DESIGN S.A.C.","SAN ISIDRO","LIMA","LIMA",150131,150000.0000,21428.5000,42857.0000,"SOLES",20230706
"BID 4","PROYECTOS DE VALIDACIÓN DE LA INNOVACIÓN",2023,"475-PROINNOVATE-PIEC2-2023","VALIDACIÓN Y EMPAQUETAMIENTO DE UN KIT ELECTRÓNICO PARA TRANSFORMAR EQUIPOS DE MINERÍA SUBTERRÁNEA DIÉSEL EN ELÉCTRICOS A BATERÍA CON LA FINALIDAD DE SOLUCIONAR LA CONTAMINACIÓN Y ALTOS COSTOS DE VENTILACIÓN EN MINAS DE AREQUIPA\, LA LIBERTAD Y LIMA",20230614,20241214,"BATTERY ELECTRIC VEHICLE DEL PERU S.A.C.","MIRAFLORES","LIMA","LIMA",150122,399461.4000,128523.6000,283400.0000,"SOLES",20230706
"BID 4","EMPRENDIMIENTOS DINAMICOS",2023,"478-PROINNOVATE-EDI-2023","CIRKULA: PLATAFORMA QUE LE PERMITE A RESTAURANTES Y TIENDAS REDUCIR SU DESPERDICIO DE ALIMENTOS Y VALORIZAR SUS EXCEDENTES.",20230606,20240606,"MAAGAL S.A.C.","LINCE","LIMA","LIMA",150116,149725.4200,79754.5800,30000.0000,"SOLES",20230706
"BID 4","EMPRENDIMIENTOS DINAMICOS",2023,"480-PROINNOVATE-EDI-2023","OIL CONTROL\, ABSORBENTE ORGÁNICO DE HIDROCARBUROS",20230620,20240420,"MINERQUIM PERU S.A.C.","CHORRILLOS","LIMA","LIMA",150108,138833.2200,23417.9800,40000.0000,"SOLES",20230706
"BID 4","EMPRENDIMIENTOS DINAMICOS",2023,"481-PROINNOVATE-EDI-2023","NEGOSY: SOFTWARE DE GESTIÓN EN LA NUBE PARA PYME PERSONALIZABLE.",20230620,20240420,"NEGOSY S.A.C.","TARAPOTO","SAN MARTIN","SAN MARTIN",220901,150000.0000,21564.4100,42840.0000,"SOLES",20230706
"BID 4","PROGRAMA DE INNOVACIÓN MODERNIZACIÓN TECNOLÓGICA Y EMPRENDIMIENTO - MIPYMES DE CALIDAD",2023,"482-PROINNOVATE-IMTEMC-2023","IMPLEMENTACIÓN Y CERTIFICACIÓN DEL SISTEMA DE GESTIÓN DE CALIDAD BASADO EN LA NORMA ISO 9001:2015 PARA LA MEJORA DE LOS PROCESOS INTERNOS Y CALIDAD DE SERVICIO A NUESTROS ESTUDIANTES\, REALIZADOS POR LA EMPRESA CAP PERÚ",20230616,20240616,"CENTRO DE ACTUALIZACION PROFESIONAL & CONSULTORIA S.A.C.","CHIMBOTE","SANTA","ANCASH",021801,45000.0000,10286.0000,6857.0000,"SOLES",20230706
"BID 4","PROGRAMA DE INNOVACIÓN MODERNIZACIÓN TECNOLÓGICA Y EMPRENDIMIENTO - MIPYMES DE CALIDAD",2023,"491-PROINNOVATE-IMTEMC-2023","\"IMPLEMENTACIÓN Y CERTIFICACIÓN DE UN SISTEMA DE GESTIÓN DE LA CALIDAD BAJO ESTÁNDARES DE LA NORMA ISO 9001: 2015 EN LOS PROCESOS DE A&F DESTINY E.I.R.L.\, A FIN DE ACCEDER A NUEVOS MERCADOS Y MEJORAR LA GESTIÓN DE SUS PROCESOS?",20230615,20240715,"A & F DESTINY E.I.R.L.","SANTIAGO","CUSCO","CUSCO",080106,44995.0000,10290.0000,6857.0000,"SOLES",20230706
"BID 4","PROGRAMA DE INNOVACIÓN MODERNIZACIÓN TECNOLÓGICA Y EMPRENDIMIENTO - MIPYMES DE CALIDAD",2023,"516-PROINNOVATE-IMTEMC-2023","IMPLEMENTACIÓN Y CERTIFICACIÓN DE UN SISTEMA DE GESTIÓN PARA ORGANIZACIONES EDUCATIVAS EN LA I.E.P. JUSTO JUEZ\, CON LA FINALIDAD DE MEJORAR LA CALIDAD DE LOS SERVICIOS DE EDUCACIÓN BÁSICA REGULAR (EBR) BRINDADOS",20230703,20240803,"COLEGIO PARTICULAR JUSTO JUEZ","LLUTA","CAYLLOMA","AREQUIPA",040511,44999.0000,10286.0000,6857.0000,"SOLES",20230706
